dataset,stem,n_residues,model,mode,predictor,neff_tier,fold_verdict,seq_leakage,msa_neff,length,range,cut,precision,n_candidate,n_true,n_top,eval_set
afdb,AF-V9IFX4-F1,240,sparsa,single_seq,pair_network,,,,,,all,L,0.2625,27495,111,240,teacher-fit
afdb,AF-V9IFX4-F1,240,sparsa,single_seq,pair_network,,,,,,all,L/2,0.4083333333333333,27495,111,120,teacher-fit
afdb,AF-V9IFX4-F1,240,sparsa,single_seq,pair_network,,,,,,all,L/5,0.5416666666666666,27495,111,48,teacher-fit
afdb,AF-V9IFX4-F1,240,sparsa,single_seq,pair_network,,,,,,all,R,0.4144144144144144,27495,111,111,teacher-fit
afdb,AF-V9IFX4-F1,240,sparsa,single_seq,pair_network,,,,,,all,AUC,0.9761692564606674,27495,111,27495,teacher-fit
afdb,AF-V9IFX4-F1,240,sparsa,single_seq,pair_network,,,,,,short,L,0.08333333333333333,1389,20,240,teacher-fit
afdb,AF-V9IFX4-F1,240,sparsa,single_seq,pair_network,,,,,,short,L/2,0.15833333333333333,1389,20,120,teacher-fit
afdb,AF-V9IFX4-F1,240,sparsa,single_seq,pair_network,,,,,,short,L/5,0.3125,1389,20,48,teacher-fit
afdb,AF-V9IFX4-F1,240,sparsa,single_seq,pair_network,,,,,,short,R,0.35,1389,20,20,teacher-fit
afdb,AF-V9IFX4-F1,240,sparsa,single_seq,pair_network,,,,,,short,AUC,0.9807341124908692,1389,20,1389,teacher-fit
afdb,AF-V9IFX4-F1,240,sparsa,single_seq,pair_network,,,,,,medium,L,0.075,2670,18,240,teacher-fit
afdb,AF-V9IFX4-F1,240,sparsa,single_seq,pair_network,,,,,,medium,L/2,0.14166666666666666,2670,18,120,teacher-fit
afdb,AF-V9IFX4-F1,240,sparsa,single_seq,pair_network,,,,,,medium,L/5,0.3541666666666667,2670,18,48,teacher-fit
afdb,AF-V9IFX4-F1,240,sparsa,single_seq,pair_network,,,,,,medium,R,0.6666666666666666,2670,18,18,teacher-fit
afdb,AF-V9IFX4-F1,240,sparsa,single_seq,pair_network,,,,,,medium,AUC,0.9936630635160046,2670,18,2670,teacher-fit
afdb,AF-V9IFX4-F1,240,sparsa,single_seq,pair_network,,,,,,long,L,0.16666666666666666,23436,73,240,teacher-fit
afdb,AF-V9IFX4-F1,240,sparsa,single_seq,pair_network,,,,,,long,L/2,0.26666666666666666,23436,73,120,teacher-fit
afdb,AF-V9IFX4-F1,240,sparsa,single_seq,pair_network,,,,,,long,L/5,0.375,23436,73,48,teacher-fit
afdb,AF-V9IFX4-F1,240,sparsa,single_seq,pair_network,,,,,,long,R,0.3150684931506849,23436,73,73,teacher-fit
afdb,AF-V9IFX4-F1,240,sparsa,single_seq,pair_network,,,,,,long,AUC,0.9709521963953072,23436,73,23436,teacher-fit
afdb,AF-A0A482Z2M5-F1,556,sparsa,single_seq,pair_network,,,,,,all,L,0.25719424460431656,151525,482,556,teacher-fit
afdb,AF-A0A482Z2M5-F1,556,sparsa,single_seq,pair_network,,,,,,all,L/2,0.3381294964028777,151525,482,278,teacher-fit
afdb,AF-A0A482Z2M5-F1,556,sparsa,single_seq,pair_network,,,,,,all,L/5,0.45045045045045046,151525,482,111,teacher-fit
afdb,AF-A0A482Z2M5-F1,556,sparsa,single_seq,pair_network,,,,,,all,R,0.26556016597510373,151525,482,482,teacher-fit
afdb,AF-A0A482Z2M5-F1,556,sparsa,single_seq,pair_network,,,,,,all,AUC,0.9673896002190907,151525,482,151525,teacher-fit
afdb,AF-A0A482Z2M5-F1,556,sparsa,single_seq,pair_network,,,,,,short,L,0.09352517985611511,3285,70,556,teacher-fit
afdb,AF-A0A482Z2M5-F1,556,sparsa,single_seq,pair_network,,,,,,short,L/2,0.15467625899280577,3285,70,278,teacher-fit
afdb,AF-A0A482Z2M5-F1,556,sparsa,single_seq,pair_network,,,,,,short,L/5,0.25225225225225223,3285,70,111,teacher-fit
afdb,AF-A0A482Z2M5-F1,556,sparsa,single_seq,pair_network,,,,,,short,R,0.2857142857142857,3285,70,70,teacher-fit
afdb,AF-A0A482Z2M5-F1,556,sparsa,single_seq,pair_network,,,,,,short,AUC,0.9172072872694956,3285,70,3285,teacher-fit
afdb,AF-A0A482Z2M5-F1,556,sparsa,single_seq,pair_network,,,,,,medium,L,0.12589928057553956,6462,88,556,teacher-fit
afdb,AF-A0A482Z2M5-F1,556,sparsa,single_seq,pair_network,,,,,,medium,L/2,0.20863309352517986,6462,88,278,teacher-fit
afdb,AF-A0A482Z2M5-F1,556,sparsa,single_seq,pair_network,,,,,,medium,L/5,0.3333333333333333,6462,88,111,teacher-fit
afdb,AF-A0A482Z2M5-F1,556,sparsa,single_seq,pair_network,,,,,,medium,R,0.42045454545454547,6462,88,88,teacher-fit
afdb,AF-A0A482Z2M5-F1,556,sparsa,single_seq,pair_network,,,,,,medium,AUC,0.9418981943691702,6462,88,6462,teacher-fit
afdb,AF-A0A482Z2M5-F1,556,sparsa,single_seq,pair_network,,,,,,long,L,0.15467625899280577,141778,324,556,teacher-fit
afdb,AF-A0A482Z2M5-F1,556,sparsa,single_seq,pair_network,,,,,,long,L/2,0.23381294964028776,141778,324,278,teacher-fit
afdb,AF-A0A482Z2M5-F1,556,sparsa,single_seq,pair_network,,,,,,long,L/5,0.34234234234234234,141778,324,111,teacher-fit
afdb,AF-A0A482Z2M5-F1,556,sparsa,single_seq,pair_network,,,,,,long,R,0.21604938271604937,141778,324,324,teacher-fit
afdb,AF-A0A482Z2M5-F1,556,sparsa,single_seq,pair_network,,,,,,long,AUC,0.9666176213634516,141778,324,141778,teacher-fit
afdb,AF-A0A4Q3UHZ3-F1,182,sparsa,single_seq,pair_network,,,,,,all,L,0.07692307692307693,15576,133,182,teacher-fit
afdb,AF-A0A4Q3UHZ3-F1,182,sparsa,single_seq,pair_network,,,,,,all,L/2,0.08791208791208792,15576,133,91,teacher-fit
afdb,AF-A0A4Q3UHZ3-F1,182,sparsa,single_seq,pair_network,,,,,,all,L/5,0.16666666666666666,15576,133,36,teacher-fit
afdb,AF-A0A4Q3UHZ3-F1,182,sparsa,single_seq,pair_network,,,,,,all,R,0.08270676691729323,15576,133,133,teacher-fit
afdb,AF-A0A4Q3UHZ3-F1,182,sparsa,single_seq,pair_network,,,,,,all,AUC,0.900148691355404,15576,133,15576,teacher-fit
afdb,AF-A0A4Q3UHZ3-F1,182,sparsa,single_seq,pair_network,,,,,,short,L,0.07692307692307693,1041,16,182,teacher-fit
afdb,AF-A0A4Q3UHZ3-F1,182,sparsa,single_seq,pair_network,,,,,,short,L/2,0.14285714285714285,1041,16,91,teacher-fit
afdb,AF-A0A4Q3UHZ3-F1,182,sparsa,single_seq,pair_network,,,,,,short,L/5,0.1111111111111111,1041,16,36,teacher-fit
afdb,AF-A0A4Q3UHZ3-F1,182,sparsa,single_seq,pair_network,,,,,,short,R,0.125,1041,16,16,teacher-fit
afdb,AF-A0A4Q3UHZ3-F1,182,sparsa,single_seq,pair_network,,,,,,short,AUC,0.9401219512195123,1041,16,1041,teacher-fit
afdb,AF-A0A4Q3UHZ3-F1,182,sparsa,single_seq,pair_network,,,,,,medium,L,0.054945054945054944,1974,26,182,teacher-fit
afdb,AF-A0A4Q3UHZ3-F1,182,sparsa,single_seq,pair_network,,,,,,medium,L/2,0.06593406593406594,1974,26,91,teacher-fit
afdb,AF-A0A4Q3UHZ3-F1,182,sparsa,single_seq,pair_network,,,,,,medium,L/5,0.08333333333333333,1974,26,36,teacher-fit
afdb,AF-A0A4Q3UHZ3-F1,182,sparsa,single_seq,pair_network,,,,,,medium,R,0.11538461538461539,1974,26,26,teacher-fit
afdb,AF-A0A4Q3UHZ3-F1,182,sparsa,single_seq,pair_network,,,,,,medium,AUC,0.8551374190491234,1974,26,1974,teacher-fit
afdb,AF-A0A4Q3UHZ3-F1,182,sparsa,single_seq,pair_network,,,,,,long,L,0.09340659340659341,12561,91,182,teacher-fit
afdb,AF-A0A4Q3UHZ3-F1,182,sparsa,single_seq,pair_network,,,,,,long,L/2,0.08791208791208792,12561,91,91,teacher-fit
afdb,AF-A0A4Q3UHZ3-F1,182,sparsa,single_seq,pair_network,,,,,,long,L/5,0.05555555555555555,12561,91,36,teacher-fit
afdb,AF-A0A4Q3UHZ3-F1,182,sparsa,single_seq,pair_network,,,,,,long,R,0.08791208791208792,12561,91,91,teacher-fit
afdb,AF-A0A4Q3UHZ3-F1,182,sparsa,single_seq,pair_network,,,,,,long,AUC,0.8992333248147202,12561,91,12561,teacher-fit
afdb,AF-A0A7S3HIW0-F1,363,sparsa,single_seq,pair_network,,,,,,all,L,0.21487603305785125,63903,227,363,teacher-fit
afdb,AF-A0A7S3HIW0-F1,363,sparsa,single_seq,pair_network,,,,,,all,L/2,0.3149171270718232,63903,227,181,teacher-fit
afdb,AF-A0A7S3HIW0-F1,363,sparsa,single_seq,pair_network,,,,,,all,L/5,0.5277777777777778,63903,227,72,teacher-fit
afdb,AF-A0A7S3HIW0-F1,363,sparsa,single_seq,pair_network,,,,,,all,R,0.28634361233480177,63903,227,227,teacher-fit
afdb,AF-A0A7S3HIW0-F1,363,sparsa,single_seq,pair_network,,,,,,all,AUC,0.9395844961815225,63903,227,63903,teacher-fit
afdb,AF-A0A7S3HIW0-F1,363,sparsa,single_seq,pair_network,,,,,,short,L,0.06887052341597796,2127,27,363,teacher-fit
afdb,AF-A0A7S3HIW0-F1,363,sparsa,single_seq,pair_network,,,,,,short,L/2,0.13259668508287292,2127,27,181,teacher-fit
afdb,AF-A0A7S3HIW0-F1,363,sparsa,single_seq,pair_network,,,,,,short,L/5,0.2361111111111111,2127,27,72,teacher-fit
afdb,AF-A0A7S3HIW0-F1,363,sparsa,single_seq,pair_network,,,,,,short,R,0.4444444444444444,2127,27,27,teacher-fit
afdb,AF-A0A7S3HIW0-F1,363,sparsa,single_seq,pair_network,,,,,,short,AUC,0.9684038800705468,2127,27,2127,teacher-fit
afdb,AF-A0A7S3HIW0-F1,363,sparsa,single_seq,pair_network,,,,,,medium,L,0.08539944903581267,4146,34,363,teacher-fit
afdb,AF-A0A7S3HIW0-F1,363,sparsa,single_seq,pair_network,,,,,,medium,L/2,0.16022099447513813,4146,34,181,teacher-fit
afdb,AF-A0A7S3HIW0-F1,363,sparsa,single_seq,pair_network,,,,,,medium,L/5,0.3611111111111111,4146,34,72,teacher-fit
afdb,AF-A0A7S3HIW0-F1,363,sparsa,single_seq,pair_network,,,,,,medium,R,0.5882352941176471,4146,34,34,teacher-fit
afdb,AF-A0A7S3HIW0-F1,363,sparsa,single_seq,pair_network,,,,,,medium,AUC,0.9817964637216754,4146,34,4146,teacher-fit
afdb,AF-A0A7S3HIW0-F1,363,sparsa,single_seq,pair_network,,,,,,long,L,0.12121212121212122,57630,166,363,teacher-fit
afdb,AF-A0A7S3HIW0-F1,363,sparsa,single_seq,pair_network,,,,,,long,L/2,0.18232044198895028,57630,166,181,teacher-fit
afdb,AF-A0A7S3HIW0-F1,363,sparsa,single_seq,pair_network,,,,,,long,L/5,0.2361111111111111,57630,166,72,teacher-fit
afdb,AF-A0A7S3HIW0-F1,363,sparsa,single_seq,pair_network,,,,,,long,R,0.18072289156626506,57630,166,166,teacher-fit
afdb,AF-A0A7S3HIW0-F1,363,sparsa,single_seq,pair_network,,,,,,long,AUC,0.9288204956817385,57630,166,57630,teacher-fit
afdb,AF-A0A482VJS1-F1,218,sparsa,single_seq,pair_network,,,,,,all,L,0.10091743119266056,22578,146,218,teacher-fit
afdb,AF-A0A482VJS1-F1,218,sparsa,single_seq,pair_network,,,,,,all,L/2,0.13761467889908258,22578,146,109,teacher-fit
afdb,AF-A0A482VJS1-F1,218,sparsa,single_seq,pair_network,,,,,,all,L/5,0.18604651162790697,22578,146,43,teacher-fit
afdb,AF-A0A482VJS1-F1,218,sparsa,single_seq,pair_network,,,,,,all,R,0.1232876712328767,22578,146,146,teacher-fit
afdb,AF-A0A482VJS1-F1,218,sparsa,single_seq,pair_network,,,,,,all,AUC,0.8028167014343501,22578,146,22578,teacher-fit
afdb,AF-A0A482VJS1-F1,218,sparsa,single_seq,pair_network,,,,,,short,L,0.045871559633027525,1257,19,218,teacher-fit
afdb,AF-A0A482VJS1-F1,218,sparsa,single_seq,pair_network,,,,,,short,L/2,0.06422018348623854,1257,19,109,teacher-fit
afdb,AF-A0A482VJS1-F1,218,sparsa,single_seq,pair_network,,,,,,short,L/5,0.11627906976744186,1257,19,43,teacher-fit
afdb,AF-A0A482VJS1-F1,218,sparsa,single_seq,pair_network,,,,,,short,R,0.21052631578947367,1257,19,19,teacher-fit
afdb,AF-A0A482VJS1-F1,218,sparsa,single_seq,pair_network,,,,,,short,AUC,0.7897287645608367,1257,19,1257,teacher-fit
afdb,AF-A0A482VJS1-F1,218,sparsa,single_seq,pair_network,,,,,,medium,L,0.08256880733944955,2406,32,218,teacher-fit
afdb,AF-A0A482VJS1-F1,218,sparsa,single_seq,pair_network,,,,,,medium,L/2,0.11926605504587157,2406,32,109,teacher-fit
afdb,AF-A0A482VJS1-F1,218,sparsa,single_seq,pair_network,,,,,,medium,L/5,0.13953488372093023,2406,32,43,teacher-fit
afdb,AF-A0A482VJS1-F1,218,sparsa,single_seq,pair_network,,,,,,medium,R,0.15625,2406,32,32,teacher-fit
afdb,AF-A0A482VJS1-F1,218,sparsa,single_seq,pair_network,,,,,,medium,AUC,0.8296717038753159,2406,32,2406,teacher-fit
afdb,AF-A0A482VJS1-F1,218,sparsa,single_seq,pair_network,,,,,,long,L,0.05963302752293578,18915,95,218,teacher-fit
afdb,AF-A0A482VJS1-F1,218,sparsa,single_seq,pair_network,,,,,,long,L/2,0.09174311926605505,18915,95,109,teacher-fit
afdb,AF-A0A482VJS1-F1,218,sparsa,single_seq,pair_network,,,,,,long,L/5,0.09302325581395349,18915,95,43,teacher-fit
afdb,AF-A0A482VJS1-F1,218,sparsa,single_seq,pair_network,,,,,,long,R,0.10526315789473684,18915,95,95,teacher-fit
afdb,AF-A0A482VJS1-F1,218,sparsa,single_seq,pair_network,,,,,,long,AUC,0.7790927904245204,18915,95,18915,teacher-fit
afdb,AF-A0A2J7PLK6-F1,448,sparsa,single_seq,pair_network,,,,,,all,L,0.43080357142857145,97903,479,448,teacher-fit
afdb,AF-A0A2J7PLK6-F1,448,sparsa,single_seq,pair_network,,,,,,all,L/2,0.5446428571428571,97903,479,224,teacher-fit
afdb,AF-A0A2J7PLK6-F1,448,sparsa,single_seq,pair_network,,,,,,all,L/5,0.6853932584269663,97903,479,89,teacher-fit
afdb,AF-A0A2J7PLK6-F1,448,sparsa,single_seq,pair_network,,,,,,all,R,0.407098121085595,97903,479,479,teacher-fit
afdb,AF-A0A2J7PLK6-F1,448,sparsa,single_seq,pair_network,,,,,,all,AUC,0.9728154247143366,97903,479,97903,teacher-fit
afdb,AF-A0A2J7PLK6-F1,448,sparsa,single_seq,pair_network,,,,,,short,L,0.20982142857142858,2637,95,448,teacher-fit
afdb,AF-A0A2J7PLK6-F1,448,sparsa,single_seq,pair_network,,,,,,short,L/2,0.35714285714285715,2637,95,224,teacher-fit
afdb,AF-A0A2J7PLK6-F1,448,sparsa,single_seq,pair_network,,,,,,short,L/5,0.5955056179775281,2637,95,89,teacher-fit
afdb,AF-A0A2J7PLK6-F1,448,sparsa,single_seq,pair_network,,,,,,short,R,0.5894736842105263,2637,95,95,teacher-fit
afdb,AF-A0A2J7PLK6-F1,448,sparsa,single_seq,pair_network,,,,,,short,AUC,0.9728663712783139,2637,95,2637,teacher-fit
afdb,AF-A0A2J7PLK6-F1,448,sparsa,single_seq,pair_network,,,,,,medium,L,0.22767857142857142,5166,141,448,teacher-fit
afdb,AF-A0A2J7PLK6-F1,448,sparsa,single_seq,pair_network,,,,,,medium,L/2,0.375,5166,141,224,teacher-fit
afdb,AF-A0A2J7PLK6-F1,448,sparsa,single_seq,pair_network,,,,,,medium,L/5,0.5393258426966292,5166,141,89,teacher-fit
afdb,AF-A0A2J7PLK6-F1,448,sparsa,single_seq,pair_network,,,,,,medium,R,0.46099290780141844,5166,141,141,teacher-fit
afdb,AF-A0A2J7PLK6-F1,448,sparsa,single_seq,pair_network,,,,,,medium,AUC,0.9373190783670301,5166,141,5166,teacher-fit
afdb,AF-A0A2J7PLK6-F1,448,sparsa,single_seq,pair_network,,,,,,long,L,0.1875,90100,243,448,teacher-fit
afdb,AF-A0A2J7PLK6-F1,448,sparsa,single_seq,pair_network,,,,,,long,L/2,0.26339285714285715,90100,243,224,teacher-fit
afdb,AF-A0A2J7PLK6-F1,448,sparsa,single_seq,pair_network,,,,,,long,L/5,0.4157303370786517,90100,243,89,teacher-fit
afdb,AF-A0A2J7PLK6-F1,448,sparsa,single_seq,pair_network,,,,,,long,R,0.25102880658436216,90100,243,243,teacher-fit
afdb,AF-A0A2J7PLK6-F1,448,sparsa,single_seq,pair_network,,,,,,long,AUC,0.9649753739950138,90100,243,90100,teacher-fit
afdb,AF-A0A5E4IK31-F1,344,sparsa,single_seq,pair_network,,,,,,all,L,0.25872093023255816,57291,371,344,teacher-fit
afdb,AF-A0A5E4IK31-F1,344,sparsa,single_seq,pair_network,,,,,,all,L/2,0.4011627906976744,57291,371,172,teacher-fit
afdb,AF-A0A5E4IK31-F1,344,sparsa,single_seq,pair_network,,,,,,all,L/5,0.5735294117647058,57291,371,68,teacher-fit
afdb,AF-A0A5E4IK31-F1,344,sparsa,single_seq,pair_network,,,,,,all,R,0.24797843665768193,57291,371,371,teacher-fit
afdb,AF-A0A5E4IK31-F1,344,sparsa,single_seq,pair_network,,,,,,all,AUC,0.9262398353578958,57291,371,57291,teacher-fit
afdb,AF-A0A5E4IK31-F1,344,sparsa,single_seq,pair_network,,,,,,short,L,0.0872093023255814,2013,40,344,teacher-fit
afdb,AF-A0A5E4IK31-F1,344,sparsa,single_seq,pair_network,,,,,,short,L/2,0.11046511627906977,2013,40,172,teacher-fit
afdb,AF-A0A5E4IK31-F1,344,sparsa,single_seq,pair_network,,,,,,short,L/5,0.1323529411764706,2013,40,68,teacher-fit
afdb,AF-A0A5E4IK31-F1,344,sparsa,single_seq,pair_network,,,,,,short,R,0.2,2013,40,40,teacher-fit
afdb,AF-A0A5E4IK31-F1,344,sparsa,single_seq,pair_network,,,,,,short,AUC,0.8840408008109478,2013,40,2013,teacher-fit
afdb,AF-A0A5E4IK31-F1,344,sparsa,single_seq,pair_network,,,,,,medium,L,0.14534883720930233,3918,86,344,teacher-fit
afdb,AF-A0A5E4IK31-F1,344,sparsa,single_seq,pair_network,,,,,,medium,L/2,0.23255813953488372,3918,86,172,teacher-fit
afdb,AF-A0A5E4IK31-F1,344,sparsa,single_seq,pair_network,,,,,,medium,L/5,0.4411764705882353,3918,86,68,teacher-fit
afdb,AF-A0A5E4IK31-F1,344,sparsa,single_seq,pair_network,,,,,,medium,R,0.3488372093023256,3918,86,86,teacher-fit
afdb,AF-A0A5E4IK31-F1,344,sparsa,single_seq,pair_network,,,,,,medium,AUC,0.9005908020585521,3918,86,3918,teacher-fit
afdb,AF-A0A5E4IK31-F1,344,sparsa,single_seq,pair_network,,,,,,long,L,0.18895348837209303,51360,245,344,teacher-fit
afdb,AF-A0A5E4IK31-F1,344,sparsa,single_seq,pair_network,,,,,,long,L/2,0.28488372093023256,51360,245,172,teacher-fit
afdb,AF-A0A5E4IK31-F1,344,sparsa,single_seq,pair_network,,,,,,long,L/5,0.4852941176470588,51360,245,68,teacher-fit
afdb,AF-A0A5E4IK31-F1,344,sparsa,single_seq,pair_network,,,,,,long,R,0.24489795918367346,51360,245,245,teacher-fit
afdb,AF-A0A5E4IK31-F1,344,sparsa,single_seq,pair_network,,,,,,long,AUC,0.9198670065698196,51360,245,51360,teacher-fit
afdb,AF-A0A482SGM5-F1,177,sparsa,single_seq,pair_network,,,,,,all,L,0.096045197740113,14706,37,177,teacher-fit
afdb,AF-A0A482SGM5-F1,177,sparsa,single_seq,pair_network,,,,,,all,L/2,0.17045454545454544,14706,37,88,teacher-fit
afdb,AF-A0A482SGM5-F1,177,sparsa,single_seq,pair_network,,,,,,all,L/5,0.4,14706,37,35,teacher-fit
afdb,AF-A0A482SGM5-F1,177,sparsa,single_seq,pair_network,,,,,,all,R,0.3783783783783784,14706,37,37,teacher-fit
afdb,AF-A0A482SGM5-F1,177,sparsa,single_seq,pair_network,,,,,,all,AUC,0.9611020114121894,14706,37,14706,teacher-fit
afdb,AF-A0A482SGM5-F1,177,sparsa,single_seq,pair_network,,,,,,short,L,0.0903954802259887,1011,17,177,teacher-fit
afdb,AF-A0A482SGM5-F1,177,sparsa,single_seq,pair_network,,,,,,short,L/2,0.11363636363636363,1011,17,88,teacher-fit
afdb,AF-A0A482SGM5-F1,177,sparsa,single_seq,pair_network,,,,,,short,L/5,0.2571428571428571,1011,17,35,teacher-fit
afdb,AF-A0A482SGM5-F1,177,sparsa,single_seq,pair_network,,,,,,short,R,0.47058823529411764,1011,17,17,teacher-fit
afdb,AF-A0A482SGM5-F1,177,sparsa,single_seq,pair_network,,,,,,short,AUC,0.946857616285951,1011,17,1011,teacher-fit
afdb,AF-A0A482SGM5-F1,177,sparsa,single_seq,pair_network,,,,,,medium,L,0.05084745762711865,1914,17,177,teacher-fit
afdb,AF-A0A482SGM5-F1,177,sparsa,single_seq,pair_network,,,,,,medium,L/2,0.07954545454545454,1914,17,88,teacher-fit
afdb,AF-A0A482SGM5-F1,177,sparsa,single_seq,pair_network,,,,,,medium,L/5,0.17142857142857143,1914,17,35,teacher-fit
afdb,AF-A0A482SGM5-F1,177,sparsa,single_seq,pair_network,,,,,,medium,R,0.35294117647058826,1914,17,17,teacher-fit
afdb,AF-A0A482SGM5-F1,177,sparsa,single_seq,pair_network,,,,,,medium,AUC,0.8828800893050948,1914,17,1914,teacher-fit
afdb,AF-A0A482SGM5-F1,177,sparsa,single_seq,pair_network,,,,,,long,L,0.005649717514124294,11781,3,177,teacher-fit
afdb,AF-A0A482SGM5-F1,177,sparsa,single_seq,pair_network,,,,,,long,L/2,0.0,11781,3,88,teacher-fit
afdb,AF-A0A482SGM5-F1,177,sparsa,single_seq,pair_network,,,,,,long,L/5,0.0,11781,3,35,teacher-fit
afdb,AF-A0A482SGM5-F1,177,sparsa,single_seq,pair_network,,,,,,long,R,0.0,11781,3,3,teacher-fit
afdb,AF-A0A482SGM5-F1,177,sparsa,single_seq,pair_network,,,,,,long,AUC,0.9580007924378785,11781,3,11781,teacher-fit
afdb,AF-A0A6L5K183-F1,234,sparsa,single_seq,pair_network,,,,,,all,L,0.23504273504273504,26106,189,234,teacher-fit
afdb,AF-A0A6L5K183-F1,234,sparsa,single_seq,pair_network,,,,,,all,L/2,0.3333333333333333,26106,189,117,teacher-fit
afdb,AF-A0A6L5K183-F1,234,sparsa,single_seq,pair_network,,,,,,all,L/5,0.5434782608695652,26106,189,46,teacher-fit
afdb,AF-A0A6L5K183-F1,234,sparsa,single_seq,pair_network,,,,,,all,R,0.2751322751322751,26106,189,189,teacher-fit
afdb,AF-A0A6L5K183-F1,234,sparsa,single_seq,pair_network,,,,,,all,AUC,0.9274428767618567,26106,189,26106,teacher-fit
afdb,AF-A0A6L5K183-F1,234,sparsa,single_seq,pair_network,,,,,,short,L,0.13247863247863248,1353,32,234,teacher-fit
afdb,AF-A0A6L5K183-F1,234,sparsa,single_seq,pair_network,,,,,,short,L/2,0.20512820512820512,1353,32,117,teacher-fit
afdb,AF-A0A6L5K183-F1,234,sparsa,single_seq,pair_network,,,,,,short,L/5,0.2826086956521739,1353,32,46,teacher-fit
afdb,AF-A0A6L5K183-F1,234,sparsa,single_seq,pair_network,,,,,,short,R,0.375,1353,32,32,teacher-fit
afdb,AF-A0A6L5K183-F1,234,sparsa,single_seq,pair_network,,,,,,short,AUC,0.9516464799394397,1353,32,1353,teacher-fit
afdb,AF-A0A6L5K183-F1,234,sparsa,single_seq,pair_network,,,,,,medium,L,0.10683760683760683,2598,41,234,teacher-fit
afdb,AF-A0A6L5K183-F1,234,sparsa,single_seq,pair_network,,,,,,medium,L/2,0.18803418803418803,2598,41,117,teacher-fit
afdb,AF-A0A6L5K183-F1,234,sparsa,single_seq,pair_network,,,,,,medium,L/5,0.34782608695652173,2598,41,46,teacher-fit
afdb,AF-A0A6L5K183-F1,234,sparsa,single_seq,pair_network,,,,,,medium,R,0.36585365853658536,2598,41,41,teacher-fit
afdb,AF-A0A6L5K183-F1,234,sparsa,single_seq,pair_network,,,,,,medium,AUC,0.888980035674428,2598,41,2598,teacher-fit
afdb,AF-A0A6L5K183-F1,234,sparsa,single_seq,pair_network,,,,,,long,L,0.1752136752136752,22155,116,234,teacher-fit
afdb,AF-A0A6L5K183-F1,234,sparsa,single_seq,pair_network,,,,,,long,L/2,0.23931623931623933,22155,116,117,teacher-fit
afdb,AF-A0A6L5K183-F1,234,sparsa,single_seq,pair_network,,,,,,long,L/5,0.30434782608695654,22155,116,46,teacher-fit
afdb,AF-A0A6L5K183-F1,234,sparsa,single_seq,pair_network,,,,,,long,R,0.2413793103448276,22155,116,116,teacher-fit
afdb,AF-A0A6L5K183-F1,234,sparsa,single_seq,pair_network,,,,,,long,AUC,0.9221139719400248,22155,116,22155,teacher-fit
afdb,AF-A0A2R6XLR4-F1,257,sparsa,single_seq,pair_network,,,,,,all,L,0.1517509727626459,31626,136,257,teacher-fit
afdb,AF-A0A2R6XLR4-F1,257,sparsa,single_seq,pair_network,,,,,,all,L/2,0.2265625,31626,136,128,teacher-fit
afdb,AF-A0A2R6XLR4-F1,257,sparsa,single_seq,pair_network,,,,,,all,L/5,0.3333333333333333,31626,136,51,teacher-fit
afdb,AF-A0A2R6XLR4-F1,257,sparsa,single_seq,pair_network,,,,,,all,R,0.21323529411764705,31626,136,136,teacher-fit
afdb,AF-A0A2R6XLR4-F1,257,sparsa,single_seq,pair_network,,,,,,all,AUC,0.9374576195991258,31626,136,31626,teacher-fit
afdb,AF-A0A2R6XLR4-F1,257,sparsa,single_seq,pair_network,,,,,,short,L,0.0933852140077821,1491,31,257,teacher-fit
afdb,AF-A0A2R6XLR4-F1,257,sparsa,single_seq,pair_network,,,,,,short,L/2,0.1875,1491,31,128,teacher-fit
afdb,AF-A0A2R6XLR4-F1,257,sparsa,single_seq,pair_network,,,,,,short,L/5,0.29411764705882354,1491,31,51,teacher-fit
afdb,AF-A0A2R6XLR4-F1,257,sparsa,single_seq,pair_network,,,,,,short,R,0.2903225806451613,1491,31,31,teacher-fit
afdb,AF-A0A2R6XLR4-F1,257,sparsa,single_seq,pair_network,,,,,,short,AUC,0.8965311533362792,1491,31,1491,teacher-fit
afdb,AF-A0A2R6XLR4-F1,257,sparsa,single_seq,pair_network,,,,,,medium,L,0.08560311284046693,2874,27,257,teacher-fit
afdb,AF-A0A2R6XLR4-F1,257,sparsa,single_seq,pair_network,,,,,,medium,L/2,0.125,2874,27,128,teacher-fit
afdb,AF-A0A2R6XLR4-F1,257,sparsa,single_seq,pair_network,,,,,,medium,L/5,0.21568627450980393,2874,27,51,teacher-fit
afdb,AF-A0A2R6XLR4-F1,257,sparsa,single_seq,pair_network,,,,,,medium,R,0.25925925925925924,2874,27,27,teacher-fit
afdb,AF-A0A2R6XLR4-F1,257,sparsa,single_seq,pair_network,,,,,,medium,AUC,0.9459079733052336,2874,27,2874,teacher-fit
afdb,AF-A0A2R6XLR4-F1,257,sparsa,single_seq,pair_network,,,,,,long,L,0.042801556420233464,27261,78,257,teacher-fit
afdb,AF-A0A2R6XLR4-F1,257,sparsa,single_seq,pair_network,,,,,,long,L/2,0.0546875,27261,78,128,teacher-fit
afdb,AF-A0A2R6XLR4-F1,257,sparsa,single_seq,pair_network,,,,,,long,L/5,0.0784313725490196,27261,78,51,teacher-fit
afdb,AF-A0A2R6XLR4-F1,257,sparsa,single_seq,pair_network,,,,,,long,R,0.07692307692307693,27261,78,78,teacher-fit
afdb,AF-A0A2R6XLR4-F1,257,sparsa,single_seq,pair_network,,,,,,long,AUC,0.9348386104814755,27261,78,27261,teacher-fit
afdb,AF-A0A7S4RQ85-F1,378,sparsa,single_seq,pair_network,,,,,,all,L,0.24074074074074073,69378,375,378,teacher-fit
afdb,AF-A0A7S4RQ85-F1,378,sparsa,single_seq,pair_network,,,,,,all,L/2,0.3439153439153439,69378,375,189,teacher-fit
afdb,AF-A0A7S4RQ85-F1,378,sparsa,single_seq,pair_network,,,,,,all,L/5,0.5466666666666666,69378,375,75,teacher-fit
afdb,AF-A0A7S4RQ85-F1,378,sparsa,single_seq,pair_network,,,,,,all,R,0.24,69378,375,375,teacher-fit
afdb,AF-A0A7S4RQ85-F1,378,sparsa,single_seq,pair_network,,,,,,all,AUC,0.9268186020897642,69378,375,69378,teacher-fit
afdb,AF-A0A7S4RQ85-F1,378,sparsa,single_seq,pair_network,,,,,,short,L,0.1164021164021164,2217,55,378,teacher-fit
afdb,AF-A0A7S4RQ85-F1,378,sparsa,single_seq,pair_network,,,,,,short,L/2,0.18518518518518517,2217,55,189,teacher-fit
afdb,AF-A0A7S4RQ85-F1,378,sparsa,single_seq,pair_network,,,,,,short,L/5,0.25333333333333335,2217,55,75,teacher-fit
afdb,AF-A0A7S4RQ85-F1,378,sparsa,single_seq,pair_network,,,,,,short,R,0.2727272727272727,2217,55,55,teacher-fit
afdb,AF-A0A7S4RQ85-F1,378,sparsa,single_seq,pair_network,,,,,,short,AUC,0.9140904886048271,2217,55,2217,teacher-fit
afdb,AF-A0A7S4RQ85-F1,378,sparsa,single_seq,pair_network,,,,,,medium,L,0.10317460317460317,4326,59,378,teacher-fit
afdb,AF-A0A7S4RQ85-F1,378,sparsa,single_seq,pair_network,,,,,,medium,L/2,0.15343915343915343,4326,59,189,teacher-fit
afdb,AF-A0A7S4RQ85-F1,378,sparsa,single_seq,pair_network,,,,,,medium,L/5,0.30666666666666664,4326,59,75,teacher-fit
afdb,AF-A0A7S4RQ85-F1,378,sparsa,single_seq,pair_network,,,,,,medium,R,0.3559322033898305,4326,59,59,teacher-fit
afdb,AF-A0A7S4RQ85-F1,378,sparsa,single_seq,pair_network,,,,,,medium,AUC,0.8969406521471442,4326,59,4326,teacher-fit
afdb,AF-A0A7S4RQ85-F1,378,sparsa,single_seq,pair_network,,,,,,long,L,0.13756613756613756,62835,261,378,teacher-fit
afdb,AF-A0A7S4RQ85-F1,378,sparsa,single_seq,pair_network,,,,,,long,L/2,0.21693121693121692,62835,261,189,teacher-fit
afdb,AF-A0A7S4RQ85-F1,378,sparsa,single_seq,pair_network,,,,,,long,L/5,0.4,62835,261,75,teacher-fit
afdb,AF-A0A7S4RQ85-F1,378,sparsa,single_seq,pair_network,,,,,,long,R,0.1839080459770115,62835,261,261,teacher-fit
afdb,AF-A0A7S4RQ85-F1,378,sparsa,single_seq,pair_network,,,,,,long,AUC,0.9215551009826588,62835,261,62835,teacher-fit
afdb,AF-A0A813C8G0-F1,306,sparsa,single_seq,pair_network,,,,,,all,L,0.17973856209150327,45150,319,306,teacher-fit
afdb,AF-A0A813C8G0-F1,306,sparsa,single_seq,pair_network,,,,,,all,L/2,0.28104575163398693,45150,319,153,teacher-fit
afdb,AF-A0A813C8G0-F1,306,sparsa,single_seq,pair_network,,,,,,all,L/5,0.3442622950819672,45150,319,61,teacher-fit
afdb,AF-A0A813C8G0-F1,306,sparsa,single_seq,pair_network,,,,,,all,R,0.1755485893416928,45150,319,319,teacher-fit
afdb,AF-A0A813C8G0-F1,306,sparsa,single_seq,pair_network,,,,,,all,AUC,0.8676495195575665,45150,319,45150,teacher-fit
afdb,AF-A0A813C8G0-F1,306,sparsa,single_seq,pair_network,,,,,,short,L,0.11764705882352941,1785,45,306,teacher-fit
afdb,AF-A0A813C8G0-F1,306,sparsa,single_seq,pair_network,,,,,,short,L/2,0.1503267973856209,1785,45,153,teacher-fit
afdb,AF-A0A813C8G0-F1,306,sparsa,single_seq,pair_network,,,,,,short,L/5,0.22950819672131148,1785,45,61,teacher-fit
afdb,AF-A0A813C8G0-F1,306,sparsa,single_seq,pair_network,,,,,,short,R,0.28888888888888886,1785,45,45,teacher-fit
afdb,AF-A0A813C8G0-F1,306,sparsa,single_seq,pair_network,,,,,,short,AUC,0.9030395913154534,1785,45,1785,teacher-fit
afdb,AF-A0A813C8G0-F1,306,sparsa,single_seq,pair_network,,,,,,medium,L,0.09477124183006536,3462,53,306,teacher-fit
afdb,AF-A0A813C8G0-F1,306,sparsa,single_seq,pair_network,,,,,,medium,L/2,0.13725490196078433,3462,53,153,teacher-fit
afdb,AF-A0A813C8G0-F1,306,sparsa,single_seq,pair_network,,,,,,medium,L/5,0.29508196721311475,3462,53,61,teacher-fit
afdb,AF-A0A813C8G0-F1,306,sparsa,single_seq,pair_network,,,,,,medium,R,0.3018867924528302,3462,53,53,teacher-fit
afdb,AF-A0A813C8G0-F1,306,sparsa,single_seq,pair_network,,,,,,medium,AUC,0.8692722371967655,3462,53,3462,teacher-fit
afdb,AF-A0A813C8G0-F1,306,sparsa,single_seq,pair_network,,,,,,long,L,0.12091503267973856,39903,221,306,teacher-fit
afdb,AF-A0A813C8G0-F1,306,sparsa,single_seq,pair_network,,,,,,long,L/2,0.1503267973856209,39903,221,153,teacher-fit
afdb,AF-A0A813C8G0-F1,306,sparsa,single_seq,pair_network,,,,,,long,L/5,0.21311475409836064,39903,221,61,teacher-fit
afdb,AF-A0A813C8G0-F1,306,sparsa,single_seq,pair_network,,,,,,long,R,0.13574660633484162,39903,221,221,teacher-fit
afdb,AF-A0A813C8G0-F1,306,sparsa,single_seq,pair_network,,,,,,long,AUC,0.8490525697393829,39903,221,39903,teacher-fit
afdb,AF-M0JFC0-F1,60,sparsa,single_seq,pair_network,,,,,,all,L,0.2833333333333333,1485,20,60,teacher-fit
afdb,AF-M0JFC0-F1,60,sparsa,single_seq,pair_network,,,,,,all,L/2,0.4666666666666667,1485,20,30,teacher-fit
afdb,AF-M0JFC0-F1,60,sparsa,single_seq,pair_network,,,,,,all,L/5,0.75,1485,20,12,teacher-fit
afdb,AF-M0JFC0-F1,60,sparsa,single_seq,pair_network,,,,,,all,R,0.6,1485,20,20,teacher-fit
afdb,AF-M0JFC0-F1,60,sparsa,single_seq,pair_network,,,,,,all,AUC,0.9891467576791809,1485,20,1485,teacher-fit
afdb,AF-M0JFC0-F1,60,sparsa,single_seq,pair_network,,,,,,short,L,0.08333333333333333,309,5,60,teacher-fit
afdb,AF-M0JFC0-F1,60,sparsa,single_seq,pair_network,,,,,,short,L/2,0.16666666666666666,309,5,30,teacher-fit
afdb,AF-M0JFC0-F1,60,sparsa,single_seq,pair_network,,,,,,short,L/5,0.3333333333333333,309,5,12,teacher-fit
afdb,AF-M0JFC0-F1,60,sparsa,single_seq,pair_network,,,,,,short,R,0.6,309,5,5,teacher-fit
afdb,AF-M0JFC0-F1,60,sparsa,single_seq,pair_network,,,,,,short,AUC,0.9848684210526316,309,5,309,teacher-fit
afdb,AF-M0JFC0-F1,60,sparsa,single_seq,pair_network,,,,,,medium,L,0.16666666666666666,510,10,60,teacher-fit
afdb,AF-M0JFC0-F1,60,sparsa,single_seq,pair_network,,,,,,medium,L/2,0.3333333333333333,510,10,30,teacher-fit
afdb,AF-M0JFC0-F1,60,sparsa,single_seq,pair_network,,,,,,medium,L/5,0.6666666666666666,510,10,12,teacher-fit
afdb,AF-M0JFC0-F1,60,sparsa,single_seq,pair_network,,,,,,medium,R,0.8,510,10,10,teacher-fit
afdb,AF-M0JFC0-F1,60,sparsa,single_seq,pair_network,,,,,,medium,AUC,0.9941,510,10,510,teacher-fit
afdb,AF-M0JFC0-F1,60,sparsa,single_seq,pair_network,,,,,,long,L,0.08333333333333333,666,5,60,teacher-fit
afdb,AF-M0JFC0-F1,60,sparsa,single_seq,pair_network,,,,,,long,L/2,0.16666666666666666,666,5,30,teacher-fit
afdb,AF-M0JFC0-F1,60,sparsa,single_seq,pair_network,,,,,,long,L/5,0.25,666,5,12,teacher-fit
afdb,AF-M0JFC0-F1,60,sparsa,single_seq,pair_network,,,,,,long,R,0.4,666,5,5,teacher-fit
afdb,AF-M0JFC0-F1,60,sparsa,single_seq,pair_network,,,,,,long,AUC,0.9835098335854765,666,5,666,teacher-fit
afdb,AF-A0A7C4MX31-F1,263,sparsa,single_seq,pair_network,,,,,,all,L,0.23954372623574144,33153,227,263,teacher-fit
afdb,AF-A0A7C4MX31-F1,263,sparsa,single_seq,pair_network,,,,,,all,L/2,0.366412213740458,33153,227,131,teacher-fit
afdb,AF-A0A7C4MX31-F1,263,sparsa,single_seq,pair_network,,,,,,all,L/5,0.46153846153846156,33153,227,52,teacher-fit
afdb,AF-A0A7C4MX31-F1,263,sparsa,single_seq,pair_network,,,,,,all,R,0.2643171806167401,33153,227,227,teacher-fit
afdb,AF-A0A7C4MX31-F1,263,sparsa,single_seq,pair_network,,,,,,all,AUC,0.9313046396123627,33153,227,33153,teacher-fit
afdb,AF-A0A7C4MX31-F1,263,sparsa,single_seq,pair_network,,,,,,short,L,0.06463878326996197,1527,23,263,teacher-fit
afdb,AF-A0A7C4MX31-F1,263,sparsa,single_seq,pair_network,,,,,,short,L/2,0.09923664122137404,1527,23,131,teacher-fit
afdb,AF-A0A7C4MX31-F1,263,sparsa,single_seq,pair_network,,,,,,short,L/5,0.15384615384615385,1527,23,52,teacher-fit
afdb,AF-A0A7C4MX31-F1,263,sparsa,single_seq,pair_network,,,,,,short,R,0.13043478260869565,1527,23,23,teacher-fit
afdb,AF-A0A7C4MX31-F1,263,sparsa,single_seq,pair_network,,,,,,short,AUC,0.9034169750231268,1527,23,1527,teacher-fit
afdb,AF-A0A7C4MX31-F1,263,sparsa,single_seq,pair_network,,,,,,medium,L,0.1596958174904943,2946,50,263,teacher-fit
afdb,AF-A0A7C4MX31-F1,263,sparsa,single_seq,pair_network,,,,,,medium,L/2,0.24427480916030533,2946,50,131,teacher-fit
afdb,AF-A0A7C4MX31-F1,263,sparsa,single_seq,pair_network,,,,,,medium,L/5,0.46153846153846156,2946,50,52,teacher-fit
afdb,AF-A0A7C4MX31-F1,263,sparsa,single_seq,pair_network,,,,,,medium,R,0.48,2946,50,50,teacher-fit
afdb,AF-A0A7C4MX31-F1,263,sparsa,single_seq,pair_network,,,,,,medium,AUC,0.9574551104972375,2946,50,2946,teacher-fit
afdb,AF-A0A7C4MX31-F1,263,sparsa,single_seq,pair_network,,,,,,long,L,0.1596958174904943,28680,154,263,teacher-fit
afdb,AF-A0A7C4MX31-F1,263,sparsa,single_seq,pair_network,,,,,,long,L/2,0.22137404580152673,28680,154,131,teacher-fit
afdb,AF-A0A7C4MX31-F1,263,sparsa,single_seq,pair_network,,,,,,long,L/5,0.38461538461538464,28680,154,52,teacher-fit
afdb,AF-A0A7C4MX31-F1,263,sparsa,single_seq,pair_network,,,,,,long,R,0.19480519480519481,28680,154,154,teacher-fit
afdb,AF-A0A7C4MX31-F1,263,sparsa,single_seq,pair_network,,,,,,long,AUC,0.9219399754700883,28680,154,28680,teacher-fit
afdb,AF-Q94LU1-F1,277,sparsa,single_seq,pair_network,,,,,,all,L,0.09386281588447654,36856,118,277,teacher-fit
afdb,AF-Q94LU1-F1,277,sparsa,single_seq,pair_network,,,,,,all,L/2,0.15217391304347827,36856,118,138,teacher-fit
afdb,AF-Q94LU1-F1,277,sparsa,single_seq,pair_network,,,,,,all,L/5,0.2545454545454545,36856,118,55,teacher-fit
afdb,AF-Q94LU1-F1,277,sparsa,single_seq,pair_network,,,,,,all,R,0.16101694915254236,36856,118,118,teacher-fit
afdb,AF-Q94LU1-F1,277,sparsa,single_seq,pair_network,,,,,,all,AUC,0.9467641226790532,36856,118,36856,teacher-fit
afdb,AF-Q94LU1-F1,277,sparsa,single_seq,pair_network,,,,,,short,L,0.02888086642599278,1611,8,277,teacher-fit
afdb,AF-Q94LU1-F1,277,sparsa,single_seq,pair_network,,,,,,short,L/2,0.057971014492753624,1611,8,138,teacher-fit
afdb,AF-Q94LU1-F1,277,sparsa,single_seq,pair_network,,,,,,short,L/5,0.07272727272727272,1611,8,55,teacher-fit
afdb,AF-Q94LU1-F1,277,sparsa,single_seq,pair_network,,,,,,short,R,0.125,1611,8,8,teacher-fit
afdb,AF-Q94LU1-F1,277,sparsa,single_seq,pair_network,,,,,,short,AUC,0.9664301310043668,1611,8,1611,teacher-fit
afdb,AF-Q94LU1-F1,277,sparsa,single_seq,pair_network,,,,,,medium,L,0.05776173285198556,3114,16,277,teacher-fit
afdb,AF-Q94LU1-F1,277,sparsa,single_seq,pair_network,,,,,,medium,L/2,0.10144927536231885,3114,16,138,teacher-fit
afdb,AF-Q94LU1-F1,277,sparsa,single_seq,pair_network,,,,,,medium,L/5,0.18181818181818182,3114,16,55,teacher-fit
afdb,AF-Q94LU1-F1,277,sparsa,single_seq,pair_network,,,,,,medium,R,0.375,3114,16,16,teacher-fit
afdb,AF-Q94LU1-F1,277,sparsa,single_seq,pair_network,,,,,,medium,AUC,0.9831342801807619,3114,16,3114,teacher-fit
afdb,AF-Q94LU1-F1,277,sparsa,single_seq,pair_network,,,,,,long,L,0.07220216606498195,32131,94,277,teacher-fit
afdb,AF-Q94LU1-F1,277,sparsa,single_seq,pair_network,,,,,,long,L/2,0.09420289855072464,32131,94,138,teacher-fit
afdb,AF-Q94LU1-F1,277,sparsa,single_seq,pair_network,,,,,,long,L/5,0.18181818181818182,32131,94,55,teacher-fit
afdb,AF-Q94LU1-F1,277,sparsa,single_seq,pair_network,,,,,,long,R,0.1276595744680851,32131,94,94,teacher-fit
afdb,AF-Q94LU1-F1,277,sparsa,single_seq,pair_network,,,,,,long,AUC,0.9385637218668044,32131,94,32131,teacher-fit
afdb,AF-A0A2D5MZL9-F1,209,sparsa,single_seq,pair_network,,,,,,all,L,0.07655502392344497,20706,105,209,teacher-fit
afdb,AF-A0A2D5MZL9-F1,209,sparsa,single_seq,pair_network,,,,,,all,L/2,0.1346153846153846,20706,105,104,teacher-fit
afdb,AF-A0A2D5MZL9-F1,209,sparsa,single_seq,pair_network,,,,,,all,L/5,0.2926829268292683,20706,105,41,teacher-fit
afdb,AF-A0A2D5MZL9-F1,209,sparsa,single_seq,pair_network,,,,,,all,R,0.13333333333333333,20706,105,105,teacher-fit
afdb,AF-A0A2D5MZL9-F1,209,sparsa,single_seq,pair_network,,,,,,all,AUC,0.8503590902891908,20706,105,20706,teacher-fit
afdb,AF-A0A2D5MZL9-F1,209,sparsa,single_seq,pair_network,,,,,,short,L,0.0861244019138756,1203,27,209,teacher-fit
afdb,AF-A0A2D5MZL9-F1,209,sparsa,single_seq,pair_network,,,,,,short,L/2,0.125,1203,27,104,teacher-fit
afdb,AF-A0A2D5MZL9-F1,209,sparsa,single_seq,pair_network,,,,,,short,L/5,0.24390243902439024,1203,27,41,teacher-fit
afdb,AF-A0A2D5MZL9-F1,209,sparsa,single_seq,pair_network,,,,,,short,R,0.37037037037037035,1203,27,27,teacher-fit
afdb,AF-A0A2D5MZL9-F1,209,sparsa,single_seq,pair_network,,,,,,short,AUC,0.8584341143864953,1203,27,1203,teacher-fit
afdb,AF-A0A2D5MZL9-F1,209,sparsa,single_seq,pair_network,,,,,,medium,L,0.03349282296650718,2298,20,209,teacher-fit
afdb,AF-A0A2D5MZL9-F1,209,sparsa,single_seq,pair_network,,,,,,medium,L/2,0.0673076923076923,2298,20,104,teacher-fit
afdb,AF-A0A2D5MZL9-F1,209,sparsa,single_seq,pair_network,,,,,,medium,L/5,0.0975609756097561,2298,20,41,teacher-fit
afdb,AF-A0A2D5MZL9-F1,209,sparsa,single_seq,pair_network,,,,,,medium,R,0.2,2298,20,20,teacher-fit
afdb,AF-A0A2D5MZL9-F1,209,sparsa,single_seq,pair_network,,,,,,medium,AUC,0.8188103599648815,2298,20,2298,teacher-fit
afdb,AF-A0A2D5MZL9-F1,209,sparsa,single_seq,pair_network,,,,,,long,L,0.009569377990430622,17205,58,209,teacher-fit
afdb,AF-A0A2D5MZL9-F1,209,sparsa,single_seq,pair_network,,,,,,long,L/2,0.009615384615384616,17205,58,104,teacher-fit
afdb,AF-A0A2D5MZL9-F1,209,sparsa,single_seq,pair_network,,,,,,long,L/5,0.0,17205,58,41,teacher-fit
afdb,AF-A0A2D5MZL9-F1,209,sparsa,single_seq,pair_network,,,,,,long,R,0.0,17205,58,58,teacher-fit
afdb,AF-A0A2D5MZL9-F1,209,sparsa,single_seq,pair_network,,,,,,long,AUC,0.828337318481367,17205,58,17205,teacher-fit
afdb,AF-A0A5F1B2F2-F1,200,sparsa,single_seq,pair_network,,,,,,all,L,0.245,18915,121,200,teacher-fit
afdb,AF-A0A5F1B2F2-F1,200,sparsa,single_seq,pair_network,,,,,,all,L/2,0.37,18915,121,100,teacher-fit
afdb,AF-A0A5F1B2F2-F1,200,sparsa,single_seq,pair_network,,,,,,all,L/5,0.525,18915,121,40,teacher-fit
afdb,AF-A0A5F1B2F2-F1,200,sparsa,single_seq,pair_network,,,,,,all,R,0.33884297520661155,18915,121,121,teacher-fit
afdb,AF-A0A5F1B2F2-F1,200,sparsa,single_seq,pair_network,,,,,,all,AUC,0.9539434512685164,18915,121,18915,teacher-fit
afdb,AF-A0A5F1B2F2-F1,200,sparsa,single_seq,pair_network,,,,,,short,L,0.09,1149,19,200,teacher-fit
afdb,AF-A0A5F1B2F2-F1,200,sparsa,single_seq,pair_network,,,,,,short,L/2,0.15,1149,19,100,teacher-fit
afdb,AF-A0A5F1B2F2-F1,200,sparsa,single_seq,pair_network,,,,,,short,L/5,0.325,1149,19,40,teacher-fit
afdb,AF-A0A5F1B2F2-F1,200,sparsa,single_seq,pair_network,,,,,,short,R,0.47368421052631576,1149,19,19,teacher-fit
afdb,AF-A0A5F1B2F2-F1,200,sparsa,single_seq,pair_network,,,,,,short,AUC,0.9610852352119237,1149,19,1149,teacher-fit
afdb,AF-A0A5F1B2F2-F1,200,sparsa,single_seq,pair_network,,,,,,medium,L,0.15,2190,36,200,teacher-fit
afdb,AF-A0A5F1B2F2-F1,200,sparsa,single_seq,pair_network,,,,,,medium,L/2,0.24,2190,36,100,teacher-fit
afdb,AF-A0A5F1B2F2-F1,200,sparsa,single_seq,pair_network,,,,,,medium,L/5,0.425,2190,36,40,teacher-fit
afdb,AF-A0A5F1B2F2-F1,200,sparsa,single_seq,pair_network,,,,,,medium,R,0.4444444444444444,2190,36,36,teacher-fit
afdb,AF-A0A5F1B2F2-F1,200,sparsa,single_seq,pair_network,,,,,,medium,AUC,0.9611059527494067,2190,36,2190,teacher-fit
afdb,AF-A0A5F1B2F2-F1,200,sparsa,single_seq,pair_network,,,,,,long,L,0.12,15576,66,200,teacher-fit
afdb,AF-A0A5F1B2F2-F1,200,sparsa,single_seq,pair_network,,,,,,long,L/2,0.19,15576,66,100,teacher-fit
afdb,AF-A0A5F1B2F2-F1,200,sparsa,single_seq,pair_network,,,,,,long,L/5,0.25,15576,66,40,teacher-fit
afdb,AF-A0A5F1B2F2-F1,200,sparsa,single_seq,pair_network,,,,,,long,R,0.19696969696969696,15576,66,66,teacher-fit
afdb,AF-A0A5F1B2F2-F1,200,sparsa,single_seq,pair_network,,,,,,long,AUC,0.9409686810073657,15576,66,15576,teacher-fit
afdb,AF-A0A4Y2QR77-F1,189,sparsa,single_seq,pair_network,,,,,,all,L,0.09523809523809523,16836,124,189,teacher-fit
afdb,AF-A0A4Y2QR77-F1,189,sparsa,single_seq,pair_network,,,,,,all,L/2,0.10638297872340426,16836,124,94,teacher-fit
afdb,AF-A0A4Y2QR77-F1,189,sparsa,single_seq,pair_network,,,,,,all,L/5,0.08108108108108109,16836,124,37,teacher-fit
afdb,AF-A0A4Y2QR77-F1,189,sparsa,single_seq,pair_network,,,,,,all,R,0.10483870967741936,16836,124,124,teacher-fit
afdb,AF-A0A4Y2QR77-F1,189,sparsa,single_seq,pair_network,,,,,,all,AUC,0.7621887015704382,16836,124,16836,teacher-fit
afdb,AF-A0A4Y2QR77-F1,189,sparsa,single_seq,pair_network,,,,,,short,L,0.06349206349206349,1083,20,189,teacher-fit
afdb,AF-A0A4Y2QR77-F1,189,sparsa,single_seq,pair_network,,,,,,short,L/2,0.06382978723404255,1083,20,94,teacher-fit
afdb,AF-A0A4Y2QR77-F1,189,sparsa,single_seq,pair_network,,,,,,short,L/5,0.10810810810810811,1083,20,37,teacher-fit
afdb,AF-A0A4Y2QR77-F1,189,sparsa,single_seq,pair_network,,,,,,short,R,0.15,1083,20,20,teacher-fit
afdb,AF-A0A4Y2QR77-F1,189,sparsa,single_seq,pair_network,,,,,,short,AUC,0.7723894637817498,1083,20,1083,teacher-fit
afdb,AF-A0A4Y2QR77-F1,189,sparsa,single_seq,pair_network,,,,,,medium,L,0.0582010582010582,2058,18,189,teacher-fit
afdb,AF-A0A4Y2QR77-F1,189,sparsa,single_seq,pair_network,,,,,,medium,L/2,0.09574468085106383,2058,18,94,teacher-fit
afdb,AF-A0A4Y2QR77-F1,189,sparsa,single_seq,pair_network,,,,,,medium,L/5,0.16216216216216217,2058,18,37,teacher-fit
afdb,AF-A0A4Y2QR77-F1,189,sparsa,single_seq,pair_network,,,,,,medium,R,0.1111111111111111,2058,18,18,teacher-fit
afdb,AF-A0A4Y2QR77-F1,189,sparsa,single_seq,pair_network,,,,,,medium,AUC,0.8290441176470589,2058,18,2058,teacher-fit
afdb,AF-A0A4Y2QR77-F1,189,sparsa,single_seq,pair_network,,,,,,long,L,0.07407407407407407,13695,86,189,teacher-fit
afdb,AF-A0A4Y2QR77-F1,189,sparsa,single_seq,pair_network,,,,,,long,L/2,0.0851063829787234,13695,86,94,teacher-fit
afdb,AF-A0A4Y2QR77-F1,189,sparsa,single_seq,pair_network,,,,,,long,L/5,0.08108108108108109,13695,86,37,teacher-fit
afdb,AF-A0A4Y2QR77-F1,189,sparsa,single_seq,pair_network,,,,,,long,R,0.09302325581395349,13695,86,86,teacher-fit
afdb,AF-A0A4Y2QR77-F1,189,sparsa,single_seq,pair_network,,,,,,long,AUC,0.7346292723522567,13695,86,13695,teacher-fit
afdb,AF-A0A6P7FPS2-F1,111,sparsa,single_seq,pair_network,,,,,,all,L,0.08108108108108109,5565,50,111,teacher-fit
afdb,AF-A0A6P7FPS2-F1,111,sparsa,single_seq,pair_network,,,,,,all,L/2,0.07272727272727272,5565,50,55,teacher-fit
afdb,AF-A0A6P7FPS2-F1,111,sparsa,single_seq,pair_network,,,,,,all,L/5,0.0,5565,50,22,teacher-fit
afdb,AF-A0A6P7FPS2-F1,111,sparsa,single_seq,pair_network,,,,,,all,R,0.08,5565,50,50,teacher-fit
afdb,AF-A0A6P7FPS2-F1,111,sparsa,single_seq,pair_network,,,,,,all,AUC,0.8629519492293745,5565,50,5565,teacher-fit
afdb,AF-A0A6P7FPS2-F1,111,sparsa,single_seq,pair_network,,,,,,short,L,0.0990990990990991,615,18,111,teacher-fit
afdb,AF-A0A6P7FPS2-F1,111,sparsa,single_seq,pair_network,,,,,,short,L/2,0.14545454545454545,615,18,55,teacher-fit
afdb,AF-A0A6P7FPS2-F1,111,sparsa,single_seq,pair_network,,,,,,short,L/5,0.13636363636363635,615,18,22,teacher-fit
afdb,AF-A0A6P7FPS2-F1,111,sparsa,single_seq,pair_network,,,,,,short,R,0.1111111111111111,615,18,18,teacher-fit
afdb,AF-A0A6P7FPS2-F1,111,sparsa,single_seq,pair_network,,,,,,short,AUC,0.8633445002791736,615,18,615,teacher-fit
afdb,AF-A0A6P7FPS2-F1,111,sparsa,single_seq,pair_network,,,,,,medium,L,0.12612612612612611,1122,23,111,teacher-fit
afdb,AF-A0A6P7FPS2-F1,111,sparsa,single_seq,pair_network,,,,,,medium,L/2,0.16363636363636364,1122,23,55,teacher-fit
afdb,AF-A0A6P7FPS2-F1,111,sparsa,single_seq,pair_network,,,,,,medium,L/5,0.18181818181818182,1122,23,22,teacher-fit
afdb,AF-A0A6P7FPS2-F1,111,sparsa,single_seq,pair_network,,,,,,medium,R,0.17391304347826086,1122,23,23,teacher-fit
afdb,AF-A0A6P7FPS2-F1,111,sparsa,single_seq,pair_network,,,,,,medium,AUC,0.8481227993828381,1122,23,1122,teacher-fit
afdb,AF-A0A6P7FPS2-F1,111,sparsa,single_seq,pair_network,,,,,,long,L,0.018018018018018018,3828,9,111,teacher-fit
afdb,AF-A0A6P7FPS2-F1,111,sparsa,single_seq,pair_network,,,,,,long,L/2,0.01818181818181818,3828,9,55,teacher-fit
afdb,AF-A0A6P7FPS2-F1,111,sparsa,single_seq,pair_network,,,,,,long,L/5,0.0,3828,9,22,teacher-fit
afdb,AF-A0A6P7FPS2-F1,111,sparsa,single_seq,pair_network,,,,,,long,R,0.0,3828,9,9,teacher-fit
afdb,AF-A0A6P7FPS2-F1,111,sparsa,single_seq,pair_network,,,,,,long,AUC,0.8584126152861424,3828,9,3828,teacher-fit
afdb,AF-A0A842Z1Z6-F1,138,sparsa,single_seq,pair_network,,,,,,all,L,0.32608695652173914,8778,108,138,teacher-fit
afdb,AF-A0A842Z1Z6-F1,138,sparsa,single_seq,pair_network,,,,,,all,L/2,0.4927536231884058,8778,108,69,teacher-fit
afdb,AF-A0A842Z1Z6-F1,138,sparsa,single_seq,pair_network,,,,,,all,L/5,0.7777777777777778,8778,108,27,teacher-fit
afdb,AF-A0A842Z1Z6-F1,138,sparsa,single_seq,pair_network,,,,,,all,R,0.37962962962962965,8778,108,108,teacher-fit
afdb,AF-A0A842Z1Z6-F1,138,sparsa,single_seq,pair_network,,,,,,all,AUC,0.952521466102781,8778,108,8778,teacher-fit
afdb,AF-A0A842Z1Z6-F1,138,sparsa,single_seq,pair_network,,,,,,short,L,0.10144927536231885,777,15,138,teacher-fit
afdb,AF-A0A842Z1Z6-F1,138,sparsa,single_seq,pair_network,,,,,,short,L/2,0.15942028985507245,777,15,69,teacher-fit
afdb,AF-A0A842Z1Z6-F1,138,sparsa,single_seq,pair_network,,,,,,short,L/5,0.25925925925925924,777,15,27,teacher-fit
afdb,AF-A0A842Z1Z6-F1,138,sparsa,single_seq,pair_network,,,,,,short,R,0.3333333333333333,777,15,15,teacher-fit
afdb,AF-A0A842Z1Z6-F1,138,sparsa,single_seq,pair_network,,,,,,short,AUC,0.925721784776903,777,15,777,teacher-fit
afdb,AF-A0A842Z1Z6-F1,138,sparsa,single_seq,pair_network,,,,,,medium,L,0.18840579710144928,1446,30,138,teacher-fit
afdb,AF-A0A842Z1Z6-F1,138,sparsa,single_seq,pair_network,,,,,,medium,L/2,0.3333333333333333,1446,30,69,teacher-fit
afdb,AF-A0A842Z1Z6-F1,138,sparsa,single_seq,pair_network,,,,,,medium,L/5,0.6296296296296297,1446,30,27,teacher-fit
afdb,AF-A0A842Z1Z6-F1,138,sparsa,single_seq,pair_network,,,,,,medium,R,0.6,1446,30,30,teacher-fit
afdb,AF-A0A842Z1Z6-F1,138,sparsa,single_seq,pair_network,,,,,,medium,AUC,0.972575329566855,1446,30,1446,teacher-fit
afdb,AF-A0A842Z1Z6-F1,138,sparsa,single_seq,pair_network,,,,,,long,L,0.2318840579710145,6555,63,138,teacher-fit
afdb,AF-A0A842Z1Z6-F1,138,sparsa,single_seq,pair_network,,,,,,long,L/2,0.2898550724637681,6555,63,69,teacher-fit
afdb,AF-A0A842Z1Z6-F1,138,sparsa,single_seq,pair_network,,,,,,long,L/5,0.4444444444444444,6555,63,27,teacher-fit
afdb,AF-A0A842Z1Z6-F1,138,sparsa,single_seq,pair_network,,,,,,long,R,0.2698412698412698,6555,63,63,teacher-fit
afdb,AF-A0A842Z1Z6-F1,138,sparsa,single_seq,pair_network,,,,,,long,AUC,0.951113213821162,6555,63,6555,teacher-fit
afdb,AF-A0A182GHA7-F1,312,sparsa,single_seq,pair_network,,,,,,all,L,0.11217948717948718,46971,228,312,teacher-fit
afdb,AF-A0A182GHA7-F1,312,sparsa,single_seq,pair_network,,,,,,all,L/2,0.14743589743589744,46971,228,156,teacher-fit
afdb,AF-A0A182GHA7-F1,312,sparsa,single_seq,pair_network,,,,,,all,L/5,0.1935483870967742,46971,228,62,teacher-fit
afdb,AF-A0A182GHA7-F1,312,sparsa,single_seq,pair_network,,,,,,all,R,0.11842105263157894,46971,228,228,teacher-fit
afdb,AF-A0A182GHA7-F1,312,sparsa,single_seq,pair_network,,,,,,all,AUC,0.8086734349190479,46971,228,46971,teacher-fit
afdb,AF-A0A182GHA7-F1,312,sparsa,single_seq,pair_network,,,,,,short,L,0.08333333333333333,1821,34,312,teacher-fit
afdb,AF-A0A182GHA7-F1,312,sparsa,single_seq,pair_network,,,,,,short,L/2,0.12179487179487179,1821,34,156,teacher-fit
afdb,AF-A0A182GHA7-F1,312,sparsa,single_seq,pair_network,,,,,,short,L/5,0.14516129032258066,1821,34,62,teacher-fit
afdb,AF-A0A182GHA7-F1,312,sparsa,single_seq,pair_network,,,,,,short,R,0.14705882352941177,1821,34,34,teacher-fit
afdb,AF-A0A182GHA7-F1,312,sparsa,single_seq,pair_network,,,,,,short,AUC,0.8798429836400146,1821,34,1821,teacher-fit
afdb,AF-A0A182GHA7-F1,312,sparsa,single_seq,pair_network,,,,,,medium,L,0.04487179487179487,3534,32,312,teacher-fit
afdb,AF-A0A182GHA7-F1,312,sparsa,single_seq,pair_network,,,,,,medium,L/2,0.0641025641025641,3534,32,156,teacher-fit
afdb,AF-A0A182GHA7-F1,312,sparsa,single_seq,pair_network,,,,,,medium,L/5,0.11290322580645161,3534,32,62,teacher-fit
afdb,AF-A0A182GHA7-F1,312,sparsa,single_seq,pair_network,,,,,,medium,R,0.09375,3534,32,32,teacher-fit
afdb,AF-A0A182GHA7-F1,312,sparsa,single_seq,pair_network,,,,,,medium,AUC,0.8653671116504853,3534,32,3534,teacher-fit
afdb,AF-A0A182GHA7-F1,312,sparsa,single_seq,pair_network,,,,,,long,L,0.04807692307692308,41616,162,312,teacher-fit
afdb,AF-A0A182GHA7-F1,312,sparsa,single_seq,pair_network,,,,,,long,L/2,0.0641025641025641,41616,162,156,teacher-fit
afdb,AF-A0A182GHA7-F1,312,sparsa,single_seq,pair_network,,,,,,long,L/5,0.12903225806451613,41616,162,62,teacher-fit
afdb,AF-A0A182GHA7-F1,312,sparsa,single_seq,pair_network,,,,,,long,R,0.06172839506172839,41616,162,162,teacher-fit
afdb,AF-A0A182GHA7-F1,312,sparsa,single_seq,pair_network,,,,,,long,AUC,0.7666834486180428,41616,162,41616,teacher-fit
afdb,AF-A0A409YEB8-F1,504,sparsa,single_seq,pair_network,,,,,,all,L,0.25396825396825395,124251,347,504,teacher-fit
afdb,AF-A0A409YEB8-F1,504,sparsa,single_seq,pair_network,,,,,,all,L/2,0.376984126984127,124251,347,252,teacher-fit
afdb,AF-A0A409YEB8-F1,504,sparsa,single_seq,pair_network,,,,,,all,L/5,0.65,124251,347,100,teacher-fit
afdb,AF-A0A409YEB8-F1,504,sparsa,single_seq,pair_network,,,,,,all,R,0.31988472622478387,124251,347,347,teacher-fit
afdb,AF-A0A409YEB8-F1,504,sparsa,single_seq,pair_network,,,,,,all,AUC,0.9710448648912163,124251,347,124251,teacher-fit
afdb,AF-A0A409YEB8-F1,504,sparsa,single_seq,pair_network,,,,,,short,L,0.09325396825396826,2973,52,504,teacher-fit
afdb,AF-A0A409YEB8-F1,504,sparsa,single_seq,pair_network,,,,,,short,L/2,0.14682539682539683,2973,52,252,teacher-fit
afdb,AF-A0A409YEB8-F1,504,sparsa,single_seq,pair_network,,,,,,short,L/5,0.27,2973,52,100,teacher-fit
afdb,AF-A0A409YEB8-F1,504,sparsa,single_seq,pair_network,,,,,,short,R,0.34615384615384615,2973,52,52,teacher-fit
afdb,AF-A0A409YEB8-F1,504,sparsa,single_seq,pair_network,,,,,,short,AUC,0.9446086693176731,2973,52,2973,teacher-fit
afdb,AF-A0A409YEB8-F1,504,sparsa,single_seq,pair_network,,,,,,medium,L,0.09126984126984126,5838,54,504,teacher-fit
afdb,AF-A0A409YEB8-F1,504,sparsa,single_seq,pair_network,,,,,,medium,L/2,0.14285714285714285,5838,54,252,teacher-fit
afdb,AF-A0A409YEB8-F1,504,sparsa,single_seq,pair_network,,,,,,medium,L/5,0.27,5838,54,100,teacher-fit
afdb,AF-A0A409YEB8-F1,504,sparsa,single_seq,pair_network,,,,,,medium,R,0.4444444444444444,5838,54,54,teacher-fit
afdb,AF-A0A409YEB8-F1,504,sparsa,single_seq,pair_network,,,,,,medium,AUC,0.9584005686184109,5838,54,5838,teacher-fit
afdb,AF-A0A409YEB8-F1,504,sparsa,single_seq,pair_network,,,,,,long,L,0.18452380952380953,115440,241,504,teacher-fit
afdb,AF-A0A409YEB8-F1,504,sparsa,single_seq,pair_network,,,,,,long,L/2,0.2777777777777778,115440,241,252,teacher-fit
afdb,AF-A0A409YEB8-F1,504,sparsa,single_seq,pair_network,,,,,,long,L/5,0.46,115440,241,100,teacher-fit
afdb,AF-A0A409YEB8-F1,504,sparsa,single_seq,pair_network,,,,,,long,R,0.29045643153526973,115440,241,241,teacher-fit
afdb,AF-A0A409YEB8-F1,504,sparsa,single_seq,pair_network,,,,,,long,AUC,0.9684859239967901,115440,241,115440,teacher-fit
afdb,AF-A0A4V2F1U3-F1,276,sparsa,single_seq,pair_network,,,,,,all,L,0.2717391304347826,36585,247,276,teacher-fit
afdb,AF-A0A4V2F1U3-F1,276,sparsa,single_seq,pair_network,,,,,,all,L/2,0.42028985507246375,36585,247,138,teacher-fit
afdb,AF-A0A4V2F1U3-F1,276,sparsa,single_seq,pair_network,,,,,,all,L/5,0.6363636363636364,36585,247,55,teacher-fit
afdb,AF-A0A4V2F1U3-F1,276,sparsa,single_seq,pair_network,,,,,,all,R,0.2874493927125506,36585,247,247,teacher-fit
afdb,AF-A0A4V2F1U3-F1,276,sparsa,single_seq,pair_network,,,,,,all,AUC,0.9289519252773609,36585,247,36585,teacher-fit
afdb,AF-A0A4V2F1U3-F1,276,sparsa,single_seq,pair_network,,,,,,short,L,0.08333333333333333,1605,30,276,teacher-fit
afdb,AF-A0A4V2F1U3-F1,276,sparsa,single_seq,pair_network,,,,,,short,L/2,0.14492753623188406,1605,30,138,teacher-fit
afdb,AF-A0A4V2F1U3-F1,276,sparsa,single_seq,pair_network,,,,,,short,L/5,0.21818181818181817,1605,30,55,teacher-fit
afdb,AF-A0A4V2F1U3-F1,276,sparsa,single_seq,pair_network,,,,,,short,R,0.3333333333333333,1605,30,30,teacher-fit
afdb,AF-A0A4V2F1U3-F1,276,sparsa,single_seq,pair_network,,,,,,short,AUC,0.918,1605,30,1605,teacher-fit
afdb,AF-A0A4V2F1U3-F1,276,sparsa,single_seq,pair_network,,,,,,medium,L,0.12681159420289856,3102,47,276,teacher-fit
afdb,AF-A0A4V2F1U3-F1,276,sparsa,single_seq,pair_network,,,,,,medium,L/2,0.18840579710144928,3102,47,138,teacher-fit
afdb,AF-A0A4V2F1U3-F1,276,sparsa,single_seq,pair_network,,,,,,medium,L/5,0.2909090909090909,3102,47,55,teacher-fit
afdb,AF-A0A4V2F1U3-F1,276,sparsa,single_seq,pair_network,,,,,,medium,R,0.3191489361702128,3102,47,47,teacher-fit
afdb,AF-A0A4V2F1U3-F1,276,sparsa,single_seq,pair_network,,,,,,medium,AUC,0.9400738238673956,3102,47,3102,teacher-fit
afdb,AF-A0A4V2F1U3-F1,276,sparsa,single_seq,pair_network,,,,,,long,L,0.17753623188405798,31878,170,276,teacher-fit
afdb,AF-A0A4V2F1U3-F1,276,sparsa,single_seq,pair_network,,,,,,long,L/2,0.3115942028985507,31878,170,138,teacher-fit
afdb,AF-A0A4V2F1U3-F1,276,sparsa,single_seq,pair_network,,,,,,long,L/5,0.5454545454545454,31878,170,55,teacher-fit
afdb,AF-A0A4V2F1U3-F1,276,sparsa,single_seq,pair_network,,,,,,long,R,0.2529411764705882,31878,170,170,teacher-fit
afdb,AF-A0A4V2F1U3-F1,276,sparsa,single_seq,pair_network,,,,,,long,AUC,0.9196024940820279,31878,170,31878,teacher-fit
afdb,AF-A0A1J4KMF3-F1,382,sparsa,single_seq,pair_network,,,,,,all,L,0.14659685863874344,70876,292,382,teacher-fit
afdb,AF-A0A1J4KMF3-F1,382,sparsa,single_seq,pair_network,,,,,,all,L/2,0.17801047120418848,70876,292,191,teacher-fit
afdb,AF-A0A1J4KMF3-F1,382,sparsa,single_seq,pair_network,,,,,,all,L/5,0.2894736842105263,70876,292,76,teacher-fit
afdb,AF-A0A1J4KMF3-F1,382,sparsa,single_seq,pair_network,,,,,,all,R,0.15753424657534246,70876,292,292,teacher-fit
afdb,AF-A0A1J4KMF3-F1,382,sparsa,single_seq,pair_network,,,,,,all,AUC,0.9422665202948707,70876,292,70876,teacher-fit
afdb,AF-A0A1J4KMF3-F1,382,sparsa,single_seq,pair_network,,,,,,short,L,0.06806282722513089,2241,30,382,teacher-fit
afdb,AF-A0A1J4KMF3-F1,382,sparsa,single_seq,pair_network,,,,,,short,L/2,0.08900523560209424,2241,30,191,teacher-fit
afdb,AF-A0A1J4KMF3-F1,382,sparsa,single_seq,pair_network,,,,,,short,L/5,0.13157894736842105,2241,30,76,teacher-fit
afdb,AF-A0A1J4KMF3-F1,382,sparsa,single_seq,pair_network,,,,,,short,R,0.26666666666666666,2241,30,30,teacher-fit
afdb,AF-A0A1J4KMF3-F1,382,sparsa,single_seq,pair_network,,,,,,short,AUC,0.9155585707824514,2241,30,2241,teacher-fit
afdb,AF-A0A1J4KMF3-F1,382,sparsa,single_seq,pair_network,,,,,,medium,L,0.031413612565445025,4374,41,382,teacher-fit
afdb,AF-A0A1J4KMF3-F1,382,sparsa,single_seq,pair_network,,,,,,medium,L/2,0.04712041884816754,4374,41,191,teacher-fit
afdb,AF-A0A1J4KMF3-F1,382,sparsa,single_seq,pair_network,,,,,,medium,L/5,0.07894736842105263,4374,41,76,teacher-fit
afdb,AF-A0A1J4KMF3-F1,382,sparsa,single_seq,pair_network,,,,,,medium,R,0.07317073170731707,4374,41,41,teacher-fit
afdb,AF-A0A1J4KMF3-F1,382,sparsa,single_seq,pair_network,,,,,,medium,AUC,0.820695400584285,4374,41,4374,teacher-fit
afdb,AF-A0A1J4KMF3-F1,382,sparsa,single_seq,pair_network,,,,,,long,L,0.15968586387434555,64261,221,382,teacher-fit
afdb,AF-A0A1J4KMF3-F1,382,sparsa,single_seq,pair_network,,,,,,long,L/2,0.24083769633507854,64261,221,191,teacher-fit
afdb,AF-A0A1J4KMF3-F1,382,sparsa,single_seq,pair_network,,,,,,long,L/5,0.32894736842105265,64261,221,76,teacher-fit
afdb,AF-A0A1J4KMF3-F1,382,sparsa,single_seq,pair_network,,,,,,long,R,0.23076923076923078,64261,221,221,teacher-fit
afdb,AF-A0A1J4KMF3-F1,382,sparsa,single_seq,pair_network,,,,,,long,AUC,0.9504733325608147,64261,221,64261,teacher-fit
afdb,AF-A0A7I8WCU6-F1,296,sparsa,single_seq,pair_network,,,,,,all,L,0.2533783783783784,42195,337,296,teacher-fit
afdb,AF-A0A7I8WCU6-F1,296,sparsa,single_seq,pair_network,,,,,,all,L/2,0.3310810810810811,42195,337,148,teacher-fit
afdb,AF-A0A7I8WCU6-F1,296,sparsa,single_seq,pair_network,,,,,,all,L/5,0.4745762711864407,42195,337,59,teacher-fit
afdb,AF-A0A7I8WCU6-F1,296,sparsa,single_seq,pair_network,,,,,,all,R,0.23738872403560832,42195,337,337,teacher-fit
afdb,AF-A0A7I8WCU6-F1,296,sparsa,single_seq,pair_network,,,,,,all,AUC,0.8936591894058094,42195,337,42195,teacher-fit
afdb,AF-A0A7I8WCU6-F1,296,sparsa,single_seq,pair_network,,,,,,short,L,0.09797297297297297,1725,38,296,teacher-fit
afdb,AF-A0A7I8WCU6-F1,296,sparsa,single_seq,pair_network,,,,,,short,L/2,0.13513513513513514,1725,38,148,teacher-fit
afdb,AF-A0A7I8WCU6-F1,296,sparsa,single_seq,pair_network,,,,,,short,L/5,0.2033898305084746,1725,38,59,teacher-fit
afdb,AF-A0A7I8WCU6-F1,296,sparsa,single_seq,pair_network,,,,,,short,R,0.2631578947368421,1725,38,38,teacher-fit
afdb,AF-A0A7I8WCU6-F1,296,sparsa,single_seq,pair_network,,,,,,short,AUC,0.9005631298162419,1725,38,1725,teacher-fit
afdb,AF-A0A7I8WCU6-F1,296,sparsa,single_seq,pair_network,,,,,,medium,L,0.10810810810810811,3342,52,296,teacher-fit
afdb,AF-A0A7I8WCU6-F1,296,sparsa,single_seq,pair_network,,,,,,medium,L/2,0.16216216216216217,3342,52,148,teacher-fit
afdb,AF-A0A7I8WCU6-F1,296,sparsa,single_seq,pair_network,,,,,,medium,L/5,0.3220338983050847,3342,52,59,teacher-fit
afdb,AF-A0A7I8WCU6-F1,296,sparsa,single_seq,pair_network,,,,,,medium,R,0.28846153846153844,3342,52,52,teacher-fit
afdb,AF-A0A7I8WCU6-F1,296,sparsa,single_seq,pair_network,,,,,,medium,AUC,0.919587327566051,3342,52,3342,teacher-fit
afdb,AF-A0A7I8WCU6-F1,296,sparsa,single_seq,pair_network,,,,,,long,L,0.17905405405405406,37128,247,296,teacher-fit
afdb,AF-A0A7I8WCU6-F1,296,sparsa,single_seq,pair_network,,,,,,long,L/2,0.28378378378378377,37128,247,148,teacher-fit
afdb,AF-A0A7I8WCU6-F1,296,sparsa,single_seq,pair_network,,,,,,long,L/5,0.4406779661016949,37128,247,59,teacher-fit
afdb,AF-A0A7I8WCU6-F1,296,sparsa,single_seq,pair_network,,,,,,long,R,0.21052631578947367,37128,247,247,teacher-fit
afdb,AF-A0A7I8WCU6-F1,296,sparsa,single_seq,pair_network,,,,,,long,AUC,0.8793728972062131,37128,247,37128,teacher-fit
afdb,AF-A0A2K5AR94-F1,191,sparsa,single_seq,pair_network,,,,,,all,L,0.13612565445026178,17205,185,191,teacher-fit
afdb,AF-A0A2K5AR94-F1,191,sparsa,single_seq,pair_network,,,,,,all,L/2,0.14736842105263157,17205,185,95,teacher-fit
afdb,AF-A0A2K5AR94-F1,191,sparsa,single_seq,pair_network,,,,,,all,L/5,0.15789473684210525,17205,185,38,teacher-fit
afdb,AF-A0A2K5AR94-F1,191,sparsa,single_seq,pair_network,,,,,,all,R,0.14054054054054055,17205,185,185,teacher-fit
afdb,AF-A0A2K5AR94-F1,191,sparsa,single_seq,pair_network,,,,,,all,AUC,0.8173751071870929,17205,185,17205,teacher-fit
afdb,AF-A0A2K5AR94-F1,191,sparsa,single_seq,pair_network,,,,,,short,L,0.08376963350785341,1095,30,191,teacher-fit
afdb,AF-A0A2K5AR94-F1,191,sparsa,single_seq,pair_network,,,,,,short,L/2,0.1368421052631579,1095,30,95,teacher-fit
afdb,AF-A0A2K5AR94-F1,191,sparsa,single_seq,pair_network,,,,,,short,L/5,0.10526315789473684,1095,30,38,teacher-fit
afdb,AF-A0A2K5AR94-F1,191,sparsa,single_seq,pair_network,,,,,,short,R,0.03333333333333333,1095,30,30,teacher-fit
afdb,AF-A0A2K5AR94-F1,191,sparsa,single_seq,pair_network,,,,,,short,AUC,0.8096870109546166,1095,30,1095,teacher-fit
afdb,AF-A0A2K5AR94-F1,191,sparsa,single_seq,pair_network,,,,,,medium,L,0.10471204188481675,2082,40,191,teacher-fit
afdb,AF-A0A2K5AR94-F1,191,sparsa,single_seq,pair_network,,,,,,medium,L/2,0.11578947368421053,2082,40,95,teacher-fit
afdb,AF-A0A2K5AR94-F1,191,sparsa,single_seq,pair_network,,,,,,medium,L/5,0.15789473684210525,2082,40,38,teacher-fit
afdb,AF-A0A2K5AR94-F1,191,sparsa,single_seq,pair_network,,,,,,medium,R,0.15,2082,40,40,teacher-fit
afdb,AF-A0A2K5AR94-F1,191,sparsa,single_seq,pair_network,,,,,,medium,AUC,0.840921890303624,2082,40,2082,teacher-fit
afdb,AF-A0A2K5AR94-F1,191,sparsa,single_seq,pair_network,,,,,,long,L,0.06806282722513089,14028,115,191,teacher-fit
afdb,AF-A0A2K5AR94-F1,191,sparsa,single_seq,pair_network,,,,,,long,L/2,0.10526315789473684,14028,115,95,teacher-fit
afdb,AF-A0A2K5AR94-F1,191,sparsa,single_seq,pair_network,,,,,,long,L/5,0.15789473684210525,14028,115,38,teacher-fit
afdb,AF-A0A2K5AR94-F1,191,sparsa,single_seq,pair_network,,,,,,long,R,0.09565217391304348,14028,115,115,teacher-fit
afdb,AF-A0A2K5AR94-F1,191,sparsa,single_seq,pair_network,,,,,,long,AUC,0.7893990293719668,14028,115,14028,teacher-fit
afdb,AF-A0A7S2G6L9-F1,183,sparsa,single_seq,pair_network,,,,,,all,L,0.15846994535519127,15753,115,183,teacher-fit
afdb,AF-A0A7S2G6L9-F1,183,sparsa,single_seq,pair_network,,,,,,all,L/2,0.1978021978021978,15753,115,91,teacher-fit
afdb,AF-A0A7S2G6L9-F1,183,sparsa,single_seq,pair_network,,,,,,all,L/5,0.25,15753,115,36,teacher-fit
afdb,AF-A0A7S2G6L9-F1,183,sparsa,single_seq,pair_network,,,,,,all,R,0.17391304347826086,15753,115,115,teacher-fit
afdb,AF-A0A7S2G6L9-F1,183,sparsa,single_seq,pair_network,,,,,,all,AUC,0.9120495226232644,15753,115,15753,teacher-fit
afdb,AF-A0A7S2G6L9-F1,183,sparsa,single_seq,pair_network,,,,,,short,L,0.0546448087431694,1047,13,183,teacher-fit
afdb,AF-A0A7S2G6L9-F1,183,sparsa,single_seq,pair_network,,,,,,short,L/2,0.0989010989010989,1047,13,91,teacher-fit
afdb,AF-A0A7S2G6L9-F1,183,sparsa,single_seq,pair_network,,,,,,short,L/5,0.1388888888888889,1047,13,36,teacher-fit
afdb,AF-A0A7S2G6L9-F1,183,sparsa,single_seq,pair_network,,,,,,short,R,0.15384615384615385,1047,13,13,teacher-fit
afdb,AF-A0A7S2G6L9-F1,183,sparsa,single_seq,pair_network,,,,,,short,AUC,0.9110623419134057,1047,13,1047,teacher-fit
afdb,AF-A0A7S2G6L9-F1,183,sparsa,single_seq,pair_network,,,,,,medium,L,0.10382513661202186,1986,24,183,teacher-fit
afdb,AF-A0A7S2G6L9-F1,183,sparsa,single_seq,pair_network,,,,,,medium,L/2,0.16483516483516483,1986,24,91,teacher-fit
afdb,AF-A0A7S2G6L9-F1,183,sparsa,single_seq,pair_network,,,,,,medium,L/5,0.3055555555555556,1986,24,36,teacher-fit
afdb,AF-A0A7S2G6L9-F1,183,sparsa,single_seq,pair_network,,,,,,medium,R,0.375,1986,24,24,teacher-fit
afdb,AF-A0A7S2G6L9-F1,183,sparsa,single_seq,pair_network,,,,,,medium,AUC,0.9518348623853212,1986,24,1986,teacher-fit
afdb,AF-A0A7S2G6L9-F1,183,sparsa,single_seq,pair_network,,,,,,long,L,0.10382513661202186,12720,78,183,teacher-fit
afdb,AF-A0A7S2G6L9-F1,183,sparsa,single_seq,pair_network,,,,,,long,L/2,0.10989010989010989,12720,78,91,teacher-fit
afdb,AF-A0A7S2G6L9-F1,183,sparsa,single_seq,pair_network,,,,,,long,L/5,0.1111111111111111,12720,78,36,teacher-fit
afdb,AF-A0A7S2G6L9-F1,183,sparsa,single_seq,pair_network,,,,,,long,R,0.10256410256410256,12720,78,78,teacher-fit
afdb,AF-A0A7S2G6L9-F1,183,sparsa,single_seq,pair_network,,,,,,long,AUC,0.8965515842592254,12720,78,12720,teacher-fit
afdb,AF-A0A7T8Z1Q4-F1,910,sparsa,single_seq,pair_network,,,,,,all,L,0.12197802197802197,409060,490,910,teacher-fit
afdb,AF-A0A7T8Z1Q4-F1,910,sparsa,single_seq,pair_network,,,,,,all,L/2,0.14945054945054945,409060,490,455,teacher-fit
afdb,AF-A0A7T8Z1Q4-F1,910,sparsa,single_seq,pair_network,,,,,,all,L/5,0.17582417582417584,409060,490,182,teacher-fit
afdb,AF-A0A7T8Z1Q4-F1,910,sparsa,single_seq,pair_network,,,,,,all,R,0.14489795918367346,409060,490,490,teacher-fit
afdb,AF-A0A7T8Z1Q4-F1,910,sparsa,single_seq,pair_network,,,,,,all,AUC,0.9853756681466918,409060,490,409060,teacher-fit
afdb,AF-A0A7T8Z1Q4-F1,910,sparsa,single_seq,pair_network,,,,,,short,L,0.05824175824175824,5409,55,910,teacher-fit
afdb,AF-A0A7T8Z1Q4-F1,910,sparsa,single_seq,pair_network,,,,,,short,L/2,0.09230769230769231,5409,55,455,teacher-fit
afdb,AF-A0A7T8Z1Q4-F1,910,sparsa,single_seq,pair_network,,,,,,short,L/5,0.13736263736263737,5409,55,182,teacher-fit
afdb,AF-A0A7T8Z1Q4-F1,910,sparsa,single_seq,pair_network,,,,,,short,R,0.16363636363636364,5409,55,55,teacher-fit
afdb,AF-A0A7T8Z1Q4-F1,910,sparsa,single_seq,pair_network,,,,,,short,AUC,0.949276666553469,5409,55,5409,teacher-fit
afdb,AF-A0A7T8Z1Q4-F1,910,sparsa,single_seq,pair_network,,,,,,medium,L,0.08681318681318681,10710,88,910,teacher-fit
afdb,AF-A0A7T8Z1Q4-F1,910,sparsa,single_seq,pair_network,,,,,,medium,L/2,0.12307692307692308,10710,88,455,teacher-fit
afdb,AF-A0A7T8Z1Q4-F1,910,sparsa,single_seq,pair_network,,,,,,medium,L/5,0.17582417582417584,10710,88,182,teacher-fit
afdb,AF-A0A7T8Z1Q4-F1,910,sparsa,single_seq,pair_network,,,,,,medium,R,0.2159090909090909,10710,88,88,teacher-fit
afdb,AF-A0A7T8Z1Q4-F1,910,sparsa,single_seq,pair_network,,,,,,medium,AUC,0.9629114530733811,10710,88,10710,teacher-fit
afdb,AF-A0A7T8Z1Q4-F1,910,sparsa,single_seq,pair_network,,,,,,long,L,0.08241758241758242,392941,347,910,teacher-fit
afdb,AF-A0A7T8Z1Q4-F1,910,sparsa,single_seq,pair_network,,,,,,long,L/2,0.10329670329670329,392941,347,455,teacher-fit
afdb,AF-A0A7T8Z1Q4-F1,910,sparsa,single_seq,pair_network,,,,,,long,L/5,0.13186813186813187,392941,347,182,teacher-fit
afdb,AF-A0A7T8Z1Q4-F1,910,sparsa,single_seq,pair_network,,,,,,long,R,0.1037463976945245,392941,347,347,teacher-fit
afdb,AF-A0A7T8Z1Q4-F1,910,sparsa,single_seq,pair_network,,,,,,long,AUC,0.9851134056861053,392941,347,392941,teacher-fit
afdb,AF-A0A0J7N354-F1,204,sparsa,single_seq,pair_network,,,,,,all,L,0.14215686274509803,19701,95,204,teacher-fit
afdb,AF-A0A0J7N354-F1,204,sparsa,single_seq,pair_network,,,,,,all,L/2,0.1568627450980392,19701,95,102,teacher-fit
afdb,AF-A0A0J7N354-F1,204,sparsa,single_seq,pair_network,,,,,,all,L/5,0.275,19701,95,40,teacher-fit
afdb,AF-A0A0J7N354-F1,204,sparsa,single_seq,pair_network,,,,,,all,R,0.16842105263157894,19701,95,95,teacher-fit
afdb,AF-A0A0J7N354-F1,204,sparsa,single_seq,pair_network,,,,,,all,AUC,0.9253437454699689,19701,95,19701,teacher-fit
afdb,AF-A0A0J7N354-F1,204,sparsa,single_seq,pair_network,,,,,,short,L,0.06862745098039216,1173,22,204,teacher-fit
afdb,AF-A0A0J7N354-F1,204,sparsa,single_seq,pair_network,,,,,,short,L/2,0.11764705882352941,1173,22,102,teacher-fit
afdb,AF-A0A0J7N354-F1,204,sparsa,single_seq,pair_network,,,,,,short,L/5,0.15,1173,22,40,teacher-fit
afdb,AF-A0A0J7N354-F1,204,sparsa,single_seq,pair_network,,,,,,short,R,0.22727272727272727,1173,22,22,teacher-fit
afdb,AF-A0A0J7N354-F1,204,sparsa,single_seq,pair_network,,,,,,short,AUC,0.8634981439064845,1173,22,1173,teacher-fit
afdb,AF-A0A0J7N354-F1,204,sparsa,single_seq,pair_network,,,,,,medium,L,0.06372549019607843,2238,23,204,teacher-fit
afdb,AF-A0A0J7N354-F1,204,sparsa,single_seq,pair_network,,,,,,medium,L/2,0.09803921568627451,2238,23,102,teacher-fit
afdb,AF-A0A0J7N354-F1,204,sparsa,single_seq,pair_network,,,,,,medium,L/5,0.15,2238,23,40,teacher-fit
afdb,AF-A0A0J7N354-F1,204,sparsa,single_seq,pair_network,,,,,,medium,R,0.17391304347826086,2238,23,23,teacher-fit
afdb,AF-A0A0J7N354-F1,204,sparsa,single_seq,pair_network,,,,,,medium,AUC,0.8804593188732948,2238,23,2238,teacher-fit
afdb,AF-A0A0J7N354-F1,204,sparsa,single_seq,pair_network,,,,,,long,L,0.08333333333333333,16290,50,204,teacher-fit
afdb,AF-A0A0J7N354-F1,204,sparsa,single_seq,pair_network,,,,,,long,L/2,0.13725490196078433,16290,50,102,teacher-fit
afdb,AF-A0A0J7N354-F1,204,sparsa,single_seq,pair_network,,,,,,long,L/5,0.175,16290,50,40,teacher-fit
afdb,AF-A0A0J7N354-F1,204,sparsa,single_seq,pair_network,,,,,,long,R,0.16,16290,50,50,teacher-fit
afdb,AF-A0A0J7N354-F1,204,sparsa,single_seq,pair_network,,,,,,long,AUC,0.9375886699507389,16290,50,16290,teacher-fit
afdb,AF-W9C258-F1,233,sparsa,single_seq,pair_network,,,,,,all,L,0.1072961373390558,25878,183,233,teacher-fit
afdb,AF-W9C258-F1,233,sparsa,single_seq,pair_network,,,,,,all,L/2,0.1810344827586207,25878,183,116,teacher-fit
afdb,AF-W9C258-F1,233,sparsa,single_seq,pair_network,,,,,,all,L/5,0.30434782608695654,25878,183,46,teacher-fit
afdb,AF-W9C258-F1,233,sparsa,single_seq,pair_network,,,,,,all,R,0.1366120218579235,25878,183,183,teacher-fit
afdb,AF-W9C258-F1,233,sparsa,single_seq,pair_network,,,,,,all,AUC,0.9006089722118548,25878,183,25878,teacher-fit
afdb,AF-W9C258-F1,233,sparsa,single_seq,pair_network,,,,,,short,L,0.06866952789699571,1347,20,233,teacher-fit
afdb,AF-W9C258-F1,233,sparsa,single_seq,pair_network,,,,,,short,L/2,0.09482758620689655,1347,20,116,teacher-fit
afdb,AF-W9C258-F1,233,sparsa,single_seq,pair_network,,,,,,short,L/5,0.1956521739130435,1347,20,46,teacher-fit
afdb,AF-W9C258-F1,233,sparsa,single_seq,pair_network,,,,,,short,R,0.2,1347,20,20,teacher-fit
afdb,AF-W9C258-F1,233,sparsa,single_seq,pair_network,,,,,,short,AUC,0.9041258477769405,1347,20,1347,teacher-fit
afdb,AF-W9C258-F1,233,sparsa,single_seq,pair_network,,,,,,medium,L,0.06437768240343347,2586,22,233,teacher-fit
afdb,AF-W9C258-F1,233,sparsa,single_seq,pair_network,,,,,,medium,L/2,0.07758620689655173,2586,22,116,teacher-fit
afdb,AF-W9C258-F1,233,sparsa,single_seq,pair_network,,,,,,medium,L/5,0.17391304347826086,2586,22,46,teacher-fit
afdb,AF-W9C258-F1,233,sparsa,single_seq,pair_network,,,,,,medium,R,0.3181818181818182,2586,22,22,teacher-fit
afdb,AF-W9C258-F1,233,sparsa,single_seq,pair_network,,,,,,medium,AUC,0.932376613246348,2586,22,2586,teacher-fit
afdb,AF-W9C258-F1,233,sparsa,single_seq,pair_network,,,,,,long,L,0.06866952789699571,21945,141,233,teacher-fit
afdb,AF-W9C258-F1,233,sparsa,single_seq,pair_network,,,,,,long,L/2,0.0603448275862069,21945,141,116,teacher-fit
afdb,AF-W9C258-F1,233,sparsa,single_seq,pair_network,,,,,,long,L/5,0.15217391304347827,21945,141,46,teacher-fit
afdb,AF-W9C258-F1,233,sparsa,single_seq,pair_network,,,,,,long,R,0.05673758865248227,21945,141,141,teacher-fit
afdb,AF-W9C258-F1,233,sparsa,single_seq,pair_network,,,,,,long,AUC,0.8951163557730965,21945,141,21945,teacher-fit
afdb,AF-P25651-F1,190,sparsa,single_seq,pair_network,,,,,,all,L,0.18421052631578946,17020,93,190,teacher-fit
afdb,AF-P25651-F1,190,sparsa,single_seq,pair_network,,,,,,all,L/2,0.25263157894736843,17020,93,95,teacher-fit
afdb,AF-P25651-F1,190,sparsa,single_seq,pair_network,,,,,,all,L/5,0.3684210526315789,17020,93,38,teacher-fit
afdb,AF-P25651-F1,190,sparsa,single_seq,pair_network,,,,,,all,R,0.25806451612903225,17020,93,93,teacher-fit
afdb,AF-P25651-F1,190,sparsa,single_seq,pair_network,,,,,,all,AUC,0.9550663792846067,17020,93,17020,teacher-fit
afdb,AF-P25651-F1,190,sparsa,single_seq,pair_network,,,,,,short,L,0.10526315789473684,1089,21,190,teacher-fit
afdb,AF-P25651-F1,190,sparsa,single_seq,pair_network,,,,,,short,L/2,0.17894736842105263,1089,21,95,teacher-fit
afdb,AF-P25651-F1,190,sparsa,single_seq,pair_network,,,,,,short,L/5,0.23684210526315788,1089,21,38,teacher-fit
afdb,AF-P25651-F1,190,sparsa,single_seq,pair_network,,,,,,short,R,0.3333333333333333,1089,21,21,teacher-fit
afdb,AF-P25651-F1,190,sparsa,single_seq,pair_network,,,,,,short,AUC,0.9558141608703407,1089,21,1089,teacher-fit
afdb,AF-P25651-F1,190,sparsa,single_seq,pair_network,,,,,,medium,L,0.1368421052631579,2070,31,190,teacher-fit
afdb,AF-P25651-F1,190,sparsa,single_seq,pair_network,,,,,,medium,L/2,0.21052631578947367,2070,31,95,teacher-fit
afdb,AF-P25651-F1,190,sparsa,single_seq,pair_network,,,,,,medium,L/5,0.34210526315789475,2070,31,38,teacher-fit
afdb,AF-P25651-F1,190,sparsa,single_seq,pair_network,,,,,,medium,R,0.2903225806451613,2070,31,31,teacher-fit
afdb,AF-P25651-F1,190,sparsa,single_seq,pair_network,,,,,,medium,AUC,0.960116439114683,2070,31,2070,teacher-fit
afdb,AF-P25651-F1,190,sparsa,single_seq,pair_network,,,,,,long,L,0.05789473684210526,13861,41,190,teacher-fit
afdb,AF-P25651-F1,190,sparsa,single_seq,pair_network,,,,,,long,L/2,0.09473684210526316,13861,41,95,teacher-fit
afdb,AF-P25651-F1,190,sparsa,single_seq,pair_network,,,,,,long,L/5,0.07894736842105263,13861,41,38,teacher-fit
afdb,AF-P25651-F1,190,sparsa,single_seq,pair_network,,,,,,long,R,0.07317073170731707,13861,41,41,teacher-fit
afdb,AF-P25651-F1,190,sparsa,single_seq,pair_network,,,,,,long,AUC,0.9356976456884684,13861,41,13861,teacher-fit
afdb,AF-A0A5E4MBY8-F1,384,sparsa,single_seq,pair_network,,,,,,all,L,0.09895833333333333,71631,223,384,teacher-fit
afdb,AF-A0A5E4MBY8-F1,384,sparsa,single_seq,pair_network,,,,,,all,L/2,0.13020833333333334,71631,223,192,teacher-fit
afdb,AF-A0A5E4MBY8-F1,384,sparsa,single_seq,pair_network,,,,,,all,L/5,0.14473684210526316,71631,223,76,teacher-fit
afdb,AF-A0A5E4MBY8-F1,384,sparsa,single_seq,pair_network,,,,,,all,R,0.1210762331838565,71631,223,223,teacher-fit
afdb,AF-A0A5E4MBY8-F1,384,sparsa,single_seq,pair_network,,,,,,all,AUC,0.9275446081834797,71631,223,71631,teacher-fit
afdb,AF-A0A5E4MBY8-F1,384,sparsa,single_seq,pair_network,,,,,,short,L,0.08072916666666667,2253,40,384,teacher-fit
afdb,AF-A0A5E4MBY8-F1,384,sparsa,single_seq,pair_network,,,,,,short,L/2,0.11458333333333333,2253,40,192,teacher-fit
afdb,AF-A0A5E4MBY8-F1,384,sparsa,single_seq,pair_network,,,,,,short,L/5,0.15789473684210525,2253,40,76,teacher-fit
afdb,AF-A0A5E4MBY8-F1,384,sparsa,single_seq,pair_network,,,,,,short,R,0.2,2253,40,40,teacher-fit
afdb,AF-A0A5E4MBY8-F1,384,sparsa,single_seq,pair_network,,,,,,short,AUC,0.8953061455038409,2253,40,2253,teacher-fit
afdb,AF-A0A5E4MBY8-F1,384,sparsa,single_seq,pair_network,,,,,,medium,L,0.09375,4398,59,384,teacher-fit
afdb,AF-A0A5E4MBY8-F1,384,sparsa,single_seq,pair_network,,,,,,medium,L/2,0.11979166666666667,4398,59,192,teacher-fit
afdb,AF-A0A5E4MBY8-F1,384,sparsa,single_seq,pair_network,,,,,,medium,L/5,0.15789473684210525,4398,59,76,teacher-fit
afdb,AF-A0A5E4MBY8-F1,384,sparsa,single_seq,pair_network,,,,,,medium,R,0.1694915254237288,4398,59,59,teacher-fit
afdb,AF-A0A5E4MBY8-F1,384,sparsa,single_seq,pair_network,,,,,,medium,AUC,0.9051351361908743,4398,59,4398,teacher-fit
afdb,AF-A0A5E4MBY8-F1,384,sparsa,single_seq,pair_network,,,,,,long,L,0.049479166666666664,64980,124,384,teacher-fit
afdb,AF-A0A5E4MBY8-F1,384,sparsa,single_seq,pair_network,,,,,,long,L/2,0.046875,64980,124,192,teacher-fit
afdb,AF-A0A5E4MBY8-F1,384,sparsa,single_seq,pair_network,,,,,,long,L/5,0.039473684210526314,64980,124,76,teacher-fit
afdb,AF-A0A5E4MBY8-F1,384,sparsa,single_seq,pair_network,,,,,,long,R,0.03225806451612903,64980,124,124,teacher-fit
afdb,AF-A0A5E4MBY8-F1,384,sparsa,single_seq,pair_network,,,,,,long,AUC,0.9061098010679739,64980,124,64980,teacher-fit
afdb,AF-A0A7V8KP73-F1,97,sparsa,single_seq,pair_network,,,,,,all,L,0.21649484536082475,4186,55,97,teacher-fit
afdb,AF-A0A7V8KP73-F1,97,sparsa,single_seq,pair_network,,,,,,all,L/2,0.20833333333333334,4186,55,48,teacher-fit
afdb,AF-A0A7V8KP73-F1,97,sparsa,single_seq,pair_network,,,,,,all,L/5,0.3684210526315789,4186,55,19,teacher-fit
afdb,AF-A0A7V8KP73-F1,97,sparsa,single_seq,pair_network,,,,,,all,R,0.2727272727272727,4186,55,55,teacher-fit
afdb,AF-A0A7V8KP73-F1,97,sparsa,single_seq,pair_network,,,,,,all,AUC,0.9601813340375431,4186,55,4186,teacher-fit
afdb,AF-A0A7V8KP73-F1,97,sparsa,single_seq,pair_network,,,,,,short,L,0.17525773195876287,531,18,97,teacher-fit
afdb,AF-A0A7V8KP73-F1,97,sparsa,single_seq,pair_network,,,,,,short,L/2,0.2916666666666667,531,18,48,teacher-fit
afdb,AF-A0A7V8KP73-F1,97,sparsa,single_seq,pair_network,,,,,,short,L/5,0.2631578947368421,531,18,19,teacher-fit
afdb,AF-A0A7V8KP73-F1,97,sparsa,single_seq,pair_network,,,,,,short,R,0.2777777777777778,531,18,18,teacher-fit
afdb,AF-A0A7V8KP73-F1,97,sparsa,single_seq,pair_network,,,,,,short,AUC,0.9457439896036388,531,18,531,teacher-fit
afdb,AF-A0A7V8KP73-F1,97,sparsa,single_seq,pair_network,,,,,,medium,L,0.09278350515463918,954,9,97,teacher-fit
afdb,AF-A0A7V8KP73-F1,97,sparsa,single_seq,pair_network,,,,,,medium,L/2,0.14583333333333334,954,9,48,teacher-fit
afdb,AF-A0A7V8KP73-F1,97,sparsa,single_seq,pair_network,,,,,,medium,L/5,0.15789473684210525,954,9,19,teacher-fit
afdb,AF-A0A7V8KP73-F1,97,sparsa,single_seq,pair_network,,,,,,medium,R,0.0,954,9,9,teacher-fit
afdb,AF-A0A7V8KP73-F1,97,sparsa,single_seq,pair_network,,,,,,medium,AUC,0.973015873015873,954,9,954,teacher-fit
afdb,AF-A0A7V8KP73-F1,97,sparsa,single_seq,pair_network,,,,,,long,L,0.16494845360824742,2701,28,97,teacher-fit
afdb,AF-A0A7V8KP73-F1,97,sparsa,single_seq,pair_network,,,,,,long,L/2,0.25,2701,28,48,teacher-fit
afdb,AF-A0A7V8KP73-F1,97,sparsa,single_seq,pair_network,,,,,,long,L/5,0.2631578947368421,2701,28,19,teacher-fit
afdb,AF-A0A7V8KP73-F1,97,sparsa,single_seq,pair_network,,,,,,long,R,0.2857142857142857,2701,28,28,teacher-fit
afdb,AF-A0A7V8KP73-F1,97,sparsa,single_seq,pair_network,,,,,,long,AUC,0.960350863128641,2701,28,2701,teacher-fit
afdb,AF-A0A824ID02-F1,55,sparsa,single_seq,pair_network,,,,,,all,L,0.38181818181818183,1225,38,55,teacher-fit
afdb,AF-A0A824ID02-F1,55,sparsa,single_seq,pair_network,,,,,,all,L/2,0.5185185185185185,1225,38,27,teacher-fit
afdb,AF-A0A824ID02-F1,55,sparsa,single_seq,pair_network,,,,,,all,L/5,0.7272727272727273,1225,38,11,teacher-fit
afdb,AF-A0A824ID02-F1,55,sparsa,single_seq,pair_network,,,,,,all,R,0.3684210526315789,1225,38,38,teacher-fit
afdb,AF-A0A824ID02-F1,55,sparsa,single_seq,pair_network,,,,,,all,AUC,0.9388218862235622,1225,38,1225,teacher-fit
afdb,AF-A0A824ID02-F1,55,sparsa,single_seq,pair_network,,,,,,short,L,0.09090909090909091,279,6,55,teacher-fit
afdb,AF-A0A824ID02-F1,55,sparsa,single_seq,pair_network,,,,,,short,L/2,0.1111111111111111,279,6,27,teacher-fit
afdb,AF-A0A824ID02-F1,55,sparsa,single_seq,pair_network,,,,,,short,L/5,0.18181818181818182,279,6,11,teacher-fit
afdb,AF-A0A824ID02-F1,55,sparsa,single_seq,pair_network,,,,,,short,R,0.3333333333333333,279,6,6,teacher-fit
afdb,AF-A0A824ID02-F1,55,sparsa,single_seq,pair_network,,,,,,short,AUC,0.9032356532356532,279,6,279,teacher-fit
afdb,AF-A0A824ID02-F1,55,sparsa,single_seq,pair_network,,,,,,medium,L,0.2727272727272727,450,15,55,teacher-fit
afdb,AF-A0A824ID02-F1,55,sparsa,single_seq,pair_network,,,,,,medium,L/2,0.48148148148148145,450,15,27,teacher-fit
afdb,AF-A0A824ID02-F1,55,sparsa,single_seq,pair_network,,,,,,medium,L/5,0.8181818181818182,450,15,11,teacher-fit
afdb,AF-A0A824ID02-F1,55,sparsa,single_seq,pair_network,,,,,,medium,R,0.6666666666666666,450,15,15,teacher-fit
afdb,AF-A0A824ID02-F1,55,sparsa,single_seq,pair_network,,,,,,medium,AUC,0.9877394636015326,450,15,450,teacher-fit
afdb,AF-A0A824ID02-F1,55,sparsa,single_seq,pair_network,,,,,,long,L,0.18181818181818182,496,17,55,teacher-fit
afdb,AF-A0A824ID02-F1,55,sparsa,single_seq,pair_network,,,,,,long,L/2,0.3333333333333333,496,17,27,teacher-fit
afdb,AF-A0A824ID02-F1,55,sparsa,single_seq,pair_network,,,,,,long,L/5,0.18181818181818182,496,17,11,teacher-fit
afdb,AF-A0A824ID02-F1,55,sparsa,single_seq,pair_network,,,,,,long,R,0.29411764705882354,496,17,17,teacher-fit
afdb,AF-A0A824ID02-F1,55,sparsa,single_seq,pair_network,,,,,,long,AUC,0.9093086086209013,496,17,496,teacher-fit
afdb,AF-A0A1G6DHC1-F1,74,sparsa,single_seq,pair_network,,,,,,all,L,0.35135135135135137,2346,55,74,teacher-fit
afdb,AF-A0A1G6DHC1-F1,74,sparsa,single_seq,pair_network,,,,,,all,L/2,0.4864864864864865,2346,55,37,teacher-fit
afdb,AF-A0A1G6DHC1-F1,74,sparsa,single_seq,pair_network,,,,,,all,L/5,0.6428571428571429,2346,55,14,teacher-fit
afdb,AF-A0A1G6DHC1-F1,74,sparsa,single_seq,pair_network,,,,,,all,R,0.36363636363636365,2346,55,55,teacher-fit
afdb,AF-A0A1G6DHC1-F1,74,sparsa,single_seq,pair_network,,,,,,all,AUC,0.9394468473473275,2346,55,2346,teacher-fit
afdb,AF-A0A1G6DHC1-F1,74,sparsa,single_seq,pair_network,,,,,,short,L,0.24324324324324326,393,19,74,teacher-fit
afdb,AF-A0A1G6DHC1-F1,74,sparsa,single_seq,pair_network,,,,,,short,L/2,0.43243243243243246,393,19,37,teacher-fit
afdb,AF-A0A1G6DHC1-F1,74,sparsa,single_seq,pair_network,,,,,,short,L/5,0.6428571428571429,393,19,14,teacher-fit
afdb,AF-A0A1G6DHC1-F1,74,sparsa,single_seq,pair_network,,,,,,short,R,0.5789473684210527,393,19,19,teacher-fit
afdb,AF-A0A1G6DHC1-F1,74,sparsa,single_seq,pair_network,,,,,,short,AUC,0.9616521249648184,393,19,393,teacher-fit
afdb,AF-A0A1G6DHC1-F1,74,sparsa,single_seq,pair_network,,,,,,medium,L,0.17567567567567569,678,17,74,teacher-fit
afdb,AF-A0A1G6DHC1-F1,74,sparsa,single_seq,pair_network,,,,,,medium,L/2,0.24324324324324326,678,17,37,teacher-fit
afdb,AF-A0A1G6DHC1-F1,74,sparsa,single_seq,pair_network,,,,,,medium,L/5,0.35714285714285715,678,17,14,teacher-fit
afdb,AF-A0A1G6DHC1-F1,74,sparsa,single_seq,pair_network,,,,,,medium,R,0.35294117647058826,678,17,17,teacher-fit
afdb,AF-A0A1G6DHC1-F1,74,sparsa,single_seq,pair_network,,,,,,medium,AUC,0.9244015306576489,678,17,678,teacher-fit
afdb,AF-A0A1G6DHC1-F1,74,sparsa,single_seq,pair_network,,,,,,long,L,0.13513513513513514,1275,19,74,teacher-fit
afdb,AF-A0A1G6DHC1-F1,74,sparsa,single_seq,pair_network,,,,,,long,L/2,0.24324324324324326,1275,19,37,teacher-fit
afdb,AF-A0A1G6DHC1-F1,74,sparsa,single_seq,pair_network,,,,,,long,L/5,0.35714285714285715,1275,19,14,teacher-fit
afdb,AF-A0A1G6DHC1-F1,74,sparsa,single_seq,pair_network,,,,,,long,R,0.3157894736842105,1275,19,19,teacher-fit
afdb,AF-A0A1G6DHC1-F1,74,sparsa,single_seq,pair_network,,,,,,long,AUC,0.9286372779081462,1275,19,1275,teacher-fit
afdb,AF-A0A430EC24-F1,396,sparsa,single_seq,pair_network,,,,,,all,L,0.21717171717171718,76245,322,396,teacher-fit
afdb,AF-A0A430EC24-F1,396,sparsa,single_seq,pair_network,,,,,,all,L/2,0.3434343434343434,76245,322,198,teacher-fit
afdb,AF-A0A430EC24-F1,396,sparsa,single_seq,pair_network,,,,,,all,L/5,0.4810126582278481,76245,322,79,teacher-fit
afdb,AF-A0A430EC24-F1,396,sparsa,single_seq,pair_network,,,,,,all,R,0.2453416149068323,76245,322,322,teacher-fit
afdb,AF-A0A430EC24-F1,396,sparsa,single_seq,pair_network,,,,,,all,AUC,0.9221146784626432,76245,322,76245,teacher-fit
afdb,AF-A0A430EC24-F1,396,sparsa,single_seq,pair_network,,,,,,short,L,0.12373737373737374,2325,53,396,teacher-fit
afdb,AF-A0A430EC24-F1,396,sparsa,single_seq,pair_network,,,,,,short,L/2,0.21212121212121213,2325,53,198,teacher-fit
afdb,AF-A0A430EC24-F1,396,sparsa,single_seq,pair_network,,,,,,short,L/5,0.3924050632911392,2325,53,79,teacher-fit
afdb,AF-A0A430EC24-F1,396,sparsa,single_seq,pair_network,,,,,,short,R,0.5094339622641509,2325,53,53,teacher-fit
afdb,AF-A0A430EC24-F1,396,sparsa,single_seq,pair_network,,,,,,short,AUC,0.9521948910443796,2325,53,2325,teacher-fit
afdb,AF-A0A430EC24-F1,396,sparsa,single_seq,pair_network,,,,,,medium,L,0.12121212121212122,4542,62,396,teacher-fit
afdb,AF-A0A430EC24-F1,396,sparsa,single_seq,pair_network,,,,,,medium,L/2,0.1717171717171717,4542,62,198,teacher-fit
afdb,AF-A0A430EC24-F1,396,sparsa,single_seq,pair_network,,,,,,medium,L/5,0.2911392405063291,4542,62,79,teacher-fit
afdb,AF-A0A430EC24-F1,396,sparsa,single_seq,pair_network,,,,,,medium,R,0.3387096774193548,4542,62,62,teacher-fit
afdb,AF-A0A430EC24-F1,396,sparsa,single_seq,pair_network,,,,,,medium,AUC,0.9351652505760368,4542,62,4542,teacher-fit
afdb,AF-A0A430EC24-F1,396,sparsa,single_seq,pair_network,,,,,,long,L,0.10606060606060606,69378,207,396,teacher-fit
afdb,AF-A0A430EC24-F1,396,sparsa,single_seq,pair_network,,,,,,long,L/2,0.15151515151515152,69378,207,198,teacher-fit
afdb,AF-A0A430EC24-F1,396,sparsa,single_seq,pair_network,,,,,,long,L/5,0.22784810126582278,69378,207,79,teacher-fit
afdb,AF-A0A430EC24-F1,396,sparsa,single_seq,pair_network,,,,,,long,R,0.15458937198067632,69378,207,207,teacher-fit
afdb,AF-A0A430EC24-F1,396,sparsa,single_seq,pair_network,,,,,,long,AUC,0.9000976855160532,69378,207,69378,teacher-fit
afdb,AF-J7RG29-F1,922,sparsa,single_seq,pair_network,,,,,,all,L,0.1789587852494577,419986,712,922,teacher-fit
afdb,AF-J7RG29-F1,922,sparsa,single_seq,pair_network,,,,,,all,L/2,0.2386117136659436,419986,712,461,teacher-fit
afdb,AF-J7RG29-F1,922,sparsa,single_seq,pair_network,,,,,,all,L/5,0.3641304347826087,419986,712,184,teacher-fit
afdb,AF-J7RG29-F1,922,sparsa,single_seq,pair_network,,,,,,all,R,0.1952247191011236,419986,712,712,teacher-fit
afdb,AF-J7RG29-F1,922,sparsa,single_seq,pair_network,,,,,,all,AUC,0.9626613252104641,419986,712,419986,teacher-fit
afdb,AF-J7RG29-F1,922,sparsa,single_seq,pair_network,,,,,,short,L,0.0770065075921909,5481,92,922,teacher-fit
afdb,AF-J7RG29-F1,922,sparsa,single_seq,pair_network,,,,,,short,L/2,0.12581344902386118,5481,92,461,teacher-fit
afdb,AF-J7RG29-F1,922,sparsa,single_seq,pair_network,,,,,,short,L/5,0.22282608695652173,5481,92,184,teacher-fit
afdb,AF-J7RG29-F1,922,sparsa,single_seq,pair_network,,,,,,short,R,0.32608695652173914,5481,92,92,teacher-fit
afdb,AF-J7RG29-F1,922,sparsa,single_seq,pair_network,,,,,,short,AUC,0.9177874414064076,5481,92,5481,teacher-fit
afdb,AF-J7RG29-F1,922,sparsa,single_seq,pair_network,,,,,,medium,L,0.07917570498915401,10854,113,922,teacher-fit
afdb,AF-J7RG29-F1,922,sparsa,single_seq,pair_network,,,,,,medium,L/2,0.1019522776572668,10854,113,461,teacher-fit
afdb,AF-J7RG29-F1,922,sparsa,single_seq,pair_network,,,,,,medium,L/5,0.15217391304347827,10854,113,184,teacher-fit
afdb,AF-J7RG29-F1,922,sparsa,single_seq,pair_network,,,,,,medium,R,0.20353982300884957,10854,113,113,teacher-fit
afdb,AF-J7RG29-F1,922,sparsa,single_seq,pair_network,,,,,,medium,AUC,0.9221752230515278,10854,113,10854,teacher-fit
afdb,AF-J7RG29-F1,922,sparsa,single_seq,pair_network,,,,,,long,L,0.1475054229934924,403651,507,922,teacher-fit
afdb,AF-J7RG29-F1,922,sparsa,single_seq,pair_network,,,,,,long,L/2,0.18872017353579176,403651,507,461,teacher-fit
afdb,AF-J7RG29-F1,922,sparsa,single_seq,pair_network,,,,,,long,L/5,0.2717391304347826,403651,507,184,teacher-fit
afdb,AF-J7RG29-F1,922,sparsa,single_seq,pair_network,,,,,,long,R,0.1854043392504931,403651,507,507,teacher-fit
afdb,AF-J7RG29-F1,922,sparsa,single_seq,pair_network,,,,,,long,AUC,0.9573559930387,403651,507,403651,teacher-fit
afdb,AF-J8VT97-F1,127,sparsa,single_seq,pair_network,,,,,,all,L,0.11811023622047244,7381,46,127,teacher-fit
afdb,AF-J8VT97-F1,127,sparsa,single_seq,pair_network,,,,,,all,L/2,0.1746031746031746,7381,46,63,teacher-fit
afdb,AF-J8VT97-F1,127,sparsa,single_seq,pair_network,,,,,,all,L/5,0.24,7381,46,25,teacher-fit
afdb,AF-J8VT97-F1,127,sparsa,single_seq,pair_network,,,,,,all,R,0.1956521739130435,7381,46,46,teacher-fit
afdb,AF-J8VT97-F1,127,sparsa,single_seq,pair_network,,,,,,all,AUC,0.9537209922646039,7381,46,7381,teacher-fit
afdb,AF-J8VT97-F1,127,sparsa,single_seq,pair_network,,,,,,short,L,0.07086614173228346,711,9,127,teacher-fit
afdb,AF-J8VT97-F1,127,sparsa,single_seq,pair_network,,,,,,short,L/2,0.12698412698412698,711,9,63,teacher-fit
afdb,AF-J8VT97-F1,127,sparsa,single_seq,pair_network,,,,,,short,L/5,0.28,711,9,25,teacher-fit
afdb,AF-J8VT97-F1,127,sparsa,single_seq,pair_network,,,,,,short,R,0.5555555555555556,711,9,9,teacher-fit
afdb,AF-J8VT97-F1,127,sparsa,single_seq,pair_network,,,,,,short,AUC,0.9738841405508072,711,9,711,teacher-fit
afdb,AF-J8VT97-F1,127,sparsa,single_seq,pair_network,,,,,,medium,L,0.06299212598425197,1314,8,127,teacher-fit
afdb,AF-J8VT97-F1,127,sparsa,single_seq,pair_network,,,,,,medium,L/2,0.07936507936507936,1314,8,63,teacher-fit
afdb,AF-J8VT97-F1,127,sparsa,single_seq,pair_network,,,,,,medium,L/5,0.12,1314,8,25,teacher-fit
afdb,AF-J8VT97-F1,127,sparsa,single_seq,pair_network,,,,,,medium,R,0.125,1314,8,8,teacher-fit
afdb,AF-J8VT97-F1,127,sparsa,single_seq,pair_network,,,,,,medium,AUC,0.9647779479326186,1314,8,1314,teacher-fit
afdb,AF-J8VT97-F1,127,sparsa,single_seq,pair_network,,,,,,long,L,0.07874015748031496,5356,29,127,teacher-fit
afdb,AF-J8VT97-F1,127,sparsa,single_seq,pair_network,,,,,,long,L/2,0.07936507936507936,5356,29,63,teacher-fit
afdb,AF-J8VT97-F1,127,sparsa,single_seq,pair_network,,,,,,long,L/5,0.08,5356,29,25,teacher-fit
afdb,AF-J8VT97-F1,127,sparsa,single_seq,pair_network,,,,,,long,R,0.10344827586206896,5356,29,29,teacher-fit
afdb,AF-J8VT97-F1,127,sparsa,single_seq,pair_network,,,,,,long,AUC,0.943760802159461,5356,29,5356,teacher-fit
afdb,AF-A0A379C484-F1,240,sparsa,single_seq,pair_network,,,,,,all,L,0.23333333333333334,27495,251,240,teacher-fit
afdb,AF-A0A379C484-F1,240,sparsa,single_seq,pair_network,,,,,,all,L/2,0.2916666666666667,27495,251,120,teacher-fit
afdb,AF-A0A379C484-F1,240,sparsa,single_seq,pair_network,,,,,,all,L/5,0.3541666666666667,27495,251,48,teacher-fit
afdb,AF-A0A379C484-F1,240,sparsa,single_seq,pair_network,,,,,,all,R,0.23107569721115537,27495,251,251,teacher-fit
afdb,AF-A0A379C484-F1,240,sparsa,single_seq,pair_network,,,,,,all,AUC,0.8848202842718101,27495,251,27495,teacher-fit
afdb,AF-A0A379C484-F1,240,sparsa,single_seq,pair_network,,,,,,short,L,0.15416666666666667,1389,41,240,teacher-fit
afdb,AF-A0A379C484-F1,240,sparsa,single_seq,pair_network,,,,,,short,L/2,0.25833333333333336,1389,41,120,teacher-fit
afdb,AF-A0A379C484-F1,240,sparsa,single_seq,pair_network,,,,,,short,L/5,0.3958333333333333,1389,41,48,teacher-fit
afdb,AF-A0A379C484-F1,240,sparsa,single_seq,pair_network,,,,,,short,R,0.3902439024390244,1389,41,41,teacher-fit
afdb,AF-A0A379C484-F1,240,sparsa,single_seq,pair_network,,,,,,short,AUC,0.9402638054570457,1389,41,1389,teacher-fit
afdb,AF-A0A379C484-F1,240,sparsa,single_seq,pair_network,,,,,,medium,L,0.125,2670,46,240,teacher-fit
afdb,AF-A0A379C484-F1,240,sparsa,single_seq,pair_network,,,,,,medium,L/2,0.15833333333333333,2670,46,120,teacher-fit
afdb,AF-A0A379C484-F1,240,sparsa,single_seq,pair_network,,,,,,medium,L/5,0.25,2670,46,48,teacher-fit
afdb,AF-A0A379C484-F1,240,sparsa,single_seq,pair_network,,,,,,medium,R,0.2391304347826087,2670,46,46,teacher-fit
afdb,AF-A0A379C484-F1,240,sparsa,single_seq,pair_network,,,,,,medium,AUC,0.9029485352598091,2670,46,2670,teacher-fit
afdb,AF-A0A379C484-F1,240,sparsa,single_seq,pair_network,,,,,,long,L,0.125,23436,164,240,teacher-fit
afdb,AF-A0A379C484-F1,240,sparsa,single_seq,pair_network,,,,,,long,L/2,0.15833333333333333,23436,164,120,teacher-fit
afdb,AF-A0A379C484-F1,240,sparsa,single_seq,pair_network,,,,,,long,L/5,0.16666666666666666,23436,164,48,teacher-fit
afdb,AF-A0A379C484-F1,240,sparsa,single_seq,pair_network,,,,,,long,R,0.14634146341463414,23436,164,164,teacher-fit
afdb,AF-A0A379C484-F1,240,sparsa,single_seq,pair_network,,,,,,long,AUC,0.85966164196061,23436,164,23436,teacher-fit
afdb,AF-A0A1L8QMQ4-F1,54,sparsa,single_seq,pair_network,,,,,,all,L,0.018518518518518517,1176,19,54,teacher-fit
afdb,AF-A0A1L8QMQ4-F1,54,sparsa,single_seq,pair_network,,,,,,all,L/2,0.0,1176,19,27,teacher-fit
afdb,AF-A0A1L8QMQ4-F1,54,sparsa,single_seq,pair_network,,,,,,all,L/5,0.0,1176,19,10,teacher-fit
afdb,AF-A0A1L8QMQ4-F1,54,sparsa,single_seq,pair_network,,,,,,all,R,0.0,1176,19,19,teacher-fit
afdb,AF-A0A1L8QMQ4-F1,54,sparsa,single_seq,pair_network,,,,,,all,AUC,0.6899194832370468,1176,19,1176,teacher-fit
afdb,AF-A0A1L8QMQ4-F1,54,sparsa,single_seq,pair_network,,,,,,short,L,0.0,273,3,54,teacher-fit
afdb,AF-A0A1L8QMQ4-F1,54,sparsa,single_seq,pair_network,,,,,,short,L/2,0.0,273,3,27,teacher-fit
afdb,AF-A0A1L8QMQ4-F1,54,sparsa,single_seq,pair_network,,,,,,short,L/5,0.0,273,3,10,teacher-fit
afdb,AF-A0A1L8QMQ4-F1,54,sparsa,single_seq,pair_network,,,,,,short,R,0.0,273,3,3,teacher-fit
afdb,AF-A0A1L8QMQ4-F1,54,sparsa,single_seq,pair_network,,,,,,short,AUC,0.7179012345679012,273,3,273,teacher-fit
afdb,AF-A0A1L8QMQ4-F1,54,sparsa,single_seq,pair_network,,,,,,medium,L,0.07407407407407407,438,11,54,teacher-fit
afdb,AF-A0A1L8QMQ4-F1,54,sparsa,single_seq,pair_network,,,,,,medium,L/2,0.1111111111111111,438,11,27,teacher-fit
afdb,AF-A0A1L8QMQ4-F1,54,sparsa,single_seq,pair_network,,,,,,medium,L/5,0.1,438,11,10,teacher-fit
afdb,AF-A0A1L8QMQ4-F1,54,sparsa,single_seq,pair_network,,,,,,medium,R,0.09090909090909091,438,11,11,teacher-fit
afdb,AF-A0A1L8QMQ4-F1,54,sparsa,single_seq,pair_network,,,,,,medium,AUC,0.7017245050031935,438,11,438,teacher-fit
afdb,AF-A0A1L8QMQ4-F1,54,sparsa,single_seq,pair_network,,,,,,long,L,0.0,465,5,54,teacher-fit
afdb,AF-A0A1L8QMQ4-F1,54,sparsa,single_seq,pair_network,,,,,,long,L/2,0.0,465,5,27,teacher-fit
afdb,AF-A0A1L8QMQ4-F1,54,sparsa,single_seq,pair_network,,,,,,long,L/5,0.0,465,5,10,teacher-fit
afdb,AF-A0A1L8QMQ4-F1,54,sparsa,single_seq,pair_network,,,,,,long,R,0.0,465,5,5,teacher-fit
afdb,AF-A0A1L8QMQ4-F1,54,sparsa,single_seq,pair_network,,,,,,long,AUC,0.7384782608695653,465,5,465,teacher-fit
afdb,AF-A0A329AQZ5-F1,170,sparsa,single_seq,pair_network,,,,,,all,L,0.08823529411764706,13530,132,170,teacher-fit
afdb,AF-A0A329AQZ5-F1,170,sparsa,single_seq,pair_network,,,,,,all,L/2,0.12941176470588237,13530,132,85,teacher-fit
afdb,AF-A0A329AQZ5-F1,170,sparsa,single_seq,pair_network,,,,,,all,L/5,0.17647058823529413,13530,132,34,teacher-fit
afdb,AF-A0A329AQZ5-F1,170,sparsa,single_seq,pair_network,,,,,,all,R,0.10606060606060606,13530,132,132,teacher-fit
afdb,AF-A0A329AQZ5-F1,170,sparsa,single_seq,pair_network,,,,,,all,AUC,0.8736731963612842,13530,132,13530,teacher-fit
afdb,AF-A0A329AQZ5-F1,170,sparsa,single_seq,pair_network,,,,,,short,L,0.07647058823529412,969,14,170,teacher-fit
afdb,AF-A0A329AQZ5-F1,170,sparsa,single_seq,pair_network,,,,,,short,L/2,0.12941176470588237,969,14,85,teacher-fit
afdb,AF-A0A329AQZ5-F1,170,sparsa,single_seq,pair_network,,,,,,short,L/5,0.20588235294117646,969,14,34,teacher-fit
afdb,AF-A0A329AQZ5-F1,170,sparsa,single_seq,pair_network,,,,,,short,R,0.35714285714285715,969,14,14,teacher-fit
afdb,AF-A0A329AQZ5-F1,170,sparsa,single_seq,pair_network,,,,,,short,AUC,0.9467838444278235,969,14,969,teacher-fit
afdb,AF-A0A329AQZ5-F1,170,sparsa,single_seq,pair_network,,,,,,medium,L,0.058823529411764705,1830,15,170,teacher-fit
afdb,AF-A0A329AQZ5-F1,170,sparsa,single_seq,pair_network,,,,,,medium,L/2,0.058823529411764705,1830,15,85,teacher-fit
afdb,AF-A0A329AQZ5-F1,170,sparsa,single_seq,pair_network,,,,,,medium,L/5,0.058823529411764705,1830,15,34,teacher-fit
afdb,AF-A0A329AQZ5-F1,170,sparsa,single_seq,pair_network,,,,,,medium,R,0.0,1830,15,15,teacher-fit
afdb,AF-A0A329AQZ5-F1,170,sparsa,single_seq,pair_network,,,,,,medium,AUC,0.9026813590449955,1830,15,1830,teacher-fit
afdb,AF-A0A329AQZ5-F1,170,sparsa,single_seq,pair_network,,,,,,long,L,0.06470588235294118,10731,103,170,teacher-fit
afdb,AF-A0A329AQZ5-F1,170,sparsa,single_seq,pair_network,,,,,,long,L/2,0.047058823529411764,10731,103,85,teacher-fit
afdb,AF-A0A329AQZ5-F1,170,sparsa,single_seq,pair_network,,,,,,long,L/5,0.058823529411764705,10731,103,34,teacher-fit
afdb,AF-A0A329AQZ5-F1,170,sparsa,single_seq,pair_network,,,,,,long,R,0.06796116504854369,10731,103,103,teacher-fit
afdb,AF-A0A329AQZ5-F1,170,sparsa,single_seq,pair_network,,,,,,long,AUC,0.8647353939584391,10731,103,10731,teacher-fit
afdb,AF-A0A1Z5K0E8-F1,346,sparsa,single_seq,pair_network,,,,,,all,L,0.17052023121387283,57970,389,346,teacher-fit
afdb,AF-A0A1Z5K0E8-F1,346,sparsa,single_seq,pair_network,,,,,,all,L/2,0.2023121387283237,57970,389,173,teacher-fit
afdb,AF-A0A1Z5K0E8-F1,346,sparsa,single_seq,pair_network,,,,,,all,L/5,0.30434782608695654,57970,389,69,teacher-fit
afdb,AF-A0A1Z5K0E8-F1,346,sparsa,single_seq,pair_network,,,,,,all,R,0.16709511568123395,57970,389,389,teacher-fit
afdb,AF-A0A1Z5K0E8-F1,346,sparsa,single_seq,pair_network,,,,,,all,AUC,0.8381618133195089,57970,389,57970,teacher-fit
afdb,AF-A0A1Z5K0E8-F1,346,sparsa,single_seq,pair_network,,,,,,short,L,0.0838150289017341,2025,46,346,teacher-fit
afdb,AF-A0A1Z5K0E8-F1,346,sparsa,single_seq,pair_network,,,,,,short,L/2,0.14450867052023122,2025,46,173,teacher-fit
afdb,AF-A0A1Z5K0E8-F1,346,sparsa,single_seq,pair_network,,,,,,short,L/5,0.15942028985507245,2025,46,69,teacher-fit
afdb,AF-A0A1Z5K0E8-F1,346,sparsa,single_seq,pair_network,,,,,,short,R,0.21739130434782608,2025,46,46,teacher-fit
afdb,AF-A0A1Z5K0E8-F1,346,sparsa,single_seq,pair_network,,,,,,short,AUC,0.8497923852626492,2025,46,2025,teacher-fit
afdb,AF-A0A1Z5K0E8-F1,346,sparsa,single_seq,pair_network,,,,,,medium,L,0.06936416184971098,3942,37,346,teacher-fit
afdb,AF-A0A1Z5K0E8-F1,346,sparsa,single_seq,pair_network,,,,,,medium,L/2,0.09826589595375723,3942,37,173,teacher-fit
afdb,AF-A0A1Z5K0E8-F1,346,sparsa,single_seq,pair_network,,,,,,medium,L/5,0.13043478260869565,3942,37,69,teacher-fit
afdb,AF-A0A1Z5K0E8-F1,346,sparsa,single_seq,pair_network,,,,,,medium,R,0.16216216216216217,3942,37,37,teacher-fit
afdb,AF-A0A1Z5K0E8-F1,346,sparsa,single_seq,pair_network,,,,,,medium,AUC,0.8906287849949821,3942,37,3942,teacher-fit
afdb,AF-A0A1Z5K0E8-F1,346,sparsa,single_seq,pair_network,,,,,,long,L,0.11560693641618497,52003,306,346,teacher-fit
afdb,AF-A0A1Z5K0E8-F1,346,sparsa,single_seq,pair_network,,,,,,long,L/2,0.18497109826589594,52003,306,173,teacher-fit
afdb,AF-A0A1Z5K0E8-F1,346,sparsa,single_seq,pair_network,,,,,,long,L/5,0.2898550724637681,52003,306,69,teacher-fit
afdb,AF-A0A1Z5K0E8-F1,346,sparsa,single_seq,pair_network,,,,,,long,R,0.12745098039215685,52003,306,306,teacher-fit
afdb,AF-A0A1Z5K0E8-F1,346,sparsa,single_seq,pair_network,,,,,,long,AUC,0.8240137257809804,52003,306,52003,teacher-fit
afdb,AF-A0A2Y4Y1K5-F1,101,sparsa,single_seq,pair_network,,,,,,all,L,0.04950495049504951,4560,82,101,teacher-fit
afdb,AF-A0A2Y4Y1K5-F1,101,sparsa,single_seq,pair_network,,,,,,all,L/2,0.06,4560,82,50,teacher-fit
afdb,AF-A0A2Y4Y1K5-F1,101,sparsa,single_seq,pair_network,,,,,,all,L/5,0.05,4560,82,20,teacher-fit
afdb,AF-A0A2Y4Y1K5-F1,101,sparsa,single_seq,pair_network,,,,,,all,R,0.06097560975609756,4560,82,82,teacher-fit
afdb,AF-A0A2Y4Y1K5-F1,101,sparsa,single_seq,pair_network,,,,,,all,AUC,0.7626458349219489,4560,82,4560,teacher-fit
afdb,AF-A0A2Y4Y1K5-F1,101,sparsa,single_seq,pair_network,,,,,,short,L,0.0891089108910891,555,15,101,teacher-fit
afdb,AF-A0A2Y4Y1K5-F1,101,sparsa,single_seq,pair_network,,,,,,short,L/2,0.1,555,15,50,teacher-fit
afdb,AF-A0A2Y4Y1K5-F1,101,sparsa,single_seq,pair_network,,,,,,short,L/5,0.15,555,15,20,teacher-fit
afdb,AF-A0A2Y4Y1K5-F1,101,sparsa,single_seq,pair_network,,,,,,short,R,0.06666666666666667,555,15,15,teacher-fit
afdb,AF-A0A2Y4Y1K5-F1,101,sparsa,single_seq,pair_network,,,,,,short,AUC,0.817716049382716,555,15,555,teacher-fit
afdb,AF-A0A2Y4Y1K5-F1,101,sparsa,single_seq,pair_network,,,,,,medium,L,0.019801980198019802,1002,17,101,teacher-fit
afdb,AF-A0A2Y4Y1K5-F1,101,sparsa,single_seq,pair_network,,,,,,medium,L/2,0.0,1002,17,50,teacher-fit
afdb,AF-A0A2Y4Y1K5-F1,101,sparsa,single_seq,pair_network,,,,,,medium,L/5,0.0,1002,17,20,teacher-fit
afdb,AF-A0A2Y4Y1K5-F1,101,sparsa,single_seq,pair_network,,,,,,medium,R,0.0,1002,17,17,teacher-fit
afdb,AF-A0A2Y4Y1K5-F1,101,sparsa,single_seq,pair_network,,,,,,medium,AUC,0.6624066885637503,1002,17,1002,teacher-fit
afdb,AF-A0A2Y4Y1K5-F1,101,sparsa,single_seq,pair_network,,,,,,long,L,0.0594059405940594,3003,50,101,teacher-fit
afdb,AF-A0A2Y4Y1K5-F1,101,sparsa,single_seq,pair_network,,,,,,long,L/2,0.08,3003,50,50,teacher-fit
afdb,AF-A0A2Y4Y1K5-F1,101,sparsa,single_seq,pair_network,,,,,,long,L/5,0.05,3003,50,20,teacher-fit
afdb,AF-A0A2Y4Y1K5-F1,101,sparsa,single_seq,pair_network,,,,,,long,R,0.08,3003,50,50,teacher-fit
afdb,AF-A0A2Y4Y1K5-F1,101,sparsa,single_seq,pair_network,,,,,,long,AUC,0.7815441923467659,3003,50,3003,teacher-fit
afdb,AF-F6HB16-F1,108,sparsa,single_seq,pair_network,,,,,,all,L,0.18518518518518517,5253,95,108,teacher-fit
afdb,AF-F6HB16-F1,108,sparsa,single_seq,pair_network,,,,,,all,L/2,0.14814814814814814,5253,95,54,teacher-fit
afdb,AF-F6HB16-F1,108,sparsa,single_seq,pair_network,,,,,,all,L/5,0.19047619047619047,5253,95,21,teacher-fit
afdb,AF-F6HB16-F1,108,sparsa,single_seq,pair_network,,,,,,all,R,0.17894736842105263,5253,95,95,teacher-fit
afdb,AF-F6HB16-F1,108,sparsa,single_seq,pair_network,,,,,,all,AUC,0.8766361910981408,5253,95,5253,teacher-fit
afdb,AF-F6HB16-F1,108,sparsa,single_seq,pair_network,,,,,,short,L,0.05555555555555555,597,10,108,teacher-fit
afdb,AF-F6HB16-F1,108,sparsa,single_seq,pair_network,,,,,,short,L/2,0.07407407407407407,597,10,54,teacher-fit
afdb,AF-F6HB16-F1,108,sparsa,single_seq,pair_network,,,,,,short,L/5,0.0,597,10,21,teacher-fit
afdb,AF-F6HB16-F1,108,sparsa,single_seq,pair_network,,,,,,short,R,0.0,597,10,10,teacher-fit
afdb,AF-F6HB16-F1,108,sparsa,single_seq,pair_network,,,,,,short,AUC,0.8551107325383305,597,10,597,teacher-fit
afdb,AF-F6HB16-F1,108,sparsa,single_seq,pair_network,,,,,,medium,L,0.07407407407407407,1086,12,108,teacher-fit
afdb,AF-F6HB16-F1,108,sparsa,single_seq,pair_network,,,,,,medium,L/2,0.05555555555555555,1086,12,54,teacher-fit
afdb,AF-F6HB16-F1,108,sparsa,single_seq,pair_network,,,,,,medium,L/5,0.047619047619047616,1086,12,21,teacher-fit
afdb,AF-F6HB16-F1,108,sparsa,single_seq,pair_network,,,,,,medium,R,0.08333333333333333,1086,12,12,teacher-fit
afdb,AF-F6HB16-F1,108,sparsa,single_seq,pair_network,,,,,,medium,AUC,0.8686374922408442,1086,12,1086,teacher-fit
afdb,AF-F6HB16-F1,108,sparsa,single_seq,pair_network,,,,,,long,L,0.2037037037037037,3570,73,108,teacher-fit
afdb,AF-F6HB16-F1,108,sparsa,single_seq,pair_network,,,,,,long,L/2,0.3148148148148148,3570,73,54,teacher-fit
afdb,AF-F6HB16-F1,108,sparsa,single_seq,pair_network,,,,,,long,L/5,0.38095238095238093,3570,73,21,teacher-fit
afdb,AF-F6HB16-F1,108,sparsa,single_seq,pair_network,,,,,,long,R,0.2328767123287671,3570,73,73,teacher-fit
afdb,AF-F6HB16-F1,108,sparsa,single_seq,pair_network,,,,,,long,AUC,0.8869970738127788,3570,73,3570,teacher-fit
afdb,AF-B5H2U8-F1,93,sparsa,single_seq,pair_network,,,,,,all,L,0.45161290322580644,3828,80,93,teacher-fit
afdb,AF-B5H2U8-F1,93,sparsa,single_seq,pair_network,,,,,,all,L/2,0.6086956521739131,3828,80,46,teacher-fit
afdb,AF-B5H2U8-F1,93,sparsa,single_seq,pair_network,,,,,,all,L/5,0.7777777777777778,3828,80,18,teacher-fit
afdb,AF-B5H2U8-F1,93,sparsa,single_seq,pair_network,,,,,,all,R,0.45,3828,80,80,teacher-fit
afdb,AF-B5H2U8-F1,93,sparsa,single_seq,pair_network,,,,,,all,AUC,0.9657000400213447,3828,80,3828,teacher-fit
afdb,AF-B5H2U8-F1,93,sparsa,single_seq,pair_network,,,,,,short,L,0.1827956989247312,507,17,93,teacher-fit
afdb,AF-B5H2U8-F1,93,sparsa,single_seq,pair_network,,,,,,short,L/2,0.3695652173913043,507,17,46,teacher-fit
afdb,AF-B5H2U8-F1,93,sparsa,single_seq,pair_network,,,,,,short,L/5,0.5,507,17,18,teacher-fit
afdb,AF-B5H2U8-F1,93,sparsa,single_seq,pair_network,,,,,,short,R,0.47058823529411764,507,17,17,teacher-fit
afdb,AF-B5H2U8-F1,93,sparsa,single_seq,pair_network,,,,,,short,AUC,0.9756302521008403,507,17,507,teacher-fit
afdb,AF-B5H2U8-F1,93,sparsa,single_seq,pair_network,,,,,,medium,L,0.13978494623655913,906,13,93,teacher-fit
afdb,AF-B5H2U8-F1,93,sparsa,single_seq,pair_network,,,,,,medium,L/2,0.2826086956521739,906,13,46,teacher-fit
afdb,AF-B5H2U8-F1,93,sparsa,single_seq,pair_network,,,,,,medium,L/5,0.3888888888888889,906,13,18,teacher-fit
afdb,AF-B5H2U8-F1,93,sparsa,single_seq,pair_network,,,,,,medium,R,0.46153846153846156,906,13,13,teacher-fit
afdb,AF-B5H2U8-F1,93,sparsa,single_seq,pair_network,,,,,,medium,AUC,0.9900508226376087,906,13,906,teacher-fit
afdb,AF-B5H2U8-F1,93,sparsa,single_seq,pair_network,,,,,,long,L,0.3225806451612903,2415,50,93,teacher-fit
afdb,AF-B5H2U8-F1,93,sparsa,single_seq,pair_network,,,,,,long,L/2,0.43478260869565216,2415,50,46,teacher-fit
afdb,AF-B5H2U8-F1,93,sparsa,single_seq,pair_network,,,,,,long,L/5,0.7777777777777778,2415,50,18,teacher-fit
afdb,AF-B5H2U8-F1,93,sparsa,single_seq,pair_network,,,,,,long,R,0.44,2415,50,50,teacher-fit
afdb,AF-B5H2U8-F1,93,sparsa,single_seq,pair_network,,,,,,long,AUC,0.9554672304439746,2415,50,2415,teacher-fit
afdb,AF-A0A2H6GMZ2-F1,293,sparsa,single_seq,pair_network,,,,,,all,L,0.24573378839590443,41328,293,293,teacher-fit
afdb,AF-A0A2H6GMZ2-F1,293,sparsa,single_seq,pair_network,,,,,,all,L/2,0.3013698630136986,41328,293,146,teacher-fit
afdb,AF-A0A2H6GMZ2-F1,293,sparsa,single_seq,pair_network,,,,,,all,L/5,0.46551724137931033,41328,293,58,teacher-fit
afdb,AF-A0A2H6GMZ2-F1,293,sparsa,single_seq,pair_network,,,,,,all,R,0.24573378839590443,41328,293,293,teacher-fit
afdb,AF-A0A2H6GMZ2-F1,293,sparsa,single_seq,pair_network,,,,,,all,AUC,0.9305959575838657,41328,293,41328,teacher-fit
afdb,AF-A0A2H6GMZ2-F1,293,sparsa,single_seq,pair_network,,,,,,short,L,0.09215017064846416,1707,32,293,teacher-fit
afdb,AF-A0A2H6GMZ2-F1,293,sparsa,single_seq,pair_network,,,,,,short,L/2,0.1506849315068493,1707,32,146,teacher-fit
afdb,AF-A0A2H6GMZ2-F1,293,sparsa,single_seq,pair_network,,,,,,short,L/5,0.27586206896551724,1707,32,58,teacher-fit
afdb,AF-A0A2H6GMZ2-F1,293,sparsa,single_seq,pair_network,,,,,,short,R,0.25,1707,32,32,teacher-fit
afdb,AF-A0A2H6GMZ2-F1,293,sparsa,single_seq,pair_network,,,,,,short,AUC,0.9272574626865672,1707,32,1707,teacher-fit
afdb,AF-A0A2H6GMZ2-F1,293,sparsa,single_seq,pair_network,,,,,,medium,L,0.06825938566552901,3306,30,293,teacher-fit
afdb,AF-A0A2H6GMZ2-F1,293,sparsa,single_seq,pair_network,,,,,,medium,L/2,0.1095890410958904,3306,30,146,teacher-fit
afdb,AF-A0A2H6GMZ2-F1,293,sparsa,single_seq,pair_network,,,,,,medium,L/5,0.13793103448275862,3306,30,58,teacher-fit
afdb,AF-A0A2H6GMZ2-F1,293,sparsa,single_seq,pair_network,,,,,,medium,R,0.2,3306,30,30,teacher-fit
afdb,AF-A0A2H6GMZ2-F1,293,sparsa,single_seq,pair_network,,,,,,medium,AUC,0.922420634920635,3306,30,3306,teacher-fit
afdb,AF-A0A2H6GMZ2-F1,293,sparsa,single_seq,pair_network,,,,,,long,L,0.20136518771331058,36315,231,293,teacher-fit
afdb,AF-A0A2H6GMZ2-F1,293,sparsa,single_seq,pair_network,,,,,,long,L/2,0.3013698630136986,36315,231,146,teacher-fit
afdb,AF-A0A2H6GMZ2-F1,293,sparsa,single_seq,pair_network,,,,,,long,L/5,0.39655172413793105,36315,231,58,teacher-fit
afdb,AF-A0A2H6GMZ2-F1,293,sparsa,single_seq,pair_network,,,,,,long,R,0.23376623376623376,36315,231,231,teacher-fit
afdb,AF-A0A2H6GMZ2-F1,293,sparsa,single_seq,pair_network,,,,,,long,AUC,0.9296034121441504,36315,231,36315,teacher-fit
afdb,AF-A0A5J4XZD4-F1,223,sparsa,single_seq,pair_network,,,,,,all,L,0.16591928251121077,23653,40,223,teacher-fit
afdb,AF-A0A5J4XZD4-F1,223,sparsa,single_seq,pair_network,,,,,,all,L/2,0.3153153153153153,23653,40,111,teacher-fit
afdb,AF-A0A5J4XZD4-F1,223,sparsa,single_seq,pair_network,,,,,,all,L/5,0.7045454545454546,23653,40,44,teacher-fit
afdb,AF-A0A5J4XZD4-F1,223,sparsa,single_seq,pair_network,,,,,,all,R,0.75,23653,40,40,teacher-fit
afdb,AF-A0A5J4XZD4-F1,223,sparsa,single_seq,pair_network,,,,,,all,AUC,0.998113856773811,23653,40,23653,teacher-fit
afdb,AF-A0A5J4XZD4-F1,223,sparsa,single_seq,pair_network,,,,,,short,L,0.04035874439461883,1287,10,223,teacher-fit
afdb,AF-A0A5J4XZD4-F1,223,sparsa,single_seq,pair_network,,,,,,short,L/2,0.08108108108108109,1287,10,111,teacher-fit
afdb,AF-A0A5J4XZD4-F1,223,sparsa,single_seq,pair_network,,,,,,short,L/5,0.1590909090909091,1287,10,44,teacher-fit
afdb,AF-A0A5J4XZD4-F1,223,sparsa,single_seq,pair_network,,,,,,short,R,0.5,1287,10,10,teacher-fit
afdb,AF-A0A5J4XZD4-F1,223,sparsa,single_seq,pair_network,,,,,,short,AUC,0.9671887235708693,1287,10,1287,teacher-fit
afdb,AF-A0A5J4XZD4-F1,223,sparsa,single_seq,pair_network,,,,,,medium,L,0.03139013452914798,2466,7,223,teacher-fit
afdb,AF-A0A5J4XZD4-F1,223,sparsa,single_seq,pair_network,,,,,,medium,L/2,0.06306306306306306,2466,7,111,teacher-fit
afdb,AF-A0A5J4XZD4-F1,223,sparsa,single_seq,pair_network,,,,,,medium,L/5,0.1590909090909091,2466,7,44,teacher-fit
afdb,AF-A0A5J4XZD4-F1,223,sparsa,single_seq,pair_network,,,,,,medium,R,0.5714285714285714,2466,7,7,teacher-fit
afdb,AF-A0A5J4XZD4-F1,223,sparsa,single_seq,pair_network,,,,,,medium,AUC,0.9966885493522337,2466,7,2466,teacher-fit
afdb,AF-A0A5J4XZD4-F1,223,sparsa,single_seq,pair_network,,,,,,long,L,0.1031390134529148,19900,23,223,teacher-fit
afdb,AF-A0A5J4XZD4-F1,223,sparsa,single_seq,pair_network,,,,,,long,L/2,0.2072072072072072,19900,23,111,teacher-fit
afdb,AF-A0A5J4XZD4-F1,223,sparsa,single_seq,pair_network,,,,,,long,L/5,0.5227272727272727,19900,23,44,teacher-fit
afdb,AF-A0A5J4XZD4-F1,223,sparsa,single_seq,pair_network,,,,,,long,R,0.9130434782608695,19900,23,23,teacher-fit
afdb,AF-A0A5J4XZD4-F1,223,sparsa,single_seq,pair_network,,,,,,long,AUC,0.99993219167445,19900,23,19900,teacher-fit
afdb,AF-A0A2V9X5N7-F1,358,sparsa,single_seq,pair_network,,,,,,all,L,0.2206703910614525,62128,308,358,teacher-fit
afdb,AF-A0A2V9X5N7-F1,358,sparsa,single_seq,pair_network,,,,,,all,L/2,0.25139664804469275,62128,308,179,teacher-fit
afdb,AF-A0A2V9X5N7-F1,358,sparsa,single_seq,pair_network,,,,,,all,L/5,0.36619718309859156,62128,308,71,teacher-fit
afdb,AF-A0A2V9X5N7-F1,358,sparsa,single_seq,pair_network,,,,,,all,R,0.22077922077922077,62128,308,308,teacher-fit
afdb,AF-A0A2V9X5N7-F1,358,sparsa,single_seq,pair_network,,,,,,all,AUC,0.9184085184469364,62128,308,62128,teacher-fit
afdb,AF-A0A2V9X5N7-F1,358,sparsa,single_seq,pair_network,,,,,,short,L,0.12290502793296089,2097,51,358,teacher-fit
afdb,AF-A0A2V9X5N7-F1,358,sparsa,single_seq,pair_network,,,,,,short,L/2,0.21787709497206703,2097,51,179,teacher-fit
afdb,AF-A0A2V9X5N7-F1,358,sparsa,single_seq,pair_network,,,,,,short,L/5,0.38028169014084506,2097,51,71,teacher-fit
afdb,AF-A0A2V9X5N7-F1,358,sparsa,single_seq,pair_network,,,,,,short,R,0.47058823529411764,2097,51,51,teacher-fit
afdb,AF-A0A2V9X5N7-F1,358,sparsa,single_seq,pair_network,,,,,,short,AUC,0.9316888045540797,2097,51,2097,teacher-fit
afdb,AF-A0A2V9X5N7-F1,358,sparsa,single_seq,pair_network,,,,,,medium,L,0.07541899441340782,4086,49,358,teacher-fit
afdb,AF-A0A2V9X5N7-F1,358,sparsa,single_seq,pair_network,,,,,,medium,L/2,0.09497206703910614,4086,49,179,teacher-fit
afdb,AF-A0A2V9X5N7-F1,358,sparsa,single_seq,pair_network,,,,,,medium,L/5,0.1267605633802817,4086,49,71,teacher-fit
afdb,AF-A0A2V9X5N7-F1,358,sparsa,single_seq,pair_network,,,,,,medium,R,0.12244897959183673,4086,49,49,teacher-fit
afdb,AF-A0A2V9X5N7-F1,358,sparsa,single_seq,pair_network,,,,,,medium,AUC,0.8986770333597893,4086,49,4086,teacher-fit
afdb,AF-A0A2V9X5N7-F1,358,sparsa,single_seq,pair_network,,,,,,long,L,0.13966480446927373,55945,208,358,teacher-fit
afdb,AF-A0A2V9X5N7-F1,358,sparsa,single_seq,pair_network,,,,,,long,L/2,0.1787709497206704,55945,208,179,teacher-fit
afdb,AF-A0A2V9X5N7-F1,358,sparsa,single_seq,pair_network,,,,,,long,L/5,0.19718309859154928,55945,208,71,teacher-fit
afdb,AF-A0A2V9X5N7-F1,358,sparsa,single_seq,pair_network,,,,,,long,R,0.15865384615384615,55945,208,208,teacher-fit
afdb,AF-A0A2V9X5N7-F1,358,sparsa,single_seq,pair_network,,,,,,long,AUC,0.9060588550486419,55945,208,55945,teacher-fit
afdb,AF-A0A484ZUG5-F1,349,sparsa,single_seq,pair_network,,,,,,all,L,0.10315186246418338,58996,277,349,teacher-fit
afdb,AF-A0A484ZUG5-F1,349,sparsa,single_seq,pair_network,,,,,,all,L/2,0.16091954022988506,58996,277,174,teacher-fit
afdb,AF-A0A484ZUG5-F1,349,sparsa,single_seq,pair_network,,,,,,all,L/5,0.2463768115942029,58996,277,69,teacher-fit
afdb,AF-A0A484ZUG5-F1,349,sparsa,single_seq,pair_network,,,,,,all,R,0.10830324909747292,58996,277,277,teacher-fit
afdb,AF-A0A484ZUG5-F1,349,sparsa,single_seq,pair_network,,,,,,all,AUC,0.8689138252103592,58996,277,58996,teacher-fit
afdb,AF-A0A484ZUG5-F1,349,sparsa,single_seq,pair_network,,,,,,short,L,0.045845272206303724,2043,27,349,teacher-fit
afdb,AF-A0A484ZUG5-F1,349,sparsa,single_seq,pair_network,,,,,,short,L/2,0.04597701149425287,2043,27,174,teacher-fit
afdb,AF-A0A484ZUG5-F1,349,sparsa,single_seq,pair_network,,,,,,short,L/5,0.08695652173913043,2043,27,69,teacher-fit
afdb,AF-A0A484ZUG5-F1,349,sparsa,single_seq,pair_network,,,,,,short,R,0.18518518518518517,2043,27,27,teacher-fit
afdb,AF-A0A484ZUG5-F1,349,sparsa,single_seq,pair_network,,,,,,short,AUC,0.8285475455614345,2043,27,2043,teacher-fit
afdb,AF-A0A484ZUG5-F1,349,sparsa,single_seq,pair_network,,,,,,medium,L,0.045845272206303724,3978,35,349,teacher-fit
afdb,AF-A0A484ZUG5-F1,349,sparsa,single_seq,pair_network,,,,,,medium,L/2,0.06896551724137931,3978,35,174,teacher-fit
afdb,AF-A0A484ZUG5-F1,349,sparsa,single_seq,pair_network,,,,,,medium,L/5,0.11594202898550725,3978,35,69,teacher-fit
afdb,AF-A0A484ZUG5-F1,349,sparsa,single_seq,pair_network,,,,,,medium,R,0.14285714285714285,3978,35,35,teacher-fit
afdb,AF-A0A484ZUG5-F1,349,sparsa,single_seq,pair_network,,,,,,medium,AUC,0.8570450346001955,3978,35,3978,teacher-fit
afdb,AF-A0A484ZUG5-F1,349,sparsa,single_seq,pair_network,,,,,,long,L,0.10028653295128939,52975,215,349,teacher-fit
afdb,AF-A0A484ZUG5-F1,349,sparsa,single_seq,pair_network,,,,,,long,L/2,0.13793103448275862,52975,215,174,teacher-fit
afdb,AF-A0A484ZUG5-F1,349,sparsa,single_seq,pair_network,,,,,,long,L/5,0.2318840579710145,52975,215,69,teacher-fit
afdb,AF-A0A484ZUG5-F1,349,sparsa,single_seq,pair_network,,,,,,long,R,0.12558139534883722,52975,215,215,teacher-fit
afdb,AF-A0A484ZUG5-F1,349,sparsa,single_seq,pair_network,,,,,,long,AUC,0.8632528166158294,52975,215,52975,teacher-fit
afdb,AF-A0A2R6RS54-F1,118,sparsa,single_seq,pair_network,,,,,,all,L,0.05084745762711865,6328,41,118,teacher-fit
afdb,AF-A0A2R6RS54-F1,118,sparsa,single_seq,pair_network,,,,,,all,L/2,0.1016949152542373,6328,41,59,teacher-fit
afdb,AF-A0A2R6RS54-F1,118,sparsa,single_seq,pair_network,,,,,,all,L/5,0.17391304347826086,6328,41,23,teacher-fit
afdb,AF-A0A2R6RS54-F1,118,sparsa,single_seq,pair_network,,,,,,all,R,0.0975609756097561,6328,41,41,teacher-fit
afdb,AF-A0A2R6RS54-F1,118,sparsa,single_seq,pair_network,,,,,,all,AUC,0.8196355623489431,6328,41,6328,teacher-fit
afdb,AF-A0A2R6RS54-F1,118,sparsa,single_seq,pair_network,,,,,,short,L,0.06779661016949153,657,16,118,teacher-fit
afdb,AF-A0A2R6RS54-F1,118,sparsa,single_seq,pair_network,,,,,,short,L/2,0.0847457627118644,657,16,59,teacher-fit
afdb,AF-A0A2R6RS54-F1,118,sparsa,single_seq,pair_network,,,,,,short,L/5,0.21739130434782608,657,16,23,teacher-fit
afdb,AF-A0A2R6RS54-F1,118,sparsa,single_seq,pair_network,,,,,,short,R,0.25,657,16,16,teacher-fit
afdb,AF-A0A2R6RS54-F1,118,sparsa,single_seq,pair_network,,,,,,short,AUC,0.828393135725429,657,16,657,teacher-fit
afdb,AF-A0A2R6RS54-F1,118,sparsa,single_seq,pair_network,,,,,,medium,L,0.025423728813559324,1206,10,118,teacher-fit
afdb,AF-A0A2R6RS54-F1,118,sparsa,single_seq,pair_network,,,,,,medium,L/2,0.01694915254237288,1206,10,59,teacher-fit
afdb,AF-A0A2R6RS54-F1,118,sparsa,single_seq,pair_network,,,,,,medium,L/5,0.043478260869565216,1206,10,23,teacher-fit
afdb,AF-A0A2R6RS54-F1,118,sparsa,single_seq,pair_network,,,,,,medium,R,0.0,1206,10,10,teacher-fit
afdb,AF-A0A2R6RS54-F1,118,sparsa,single_seq,pair_network,,,,,,medium,AUC,0.8060618729096991,1206,10,1206,teacher-fit
afdb,AF-A0A2R6RS54-F1,118,sparsa,single_seq,pair_network,,,,,,long,L,0.00847457627118644,4465,15,118,teacher-fit
afdb,AF-A0A2R6RS54-F1,118,sparsa,single_seq,pair_network,,,,,,long,L/2,0.0,4465,15,59,teacher-fit
afdb,AF-A0A2R6RS54-F1,118,sparsa,single_seq,pair_network,,,,,,long,L/5,0.0,4465,15,23,teacher-fit
afdb,AF-A0A2R6RS54-F1,118,sparsa,single_seq,pair_network,,,,,,long,R,0.0,4465,15,15,teacher-fit
afdb,AF-A0A2R6RS54-F1,118,sparsa,single_seq,pair_network,,,,,,long,AUC,0.7679700374531835,4465,15,4465,teacher-fit
afdb,AF-A0A818RZR9-F1,183,sparsa,single_seq,pair_network,,,,,,all,L,0.5136612021857924,15753,144,183,teacher-fit
afdb,AF-A0A818RZR9-F1,183,sparsa,single_seq,pair_network,,,,,,all,L/2,0.7252747252747253,15753,144,91,teacher-fit
afdb,AF-A0A818RZR9-F1,183,sparsa,single_seq,pair_network,,,,,,all,L/5,0.7777777777777778,15753,144,36,teacher-fit
afdb,AF-A0A818RZR9-F1,183,sparsa,single_seq,pair_network,,,,,,all,R,0.6111111111111112,15753,144,144,teacher-fit
afdb,AF-A0A818RZR9-F1,183,sparsa,single_seq,pair_network,,,,,,all,AUC,0.9569930720168563,15753,144,15753,teacher-fit
afdb,AF-A0A818RZR9-F1,183,sparsa,single_seq,pair_network,,,,,,short,L,0.21311475409836064,1047,39,183,teacher-fit
afdb,AF-A0A818RZR9-F1,183,sparsa,single_seq,pair_network,,,,,,short,L/2,0.38461538461538464,1047,39,91,teacher-fit
afdb,AF-A0A818RZR9-F1,183,sparsa,single_seq,pair_network,,,,,,short,L/5,0.6111111111111112,1047,39,36,teacher-fit
afdb,AF-A0A818RZR9-F1,183,sparsa,single_seq,pair_network,,,,,,short,R,0.5897435897435898,1047,39,39,teacher-fit
afdb,AF-A0A818RZR9-F1,183,sparsa,single_seq,pair_network,,,,,,short,AUC,0.9806038868538869,1047,39,1047,teacher-fit
afdb,AF-A0A818RZR9-F1,183,sparsa,single_seq,pair_network,,,,,,medium,L,0.34972677595628415,1986,66,183,teacher-fit
afdb,AF-A0A818RZR9-F1,183,sparsa,single_seq,pair_network,,,,,,medium,L/2,0.6153846153846154,1986,66,91,teacher-fit
afdb,AF-A0A818RZR9-F1,183,sparsa,single_seq,pair_network,,,,,,medium,L/5,0.7222222222222222,1986,66,36,teacher-fit
afdb,AF-A0A818RZR9-F1,183,sparsa,single_seq,pair_network,,,,,,medium,R,0.696969696969697,1986,66,66,teacher-fit
afdb,AF-A0A818RZR9-F1,183,sparsa,single_seq,pair_network,,,,,,medium,AUC,0.9886955492424243,1986,66,1986,teacher-fit
afdb,AF-A0A818RZR9-F1,183,sparsa,single_seq,pair_network,,,,,,long,L,0.07650273224043716,12720,39,183,teacher-fit
afdb,AF-A0A818RZR9-F1,183,sparsa,single_seq,pair_network,,,,,,long,L/2,0.13186813186813187,12720,39,91,teacher-fit
afdb,AF-A0A818RZR9-F1,183,sparsa,single_seq,pair_network,,,,,,long,L/5,0.2222222222222222,12720,39,36,teacher-fit
afdb,AF-A0A818RZR9-F1,183,sparsa,single_seq,pair_network,,,,,,long,R,0.23076923076923078,12720,39,39,teacher-fit
afdb,AF-A0A818RZR9-F1,183,sparsa,single_seq,pair_network,,,,,,long,AUC,0.8674061133252049,12720,39,12720,teacher-fit
afdb,AF-A0A5J5W1L0-F1,212,sparsa,single_seq,pair_network,,,,,,all,L,0.1509433962264151,21321,129,212,teacher-fit
afdb,AF-A0A5J5W1L0-F1,212,sparsa,single_seq,pair_network,,,,,,all,L/2,0.18867924528301888,21321,129,106,teacher-fit
afdb,AF-A0A5J5W1L0-F1,212,sparsa,single_seq,pair_network,,,,,,all,L/5,0.38095238095238093,21321,129,42,teacher-fit
afdb,AF-A0A5J5W1L0-F1,212,sparsa,single_seq,pair_network,,,,,,all,R,0.17829457364341086,21321,129,129,teacher-fit
afdb,AF-A0A5J5W1L0-F1,212,sparsa,single_seq,pair_network,,,,,,all,AUC,0.9115261426719459,21321,129,21321,teacher-fit
afdb,AF-A0A5J5W1L0-F1,212,sparsa,single_seq,pair_network,,,,,,short,L,0.08490566037735849,1221,19,212,teacher-fit
afdb,AF-A0A5J5W1L0-F1,212,sparsa,single_seq,pair_network,,,,,,short,L/2,0.1320754716981132,1221,19,106,teacher-fit
afdb,AF-A0A5J5W1L0-F1,212,sparsa,single_seq,pair_network,,,,,,short,L/5,0.2857142857142857,1221,19,42,teacher-fit
afdb,AF-A0A5J5W1L0-F1,212,sparsa,single_seq,pair_network,,,,,,short,R,0.5263157894736842,1221,19,19,teacher-fit
afdb,AF-A0A5J5W1L0-F1,212,sparsa,single_seq,pair_network,,,,,,short,AUC,0.9574612487958665,1221,19,1221,teacher-fit
afdb,AF-A0A5J5W1L0-F1,212,sparsa,single_seq,pair_network,,,,,,medium,L,0.07075471698113207,2334,24,212,teacher-fit
afdb,AF-A0A5J5W1L0-F1,212,sparsa,single_seq,pair_network,,,,,,medium,L/2,0.09433962264150944,2334,24,106,teacher-fit
afdb,AF-A0A5J5W1L0-F1,212,sparsa,single_seq,pair_network,,,,,,medium,L/5,0.19047619047619047,2334,24,42,teacher-fit
afdb,AF-A0A5J5W1L0-F1,212,sparsa,single_seq,pair_network,,,,,,medium,R,0.25,2334,24,24,teacher-fit
afdb,AF-A0A5J5W1L0-F1,212,sparsa,single_seq,pair_network,,,,,,medium,AUC,0.9134469696969697,2334,24,2334,teacher-fit
afdb,AF-A0A5J5W1L0-F1,212,sparsa,single_seq,pair_network,,,,,,long,L,0.08962264150943396,17766,86,212,teacher-fit
afdb,AF-A0A5J5W1L0-F1,212,sparsa,single_seq,pair_network,,,,,,long,L/2,0.11320754716981132,17766,86,106,teacher-fit
afdb,AF-A0A5J5W1L0-F1,212,sparsa,single_seq,pair_network,,,,,,long,L/5,0.07142857142857142,17766,86,42,teacher-fit
afdb,AF-A0A5J5W1L0-F1,212,sparsa,single_seq,pair_network,,,,,,long,R,0.11627906976744186,17766,86,86,teacher-fit
afdb,AF-A0A5J5W1L0-F1,212,sparsa,single_seq,pair_network,,,,,,long,AUC,0.8977201278543617,17766,86,17766,teacher-fit
afdb,AF-A0A561PQB6-F1,413,sparsa,single_seq,pair_network,,,,,,all,L,0.3389830508474576,83028,402,413,teacher-fit
afdb,AF-A0A561PQB6-F1,413,sparsa,single_seq,pair_network,,,,,,all,L/2,0.46601941747572817,83028,402,206,teacher-fit
afdb,AF-A0A561PQB6-F1,413,sparsa,single_seq,pair_network,,,,,,all,L/5,0.6585365853658537,83028,402,82,teacher-fit
afdb,AF-A0A561PQB6-F1,413,sparsa,single_seq,pair_network,,,,,,all,R,0.3407960199004975,83028,402,402,teacher-fit
afdb,AF-A0A561PQB6-F1,413,sparsa,single_seq,pair_network,,,,,,all,AUC,0.9479210584214935,83028,402,83028,teacher-fit
afdb,AF-A0A561PQB6-F1,413,sparsa,single_seq,pair_network,,,,,,short,L,0.11138014527845036,2427,52,413,teacher-fit
afdb,AF-A0A561PQB6-F1,413,sparsa,single_seq,pair_network,,,,,,short,L/2,0.1796116504854369,2427,52,206,teacher-fit
afdb,AF-A0A561PQB6-F1,413,sparsa,single_seq,pair_network,,,,,,short,L/5,0.3170731707317073,2427,52,82,teacher-fit
afdb,AF-A0A561PQB6-F1,413,sparsa,single_seq,pair_network,,,,,,short,R,0.46153846153846156,2427,52,52,teacher-fit
afdb,AF-A0A561PQB6-F1,413,sparsa,single_seq,pair_network,,,,,,short,AUC,0.9445627530364372,2427,52,2427,teacher-fit
afdb,AF-A0A561PQB6-F1,413,sparsa,single_seq,pair_network,,,,,,medium,L,0.1016949152542373,4746,61,413,teacher-fit
afdb,AF-A0A561PQB6-F1,413,sparsa,single_seq,pair_network,,,,,,medium,L/2,0.16990291262135923,4746,61,206,teacher-fit
afdb,AF-A0A561PQB6-F1,413,sparsa,single_seq,pair_network,,,,,,medium,L/5,0.35365853658536583,4746,61,82,teacher-fit
afdb,AF-A0A561PQB6-F1,413,sparsa,single_seq,pair_network,,,,,,medium,R,0.3442622950819672,4746,61,61,teacher-fit
afdb,AF-A0A561PQB6-F1,413,sparsa,single_seq,pair_network,,,,,,medium,AUC,0.9153402032996834,4746,61,4746,teacher-fit
afdb,AF-A0A561PQB6-F1,413,sparsa,single_seq,pair_network,,,,,,long,L,0.22518159806295399,75855,289,413,teacher-fit
afdb,AF-A0A561PQB6-F1,413,sparsa,single_seq,pair_network,,,,,,long,L/2,0.3592233009708738,75855,289,206,teacher-fit
afdb,AF-A0A561PQB6-F1,413,sparsa,single_seq,pair_network,,,,,,long,L/5,0.5853658536585366,75855,289,82,teacher-fit
afdb,AF-A0A561PQB6-F1,413,sparsa,single_seq,pair_network,,,,,,long,R,0.2906574394463668,75855,289,289,teacher-fit
afdb,AF-A0A561PQB6-F1,413,sparsa,single_seq,pair_network,,,,,,long,AUC,0.9460156601800098,75855,289,75855,teacher-fit
afdb,AF-A0A563UIJ4-F1,124,sparsa,single_seq,pair_network,,,,,,all,L,0.28225806451612906,7021,102,124,teacher-fit
afdb,AF-A0A563UIJ4-F1,124,sparsa,single_seq,pair_network,,,,,,all,L/2,0.41935483870967744,7021,102,62,teacher-fit
afdb,AF-A0A563UIJ4-F1,124,sparsa,single_seq,pair_network,,,,,,all,L/5,0.7083333333333334,7021,102,24,teacher-fit
afdb,AF-A0A563UIJ4-F1,124,sparsa,single_seq,pair_network,,,,,,all,R,0.30392156862745096,7021,102,102,teacher-fit
afdb,AF-A0A563UIJ4-F1,124,sparsa,single_seq,pair_network,,,,,,all,AUC,0.877099575196461,7021,102,7021,teacher-fit
afdb,AF-A0A563UIJ4-F1,124,sparsa,single_seq,pair_network,,,,,,short,L,0.18548387096774194,693,25,124,teacher-fit
afdb,AF-A0A563UIJ4-F1,124,sparsa,single_seq,pair_network,,,,,,short,L/2,0.3064516129032258,693,25,62,teacher-fit
afdb,AF-A0A563UIJ4-F1,124,sparsa,single_seq,pair_network,,,,,,short,L/5,0.5,693,25,24,teacher-fit
afdb,AF-A0A563UIJ4-F1,124,sparsa,single_seq,pair_network,,,,,,short,R,0.48,693,25,25,teacher-fit
afdb,AF-A0A563UIJ4-F1,124,sparsa,single_seq,pair_network,,,,,,short,AUC,0.9551796407185629,693,25,693,teacher-fit
afdb,AF-A0A563UIJ4-F1,124,sparsa,single_seq,pair_network,,,,,,medium,L,0.14516129032258066,1278,30,124,teacher-fit
afdb,AF-A0A563UIJ4-F1,124,sparsa,single_seq,pair_network,,,,,,medium,L/2,0.25806451612903225,1278,30,62,teacher-fit
afdb,AF-A0A563UIJ4-F1,124,sparsa,single_seq,pair_network,,,,,,medium,L/5,0.4583333333333333,1278,30,24,teacher-fit
afdb,AF-A0A563UIJ4-F1,124,sparsa,single_seq,pair_network,,,,,,medium,R,0.4,1278,30,30,teacher-fit
afdb,AF-A0A563UIJ4-F1,124,sparsa,single_seq,pair_network,,,,,,medium,AUC,0.891119123931624,1278,30,1278,teacher-fit
afdb,AF-A0A563UIJ4-F1,124,sparsa,single_seq,pair_network,,,,,,long,L,0.11290322580645161,5050,47,124,teacher-fit
afdb,AF-A0A563UIJ4-F1,124,sparsa,single_seq,pair_network,,,,,,long,L/2,0.16129032258064516,5050,47,62,teacher-fit
afdb,AF-A0A563UIJ4-F1,124,sparsa,single_seq,pair_network,,,,,,long,L/5,0.20833333333333334,5050,47,24,teacher-fit
afdb,AF-A0A563UIJ4-F1,124,sparsa,single_seq,pair_network,,,,,,long,R,0.1702127659574468,5050,47,47,teacher-fit
afdb,AF-A0A563UIJ4-F1,124,sparsa,single_seq,pair_network,,,,,,long,AUC,0.8107305829268396,5050,47,5050,teacher-fit
afdb,AF-A0A7J6YM64-F1,225,sparsa,single_seq,pair_network,,,,,,all,L,0.1688888888888889,24090,194,225,teacher-fit
afdb,AF-A0A7J6YM64-F1,225,sparsa,single_seq,pair_network,,,,,,all,L/2,0.20535714285714285,24090,194,112,teacher-fit
afdb,AF-A0A7J6YM64-F1,225,sparsa,single_seq,pair_network,,,,,,all,L/5,0.35555555555555557,24090,194,45,teacher-fit
afdb,AF-A0A7J6YM64-F1,225,sparsa,single_seq,pair_network,,,,,,all,R,0.18041237113402062,24090,194,194,teacher-fit
afdb,AF-A0A7J6YM64-F1,225,sparsa,single_seq,pair_network,,,,,,all,AUC,0.8644094340078485,24090,194,24090,teacher-fit
afdb,AF-A0A7J6YM64-F1,225,sparsa,single_seq,pair_network,,,,,,short,L,0.06222222222222222,1299,17,225,teacher-fit
afdb,AF-A0A7J6YM64-F1,225,sparsa,single_seq,pair_network,,,,,,short,L/2,0.08035714285714286,1299,17,112,teacher-fit
afdb,AF-A0A7J6YM64-F1,225,sparsa,single_seq,pair_network,,,,,,short,L/5,0.1111111111111111,1299,17,45,teacher-fit
afdb,AF-A0A7J6YM64-F1,225,sparsa,single_seq,pair_network,,,,,,short,R,0.17647058823529413,1299,17,17,teacher-fit
afdb,AF-A0A7J6YM64-F1,225,sparsa,single_seq,pair_network,,,,,,short,AUC,0.9096081490318435,1299,17,1299,teacher-fit
afdb,AF-A0A7J6YM64-F1,225,sparsa,single_seq,pair_network,,,,,,medium,L,0.08,2490,29,225,teacher-fit
afdb,AF-A0A7J6YM64-F1,225,sparsa,single_seq,pair_network,,,,,,medium,L/2,0.125,2490,29,112,teacher-fit
afdb,AF-A0A7J6YM64-F1,225,sparsa,single_seq,pair_network,,,,,,medium,L/5,0.2,2490,29,45,teacher-fit
afdb,AF-A0A7J6YM64-F1,225,sparsa,single_seq,pair_network,,,,,,medium,R,0.20689655172413793,2490,29,29,teacher-fit
afdb,AF-A0A7J6YM64-F1,225,sparsa,single_seq,pair_network,,,,,,medium,AUC,0.8929297033726128,2490,29,2490,teacher-fit
afdb,AF-A0A7J6YM64-F1,225,sparsa,single_seq,pair_network,,,,,,long,L,0.14666666666666667,20301,148,225,teacher-fit
afdb,AF-A0A7J6YM64-F1,225,sparsa,single_seq,pair_network,,,,,,long,L/2,0.16964285714285715,20301,148,112,teacher-fit
afdb,AF-A0A7J6YM64-F1,225,sparsa,single_seq,pair_network,,,,,,long,L/5,0.28888888888888886,20301,148,45,teacher-fit
afdb,AF-A0A7J6YM64-F1,225,sparsa,single_seq,pair_network,,,,,,long,R,0.1554054054054054,20301,148,148,teacher-fit
afdb,AF-A0A7J6YM64-F1,225,sparsa,single_seq,pair_network,,,,,,long,AUC,0.8553005320111955,20301,148,20301,teacher-fit
afdb,AF-A0A644UVT9-F1,234,sparsa,single_seq,pair_network,,,,,,all,L,0.1623931623931624,26106,119,234,teacher-fit
afdb,AF-A0A644UVT9-F1,234,sparsa,single_seq,pair_network,,,,,,all,L/2,0.23076923076923078,26106,119,117,teacher-fit
afdb,AF-A0A644UVT9-F1,234,sparsa,single_seq,pair_network,,,,,,all,L/5,0.32608695652173914,26106,119,46,teacher-fit
afdb,AF-A0A644UVT9-F1,234,sparsa,single_seq,pair_network,,,,,,all,R,0.226890756302521,26106,119,119,teacher-fit
afdb,AF-A0A644UVT9-F1,234,sparsa,single_seq,pair_network,,,,,,all,AUC,0.9455125106185931,26106,119,26106,teacher-fit
afdb,AF-A0A644UVT9-F1,234,sparsa,single_seq,pair_network,,,,,,short,L,0.07264957264957266,1353,22,234,teacher-fit
afdb,AF-A0A644UVT9-F1,234,sparsa,single_seq,pair_network,,,,,,short,L/2,0.1111111111111111,1353,22,117,teacher-fit
afdb,AF-A0A644UVT9-F1,234,sparsa,single_seq,pair_network,,,,,,short,L/5,0.21739130434782608,1353,22,46,teacher-fit
afdb,AF-A0A644UVT9-F1,234,sparsa,single_seq,pair_network,,,,,,short,R,0.3181818181818182,1353,22,22,teacher-fit
afdb,AF-A0A644UVT9-F1,234,sparsa,single_seq,pair_network,,,,,,short,AUC,0.9169455638276074,1353,22,1353,teacher-fit
afdb,AF-A0A644UVT9-F1,234,sparsa,single_seq,pair_network,,,,,,medium,L,0.05982905982905983,2598,22,234,teacher-fit
afdb,AF-A0A644UVT9-F1,234,sparsa,single_seq,pair_network,,,,,,medium,L/2,0.05128205128205128,2598,22,117,teacher-fit
afdb,AF-A0A644UVT9-F1,234,sparsa,single_seq,pair_network,,,,,,medium,L/5,0.10869565217391304,2598,22,46,teacher-fit
afdb,AF-A0A644UVT9-F1,234,sparsa,single_seq,pair_network,,,,,,medium,R,0.18181818181818182,2598,22,22,teacher-fit
afdb,AF-A0A644UVT9-F1,234,sparsa,single_seq,pair_network,,,,,,medium,AUC,0.9004623094297007,2598,22,2598,teacher-fit
afdb,AF-A0A644UVT9-F1,234,sparsa,single_seq,pair_network,,,,,,long,L,0.13675213675213677,22155,75,234,teacher-fit
afdb,AF-A0A644UVT9-F1,234,sparsa,single_seq,pair_network,,,,,,long,L/2,0.18803418803418803,22155,75,117,teacher-fit
afdb,AF-A0A644UVT9-F1,234,sparsa,single_seq,pair_network,,,,,,long,L/5,0.30434782608695654,22155,75,46,teacher-fit
afdb,AF-A0A644UVT9-F1,234,sparsa,single_seq,pair_network,,,,,,long,R,0.22666666666666666,22155,75,75,teacher-fit
afdb,AF-A0A644UVT9-F1,234,sparsa,single_seq,pair_network,,,,,,long,AUC,0.9475404589371981,22155,75,22155,teacher-fit
afdb,AF-I0YKW7-F1,812,sparsa,single_seq,pair_network,,,,,,all,L,0.12561576354679804,325221,675,812,teacher-fit
afdb,AF-I0YKW7-F1,812,sparsa,single_seq,pair_network,,,,,,all,L/2,0.19458128078817735,325221,675,406,teacher-fit
afdb,AF-I0YKW7-F1,812,sparsa,single_seq,pair_network,,,,,,all,L/5,0.3148148148148148,325221,675,162,teacher-fit
afdb,AF-I0YKW7-F1,812,sparsa,single_seq,pair_network,,,,,,all,R,0.14074074074074075,325221,675,675,teacher-fit
afdb,AF-I0YKW7-F1,812,sparsa,single_seq,pair_network,,,,,,all,AUC,0.9119085441520475,325221,675,325221,teacher-fit
afdb,AF-I0YKW7-F1,812,sparsa,single_seq,pair_network,,,,,,short,L,0.06896551724137931,4821,70,812,teacher-fit
afdb,AF-I0YKW7-F1,812,sparsa,single_seq,pair_network,,,,,,short,L/2,0.11330049261083744,4821,70,406,teacher-fit
afdb,AF-I0YKW7-F1,812,sparsa,single_seq,pair_network,,,,,,short,L/5,0.2345679012345679,4821,70,162,teacher-fit
afdb,AF-I0YKW7-F1,812,sparsa,single_seq,pair_network,,,,,,short,R,0.4142857142857143,4821,70,70,teacher-fit
afdb,AF-I0YKW7-F1,812,sparsa,single_seq,pair_network,,,,,,short,AUC,0.913747481733169,4821,70,4821,teacher-fit
afdb,AF-I0YKW7-F1,812,sparsa,single_seq,pair_network,,,,,,medium,L,0.06157635467980296,9534,96,812,teacher-fit
afdb,AF-I0YKW7-F1,812,sparsa,single_seq,pair_network,,,,,,medium,L/2,0.09359605911330049,9534,96,406,teacher-fit
afdb,AF-I0YKW7-F1,812,sparsa,single_seq,pair_network,,,,,,medium,L/5,0.15432098765432098,9534,96,162,teacher-fit
afdb,AF-I0YKW7-F1,812,sparsa,single_seq,pair_network,,,,,,medium,R,0.17708333333333334,9534,96,96,teacher-fit
afdb,AF-I0YKW7-F1,812,sparsa,single_seq,pair_network,,,,,,medium,AUC,0.8680020263827082,9534,96,9534,teacher-fit
afdb,AF-I0YKW7-F1,812,sparsa,single_seq,pair_network,,,,,,long,L,0.06280788177339902,310866,509,812,teacher-fit
afdb,AF-I0YKW7-F1,812,sparsa,single_seq,pair_network,,,,,,long,L/2,0.08620689655172414,310866,509,406,teacher-fit
afdb,AF-I0YKW7-F1,812,sparsa,single_seq,pair_network,,,,,,long,L/5,0.15432098765432098,310866,509,162,teacher-fit
afdb,AF-I0YKW7-F1,812,sparsa,single_seq,pair_network,,,,,,long,R,0.0825147347740668,310866,509,509,teacher-fit
afdb,AF-I0YKW7-F1,812,sparsa,single_seq,pair_network,,,,,,long,AUC,0.9011581364569997,310866,509,310866,teacher-fit
afdb,AF-A0A368RNY7-F1,256,sparsa,single_seq,pair_network,,,,,,all,L,0.23828125,31375,166,256,teacher-fit
afdb,AF-A0A368RNY7-F1,256,sparsa,single_seq,pair_network,,,,,,all,L/2,0.390625,31375,166,128,teacher-fit
afdb,AF-A0A368RNY7-F1,256,sparsa,single_seq,pair_network,,,,,,all,L/5,0.6274509803921569,31375,166,51,teacher-fit
afdb,AF-A0A368RNY7-F1,256,sparsa,single_seq,pair_network,,,,,,all,R,0.3253012048192771,31375,166,166,teacher-fit
afdb,AF-A0A368RNY7-F1,256,sparsa,single_seq,pair_network,,,,,,all,AUC,0.924729968610383,31375,166,31375,teacher-fit
afdb,AF-A0A368RNY7-F1,256,sparsa,single_seq,pair_network,,,,,,short,L,0.1015625,1485,28,256,teacher-fit
afdb,AF-A0A368RNY7-F1,256,sparsa,single_seq,pair_network,,,,,,short,L/2,0.1875,1485,28,128,teacher-fit
afdb,AF-A0A368RNY7-F1,256,sparsa,single_seq,pair_network,,,,,,short,L/5,0.4117647058823529,1485,28,51,teacher-fit
afdb,AF-A0A368RNY7-F1,256,sparsa,single_seq,pair_network,,,,,,short,R,0.5,1485,28,28,teacher-fit
afdb,AF-A0A368RNY7-F1,256,sparsa,single_seq,pair_network,,,,,,short,AUC,0.9532307088930287,1485,28,1485,teacher-fit
afdb,AF-A0A368RNY7-F1,256,sparsa,single_seq,pair_network,,,,,,medium,L,0.1328125,2862,39,256,teacher-fit
afdb,AF-A0A368RNY7-F1,256,sparsa,single_seq,pair_network,,,,,,medium,L/2,0.21875,2862,39,128,teacher-fit
afdb,AF-A0A368RNY7-F1,256,sparsa,single_seq,pair_network,,,,,,medium,L/5,0.45098039215686275,2862,39,51,teacher-fit
afdb,AF-A0A368RNY7-F1,256,sparsa,single_seq,pair_network,,,,,,medium,R,0.5384615384615384,2862,39,39,teacher-fit
afdb,AF-A0A368RNY7-F1,256,sparsa,single_seq,pair_network,,,,,,medium,AUC,0.9633232513147497,2862,39,2862,teacher-fit
afdb,AF-A0A368RNY7-F1,256,sparsa,single_seq,pair_network,,,,,,long,L,0.0703125,27028,99,256,teacher-fit
afdb,AF-A0A368RNY7-F1,256,sparsa,single_seq,pair_network,,,,,,long,L/2,0.1015625,27028,99,128,teacher-fit
afdb,AF-A0A368RNY7-F1,256,sparsa,single_seq,pair_network,,,,,,long,L/5,0.21568627450980393,27028,99,51,teacher-fit
afdb,AF-A0A368RNY7-F1,256,sparsa,single_seq,pair_network,,,,,,long,R,0.12121212121212122,27028,99,99,teacher-fit
afdb,AF-A0A368RNY7-F1,256,sparsa,single_seq,pair_network,,,,,,long,AUC,0.9032118128816855,27028,99,27028,teacher-fit
afdb,AF-U3K8C8-F1,587,sparsa,single_seq,pair_network,,,,,,all,L,0.23850085178875638,169071,689,587,teacher-fit
afdb,AF-U3K8C8-F1,587,sparsa,single_seq,pair_network,,,,,,all,L/2,0.3412969283276451,169071,689,293,teacher-fit
afdb,AF-U3K8C8-F1,587,sparsa,single_seq,pair_network,,,,,,all,L/5,0.452991452991453,169071,689,117,teacher-fit
afdb,AF-U3K8C8-F1,587,sparsa,single_seq,pair_network,,,,,,all,R,0.2104499274310595,169071,689,689,teacher-fit
afdb,AF-U3K8C8-F1,587,sparsa,single_seq,pair_network,,,,,,all,AUC,0.886395310897112,169071,689,169071,teacher-fit
afdb,AF-U3K8C8-F1,587,sparsa,single_seq,pair_network,,,,,,short,L,0.07495741056218058,3471,58,587,teacher-fit
afdb,AF-U3K8C8-F1,587,sparsa,single_seq,pair_network,,,,,,short,L/2,0.11262798634812286,3471,58,293,teacher-fit
afdb,AF-U3K8C8-F1,587,sparsa,single_seq,pair_network,,,,,,short,L/5,0.20512820512820512,3471,58,117,teacher-fit
afdb,AF-U3K8C8-F1,587,sparsa,single_seq,pair_network,,,,,,short,R,0.29310344827586204,3471,58,58,teacher-fit
afdb,AF-U3K8C8-F1,587,sparsa,single_seq,pair_network,,,,,,short,AUC,0.9049400365741537,3471,58,3471,teacher-fit
afdb,AF-U3K8C8-F1,587,sparsa,single_seq,pair_network,,,,,,medium,L,0.16695059625212946,6834,148,587,teacher-fit
afdb,AF-U3K8C8-F1,587,sparsa,single_seq,pair_network,,,,,,medium,L/2,0.23208191126279865,6834,148,293,teacher-fit
afdb,AF-U3K8C8-F1,587,sparsa,single_seq,pair_network,,,,,,medium,L/5,0.358974358974359,6834,148,117,teacher-fit
afdb,AF-U3K8C8-F1,587,sparsa,single_seq,pair_network,,,,,,medium,R,0.32432432432432434,6834,148,148,teacher-fit
afdb,AF-U3K8C8-F1,587,sparsa,single_seq,pair_network,,,,,,medium,AUC,0.903943092060053,6834,148,6834,teacher-fit
afdb,AF-U3K8C8-F1,587,sparsa,single_seq,pair_network,,,,,,long,L,0.131175468483816,158766,483,587,teacher-fit
afdb,AF-U3K8C8-F1,587,sparsa,single_seq,pair_network,,,,,,long,L/2,0.20819112627986347,158766,483,293,teacher-fit
afdb,AF-U3K8C8-F1,587,sparsa,single_seq,pair_network,,,,,,long,L/5,0.3418803418803419,158766,483,117,teacher-fit
afdb,AF-U3K8C8-F1,587,sparsa,single_seq,pair_network,,,,,,long,R,0.15113871635610765,158766,483,483,teacher-fit
afdb,AF-U3K8C8-F1,587,sparsa,single_seq,pair_network,,,,,,long,AUC,0.8597355937498483,158766,483,158766,teacher-fit
afdb,AF-K4ALD0-F1,272,sparsa,single_seq,pair_network,,,,,,all,L,0.33088235294117646,35511,257,272,teacher-fit
afdb,AF-K4ALD0-F1,272,sparsa,single_seq,pair_network,,,,,,all,L/2,0.4632352941176471,35511,257,136,teacher-fit
afdb,AF-K4ALD0-F1,272,sparsa,single_seq,pair_network,,,,,,all,L/5,0.6111111111111112,35511,257,54,teacher-fit
afdb,AF-K4ALD0-F1,272,sparsa,single_seq,pair_network,,,,,,all,R,0.3424124513618677,35511,257,257,teacher-fit
afdb,AF-K4ALD0-F1,272,sparsa,single_seq,pair_network,,,,,,all,AUC,0.9257978618316127,35511,257,35511,teacher-fit
afdb,AF-K4ALD0-F1,272,sparsa,single_seq,pair_network,,,,,,short,L,0.16176470588235295,1581,47,272,teacher-fit
afdb,AF-K4ALD0-F1,272,sparsa,single_seq,pair_network,,,,,,short,L/2,0.2867647058823529,1581,47,136,teacher-fit
afdb,AF-K4ALD0-F1,272,sparsa,single_seq,pair_network,,,,,,short,L/5,0.5740740740740741,1581,47,54,teacher-fit
afdb,AF-K4ALD0-F1,272,sparsa,single_seq,pair_network,,,,,,short,R,0.574468085106383,1581,47,47,teacher-fit
afdb,AF-K4ALD0-F1,272,sparsa,single_seq,pair_network,,,,,,short,AUC,0.9596590751477156,1581,47,1581,teacher-fit
afdb,AF-K4ALD0-F1,272,sparsa,single_seq,pair_network,,,,,,medium,L,0.19852941176470587,3054,67,272,teacher-fit
afdb,AF-K4ALD0-F1,272,sparsa,single_seq,pair_network,,,,,,medium,L/2,0.3088235294117647,3054,67,136,teacher-fit
afdb,AF-K4ALD0-F1,272,sparsa,single_seq,pair_network,,,,,,medium,L/5,0.3888888888888889,3054,67,54,teacher-fit
afdb,AF-K4ALD0-F1,272,sparsa,single_seq,pair_network,,,,,,medium,R,0.40298507462686567,3054,67,67,teacher-fit
afdb,AF-K4ALD0-F1,272,sparsa,single_seq,pair_network,,,,,,medium,AUC,0.9512939154245511,3054,67,3054,teacher-fit
afdb,AF-K4ALD0-F1,272,sparsa,single_seq,pair_network,,,,,,long,L,0.12867647058823528,30876,143,272,teacher-fit
afdb,AF-K4ALD0-F1,272,sparsa,single_seq,pair_network,,,,,,long,L/2,0.19117647058823528,30876,143,136,teacher-fit
afdb,AF-K4ALD0-F1,272,sparsa,single_seq,pair_network,,,,,,long,L/5,0.2962962962962963,30876,143,54,teacher-fit
afdb,AF-K4ALD0-F1,272,sparsa,single_seq,pair_network,,,,,,long,R,0.18181818181818182,30876,143,143,teacher-fit
afdb,AF-K4ALD0-F1,272,sparsa,single_seq,pair_network,,,,,,long,AUC,0.899565488362547,30876,143,30876,teacher-fit
afdb,AF-A0A3D4SXB0-F1,452,sparsa,single_seq,pair_network,,,,,,all,L,0.22566371681415928,99681,296,452,teacher-fit
afdb,AF-A0A3D4SXB0-F1,452,sparsa,single_seq,pair_network,,,,,,all,L/2,0.30973451327433627,99681,296,226,teacher-fit
afdb,AF-A0A3D4SXB0-F1,452,sparsa,single_seq,pair_network,,,,,,all,L/5,0.4888888888888889,99681,296,90,teacher-fit
afdb,AF-A0A3D4SXB0-F1,452,sparsa,single_seq,pair_network,,,,,,all,R,0.25675675675675674,99681,296,296,teacher-fit
afdb,AF-A0A3D4SXB0-F1,452,sparsa,single_seq,pair_network,,,,,,all,AUC,0.9191695651228026,99681,296,99681,teacher-fit
afdb,AF-A0A3D4SXB0-F1,452,sparsa,single_seq,pair_network,,,,,,short,L,0.09292035398230089,2661,52,452,teacher-fit
afdb,AF-A0A3D4SXB0-F1,452,sparsa,single_seq,pair_network,,,,,,short,L/2,0.168141592920354,2661,52,226,teacher-fit
afdb,AF-A0A3D4SXB0-F1,452,sparsa,single_seq,pair_network,,,,,,short,L/5,0.28888888888888886,2661,52,90,teacher-fit
afdb,AF-A0A3D4SXB0-F1,452,sparsa,single_seq,pair_network,,,,,,short,R,0.40384615384615385,2661,52,52,teacher-fit
afdb,AF-A0A3D4SXB0-F1,452,sparsa,single_seq,pair_network,,,,,,short,AUC,0.9266555119851403,2661,52,2661,teacher-fit
afdb,AF-A0A3D4SXB0-F1,452,sparsa,single_seq,pair_network,,,,,,medium,L,0.08628318584070796,5214,55,452,teacher-fit
afdb,AF-A0A3D4SXB0-F1,452,sparsa,single_seq,pair_network,,,,,,medium,L/2,0.14601769911504425,5214,55,226,teacher-fit
afdb,AF-A0A3D4SXB0-F1,452,sparsa,single_seq,pair_network,,,,,,medium,L/5,0.26666666666666666,5214,55,90,teacher-fit
afdb,AF-A0A3D4SXB0-F1,452,sparsa,single_seq,pair_network,,,,,,medium,R,0.3090909090909091,5214,55,55,teacher-fit
afdb,AF-A0A3D4SXB0-F1,452,sparsa,single_seq,pair_network,,,,,,medium,AUC,0.912095367319248,5214,55,5214,teacher-fit
afdb,AF-A0A3D4SXB0-F1,452,sparsa,single_seq,pair_network,,,,,,long,L,0.12831858407079647,91806,189,452,teacher-fit
afdb,AF-A0A3D4SXB0-F1,452,sparsa,single_seq,pair_network,,,,,,long,L/2,0.19911504424778761,91806,189,226,teacher-fit
afdb,AF-A0A3D4SXB0-F1,452,sparsa,single_seq,pair_network,,,,,,long,L/5,0.28888888888888886,91806,189,90,teacher-fit
afdb,AF-A0A3D4SXB0-F1,452,sparsa,single_seq,pair_network,,,,,,long,R,0.2222222222222222,91806,189,189,teacher-fit
afdb,AF-A0A3D4SXB0-F1,452,sparsa,single_seq,pair_network,,,,,,long,AUC,0.8984605107540807,91806,189,91806,teacher-fit
afdb,AF-A0A380C992-F1,149,sparsa,single_seq,pair_network,,,,,,all,L,0.28187919463087246,10296,91,149,teacher-fit
afdb,AF-A0A380C992-F1,149,sparsa,single_seq,pair_network,,,,,,all,L/2,0.25675675675675674,10296,91,74,teacher-fit
afdb,AF-A0A380C992-F1,149,sparsa,single_seq,pair_network,,,,,,all,L/5,0.3793103448275862,10296,91,29,teacher-fit
afdb,AF-A0A380C992-F1,149,sparsa,single_seq,pair_network,,,,,,all,R,0.2857142857142857,10296,91,91,teacher-fit
afdb,AF-A0A380C992-F1,149,sparsa,single_seq,pair_network,,,,,,all,AUC,0.9644308166111204,10296,91,10296,teacher-fit
afdb,AF-A0A380C992-F1,149,sparsa,single_seq,pair_network,,,,,,short,L,0.08053691275167785,843,15,149,teacher-fit
afdb,AF-A0A380C992-F1,149,sparsa,single_seq,pair_network,,,,,,short,L/2,0.16216216216216217,843,15,74,teacher-fit
afdb,AF-A0A380C992-F1,149,sparsa,single_seq,pair_network,,,,,,short,L/5,0.27586206896551724,843,15,29,teacher-fit
afdb,AF-A0A380C992-F1,149,sparsa,single_seq,pair_network,,,,,,short,R,0.3333333333333333,843,15,15,teacher-fit
afdb,AF-A0A380C992-F1,149,sparsa,single_seq,pair_network,,,,,,short,AUC,0.9248792270531402,843,15,843,teacher-fit
afdb,AF-A0A380C992-F1,149,sparsa,single_seq,pair_network,,,,,,medium,L,0.12751677852348994,1578,21,149,teacher-fit
afdb,AF-A0A380C992-F1,149,sparsa,single_seq,pair_network,,,,,,medium,L/2,0.17567567567567569,1578,21,74,teacher-fit
afdb,AF-A0A380C992-F1,149,sparsa,single_seq,pair_network,,,,,,medium,L/5,0.20689655172413793,1578,21,29,teacher-fit
afdb,AF-A0A380C992-F1,149,sparsa,single_seq,pair_network,,,,,,medium,R,0.19047619047619047,1578,21,21,teacher-fit
afdb,AF-A0A380C992-F1,149,sparsa,single_seq,pair_network,,,,,,medium,AUC,0.9630700064226075,1578,21,1578,teacher-fit
afdb,AF-A0A380C992-F1,149,sparsa,single_seq,pair_network,,,,,,long,L,0.19463087248322147,7875,55,149,teacher-fit
afdb,AF-A0A380C992-F1,149,sparsa,single_seq,pair_network,,,,,,long,L/2,0.2972972972972973,7875,55,74,teacher-fit
afdb,AF-A0A380C992-F1,149,sparsa,single_seq,pair_network,,,,,,long,L/5,0.3793103448275862,7875,55,29,teacher-fit
afdb,AF-A0A380C992-F1,149,sparsa,single_seq,pair_network,,,,,,long,R,0.32727272727272727,7875,55,55,teacher-fit
afdb,AF-A0A380C992-F1,149,sparsa,single_seq,pair_network,,,,,,long,AUC,0.969078121367124,7875,55,7875,teacher-fit
afdb,AF-A0A4P7PX67-F1,158,sparsa,single_seq,pair_network,,,,,,all,L,0.310126582278481,11628,72,158,teacher-fit
afdb,AF-A0A4P7PX67-F1,158,sparsa,single_seq,pair_network,,,,,,all,L/2,0.4430379746835443,11628,72,79,teacher-fit
afdb,AF-A0A4P7PX67-F1,158,sparsa,single_seq,pair_network,,,,,,all,L/5,0.6129032258064516,11628,72,31,teacher-fit
afdb,AF-A0A4P7PX67-F1,158,sparsa,single_seq,pair_network,,,,,,all,R,0.4583333333333333,11628,72,72,teacher-fit
afdb,AF-A0A4P7PX67-F1,158,sparsa,single_seq,pair_network,,,,,,all,AUC,0.9892071458790046,11628,72,11628,teacher-fit
afdb,AF-A0A4P7PX67-F1,158,sparsa,single_seq,pair_network,,,,,,short,L,0.08227848101265822,897,13,158,teacher-fit
afdb,AF-A0A4P7PX67-F1,158,sparsa,single_seq,pair_network,,,,,,short,L/2,0.16455696202531644,897,13,79,teacher-fit
afdb,AF-A0A4P7PX67-F1,158,sparsa,single_seq,pair_network,,,,,,short,L/5,0.3225806451612903,897,13,31,teacher-fit
afdb,AF-A0A4P7PX67-F1,158,sparsa,single_seq,pair_network,,,,,,short,R,0.6153846153846154,897,13,13,teacher-fit
afdb,AF-A0A4P7PX67-F1,158,sparsa,single_seq,pair_network,,,,,,short,AUC,0.9881221719457014,897,13,897,teacher-fit
afdb,AF-A0A4P7PX67-F1,158,sparsa,single_seq,pair_network,,,,,,medium,L,0.08227848101265822,1686,13,158,teacher-fit
afdb,AF-A0A4P7PX67-F1,158,sparsa,single_seq,pair_network,,,,,,medium,L/2,0.1518987341772152,1686,13,79,teacher-fit
afdb,AF-A0A4P7PX67-F1,158,sparsa,single_seq,pair_network,,,,,,medium,L/5,0.25806451612903225,1686,13,31,teacher-fit
afdb,AF-A0A4P7PX67-F1,158,sparsa,single_seq,pair_network,,,,,,medium,R,0.46153846153846156,1686,13,13,teacher-fit
afdb,AF-A0A4P7PX67-F1,158,sparsa,single_seq,pair_network,,,,,,medium,AUC,0.9868039909880915,1686,13,1686,teacher-fit
afdb,AF-A0A4P7PX67-F1,158,sparsa,single_seq,pair_network,,,,,,long,L,0.21518987341772153,9045,46,158,teacher-fit
afdb,AF-A0A4P7PX67-F1,158,sparsa,single_seq,pair_network,,,,,,long,L/2,0.3291139240506329,9045,46,79,teacher-fit
afdb,AF-A0A4P7PX67-F1,158,sparsa,single_seq,pair_network,,,,,,long,L/5,0.5483870967741935,9045,46,31,teacher-fit
afdb,AF-A0A4P7PX67-F1,158,sparsa,single_seq,pair_network,,,,,,long,R,0.45652173913043476,9045,46,46,teacher-fit
afdb,AF-A0A4P7PX67-F1,158,sparsa,single_seq,pair_network,,,,,,long,AUC,0.9898563608516888,9045,46,9045,teacher-fit
afdb,AF-A0A7T9HQG7-F1,215,sparsa,single_seq,pair_network,,,,,,all,L,0.21395348837209302,21945,154,215,teacher-fit
afdb,AF-A0A7T9HQG7-F1,215,sparsa,single_seq,pair_network,,,,,,all,L/2,0.2616822429906542,21945,154,107,teacher-fit
afdb,AF-A0A7T9HQG7-F1,215,sparsa,single_seq,pair_network,,,,,,all,L/5,0.3023255813953488,21945,154,43,teacher-fit
afdb,AF-A0A7T9HQG7-F1,215,sparsa,single_seq,pair_network,,,,,,all,R,0.22077922077922077,21945,154,154,teacher-fit
afdb,AF-A0A7T9HQG7-F1,215,sparsa,single_seq,pair_network,,,,,,all,AUC,0.9110604759381777,21945,154,21945,teacher-fit
afdb,AF-A0A7T9HQG7-F1,215,sparsa,single_seq,pair_network,,,,,,short,L,0.14418604651162792,1239,33,215,teacher-fit
afdb,AF-A0A7T9HQG7-F1,215,sparsa,single_seq,pair_network,,,,,,short,L/2,0.21495327102803738,1239,33,107,teacher-fit
afdb,AF-A0A7T9HQG7-F1,215,sparsa,single_seq,pair_network,,,,,,short,L/5,0.2558139534883721,1239,33,43,teacher-fit
afdb,AF-A0A7T9HQG7-F1,215,sparsa,single_seq,pair_network,,,,,,short,R,0.2727272727272727,1239,33,33,teacher-fit
afdb,AF-A0A7T9HQG7-F1,215,sparsa,single_seq,pair_network,,,,,,short,AUC,0.9409894969596463,1239,33,1239,teacher-fit
afdb,AF-A0A7T9HQG7-F1,215,sparsa,single_seq,pair_network,,,,,,medium,L,0.07906976744186046,2370,21,215,teacher-fit
afdb,AF-A0A7T9HQG7-F1,215,sparsa,single_seq,pair_network,,,,,,medium,L/2,0.1308411214953271,2370,21,107,teacher-fit
afdb,AF-A0A7T9HQG7-F1,215,sparsa,single_seq,pair_network,,,,,,medium,L/5,0.16279069767441862,2370,21,43,teacher-fit
afdb,AF-A0A7T9HQG7-F1,215,sparsa,single_seq,pair_network,,,,,,medium,R,0.19047619047619047,2370,21,21,teacher-fit
afdb,AF-A0A7T9HQG7-F1,215,sparsa,single_seq,pair_network,,,,,,medium,AUC,0.9456303594234629,2370,21,2370,teacher-fit
afdb,AF-A0A7T9HQG7-F1,215,sparsa,single_seq,pair_network,,,,,,long,L,0.16744186046511628,18336,100,215,teacher-fit
afdb,AF-A0A7T9HQG7-F1,215,sparsa,single_seq,pair_network,,,,,,long,L/2,0.2523364485981308,18336,100,107,teacher-fit
afdb,AF-A0A7T9HQG7-F1,215,sparsa,single_seq,pair_network,,,,,,long,L/5,0.32558139534883723,18336,100,43,teacher-fit
afdb,AF-A0A7T9HQG7-F1,215,sparsa,single_seq,pair_network,,,,,,long,R,0.27,18336,100,100,teacher-fit
afdb,AF-A0A7T9HQG7-F1,215,sparsa,single_seq,pair_network,,,,,,long,AUC,0.8859069971484974,18336,100,18336,teacher-fit
afdb,AF-A0A7U1E5M6-F1,340,sparsa,single_seq,pair_network,,,,,,all,L,0.15,55945,320,340,teacher-fit
afdb,AF-A0A7U1E5M6-F1,340,sparsa,single_seq,pair_network,,,,,,all,L/2,0.19411764705882353,55945,320,170,teacher-fit
afdb,AF-A0A7U1E5M6-F1,340,sparsa,single_seq,pair_network,,,,,,all,L/5,0.27941176470588236,55945,320,68,teacher-fit
afdb,AF-A0A7U1E5M6-F1,340,sparsa,single_seq,pair_network,,,,,,all,R,0.15625,55945,320,320,teacher-fit
afdb,AF-A0A7U1E5M6-F1,340,sparsa,single_seq,pair_network,,,,,,all,AUC,0.90551952247191,55945,320,55945,teacher-fit
afdb,AF-A0A7U1E5M6-F1,340,sparsa,single_seq,pair_network,,,,,,short,L,0.1,1989,44,340,teacher-fit
afdb,AF-A0A7U1E5M6-F1,340,sparsa,single_seq,pair_network,,,,,,short,L/2,0.1588235294117647,1989,44,170,teacher-fit
afdb,AF-A0A7U1E5M6-F1,340,sparsa,single_seq,pair_network,,,,,,short,L/5,0.2647058823529412,1989,44,68,teacher-fit
afdb,AF-A0A7U1E5M6-F1,340,sparsa,single_seq,pair_network,,,,,,short,R,0.25,1989,44,44,teacher-fit
afdb,AF-A0A7U1E5M6-F1,340,sparsa,single_seq,pair_network,,,,,,short,AUC,0.9068941341434915,1989,44,1989,teacher-fit
afdb,AF-A0A7U1E5M6-F1,340,sparsa,single_seq,pair_network,,,,,,medium,L,0.061764705882352944,3870,55,340,teacher-fit
afdb,AF-A0A7U1E5M6-F1,340,sparsa,single_seq,pair_network,,,,,,medium,L/2,0.08235294117647059,3870,55,170,teacher-fit
afdb,AF-A0A7U1E5M6-F1,340,sparsa,single_seq,pair_network,,,,,,medium,L/5,0.1323529411764706,3870,55,68,teacher-fit
afdb,AF-A0A7U1E5M6-F1,340,sparsa,single_seq,pair_network,,,,,,medium,R,0.12727272727272726,3870,55,55,teacher-fit
afdb,AF-A0A7U1E5M6-F1,340,sparsa,single_seq,pair_network,,,,,,medium,AUC,0.8656475634457286,3870,55,3870,teacher-fit
afdb,AF-A0A7U1E5M6-F1,340,sparsa,single_seq,pair_network,,,,,,long,L,0.10294117647058823,50086,221,340,teacher-fit
afdb,AF-A0A7U1E5M6-F1,340,sparsa,single_seq,pair_network,,,,,,long,L/2,0.12941176470588237,50086,221,170,teacher-fit
afdb,AF-A0A7U1E5M6-F1,340,sparsa,single_seq,pair_network,,,,,,long,L/5,0.19117647058823528,50086,221,68,teacher-fit
afdb,AF-A0A7U1E5M6-F1,340,sparsa,single_seq,pair_network,,,,,,long,R,0.11764705882352941,50086,221,221,teacher-fit
afdb,AF-A0A7U1E5M6-F1,340,sparsa,single_seq,pair_network,,,,,,long,AUC,0.8976019415317285,50086,221,50086,teacher-fit
afdb,AF-A0A1T3ECG8-F1,219,sparsa,single_seq,pair_network,,,,,,all,L,0.2557077625570776,22791,201,219,teacher-fit
afdb,AF-A0A1T3ECG8-F1,219,sparsa,single_seq,pair_network,,,,,,all,L/2,0.29357798165137616,22791,201,109,teacher-fit
afdb,AF-A0A1T3ECG8-F1,219,sparsa,single_seq,pair_network,,,,,,all,L/5,0.32558139534883723,22791,201,43,teacher-fit
afdb,AF-A0A1T3ECG8-F1,219,sparsa,single_seq,pair_network,,,,,,all,R,0.25870646766169153,22791,201,201,teacher-fit
afdb,AF-A0A1T3ECG8-F1,219,sparsa,single_seq,pair_network,,,,,,all,AUC,0.8910496213047203,22791,201,22791,teacher-fit
afdb,AF-A0A1T3ECG8-F1,219,sparsa,single_seq,pair_network,,,,,,short,L,0.1095890410958904,1263,35,219,teacher-fit
afdb,AF-A0A1T3ECG8-F1,219,sparsa,single_seq,pair_network,,,,,,short,L/2,0.1743119266055046,1263,35,109,teacher-fit
afdb,AF-A0A1T3ECG8-F1,219,sparsa,single_seq,pair_network,,,,,,short,L/5,0.3023255813953488,1263,35,43,teacher-fit
afdb,AF-A0A1T3ECG8-F1,219,sparsa,single_seq,pair_network,,,,,,short,R,0.3142857142857143,1263,35,35,teacher-fit
afdb,AF-A0A1T3ECG8-F1,219,sparsa,single_seq,pair_network,,,,,,short,AUC,0.8838645881805491,1263,35,1263,teacher-fit
afdb,AF-A0A1T3ECG8-F1,219,sparsa,single_seq,pair_network,,,,,,medium,L,0.136986301369863,2418,47,219,teacher-fit
afdb,AF-A0A1T3ECG8-F1,219,sparsa,single_seq,pair_network,,,,,,medium,L/2,0.22018348623853212,2418,47,109,teacher-fit
afdb,AF-A0A1T3ECG8-F1,219,sparsa,single_seq,pair_network,,,,,,medium,L/5,0.23255813953488372,2418,47,43,teacher-fit
afdb,AF-A0A1T3ECG8-F1,219,sparsa,single_seq,pair_network,,,,,,medium,R,0.2765957446808511,2418,47,47,teacher-fit
afdb,AF-A0A1T3ECG8-F1,219,sparsa,single_seq,pair_network,,,,,,medium,AUC,0.874130674731014,2418,47,2418,teacher-fit
afdb,AF-A0A1T3ECG8-F1,219,sparsa,single_seq,pair_network,,,,,,long,L,0.1552511415525114,19110,119,219,teacher-fit
afdb,AF-A0A1T3ECG8-F1,219,sparsa,single_seq,pair_network,,,,,,long,L/2,0.22018348623853212,19110,119,109,teacher-fit
afdb,AF-A0A1T3ECG8-F1,219,sparsa,single_seq,pair_network,,,,,,long,L/5,0.2558139534883721,19110,119,43,teacher-fit
afdb,AF-A0A1T3ECG8-F1,219,sparsa,single_seq,pair_network,,,,,,long,R,0.2184873949579832,19110,119,119,teacher-fit
afdb,AF-A0A1T3ECG8-F1,219,sparsa,single_seq,pair_network,,,,,,long,AUC,0.8763872670336104,19110,119,19110,teacher-fit
afdb,AF-A0A1K0KAT0-F1,440,sparsa,single_seq,pair_network,,,,,,all,L,0.3,94395,246,440,teacher-fit
afdb,AF-A0A1K0KAT0-F1,440,sparsa,single_seq,pair_network,,,,,,all,L/2,0.42272727272727273,94395,246,220,teacher-fit
afdb,AF-A0A1K0KAT0-F1,440,sparsa,single_seq,pair_network,,,,,,all,L/5,0.5340909090909091,94395,246,88,teacher-fit
afdb,AF-A0A1K0KAT0-F1,440,sparsa,single_seq,pair_network,,,,,,all,R,0.3902439024390244,94395,246,246,teacher-fit
afdb,AF-A0A1K0KAT0-F1,440,sparsa,single_seq,pair_network,,,,,,all,AUC,0.9930006078412121,94395,246,94395,teacher-fit
afdb,AF-A0A1K0KAT0-F1,440,sparsa,single_seq,pair_network,,,,,,short,L,0.025,2589,11,440,teacher-fit
afdb,AF-A0A1K0KAT0-F1,440,sparsa,single_seq,pair_network,,,,,,short,L/2,0.045454545454545456,2589,11,220,teacher-fit
afdb,AF-A0A1K0KAT0-F1,440,sparsa,single_seq,pair_network,,,,,,short,L/5,0.09090909090909091,2589,11,88,teacher-fit
afdb,AF-A0A1K0KAT0-F1,440,sparsa,single_seq,pair_network,,,,,,short,R,0.18181818181818182,2589,11,11,teacher-fit
afdb,AF-A0A1K0KAT0-F1,440,sparsa,single_seq,pair_network,,,,,,short,AUC,0.9766379857535792,2589,11,2589,teacher-fit
afdb,AF-A0A1K0KAT0-F1,440,sparsa,single_seq,pair_network,,,,,,medium,L,0.12727272727272726,5070,59,440,teacher-fit
afdb,AF-A0A1K0KAT0-F1,440,sparsa,single_seq,pair_network,,,,,,medium,L/2,0.22272727272727272,5070,59,220,teacher-fit
afdb,AF-A0A1K0KAT0-F1,440,sparsa,single_seq,pair_network,,,,,,medium,L/5,0.45454545454545453,5070,59,88,teacher-fit
afdb,AF-A0A1K0KAT0-F1,440,sparsa,single_seq,pair_network,,,,,,medium,R,0.6101694915254238,5070,59,59,teacher-fit
afdb,AF-A0A1K0KAT0-F1,440,sparsa,single_seq,pair_network,,,,,,medium,AUC,0.9822864274866481,5070,59,5070,teacher-fit
afdb,AF-A0A1K0KAT0-F1,440,sparsa,single_seq,pair_network,,,,,,long,L,0.2863636363636364,86736,176,440,teacher-fit
afdb,AF-A0A1K0KAT0-F1,440,sparsa,single_seq,pair_network,,,,,,long,L/2,0.37272727272727274,86736,176,220,teacher-fit
afdb,AF-A0A1K0KAT0-F1,440,sparsa,single_seq,pair_network,,,,,,long,L/5,0.5227272727272727,86736,176,88,teacher-fit
afdb,AF-A0A1K0KAT0-F1,440,sparsa,single_seq,pair_network,,,,,,long,R,0.4147727272727273,86736,176,176,teacher-fit
afdb,AF-A0A1K0KAT0-F1,440,sparsa,single_seq,pair_network,,,,,,long,AUC,0.9954751236661906,86736,176,86736,teacher-fit
afdb,AF-A0A0R2XCE2-F1,262,sparsa,single_seq,pair_network,,,,,,all,L,0.2099236641221374,32896,175,262,teacher-fit
afdb,AF-A0A0R2XCE2-F1,262,sparsa,single_seq,pair_network,,,,,,all,L/2,0.29770992366412213,32896,175,131,teacher-fit
afdb,AF-A0A0R2XCE2-F1,262,sparsa,single_seq,pair_network,,,,,,all,L/5,0.5769230769230769,32896,175,52,teacher-fit
afdb,AF-A0A0R2XCE2-F1,262,sparsa,single_seq,pair_network,,,,,,all,R,0.2571428571428571,32896,175,175,teacher-fit
afdb,AF-A0A0R2XCE2-F1,262,sparsa,single_seq,pair_network,,,,,,all,AUC,0.9393175199849814,32896,175,32896,teacher-fit
afdb,AF-A0A0R2XCE2-F1,262,sparsa,single_seq,pair_network,,,,,,short,L,0.08778625954198473,1521,26,262,teacher-fit
afdb,AF-A0A0R2XCE2-F1,262,sparsa,single_seq,pair_network,,,,,,short,L/2,0.15267175572519084,1521,26,131,teacher-fit
afdb,AF-A0A0R2XCE2-F1,262,sparsa,single_seq,pair_network,,,,,,short,L/5,0.23076923076923078,1521,26,52,teacher-fit
afdb,AF-A0A0R2XCE2-F1,262,sparsa,single_seq,pair_network,,,,,,short,R,0.34615384615384615,1521,26,26,teacher-fit
afdb,AF-A0A0R2XCE2-F1,262,sparsa,single_seq,pair_network,,,,,,short,AUC,0.9400308721378955,1521,26,1521,teacher-fit
afdb,AF-A0A0R2XCE2-F1,262,sparsa,single_seq,pair_network,,,,,,medium,L,0.1450381679389313,2934,46,262,teacher-fit
afdb,AF-A0A0R2XCE2-F1,262,sparsa,single_seq,pair_network,,,,,,medium,L/2,0.22137404580152673,2934,46,131,teacher-fit
afdb,AF-A0A0R2XCE2-F1,262,sparsa,single_seq,pair_network,,,,,,medium,L/5,0.3076923076923077,2934,46,52,teacher-fit
afdb,AF-A0A0R2XCE2-F1,262,sparsa,single_seq,pair_network,,,,,,medium,R,0.32608695652173914,2934,46,46,teacher-fit
afdb,AF-A0A0R2XCE2-F1,262,sparsa,single_seq,pair_network,,,,,,medium,AUC,0.9596004456220644,2934,46,2934,teacher-fit
afdb,AF-A0A0R2XCE2-F1,262,sparsa,single_seq,pair_network,,,,,,long,L,0.07251908396946564,28441,103,262,teacher-fit
afdb,AF-A0A0R2XCE2-F1,262,sparsa,single_seq,pair_network,,,,,,long,L/2,0.10687022900763359,28441,103,131,teacher-fit
afdb,AF-A0A0R2XCE2-F1,262,sparsa,single_seq,pair_network,,,,,,long,L/5,0.25,28441,103,52,teacher-fit
afdb,AF-A0A0R2XCE2-F1,262,sparsa,single_seq,pair_network,,,,,,long,R,0.13592233009708737,28441,103,103,teacher-fit
afdb,AF-A0A0R2XCE2-F1,262,sparsa,single_seq,pair_network,,,,,,long,AUC,0.9214103742136361,28441,103,28441,teacher-fit
afdb,AF-A0A7X9A4W8-F1,251,sparsa,single_seq,pair_network,,,,,,all,L,0.1952191235059761,30135,256,251,teacher-fit
afdb,AF-A0A7X9A4W8-F1,251,sparsa,single_seq,pair_network,,,,,,all,L/2,0.248,30135,256,125,teacher-fit
afdb,AF-A0A7X9A4W8-F1,251,sparsa,single_seq,pair_network,,,,,,all,L/5,0.3,30135,256,50,teacher-fit
afdb,AF-A0A7X9A4W8-F1,251,sparsa,single_seq,pair_network,,,,,,all,R,0.1953125,30135,256,256,teacher-fit
afdb,AF-A0A7X9A4W8-F1,251,sparsa,single_seq,pair_network,,,,,,all,AUC,0.919050195162154,30135,256,30135,teacher-fit
afdb,AF-A0A7X9A4W8-F1,251,sparsa,single_seq,pair_network,,,,,,short,L,0.10756972111553785,1455,37,251,teacher-fit
afdb,AF-A0A7X9A4W8-F1,251,sparsa,single_seq,pair_network,,,,,,short,L/2,0.152,1455,37,125,teacher-fit
afdb,AF-A0A7X9A4W8-F1,251,sparsa,single_seq,pair_network,,,,,,short,L/5,0.32,1455,37,50,teacher-fit
afdb,AF-A0A7X9A4W8-F1,251,sparsa,single_seq,pair_network,,,,,,short,R,0.35135135135135137,1455,37,37,teacher-fit
afdb,AF-A0A7X9A4W8-F1,251,sparsa,single_seq,pair_network,,,,,,short,AUC,0.8980863797506956,1455,37,1455,teacher-fit
afdb,AF-A0A7X9A4W8-F1,251,sparsa,single_seq,pair_network,,,,,,medium,L,0.09561752988047809,2802,38,251,teacher-fit
afdb,AF-A0A7X9A4W8-F1,251,sparsa,single_seq,pair_network,,,,,,medium,L/2,0.16,2802,38,125,teacher-fit
afdb,AF-A0A7X9A4W8-F1,251,sparsa,single_seq,pair_network,,,,,,medium,L/5,0.24,2802,38,50,teacher-fit
afdb,AF-A0A7X9A4W8-F1,251,sparsa,single_seq,pair_network,,,,,,medium,R,0.2894736842105263,2802,38,38,teacher-fit
afdb,AF-A0A7X9A4W8-F1,251,sparsa,single_seq,pair_network,,,,,,medium,AUC,0.9343247772107548,2802,38,2802,teacher-fit
afdb,AF-A0A7X9A4W8-F1,251,sparsa,single_seq,pair_network,,,,,,long,L,0.12350597609561753,25878,181,251,teacher-fit
afdb,AF-A0A7X9A4W8-F1,251,sparsa,single_seq,pair_network,,,,,,long,L/2,0.12,25878,181,125,teacher-fit
afdb,AF-A0A7X9A4W8-F1,251,sparsa,single_seq,pair_network,,,,,,long,L/5,0.14,25878,181,50,teacher-fit
afdb,AF-A0A7X9A4W8-F1,251,sparsa,single_seq,pair_network,,,,,,long,R,0.10497237569060773,25878,181,181,teacher-fit
afdb,AF-A0A7X9A4W8-F1,251,sparsa,single_seq,pair_network,,,,,,long,AUC,0.914677143773044,25878,181,25878,teacher-fit
afdb,AF-A0A2T6AB51-F1,99,sparsa,single_seq,pair_network,,,,,,all,L,0.1111111111111111,4371,34,99,teacher-fit
afdb,AF-A0A2T6AB51-F1,99,sparsa,single_seq,pair_network,,,,,,all,L/2,0.14285714285714285,4371,34,49,teacher-fit
afdb,AF-A0A2T6AB51-F1,99,sparsa,single_seq,pair_network,,,,,,all,L/5,0.05263157894736842,4371,34,19,teacher-fit
afdb,AF-A0A2T6AB51-F1,99,sparsa,single_seq,pair_network,,,,,,all,R,0.058823529411764705,4371,34,34,teacher-fit
afdb,AF-A0A2T6AB51-F1,99,sparsa,single_seq,pair_network,,,,,,all,AUC,0.9005276078612214,4371,34,4371,teacher-fit
afdb,AF-A0A2T6AB51-F1,99,sparsa,single_seq,pair_network,,,,,,short,L,0.10101010101010101,543,12,99,teacher-fit
afdb,AF-A0A2T6AB51-F1,99,sparsa,single_seq,pair_network,,,,,,short,L/2,0.16326530612244897,543,12,49,teacher-fit
afdb,AF-A0A2T6AB51-F1,99,sparsa,single_seq,pair_network,,,,,,short,L/5,0.15789473684210525,543,12,19,teacher-fit
afdb,AF-A0A2T6AB51-F1,99,sparsa,single_seq,pair_network,,,,,,short,R,0.0,543,12,12,teacher-fit
afdb,AF-A0A2T6AB51-F1,99,sparsa,single_seq,pair_network,,,,,,short,AUC,0.8932046453232894,543,12,543,teacher-fit
afdb,AF-A0A2T6AB51-F1,99,sparsa,single_seq,pair_network,,,,,,medium,L,0.0707070707070707,978,9,99,teacher-fit
afdb,AF-A0A2T6AB51-F1,99,sparsa,single_seq,pair_network,,,,,,medium,L/2,0.08163265306122448,978,9,49,teacher-fit
afdb,AF-A0A2T6AB51-F1,99,sparsa,single_seq,pair_network,,,,,,medium,L/5,0.05263157894736842,978,9,19,teacher-fit
afdb,AF-A0A2T6AB51-F1,99,sparsa,single_seq,pair_network,,,,,,medium,R,0.0,978,9,9,teacher-fit
afdb,AF-A0A2T6AB51-F1,99,sparsa,single_seq,pair_network,,,,,,medium,AUC,0.9342391927531246,978,9,978,teacher-fit
afdb,AF-A0A2T6AB51-F1,99,sparsa,single_seq,pair_network,,,,,,long,L,0.020202020202020204,2850,13,99,teacher-fit
afdb,AF-A0A2T6AB51-F1,99,sparsa,single_seq,pair_network,,,,,,long,L/2,0.02040816326530612,2850,13,49,teacher-fit
afdb,AF-A0A2T6AB51-F1,99,sparsa,single_seq,pair_network,,,,,,long,L/5,0.05263157894736842,2850,13,19,teacher-fit
afdb,AF-A0A2T6AB51-F1,99,sparsa,single_seq,pair_network,,,,,,long,R,0.07692307692307693,2850,13,13,teacher-fit
afdb,AF-A0A2T6AB51-F1,99,sparsa,single_seq,pair_network,,,,,,long,AUC,0.8595618340066701,2850,13,2850,teacher-fit
afdb,AF-V5YND3-F1,97,sparsa,single_seq,pair_network,,,,,,all,L,0.35051546391752575,4186,82,97,teacher-fit
afdb,AF-V5YND3-F1,97,sparsa,single_seq,pair_network,,,,,,all,L/2,0.4166666666666667,4186,82,48,teacher-fit
afdb,AF-V5YND3-F1,97,sparsa,single_seq,pair_network,,,,,,all,L/5,0.3157894736842105,4186,82,19,teacher-fit
afdb,AF-V5YND3-F1,97,sparsa,single_seq,pair_network,,,,,,all,R,0.3902439024390244,4186,82,82,teacher-fit
afdb,AF-V5YND3-F1,97,sparsa,single_seq,pair_network,,,,,,all,AUC,0.9346562544572814,4186,82,4186,teacher-fit
afdb,AF-V5YND3-F1,97,sparsa,single_seq,pair_network,,,,,,short,L,0.16494845360824742,531,16,97,teacher-fit
afdb,AF-V5YND3-F1,97,sparsa,single_seq,pair_network,,,,,,short,L/2,0.3125,531,16,48,teacher-fit
afdb,AF-V5YND3-F1,97,sparsa,single_seq,pair_network,,,,,,short,L/5,0.42105263157894735,531,16,19,teacher-fit
afdb,AF-V5YND3-F1,97,sparsa,single_seq,pair_network,,,,,,short,R,0.5,531,16,16,teacher-fit
afdb,AF-V5YND3-F1,97,sparsa,single_seq,pair_network,,,,,,short,AUC,0.9770024271844661,531,16,531,teacher-fit
afdb,AF-V5YND3-F1,97,sparsa,single_seq,pair_network,,,,,,medium,L,0.17525773195876287,954,22,97,teacher-fit
afdb,AF-V5YND3-F1,97,sparsa,single_seq,pair_network,,,,,,medium,L/2,0.25,954,22,48,teacher-fit
afdb,AF-V5YND3-F1,97,sparsa,single_seq,pair_network,,,,,,medium,L/5,0.42105263157894735,954,22,19,teacher-fit
afdb,AF-V5YND3-F1,97,sparsa,single_seq,pair_network,,,,,,medium,R,0.4090909090909091,954,22,22,teacher-fit
afdb,AF-V5YND3-F1,97,sparsa,single_seq,pair_network,,,,,,medium,AUC,0.9312329301599689,954,22,954,teacher-fit
afdb,AF-V5YND3-F1,97,sparsa,single_seq,pair_network,,,,,,long,L,0.18556701030927836,2701,44,97,teacher-fit
afdb,AF-V5YND3-F1,97,sparsa,single_seq,pair_network,,,,,,long,L/2,0.1875,2701,44,48,teacher-fit
afdb,AF-V5YND3-F1,97,sparsa,single_seq,pair_network,,,,,,long,L/5,0.3157894736842105,2701,44,19,teacher-fit
afdb,AF-V5YND3-F1,97,sparsa,single_seq,pair_network,,,,,,long,R,0.20454545454545456,2701,44,44,teacher-fit
afdb,AF-V5YND3-F1,97,sparsa,single_seq,pair_network,,,,,,long,AUC,0.9250265165771376,2701,44,2701,teacher-fit
afdb,AF-A0A345H136-F1,188,sparsa,single_seq,pair_network,,,,,,all,L,0.17553191489361702,16653,141,188,teacher-fit
afdb,AF-A0A345H136-F1,188,sparsa,single_seq,pair_network,,,,,,all,L/2,0.22340425531914893,16653,141,94,teacher-fit
afdb,AF-A0A345H136-F1,188,sparsa,single_seq,pair_network,,,,,,all,L/5,0.35135135135135137,16653,141,37,teacher-fit
afdb,AF-A0A345H136-F1,188,sparsa,single_seq,pair_network,,,,,,all,R,0.19858156028368795,16653,141,141,teacher-fit
afdb,AF-A0A345H136-F1,188,sparsa,single_seq,pair_network,,,,,,all,AUC,0.8606553926823904,16653,141,16653,teacher-fit
afdb,AF-A0A345H136-F1,188,sparsa,single_seq,pair_network,,,,,,short,L,0.09574468085106383,1077,22,188,teacher-fit
afdb,AF-A0A345H136-F1,188,sparsa,single_seq,pair_network,,,,,,short,L/2,0.13829787234042554,1077,22,94,teacher-fit
afdb,AF-A0A345H136-F1,188,sparsa,single_seq,pair_network,,,,,,short,L/5,0.24324324324324326,1077,22,37,teacher-fit
afdb,AF-A0A345H136-F1,188,sparsa,single_seq,pair_network,,,,,,short,R,0.18181818181818182,1077,22,22,teacher-fit
afdb,AF-A0A345H136-F1,188,sparsa,single_seq,pair_network,,,,,,short,AUC,0.8495691512279191,1077,22,1077,teacher-fit
afdb,AF-A0A345H136-F1,188,sparsa,single_seq,pair_network,,,,,,medium,L,0.03723404255319149,2046,10,188,teacher-fit
afdb,AF-A0A345H136-F1,188,sparsa,single_seq,pair_network,,,,,,medium,L/2,0.06382978723404255,2046,10,94,teacher-fit
afdb,AF-A0A345H136-F1,188,sparsa,single_seq,pair_network,,,,,,medium,L/5,0.05405405405405406,2046,10,37,teacher-fit
afdb,AF-A0A345H136-F1,188,sparsa,single_seq,pair_network,,,,,,medium,R,0.1,2046,10,10,teacher-fit
afdb,AF-A0A345H136-F1,188,sparsa,single_seq,pair_network,,,,,,medium,AUC,0.8594793713163065,2046,10,2046,teacher-fit
afdb,AF-A0A345H136-F1,188,sparsa,single_seq,pair_network,,,,,,long,L,0.1276595744680851,13530,109,188,teacher-fit
afdb,AF-A0A345H136-F1,188,sparsa,single_seq,pair_network,,,,,,long,L/2,0.23404255319148937,13530,109,94,teacher-fit
afdb,AF-A0A345H136-F1,188,sparsa,single_seq,pair_network,,,,,,long,L/5,0.2972972972972973,13530,109,37,teacher-fit
afdb,AF-A0A345H136-F1,188,sparsa,single_seq,pair_network,,,,,,long,R,0.2018348623853211,13530,109,109,teacher-fit
afdb,AF-A0A345H136-F1,188,sparsa,single_seq,pair_network,,,,,,long,AUC,0.8589619581526691,13530,109,13530,teacher-fit
afdb,AF-A0A2P6C9M0-F1,112,sparsa,single_seq,pair_network,,,,,,all,L,0.08035714285714286,5671,17,112,teacher-fit
afdb,AF-A0A2P6C9M0-F1,112,sparsa,single_seq,pair_network,,,,,,all,L/2,0.10714285714285714,5671,17,56,teacher-fit
afdb,AF-A0A2P6C9M0-F1,112,sparsa,single_seq,pair_network,,,,,,all,L/5,0.045454545454545456,5671,17,22,teacher-fit
afdb,AF-A0A2P6C9M0-F1,112,sparsa,single_seq,pair_network,,,,,,all,R,0.058823529411764705,5671,17,17,teacher-fit
afdb,AF-A0A2P6C9M0-F1,112,sparsa,single_seq,pair_network,,,,,,all,AUC,0.9356312033125951,5671,17,5671,teacher-fit
afdb,AF-A0A2P6C9M0-F1,112,sparsa,single_seq,pair_network,,,,,,short,L,0.08035714285714286,621,10,112,teacher-fit
afdb,AF-A0A2P6C9M0-F1,112,sparsa,single_seq,pair_network,,,,,,short,L/2,0.16071428571428573,621,10,56,teacher-fit
afdb,AF-A0A2P6C9M0-F1,112,sparsa,single_seq,pair_network,,,,,,short,L/5,0.3181818181818182,621,10,22,teacher-fit
afdb,AF-A0A2P6C9M0-F1,112,sparsa,single_seq,pair_network,,,,,,short,R,0.4,621,10,10,teacher-fit
afdb,AF-A0A2P6C9M0-F1,112,sparsa,single_seq,pair_network,,,,,,short,AUC,0.9605564648117839,621,10,621,teacher-fit
afdb,AF-A0A2P6C9M0-F1,112,sparsa,single_seq,pair_network,,,,,,medium,L,0.0,1134,2,112,teacher-fit
afdb,AF-A0A2P6C9M0-F1,112,sparsa,single_seq,pair_network,,,,,,medium,L/2,0.0,1134,2,56,teacher-fit
afdb,AF-A0A2P6C9M0-F1,112,sparsa,single_seq,pair_network,,,,,,medium,L/5,0.0,1134,2,22,teacher-fit
afdb,AF-A0A2P6C9M0-F1,112,sparsa,single_seq,pair_network,,,,,,medium,R,0.0,1134,2,2,teacher-fit
afdb,AF-A0A2P6C9M0-F1,112,sparsa,single_seq,pair_network,,,,,,medium,AUC,0.7636925795053003,1134,2,1134,teacher-fit
afdb,AF-A0A2P6C9M0-F1,112,sparsa,single_seq,pair_network,,,,,,long,L,0.008928571428571428,3916,5,112,teacher-fit
afdb,AF-A0A2P6C9M0-F1,112,sparsa,single_seq,pair_network,,,,,,long,L/2,0.017857142857142856,3916,5,56,teacher-fit
afdb,AF-A0A2P6C9M0-F1,112,sparsa,single_seq,pair_network,,,,,,long,L/5,0.0,3916,5,22,teacher-fit
afdb,AF-A0A2P6C9M0-F1,112,sparsa,single_seq,pair_network,,,,,,long,R,0.0,3916,5,5,teacher-fit
afdb,AF-A0A2P6C9M0-F1,112,sparsa,single_seq,pair_network,,,,,,long,AUC,0.9252620813091281,3916,5,3916,teacher-fit
afdb,AF-A0A356T619-F1,126,sparsa,single_seq,pair_network,,,,,,all,L,0.07142857142857142,7260,38,126,teacher-fit
afdb,AF-A0A356T619-F1,126,sparsa,single_seq,pair_network,,,,,,all,L/2,0.07936507936507936,7260,38,63,teacher-fit
afdb,AF-A0A356T619-F1,126,sparsa,single_seq,pair_network,,,,,,all,L/5,0.04,7260,38,25,teacher-fit
afdb,AF-A0A356T619-F1,126,sparsa,single_seq,pair_network,,,,,,all,R,0.02631578947368421,7260,38,38,teacher-fit
afdb,AF-A0A356T619-F1,126,sparsa,single_seq,pair_network,,,,,,all,AUC,0.8119506916002274,7260,38,7260,teacher-fit
afdb,AF-A0A356T619-F1,126,sparsa,single_seq,pair_network,,,,,,short,L,0.023809523809523808,705,4,126,teacher-fit
afdb,AF-A0A356T619-F1,126,sparsa,single_seq,pair_network,,,,,,short,L/2,0.015873015873015872,705,4,63,teacher-fit
afdb,AF-A0A356T619-F1,126,sparsa,single_seq,pair_network,,,,,,short,L/5,0.04,705,4,25,teacher-fit
afdb,AF-A0A356T619-F1,126,sparsa,single_seq,pair_network,,,,,,short,R,0.0,705,4,4,teacher-fit
afdb,AF-A0A356T619-F1,126,sparsa,single_seq,pair_network,,,,,,short,AUC,0.8849857346647646,705,4,705,teacher-fit
afdb,AF-A0A356T619-F1,126,sparsa,single_seq,pair_network,,,,,,medium,L,0.05555555555555555,1302,9,126,teacher-fit
afdb,AF-A0A356T619-F1,126,sparsa,single_seq,pair_network,,,,,,medium,L/2,0.07936507936507936,1302,9,63,teacher-fit
afdb,AF-A0A356T619-F1,126,sparsa,single_seq,pair_network,,,,,,medium,L/5,0.08,1302,9,25,teacher-fit
afdb,AF-A0A356T619-F1,126,sparsa,single_seq,pair_network,,,,,,medium,R,0.0,1302,9,9,teacher-fit
afdb,AF-A0A356T619-F1,126,sparsa,single_seq,pair_network,,,,,,medium,AUC,0.9437999484403197,1302,9,1302,teacher-fit
afdb,AF-A0A356T619-F1,126,sparsa,single_seq,pair_network,,,,,,long,L,0.023809523809523808,5253,25,126,teacher-fit
afdb,AF-A0A356T619-F1,126,sparsa,single_seq,pair_network,,,,,,long,L/2,0.047619047619047616,5253,25,63,teacher-fit
afdb,AF-A0A356T619-F1,126,sparsa,single_seq,pair_network,,,,,,long,L/5,0.12,5253,25,25,teacher-fit
afdb,AF-A0A356T619-F1,126,sparsa,single_seq,pair_network,,,,,,long,R,0.12,5253,25,25,teacher-fit
afdb,AF-A0A356T619-F1,126,sparsa,single_seq,pair_network,,,,,,long,AUC,0.7471920428462127,5253,25,5253,teacher-fit
afdb,AF-A0A7Y9L9I0-F1,600,sparsa,single_seq,pair_network,,,,,,all,L,0.2683333333333333,176715,377,600,teacher-fit
afdb,AF-A0A7Y9L9I0-F1,600,sparsa,single_seq,pair_network,,,,,,all,L/2,0.44,176715,377,300,teacher-fit
afdb,AF-A0A7Y9L9I0-F1,600,sparsa,single_seq,pair_network,,,,,,all,L/5,0.7333333333333333,176715,377,120,teacher-fit
afdb,AF-A0A7Y9L9I0-F1,600,sparsa,single_seq,pair_network,,,,,,all,R,0.3713527851458886,176715,377,377,teacher-fit
afdb,AF-A0A7Y9L9I0-F1,600,sparsa,single_seq,pair_network,,,,,,all,AUC,0.985922990670828,176715,377,176715,teacher-fit
afdb,AF-A0A7Y9L9I0-F1,600,sparsa,single_seq,pair_network,,,,,,short,L,0.06666666666666667,3549,43,600,teacher-fit
afdb,AF-A0A7Y9L9I0-F1,600,sparsa,single_seq,pair_network,,,,,,short,L/2,0.12666666666666668,3549,43,300,teacher-fit
afdb,AF-A0A7Y9L9I0-F1,600,sparsa,single_seq,pair_network,,,,,,short,L/5,0.25833333333333336,3549,43,120,teacher-fit
afdb,AF-A0A7Y9L9I0-F1,600,sparsa,single_seq,pair_network,,,,,,short,R,0.5581395348837209,3549,43,43,teacher-fit
afdb,AF-A0A7Y9L9I0-F1,600,sparsa,single_seq,pair_network,,,,,,short,AUC,0.9716167632895103,3549,43,3549,teacher-fit
afdb,AF-A0A7Y9L9I0-F1,600,sparsa,single_seq,pair_network,,,,,,medium,L,0.12333333333333334,6990,85,600,teacher-fit
afdb,AF-A0A7Y9L9I0-F1,600,sparsa,single_seq,pair_network,,,,,,medium,L/2,0.21666666666666667,6990,85,300,teacher-fit
afdb,AF-A0A7Y9L9I0-F1,600,sparsa,single_seq,pair_network,,,,,,medium,L/5,0.425,6990,85,120,teacher-fit
afdb,AF-A0A7Y9L9I0-F1,600,sparsa,single_seq,pair_network,,,,,,medium,R,0.5529411764705883,6990,85,85,teacher-fit
afdb,AF-A0A7Y9L9I0-F1,600,sparsa,single_seq,pair_network,,,,,,medium,AUC,0.9710414448183328,6990,85,6990,teacher-fit
afdb,AF-A0A7Y9L9I0-F1,600,sparsa,single_seq,pair_network,,,,,,long,L,0.16666666666666666,166176,249,600,teacher-fit
afdb,AF-A0A7Y9L9I0-F1,600,sparsa,single_seq,pair_network,,,,,,long,L/2,0.25333333333333335,166176,249,300,teacher-fit
afdb,AF-A0A7Y9L9I0-F1,600,sparsa,single_seq,pair_network,,,,,,long,L/5,0.425,166176,249,120,teacher-fit
afdb,AF-A0A7Y9L9I0-F1,600,sparsa,single_seq,pair_network,,,,,,long,R,0.285140562248996,166176,249,249,teacher-fit
afdb,AF-A0A7Y9L9I0-F1,600,sparsa,single_seq,pair_network,,,,,,long,AUC,0.9856630352008237,166176,249,166176,teacher-fit
afdb,AF-A0A519N498-F1,110,sparsa,single_seq,pair_network,,,,,,all,L,0.12727272727272726,5460,43,110,teacher-fit
afdb,AF-A0A519N498-F1,110,sparsa,single_seq,pair_network,,,,,,all,L/2,0.12727272727272726,5460,43,55,teacher-fit
afdb,AF-A0A519N498-F1,110,sparsa,single_seq,pair_network,,,,,,all,L/5,0.09090909090909091,5460,43,22,teacher-fit
afdb,AF-A0A519N498-F1,110,sparsa,single_seq,pair_network,,,,,,all,R,0.11627906976744186,5460,43,43,teacher-fit
afdb,AF-A0A519N498-F1,110,sparsa,single_seq,pair_network,,,,,,all,AUC,0.9368568374325443,5460,43,5460,teacher-fit
afdb,AF-A0A519N498-F1,110,sparsa,single_seq,pair_network,,,,,,short,L,0.03636363636363636,609,4,110,teacher-fit
afdb,AF-A0A519N498-F1,110,sparsa,single_seq,pair_network,,,,,,short,L/2,0.05454545454545454,609,4,55,teacher-fit
afdb,AF-A0A519N498-F1,110,sparsa,single_seq,pair_network,,,,,,short,L/5,0.045454545454545456,609,4,22,teacher-fit
afdb,AF-A0A519N498-F1,110,sparsa,single_seq,pair_network,,,,,,short,R,0.0,609,4,4,teacher-fit
afdb,AF-A0A519N498-F1,110,sparsa,single_seq,pair_network,,,,,,short,AUC,0.918388429752066,609,4,609,teacher-fit
afdb,AF-A0A519N498-F1,110,sparsa,single_seq,pair_network,,,,,,medium,L,0.09090909090909091,1110,15,110,teacher-fit
afdb,AF-A0A519N498-F1,110,sparsa,single_seq,pair_network,,,,,,medium,L/2,0.12727272727272726,1110,15,55,teacher-fit
afdb,AF-A0A519N498-F1,110,sparsa,single_seq,pair_network,,,,,,medium,L/5,0.18181818181818182,1110,15,22,teacher-fit
afdb,AF-A0A519N498-F1,110,sparsa,single_seq,pair_network,,,,,,medium,R,0.13333333333333333,1110,15,15,teacher-fit
afdb,AF-A0A519N498-F1,110,sparsa,single_seq,pair_network,,,,,,medium,AUC,0.9269710806697109,1110,15,1110,teacher-fit
afdb,AF-A0A519N498-F1,110,sparsa,single_seq,pair_network,,,,,,long,L,0.10909090909090909,3741,24,110,teacher-fit
afdb,AF-A0A519N498-F1,110,sparsa,single_seq,pair_network,,,,,,long,L/2,0.18181818181818182,3741,24,55,teacher-fit
afdb,AF-A0A519N498-F1,110,sparsa,single_seq,pair_network,,,,,,long,L/5,0.18181818181818182,3741,24,22,teacher-fit
afdb,AF-A0A519N498-F1,110,sparsa,single_seq,pair_network,,,,,,long,R,0.16666666666666666,3741,24,24,teacher-fit
afdb,AF-A0A519N498-F1,110,sparsa,single_seq,pair_network,,,,,,long,AUC,0.9406443368307775,3741,24,3741,teacher-fit
afdb,AF-A0A7U2QDA0-F1,83,sparsa,single_seq,pair_network,,,,,,all,L,0.30120481927710846,3003,47,83,teacher-fit
afdb,AF-A0A7U2QDA0-F1,83,sparsa,single_seq,pair_network,,,,,,all,L/2,0.4146341463414634,3003,47,41,teacher-fit
afdb,AF-A0A7U2QDA0-F1,83,sparsa,single_seq,pair_network,,,,,,all,L/5,0.3125,3003,47,16,teacher-fit
afdb,AF-A0A7U2QDA0-F1,83,sparsa,single_seq,pair_network,,,,,,all,R,0.44680851063829785,3003,47,47,teacher-fit
afdb,AF-A0A7U2QDA0-F1,83,sparsa,single_seq,pair_network,,,,,,all,AUC,0.9120540984078542,3003,47,3003,teacher-fit
afdb,AF-A0A7U2QDA0-F1,83,sparsa,single_seq,pair_network,,,,,,short,L,0.13253012048192772,447,14,83,teacher-fit
afdb,AF-A0A7U2QDA0-F1,83,sparsa,single_seq,pair_network,,,,,,short,L/2,0.21951219512195122,447,14,41,teacher-fit
afdb,AF-A0A7U2QDA0-F1,83,sparsa,single_seq,pair_network,,,,,,short,L/5,0.5625,447,14,16,teacher-fit
afdb,AF-A0A7U2QDA0-F1,83,sparsa,single_seq,pair_network,,,,,,short,R,0.5,447,14,14,teacher-fit
afdb,AF-A0A7U2QDA0-F1,83,sparsa,single_seq,pair_network,,,,,,short,AUC,0.9061365885846255,447,14,447,teacher-fit
afdb,AF-A0A7U2QDA0-F1,83,sparsa,single_seq,pair_network,,,,,,medium,L,0.13253012048192772,786,17,83,teacher-fit
afdb,AF-A0A7U2QDA0-F1,83,sparsa,single_seq,pair_network,,,,,,medium,L/2,0.1951219512195122,786,17,41,teacher-fit
afdb,AF-A0A7U2QDA0-F1,83,sparsa,single_seq,pair_network,,,,,,medium,L/5,0.25,786,17,16,teacher-fit
afdb,AF-A0A7U2QDA0-F1,83,sparsa,single_seq,pair_network,,,,,,medium,R,0.29411764705882354,786,17,17,teacher-fit
afdb,AF-A0A7U2QDA0-F1,83,sparsa,single_seq,pair_network,,,,,,medium,AUC,0.8823146944083226,786,17,786,teacher-fit
afdb,AF-A0A7U2QDA0-F1,83,sparsa,single_seq,pair_network,,,,,,long,L,0.14457831325301204,1770,16,83,teacher-fit
afdb,AF-A0A7U2QDA0-F1,83,sparsa,single_seq,pair_network,,,,,,long,L/2,0.21951219512195122,1770,16,41,teacher-fit
afdb,AF-A0A7U2QDA0-F1,83,sparsa,single_seq,pair_network,,,,,,long,L/5,0.5,1770,16,16,teacher-fit
afdb,AF-A0A7U2QDA0-F1,83,sparsa,single_seq,pair_network,,,,,,long,R,0.5,1770,16,16,teacher-fit
afdb,AF-A0A7U2QDA0-F1,83,sparsa,single_seq,pair_network,,,,,,long,AUC,0.9507375997719498,1770,16,1770,teacher-fit
afdb,AF-A0A0Q7T987-F1,66,sparsa,single_seq,pair_network,,,,,,all,L,0.19696969696969696,1830,36,66,teacher-fit
afdb,AF-A0A0Q7T987-F1,66,sparsa,single_seq,pair_network,,,,,,all,L/2,0.30303030303030304,1830,36,33,teacher-fit
afdb,AF-A0A0Q7T987-F1,66,sparsa,single_seq,pair_network,,,,,,all,L/5,0.5384615384615384,1830,36,13,teacher-fit
afdb,AF-A0A0Q7T987-F1,66,sparsa,single_seq,pair_network,,,,,,all,R,0.2777777777777778,1830,36,36,teacher-fit
afdb,AF-A0A0Q7T987-F1,66,sparsa,single_seq,pair_network,,,,,,all,AUC,0.9142976588628762,1830,36,1830,teacher-fit
afdb,AF-A0A0Q7T987-F1,66,sparsa,single_seq,pair_network,,,,,,short,L,0.10606060606060606,345,7,66,teacher-fit
afdb,AF-A0A0Q7T987-F1,66,sparsa,single_seq,pair_network,,,,,,short,L/2,0.18181818181818182,345,7,33,teacher-fit
afdb,AF-A0A0Q7T987-F1,66,sparsa,single_seq,pair_network,,,,,,short,L/5,0.3076923076923077,345,7,13,teacher-fit
afdb,AF-A0A0Q7T987-F1,66,sparsa,single_seq,pair_network,,,,,,short,R,0.42857142857142855,345,7,7,teacher-fit
afdb,AF-A0A0Q7T987-F1,66,sparsa,single_seq,pair_network,,,,,,short,AUC,0.9725274725274725,345,7,345,teacher-fit
afdb,AF-A0A0Q7T987-F1,66,sparsa,single_seq,pair_network,,,,,,medium,L,0.09090909090909091,582,6,66,teacher-fit
afdb,AF-A0A0Q7T987-F1,66,sparsa,single_seq,pair_network,,,,,,medium,L/2,0.15151515151515152,582,6,33,teacher-fit
afdb,AF-A0A0Q7T987-F1,66,sparsa,single_seq,pair_network,,,,,,medium,L/5,0.3076923076923077,582,6,13,teacher-fit
afdb,AF-A0A0Q7T987-F1,66,sparsa,single_seq,pair_network,,,,,,medium,R,0.6666666666666666,582,6,6,teacher-fit
afdb,AF-A0A0Q7T987-F1,66,sparsa,single_seq,pair_network,,,,,,medium,AUC,0.9800347222222223,582,6,582,teacher-fit
afdb,AF-A0A0Q7T987-F1,66,sparsa,single_seq,pair_network,,,,,,long,L,0.10606060606060606,903,23,66,teacher-fit
afdb,AF-A0A0Q7T987-F1,66,sparsa,single_seq,pair_network,,,,,,long,L/2,0.12121212121212122,903,23,33,teacher-fit
afdb,AF-A0A0Q7T987-F1,66,sparsa,single_seq,pair_network,,,,,,long,L/5,0.15384615384615385,903,23,13,teacher-fit
afdb,AF-A0A0Q7T987-F1,66,sparsa,single_seq,pair_network,,,,,,long,R,0.08695652173913043,903,23,23,teacher-fit
afdb,AF-A0A0Q7T987-F1,66,sparsa,single_seq,pair_network,,,,,,long,AUC,0.8483695652173914,903,23,903,teacher-fit
afdb,AF-A0A0A2M4B3-F1,96,sparsa,single_seq,pair_network,,,,,,all,L,0.25,4095,57,96,teacher-fit
afdb,AF-A0A0A2M4B3-F1,96,sparsa,single_seq,pair_network,,,,,,all,L/2,0.4166666666666667,4095,57,48,teacher-fit
afdb,AF-A0A0A2M4B3-F1,96,sparsa,single_seq,pair_network,,,,,,all,L/5,0.5263157894736842,4095,57,19,teacher-fit
afdb,AF-A0A0A2M4B3-F1,96,sparsa,single_seq,pair_network,,,,,,all,R,0.3508771929824561,4095,57,57,teacher-fit
afdb,AF-A0A0A2M4B3-F1,96,sparsa,single_seq,pair_network,,,,,,all,AUC,0.9643952625496381,4095,57,4095,teacher-fit
afdb,AF-A0A0A2M4B3-F1,96,sparsa,single_seq,pair_network,,,,,,short,L,0.08333333333333333,525,8,96,teacher-fit
afdb,AF-A0A0A2M4B3-F1,96,sparsa,single_seq,pair_network,,,,,,short,L/2,0.125,525,8,48,teacher-fit
afdb,AF-A0A0A2M4B3-F1,96,sparsa,single_seq,pair_network,,,,,,short,L/5,0.2631578947368421,525,8,19,teacher-fit
afdb,AF-A0A0A2M4B3-F1,96,sparsa,single_seq,pair_network,,,,,,short,R,0.375,525,8,8,teacher-fit
afdb,AF-A0A0A2M4B3-F1,96,sparsa,single_seq,pair_network,,,,,,short,AUC,0.9604690522243714,525,8,525,teacher-fit
afdb,AF-A0A0A2M4B3-F1,96,sparsa,single_seq,pair_network,,,,,,medium,L,0.09375,942,9,96,teacher-fit
afdb,AF-A0A0A2M4B3-F1,96,sparsa,single_seq,pair_network,,,,,,medium,L/2,0.16666666666666666,942,9,48,teacher-fit
afdb,AF-A0A0A2M4B3-F1,96,sparsa,single_seq,pair_network,,,,,,medium,L/5,0.2631578947368421,942,9,19,teacher-fit
afdb,AF-A0A0A2M4B3-F1,96,sparsa,single_seq,pair_network,,,,,,medium,R,0.2222222222222222,942,9,9,teacher-fit
afdb,AF-A0A0A2M4B3-F1,96,sparsa,single_seq,pair_network,,,,,,medium,AUC,0.9807669405740146,942,9,942,teacher-fit
afdb,AF-A0A0A2M4B3-F1,96,sparsa,single_seq,pair_network,,,,,,long,L,0.23958333333333334,2628,40,96,teacher-fit
afdb,AF-A0A0A2M4B3-F1,96,sparsa,single_seq,pair_network,,,,,,long,L/2,0.3333333333333333,2628,40,48,teacher-fit
afdb,AF-A0A0A2M4B3-F1,96,sparsa,single_seq,pair_network,,,,,,long,L/5,0.47368421052631576,2628,40,19,teacher-fit
afdb,AF-A0A0A2M4B3-F1,96,sparsa,single_seq,pair_network,,,,,,long,R,0.4,2628,40,40,teacher-fit
afdb,AF-A0A0A2M4B3-F1,96,sparsa,single_seq,pair_network,,,,,,long,AUC,0.9604231066460587,2628,40,2628,teacher-fit
afdb,AF-A0A3D4RPK1-F1,66,sparsa,single_seq,pair_network,,,,,,all,L,0.4090909090909091,1830,57,66,teacher-fit
afdb,AF-A0A3D4RPK1-F1,66,sparsa,single_seq,pair_network,,,,,,all,L/2,0.6363636363636364,1830,57,33,teacher-fit
afdb,AF-A0A3D4RPK1-F1,66,sparsa,single_seq,pair_network,,,,,,all,L/5,0.6923076923076923,1830,57,13,teacher-fit
afdb,AF-A0A3D4RPK1-F1,66,sparsa,single_seq,pair_network,,,,,,all,R,0.43859649122807015,1830,57,57,teacher-fit
afdb,AF-A0A3D4RPK1-F1,66,sparsa,single_seq,pair_network,,,,,,all,AUC,0.9251739048693363,1830,57,1830,teacher-fit
afdb,AF-A0A3D4RPK1-F1,66,sparsa,single_seq,pair_network,,,,,,short,L,0.25757575757575757,345,18,66,teacher-fit
afdb,AF-A0A3D4RPK1-F1,66,sparsa,single_seq,pair_network,,,,,,short,L/2,0.5151515151515151,345,18,33,teacher-fit
afdb,AF-A0A3D4RPK1-F1,66,sparsa,single_seq,pair_network,,,,,,short,L/5,0.8461538461538461,345,18,13,teacher-fit
afdb,AF-A0A3D4RPK1-F1,66,sparsa,single_seq,pair_network,,,,,,short,R,0.6666666666666666,345,18,18,teacher-fit
afdb,AF-A0A3D4RPK1-F1,66,sparsa,single_seq,pair_network,,,,,,short,AUC,0.9796975874957525,345,18,345,teacher-fit
afdb,AF-A0A3D4RPK1-F1,66,sparsa,single_seq,pair_network,,,,,,medium,L,0.24242424242424243,582,26,66,teacher-fit
afdb,AF-A0A3D4RPK1-F1,66,sparsa,single_seq,pair_network,,,,,,medium,L/2,0.3939393939393939,582,26,33,teacher-fit
afdb,AF-A0A3D4RPK1-F1,66,sparsa,single_seq,pair_network,,,,,,medium,L/5,0.5384615384615384,582,26,13,teacher-fit
afdb,AF-A0A3D4RPK1-F1,66,sparsa,single_seq,pair_network,,,,,,medium,R,0.4230769230769231,582,26,26,teacher-fit
afdb,AF-A0A3D4RPK1-F1,66,sparsa,single_seq,pair_network,,,,,,medium,AUC,0.897136137244051,582,26,582,teacher-fit
afdb,AF-A0A3D4RPK1-F1,66,sparsa,single_seq,pair_network,,,,,,long,L,0.12121212121212122,903,13,66,teacher-fit
afdb,AF-A0A3D4RPK1-F1,66,sparsa,single_seq,pair_network,,,,,,long,L/2,0.15151515151515152,903,13,33,teacher-fit
afdb,AF-A0A3D4RPK1-F1,66,sparsa,single_seq,pair_network,,,,,,long,L/5,0.15384615384615385,903,13,13,teacher-fit
afdb,AF-A0A3D4RPK1-F1,66,sparsa,single_seq,pair_network,,,,,,long,R,0.15384615384615385,903,13,13,teacher-fit
afdb,AF-A0A3D4RPK1-F1,66,sparsa,single_seq,pair_network,,,,,,long,AUC,0.9188418323249784,903,13,903,teacher-fit
afdb,AF-A0A4Q5RUA1-F1,185,sparsa,single_seq,pair_network,,,,,,all,L,0.32972972972972975,16110,139,185,teacher-fit
afdb,AF-A0A4Q5RUA1-F1,185,sparsa,single_seq,pair_network,,,,,,all,L/2,0.43478260869565216,16110,139,92,teacher-fit
afdb,AF-A0A4Q5RUA1-F1,185,sparsa,single_seq,pair_network,,,,,,all,L/5,0.5675675675675675,16110,139,37,teacher-fit
afdb,AF-A0A4Q5RUA1-F1,185,sparsa,single_seq,pair_network,,,,,,all,R,0.38848920863309355,16110,139,139,teacher-fit
afdb,AF-A0A4Q5RUA1-F1,185,sparsa,single_seq,pair_network,,,,,,all,AUC,0.9589431203769062,16110,139,16110,teacher-fit
afdb,AF-A0A4Q5RUA1-F1,185,sparsa,single_seq,pair_network,,,,,,short,L,0.2,1059,37,185,teacher-fit
afdb,AF-A0A4Q5RUA1-F1,185,sparsa,single_seq,pair_network,,,,,,short,L/2,0.358695652173913,1059,37,92,teacher-fit
afdb,AF-A0A4Q5RUA1-F1,185,sparsa,single_seq,pair_network,,,,,,short,L/5,0.5945945945945946,1059,37,37,teacher-fit
afdb,AF-A0A4Q5RUA1-F1,185,sparsa,single_seq,pair_network,,,,,,short,R,0.5945945945945946,1059,37,37,teacher-fit
afdb,AF-A0A4Q5RUA1-F1,185,sparsa,single_seq,pair_network,,,,,,short,AUC,0.9755646057015919,1059,37,1059,teacher-fit
afdb,AF-A0A4Q5RUA1-F1,185,sparsa,single_seq,pair_network,,,,,,medium,L,0.1945945945945946,2010,49,185,teacher-fit
afdb,AF-A0A4Q5RUA1-F1,185,sparsa,single_seq,pair_network,,,,,,medium,L/2,0.31521739130434784,2010,49,92,teacher-fit
afdb,AF-A0A4Q5RUA1-F1,185,sparsa,single_seq,pair_network,,,,,,medium,L/5,0.40540540540540543,2010,49,37,teacher-fit
afdb,AF-A0A4Q5RUA1-F1,185,sparsa,single_seq,pair_network,,,,,,medium,R,0.3469387755102041,2010,49,49,teacher-fit
afdb,AF-A0A4Q5RUA1-F1,185,sparsa,single_seq,pair_network,,,,,,medium,AUC,0.9528353921884918,2010,49,2010,teacher-fit
afdb,AF-A0A4Q5RUA1-F1,185,sparsa,single_seq,pair_network,,,,,,long,L,0.08108108108108109,13041,53,185,teacher-fit
afdb,AF-A0A4Q5RUA1-F1,185,sparsa,single_seq,pair_network,,,,,,long,L/2,0.08695652173913043,13041,53,92,teacher-fit
afdb,AF-A0A4Q5RUA1-F1,185,sparsa,single_seq,pair_network,,,,,,long,L/5,0.10810810810810811,13041,53,37,teacher-fit
afdb,AF-A0A4Q5RUA1-F1,185,sparsa,single_seq,pair_network,,,,,,long,R,0.11320754716981132,13041,53,53,teacher-fit
afdb,AF-A0A4Q5RUA1-F1,185,sparsa,single_seq,pair_network,,,,,,long,AUC,0.9283467758337158,13041,53,13041,teacher-fit
afdb,AF-A0A5C3Q4J1-F1,160,sparsa,single_seq,pair_network,,,,,,all,L,0.15625,11935,135,160,teacher-fit
afdb,AF-A0A5C3Q4J1-F1,160,sparsa,single_seq,pair_network,,,,,,all,L/2,0.2,11935,135,80,teacher-fit
afdb,AF-A0A5C3Q4J1-F1,160,sparsa,single_seq,pair_network,,,,,,all,L/5,0.25,11935,135,32,teacher-fit
afdb,AF-A0A5C3Q4J1-F1,160,sparsa,single_seq,pair_network,,,,,,all,R,0.15555555555555556,11935,135,135,teacher-fit
afdb,AF-A0A5C3Q4J1-F1,160,sparsa,single_seq,pair_network,,,,,,all,AUC,0.8922677338355305,11935,135,11935,teacher-fit
afdb,AF-A0A5C3Q4J1-F1,160,sparsa,single_seq,pair_network,,,,,,short,L,0.1,909,22,160,teacher-fit
afdb,AF-A0A5C3Q4J1-F1,160,sparsa,single_seq,pair_network,,,,,,short,L/2,0.15,909,22,80,teacher-fit
afdb,AF-A0A5C3Q4J1-F1,160,sparsa,single_seq,pair_network,,,,,,short,L/5,0.25,909,22,32,teacher-fit
afdb,AF-A0A5C3Q4J1-F1,160,sparsa,single_seq,pair_network,,,,,,short,R,0.3181818181818182,909,22,22,teacher-fit
afdb,AF-A0A5C3Q4J1-F1,160,sparsa,single_seq,pair_network,,,,,,short,AUC,0.9010710259301015,909,22,909,teacher-fit
afdb,AF-A0A5C3Q4J1-F1,160,sparsa,single_seq,pair_network,,,,,,medium,L,0.125,1710,35,160,teacher-fit
afdb,AF-A0A5C3Q4J1-F1,160,sparsa,single_seq,pair_network,,,,,,medium,L/2,0.125,1710,35,80,teacher-fit
afdb,AF-A0A5C3Q4J1-F1,160,sparsa,single_seq,pair_network,,,,,,medium,L/5,0.1875,1710,35,32,teacher-fit
afdb,AF-A0A5C3Q4J1-F1,160,sparsa,single_seq,pair_network,,,,,,medium,R,0.17142857142857143,1710,35,35,teacher-fit
afdb,AF-A0A5C3Q4J1-F1,160,sparsa,single_seq,pair_network,,,,,,medium,AUC,0.8988315565031983,1710,35,1710,teacher-fit
afdb,AF-A0A5C3Q4J1-F1,160,sparsa,single_seq,pair_network,,,,,,long,L,0.10625,9316,78,160,teacher-fit
afdb,AF-A0A5C3Q4J1-F1,160,sparsa,single_seq,pair_network,,,,,,long,L/2,0.125,9316,78,80,teacher-fit
afdb,AF-A0A5C3Q4J1-F1,160,sparsa,single_seq,pair_network,,,,,,long,L/5,0.09375,9316,78,32,teacher-fit
afdb,AF-A0A5C3Q4J1-F1,160,sparsa,single_seq,pair_network,,,,,,long,R,0.1282051282051282,9316,78,78,teacher-fit
afdb,AF-A0A5C3Q4J1-F1,160,sparsa,single_seq,pair_network,,,,,,long,AUC,0.8739799656935401,9316,78,9316,teacher-fit
afdb,AF-A0A1G7EPD9-F1,1002,sparsa,single_seq,pair_network,,,,,,all,L,0.16067864271457086,496506,928,1002,teacher-fit
afdb,AF-A0A1G7EPD9-F1,1002,sparsa,single_seq,pair_network,,,,,,all,L/2,0.20359281437125748,496506,928,501,teacher-fit
afdb,AF-A0A1G7EPD9-F1,1002,sparsa,single_seq,pair_network,,,,,,all,L/5,0.27,496506,928,200,teacher-fit
afdb,AF-A0A1G7EPD9-F1,1002,sparsa,single_seq,pair_network,,,,,,all,R,0.16702586206896552,496506,928,928,teacher-fit
afdb,AF-A0A1G7EPD9-F1,1002,sparsa,single_seq,pair_network,,,,,,all,AUC,0.9341006995175678,496506,928,496506,teacher-fit
afdb,AF-A0A1G7EPD9-F1,1002,sparsa,single_seq,pair_network,,,,,,short,L,0.09780439121756487,5961,122,1002,teacher-fit
afdb,AF-A0A1G7EPD9-F1,1002,sparsa,single_seq,pair_network,,,,,,short,L/2,0.14770459081836326,5961,122,501,teacher-fit
afdb,AF-A0A1G7EPD9-F1,1002,sparsa,single_seq,pair_network,,,,,,short,L/5,0.22,5961,122,200,teacher-fit
afdb,AF-A0A1G7EPD9-F1,1002,sparsa,single_seq,pair_network,,,,,,short,R,0.2786885245901639,5961,122,122,teacher-fit
afdb,AF-A0A1G7EPD9-F1,1002,sparsa,single_seq,pair_network,,,,,,short,AUC,0.9171055845515879,5961,122,5961,teacher-fit
afdb,AF-A0A1G7EPD9-F1,1002,sparsa,single_seq,pair_network,,,,,,medium,L,0.09780439121756487,11814,152,1002,teacher-fit
afdb,AF-A0A1G7EPD9-F1,1002,sparsa,single_seq,pair_network,,,,,,medium,L/2,0.14171656686626746,11814,152,501,teacher-fit
afdb,AF-A0A1G7EPD9-F1,1002,sparsa,single_seq,pair_network,,,,,,medium,L/5,0.215,11814,152,200,teacher-fit
afdb,AF-A0A1G7EPD9-F1,1002,sparsa,single_seq,pair_network,,,,,,medium,R,0.21710526315789475,11814,152,152,teacher-fit
afdb,AF-A0A1G7EPD9-F1,1002,sparsa,single_seq,pair_network,,,,,,medium,AUC,0.908128570977263,11814,152,11814,teacher-fit
afdb,AF-A0A1G7EPD9-F1,1002,sparsa,single_seq,pair_network,,,,,,long,L,0.08582834331337326,478731,654,1002,teacher-fit
afdb,AF-A0A1G7EPD9-F1,1002,sparsa,single_seq,pair_network,,,,,,long,L/2,0.11177644710578842,478731,654,501,teacher-fit
afdb,AF-A0A1G7EPD9-F1,1002,sparsa,single_seq,pair_network,,,,,,long,L/5,0.145,478731,654,200,teacher-fit
afdb,AF-A0A1G7EPD9-F1,1002,sparsa,single_seq,pair_network,,,,,,long,R,0.09938837920489296,478731,654,654,teacher-fit
afdb,AF-A0A1G7EPD9-F1,1002,sparsa,single_seq,pair_network,,,,,,long,AUC,0.9188243088731519,478731,654,478731,teacher-fit
afdb,AF-A0A1M3CNG8-F1,155,sparsa,single_seq,pair_network,,,,,,all,L,0.14193548387096774,11175,73,155,teacher-fit
afdb,AF-A0A1M3CNG8-F1,155,sparsa,single_seq,pair_network,,,,,,all,L/2,0.19480519480519481,11175,73,77,teacher-fit
afdb,AF-A0A1M3CNG8-F1,155,sparsa,single_seq,pair_network,,,,,,all,L/5,0.3548387096774194,11175,73,31,teacher-fit
afdb,AF-A0A1M3CNG8-F1,155,sparsa,single_seq,pair_network,,,,,,all,R,0.2054794520547945,11175,73,73,teacher-fit
afdb,AF-A0A1M3CNG8-F1,155,sparsa,single_seq,pair_network,,,,,,all,AUC,0.9118793849312601,11175,73,11175,teacher-fit
afdb,AF-A0A1M3CNG8-F1,155,sparsa,single_seq,pair_network,,,,,,short,L,0.1032258064516129,879,26,155,teacher-fit
afdb,AF-A0A1M3CNG8-F1,155,sparsa,single_seq,pair_network,,,,,,short,L/2,0.15584415584415584,879,26,77,teacher-fit
afdb,AF-A0A1M3CNG8-F1,155,sparsa,single_seq,pair_network,,,,,,short,L/5,0.12903225806451613,879,26,31,teacher-fit
afdb,AF-A0A1M3CNG8-F1,155,sparsa,single_seq,pair_network,,,,,,short,R,0.11538461538461539,879,26,26,teacher-fit
afdb,AF-A0A1M3CNG8-F1,155,sparsa,single_seq,pair_network,,,,,,short,AUC,0.8439444494544143,879,26,879,teacher-fit
afdb,AF-A0A1M3CNG8-F1,155,sparsa,single_seq,pair_network,,,,,,medium,L,0.14193548387096774,1650,33,155,teacher-fit
afdb,AF-A0A1M3CNG8-F1,155,sparsa,single_seq,pair_network,,,,,,medium,L/2,0.2077922077922078,1650,33,77,teacher-fit
afdb,AF-A0A1M3CNG8-F1,155,sparsa,single_seq,pair_network,,,,,,medium,L/5,0.3225806451612903,1650,33,31,teacher-fit
afdb,AF-A0A1M3CNG8-F1,155,sparsa,single_seq,pair_network,,,,,,medium,R,0.30303030303030304,1650,33,33,teacher-fit
afdb,AF-A0A1M3CNG8-F1,155,sparsa,single_seq,pair_network,,,,,,medium,AUC,0.9100747737111373,1650,33,1650,teacher-fit
afdb,AF-A0A1M3CNG8-F1,155,sparsa,single_seq,pair_network,,,,,,long,L,0.0064516129032258064,8646,14,155,teacher-fit
afdb,AF-A0A1M3CNG8-F1,155,sparsa,single_seq,pair_network,,,,,,long,L/2,0.0,8646,14,77,teacher-fit
afdb,AF-A0A1M3CNG8-F1,155,sparsa,single_seq,pair_network,,,,,,long,L/5,0.0,8646,14,31,teacher-fit
afdb,AF-A0A1M3CNG8-F1,155,sparsa,single_seq,pair_network,,,,,,long,R,0.0,8646,14,14,teacher-fit
afdb,AF-A0A1M3CNG8-F1,155,sparsa,single_seq,pair_network,,,,,,long,AUC,0.891235270753343,8646,14,8646,teacher-fit
afdb,AF-A0A4P9YWU6-F1,178,sparsa,single_seq,pair_network,,,,,,all,L,0.17415730337078653,14878,107,178,teacher-fit
afdb,AF-A0A4P9YWU6-F1,178,sparsa,single_seq,pair_network,,,,,,all,L/2,0.30337078651685395,14878,107,89,teacher-fit
afdb,AF-A0A4P9YWU6-F1,178,sparsa,single_seq,pair_network,,,,,,all,L/5,0.5714285714285714,14878,107,35,teacher-fit
afdb,AF-A0A4P9YWU6-F1,178,sparsa,single_seq,pair_network,,,,,,all,R,0.2616822429906542,14878,107,107,teacher-fit
afdb,AF-A0A4P9YWU6-F1,178,sparsa,single_seq,pair_network,,,,,,all,AUC,0.9269998614359913,14878,107,14878,teacher-fit
afdb,AF-A0A4P9YWU6-F1,178,sparsa,single_seq,pair_network,,,,,,short,L,0.06741573033707865,1017,16,178,teacher-fit
afdb,AF-A0A4P9YWU6-F1,178,sparsa,single_seq,pair_network,,,,,,short,L/2,0.10112359550561797,1017,16,89,teacher-fit
afdb,AF-A0A4P9YWU6-F1,178,sparsa,single_seq,pair_network,,,,,,short,L/5,0.22857142857142856,1017,16,35,teacher-fit
afdb,AF-A0A4P9YWU6-F1,178,sparsa,single_seq,pair_network,,,,,,short,R,0.5,1017,16,16,teacher-fit
afdb,AF-A0A4P9YWU6-F1,178,sparsa,single_seq,pair_network,,,,,,short,AUC,0.906968031968032,1017,16,1017,teacher-fit
afdb,AF-A0A4P9YWU6-F1,178,sparsa,single_seq,pair_network,,,,,,medium,L,0.07865168539325842,1926,28,178,teacher-fit
afdb,AF-A0A4P9YWU6-F1,178,sparsa,single_seq,pair_network,,,,,,medium,L/2,0.12359550561797752,1926,28,89,teacher-fit
afdb,AF-A0A4P9YWU6-F1,178,sparsa,single_seq,pair_network,,,,,,medium,L/5,0.22857142857142856,1926,28,35,teacher-fit
afdb,AF-A0A4P9YWU6-F1,178,sparsa,single_seq,pair_network,,,,,,medium,R,0.25,1926,28,28,teacher-fit
afdb,AF-A0A4P9YWU6-F1,178,sparsa,single_seq,pair_network,,,,,,medium,AUC,0.9009860003010688,1926,28,1926,teacher-fit
afdb,AF-A0A4P9YWU6-F1,178,sparsa,single_seq,pair_network,,,,,,long,L,0.10674157303370786,11935,63,178,teacher-fit
afdb,AF-A0A4P9YWU6-F1,178,sparsa,single_seq,pair_network,,,,,,long,L/2,0.14606741573033707,11935,63,89,teacher-fit
afdb,AF-A0A4P9YWU6-F1,178,sparsa,single_seq,pair_network,,,,,,long,L/5,0.3142857142857143,11935,63,35,teacher-fit
afdb,AF-A0A4P9YWU6-F1,178,sparsa,single_seq,pair_network,,,,,,long,R,0.1746031746031746,11935,63,63,teacher-fit
afdb,AF-A0A4P9YWU6-F1,178,sparsa,single_seq,pair_network,,,,,,long,AUC,0.9274296196466008,11935,63,11935,teacher-fit
afdb,AF-A0A1M4V9Q9-F1,319,sparsa,single_seq,pair_network,,,,,,all,L,0.2476489028213166,49141,291,319,teacher-fit
afdb,AF-A0A1M4V9Q9-F1,319,sparsa,single_seq,pair_network,,,,,,all,L/2,0.33962264150943394,49141,291,159,teacher-fit
afdb,AF-A0A1M4V9Q9-F1,319,sparsa,single_seq,pair_network,,,,,,all,L/5,0.5079365079365079,49141,291,63,teacher-fit
afdb,AF-A0A1M4V9Q9-F1,319,sparsa,single_seq,pair_network,,,,,,all,R,0.2646048109965636,49141,291,291,teacher-fit
afdb,AF-A0A1M4V9Q9-F1,319,sparsa,single_seq,pair_network,,,,,,all,AUC,0.9367725381365918,49141,291,49141,teacher-fit
afdb,AF-A0A1M4V9Q9-F1,319,sparsa,single_seq,pair_network,,,,,,short,L,0.11912225705329153,1863,51,319,teacher-fit
afdb,AF-A0A1M4V9Q9-F1,319,sparsa,single_seq,pair_network,,,,,,short,L/2,0.16352201257861634,1863,51,159,teacher-fit
afdb,AF-A0A1M4V9Q9-F1,319,sparsa,single_seq,pair_network,,,,,,short,L/5,0.2698412698412698,1863,51,63,teacher-fit
afdb,AF-A0A1M4V9Q9-F1,319,sparsa,single_seq,pair_network,,,,,,short,R,0.3333333333333333,1863,51,51,teacher-fit
afdb,AF-A0A1M4V9Q9-F1,319,sparsa,single_seq,pair_network,,,,,,short,AUC,0.8771479894386011,1863,51,1863,teacher-fit
afdb,AF-A0A1M4V9Q9-F1,319,sparsa,single_seq,pair_network,,,,,,medium,L,0.13479623824451412,3618,62,319,teacher-fit
afdb,AF-A0A1M4V9Q9-F1,319,sparsa,single_seq,pair_network,,,,,,medium,L/2,0.2138364779874214,3618,62,159,teacher-fit
afdb,AF-A0A1M4V9Q9-F1,319,sparsa,single_seq,pair_network,,,,,,medium,L/5,0.3492063492063492,3618,62,63,teacher-fit
afdb,AF-A0A1M4V9Q9-F1,319,sparsa,single_seq,pair_network,,,,,,medium,R,0.3548387096774194,3618,62,62,teacher-fit
afdb,AF-A0A1M4V9Q9-F1,319,sparsa,single_seq,pair_network,,,,,,medium,AUC,0.9292223048731811,3618,62,3618,teacher-fit
afdb,AF-A0A1M4V9Q9-F1,319,sparsa,single_seq,pair_network,,,,,,long,L,0.14420062695924765,43660,178,319,teacher-fit
afdb,AF-A0A1M4V9Q9-F1,319,sparsa,single_seq,pair_network,,,,,,long,L/2,0.23270440251572327,43660,178,159,teacher-fit
afdb,AF-A0A1M4V9Q9-F1,319,sparsa,single_seq,pair_network,,,,,,long,L/5,0.36507936507936506,43660,178,63,teacher-fit
afdb,AF-A0A1M4V9Q9-F1,319,sparsa,single_seq,pair_network,,,,,,long,R,0.20786516853932585,43660,178,178,teacher-fit
afdb,AF-A0A1M4V9Q9-F1,319,sparsa,single_seq,pair_network,,,,,,long,AUC,0.9321538319614626,43660,178,43660,teacher-fit
afdb,AF-A0A6G9PST8-F1,55,sparsa,single_seq,pair_network,,,,,,all,L,0.03636363636363636,1225,11,55,teacher-fit
afdb,AF-A0A6G9PST8-F1,55,sparsa,single_seq,pair_network,,,,,,all,L/2,0.0,1225,11,27,teacher-fit
afdb,AF-A0A6G9PST8-F1,55,sparsa,single_seq,pair_network,,,,,,all,L/5,0.0,1225,11,11,teacher-fit
afdb,AF-A0A6G9PST8-F1,55,sparsa,single_seq,pair_network,,,,,,all,R,0.0,1225,11,11,teacher-fit
afdb,AF-A0A6G9PST8-F1,55,sparsa,single_seq,pair_network,,,,,,all,AUC,0.7722405271828665,1225,11,1225,teacher-fit
afdb,AF-A0A6G9PST8-F1,55,sparsa,single_seq,pair_network,,,,,,short,L,0.03636363636363636,279,2,55,teacher-fit
afdb,AF-A0A6G9PST8-F1,55,sparsa,single_seq,pair_network,,,,,,short,L/2,0.07407407407407407,279,2,27,teacher-fit
afdb,AF-A0A6G9PST8-F1,55,sparsa,single_seq,pair_network,,,,,,short,L/5,0.0,279,2,11,teacher-fit
afdb,AF-A0A6G9PST8-F1,55,sparsa,single_seq,pair_network,,,,,,short,R,0.0,279,2,2,teacher-fit
afdb,AF-A0A6G9PST8-F1,55,sparsa,single_seq,pair_network,,,,,,short,AUC,0.9268953068592058,279,2,279,teacher-fit
afdb,AF-A0A6G9PST8-F1,55,sparsa,single_seq,pair_network,,,,,,medium,L,0.01818181818181818,450,7,55,teacher-fit
afdb,AF-A0A6G9PST8-F1,55,sparsa,single_seq,pair_network,,,,,,medium,L/2,0.0,450,7,27,teacher-fit
afdb,AF-A0A6G9PST8-F1,55,sparsa,single_seq,pair_network,,,,,,medium,L/5,0.0,450,7,11,teacher-fit
afdb,AF-A0A6G9PST8-F1,55,sparsa,single_seq,pair_network,,,,,,medium,R,0.0,450,7,7,teacher-fit
afdb,AF-A0A6G9PST8-F1,55,sparsa,single_seq,pair_network,,,,,,medium,AUC,0.7147694292163818,450,7,450,teacher-fit
afdb,AF-A0A6G9PST8-F1,55,sparsa,single_seq,pair_network,,,,,,long,L,0.03636363636363636,496,2,55,teacher-fit
afdb,AF-A0A6G9PST8-F1,55,sparsa,single_seq,pair_network,,,,,,long,L/2,0.07407407407407407,496,2,27,teacher-fit
afdb,AF-A0A6G9PST8-F1,55,sparsa,single_seq,pair_network,,,,,,long,L/5,0.0,496,2,11,teacher-fit
afdb,AF-A0A6G9PST8-F1,55,sparsa,single_seq,pair_network,,,,,,long,R,0.0,496,2,2,teacher-fit
afdb,AF-A0A6G9PST8-F1,55,sparsa,single_seq,pair_network,,,,,,long,AUC,0.9605263157894737,496,2,496,teacher-fit
afdb,AF-A0A3E0NX75-F1,140,sparsa,single_seq,pair_network,,,,,,all,L,0.2642857142857143,9045,101,140,teacher-fit
afdb,AF-A0A3E0NX75-F1,140,sparsa,single_seq,pair_network,,,,,,all,L/2,0.4,9045,101,70,teacher-fit
afdb,AF-A0A3E0NX75-F1,140,sparsa,single_seq,pair_network,,,,,,all,L/5,0.6785714285714286,9045,101,28,teacher-fit
afdb,AF-A0A3E0NX75-F1,140,sparsa,single_seq,pair_network,,,,,,all,R,0.31683168316831684,9045,101,101,teacher-fit
afdb,AF-A0A3E0NX75-F1,140,sparsa,single_seq,pair_network,,,,,,all,AUC,0.8896068385908358,9045,101,9045,teacher-fit
afdb,AF-A0A3E0NX75-F1,140,sparsa,single_seq,pair_network,,,,,,short,L,0.1357142857142857,789,24,140,teacher-fit
afdb,AF-A0A3E0NX75-F1,140,sparsa,single_seq,pair_network,,,,,,short,L/2,0.24285714285714285,789,24,70,teacher-fit
afdb,AF-A0A3E0NX75-F1,140,sparsa,single_seq,pair_network,,,,,,short,L/5,0.42857142857142855,789,24,28,teacher-fit
afdb,AF-A0A3E0NX75-F1,140,sparsa,single_seq,pair_network,,,,,,short,R,0.4583333333333333,789,24,24,teacher-fit
afdb,AF-A0A3E0NX75-F1,140,sparsa,single_seq,pair_network,,,,,,short,AUC,0.9285675381263616,789,24,789,teacher-fit
afdb,AF-A0A3E0NX75-F1,140,sparsa,single_seq,pair_network,,,,,,medium,L,0.12857142857142856,1470,26,140,teacher-fit
afdb,AF-A0A3E0NX75-F1,140,sparsa,single_seq,pair_network,,,,,,medium,L/2,0.22857142857142856,1470,26,70,teacher-fit
afdb,AF-A0A3E0NX75-F1,140,sparsa,single_seq,pair_network,,,,,,medium,L/5,0.42857142857142855,1470,26,28,teacher-fit
afdb,AF-A0A3E0NX75-F1,140,sparsa,single_seq,pair_network,,,,,,medium,R,0.46153846153846156,1470,26,26,teacher-fit
afdb,AF-A0A3E0NX75-F1,140,sparsa,single_seq,pair_network,,,,,,medium,AUC,0.9240091625825697,1470,26,1470,teacher-fit
afdb,AF-A0A3E0NX75-F1,140,sparsa,single_seq,pair_network,,,,,,long,L,0.09285714285714286,6786,51,140,teacher-fit
afdb,AF-A0A3E0NX75-F1,140,sparsa,single_seq,pair_network,,,,,,long,L/2,0.12857142857142856,6786,51,70,teacher-fit
afdb,AF-A0A3E0NX75-F1,140,sparsa,single_seq,pair_network,,,,,,long,L/5,0.17857142857142858,6786,51,28,teacher-fit
afdb,AF-A0A3E0NX75-F1,140,sparsa,single_seq,pair_network,,,,,,long,R,0.1568627450980392,6786,51,51,teacher-fit
afdb,AF-A0A3E0NX75-F1,140,sparsa,single_seq,pair_network,,,,,,long,AUC,0.8447923490108737,6786,51,6786,teacher-fit
afdb,AF-A0A2H3BFA3-F1,278,sparsa,single_seq,pair_network,,,,,,all,L,0.15827338129496402,37128,260,278,teacher-fit
afdb,AF-A0A2H3BFA3-F1,278,sparsa,single_seq,pair_network,,,,,,all,L/2,0.18705035971223022,37128,260,139,teacher-fit
afdb,AF-A0A2H3BFA3-F1,278,sparsa,single_seq,pair_network,,,,,,all,L/5,0.21818181818181817,37128,260,55,teacher-fit
afdb,AF-A0A2H3BFA3-F1,278,sparsa,single_seq,pair_network,,,,,,all,R,0.16538461538461538,37128,260,260,teacher-fit
afdb,AF-A0A2H3BFA3-F1,278,sparsa,single_seq,pair_network,,,,,,all,AUC,0.8642663326962718,37128,260,37128,teacher-fit
afdb,AF-A0A2H3BFA3-F1,278,sparsa,single_seq,pair_network,,,,,,short,L,0.07553956834532374,1617,30,278,teacher-fit
afdb,AF-A0A2H3BFA3-F1,278,sparsa,single_seq,pair_network,,,,,,short,L/2,0.1223021582733813,1617,30,139,teacher-fit
afdb,AF-A0A2H3BFA3-F1,278,sparsa,single_seq,pair_network,,,,,,short,L/5,0.21818181818181817,1617,30,55,teacher-fit
afdb,AF-A0A2H3BFA3-F1,278,sparsa,single_seq,pair_network,,,,,,short,R,0.23333333333333334,1617,30,30,teacher-fit
afdb,AF-A0A2H3BFA3-F1,278,sparsa,single_seq,pair_network,,,,,,short,AUC,0.840023104389834,1617,30,1617,teacher-fit
afdb,AF-A0A2H3BFA3-F1,278,sparsa,single_seq,pair_network,,,,,,medium,L,0.11151079136690648,3126,52,278,teacher-fit
afdb,AF-A0A2H3BFA3-F1,278,sparsa,single_seq,pair_network,,,,,,medium,L/2,0.17266187050359713,3126,52,139,teacher-fit
afdb,AF-A0A2H3BFA3-F1,278,sparsa,single_seq,pair_network,,,,,,medium,L/5,0.2,3126,52,55,teacher-fit
afdb,AF-A0A2H3BFA3-F1,278,sparsa,single_seq,pair_network,,,,,,medium,R,0.21153846153846154,3126,52,52,teacher-fit
afdb,AF-A0A2H3BFA3-F1,278,sparsa,single_seq,pair_network,,,,,,medium,AUC,0.8835268505079825,3126,52,3126,teacher-fit
afdb,AF-A0A2H3BFA3-F1,278,sparsa,single_seq,pair_network,,,,,,long,L,0.1223021582733813,32385,178,278,teacher-fit
afdb,AF-A0A2H3BFA3-F1,278,sparsa,single_seq,pair_network,,,,,,long,L/2,0.1223021582733813,32385,178,139,teacher-fit
afdb,AF-A0A2H3BFA3-F1,278,sparsa,single_seq,pair_network,,,,,,long,L/5,0.14545454545454545,32385,178,55,teacher-fit
afdb,AF-A0A2H3BFA3-F1,278,sparsa,single_seq,pair_network,,,,,,long,R,0.10674157303370786,32385,178,178,teacher-fit
afdb,AF-A0A2H3BFA3-F1,278,sparsa,single_seq,pair_network,,,,,,long,AUC,0.8523816094135442,32385,178,32385,teacher-fit
afdb,AF-A0A3N4K0C0-F1,369,sparsa,single_seq,pair_network,,,,,,all,L,0.11653116531165311,66066,273,369,teacher-fit
afdb,AF-A0A3N4K0C0-F1,369,sparsa,single_seq,pair_network,,,,,,all,L/2,0.15760869565217392,66066,273,184,teacher-fit
afdb,AF-A0A3N4K0C0-F1,369,sparsa,single_seq,pair_network,,,,,,all,L/5,0.2328767123287671,66066,273,73,teacher-fit
afdb,AF-A0A3N4K0C0-F1,369,sparsa,single_seq,pair_network,,,,,,all,R,0.1391941391941392,66066,273,273,teacher-fit
afdb,AF-A0A3N4K0C0-F1,369,sparsa,single_seq,pair_network,,,,,,all,AUC,0.843221600391816,66066,273,66066,teacher-fit
afdb,AF-A0A3N4K0C0-F1,369,sparsa,single_seq,pair_network,,,,,,short,L,0.06504065040650407,2163,33,369,teacher-fit
afdb,AF-A0A3N4K0C0-F1,369,sparsa,single_seq,pair_network,,,,,,short,L/2,0.125,2163,33,184,teacher-fit
afdb,AF-A0A3N4K0C0-F1,369,sparsa,single_seq,pair_network,,,,,,short,L/5,0.2465753424657534,2163,33,73,teacher-fit
afdb,AF-A0A3N4K0C0-F1,369,sparsa,single_seq,pair_network,,,,,,short,R,0.3939393939393939,2163,33,33,teacher-fit
afdb,AF-A0A3N4K0C0-F1,369,sparsa,single_seq,pair_network,,,,,,short,AUC,0.9005619576042111,2163,33,2163,teacher-fit
afdb,AF-A0A3N4K0C0-F1,369,sparsa,single_seq,pair_network,,,,,,medium,L,0.06233062330623306,4218,45,369,teacher-fit
afdb,AF-A0A3N4K0C0-F1,369,sparsa,single_seq,pair_network,,,,,,medium,L/2,0.09239130434782608,4218,45,184,teacher-fit
afdb,AF-A0A3N4K0C0-F1,369,sparsa,single_seq,pair_network,,,,,,medium,L/5,0.1506849315068493,4218,45,73,teacher-fit
afdb,AF-A0A3N4K0C0-F1,369,sparsa,single_seq,pair_network,,,,,,medium,R,0.15555555555555556,4218,45,45,teacher-fit
afdb,AF-A0A3N4K0C0-F1,369,sparsa,single_seq,pair_network,,,,,,medium,AUC,0.8484836382032643,4218,45,4218,teacher-fit
afdb,AF-A0A3N4K0C0-F1,369,sparsa,single_seq,pair_network,,,,,,long,L,0.06775067750677506,59685,195,369,teacher-fit
afdb,AF-A0A3N4K0C0-F1,369,sparsa,single_seq,pair_network,,,,,,long,L/2,0.059782608695652176,59685,195,184,teacher-fit
afdb,AF-A0A3N4K0C0-F1,369,sparsa,single_seq,pair_network,,,,,,long,L/5,0.0684931506849315,59685,195,73,teacher-fit
afdb,AF-A0A3N4K0C0-F1,369,sparsa,single_seq,pair_network,,,,,,long,R,0.06153846153846154,59685,195,195,teacher-fit
afdb,AF-A0A3N4K0C0-F1,369,sparsa,single_seq,pair_network,,,,,,long,AUC,0.8204215748391239,59685,195,59685,teacher-fit
afdb,AF-A0A223NZY9-F1,498,sparsa,single_seq,pair_network,,,,,,all,L,0.10240963855421686,121278,327,498,teacher-fit
afdb,AF-A0A223NZY9-F1,498,sparsa,single_seq,pair_network,,,,,,all,L/2,0.18072289156626506,121278,327,249,teacher-fit
afdb,AF-A0A223NZY9-F1,498,sparsa,single_seq,pair_network,,,,,,all,L/5,0.2727272727272727,121278,327,99,teacher-fit
afdb,AF-A0A223NZY9-F1,498,sparsa,single_seq,pair_network,,,,,,all,R,0.1437308868501529,121278,327,327,teacher-fit
afdb,AF-A0A223NZY9-F1,498,sparsa,single_seq,pair_network,,,,,,all,AUC,0.9399466288784724,121278,327,121278,teacher-fit
afdb,AF-A0A223NZY9-F1,498,sparsa,single_seq,pair_network,,,,,,short,L,0.08634538152610442,2937,50,498,teacher-fit
afdb,AF-A0A223NZY9-F1,498,sparsa,single_seq,pair_network,,,,,,short,L/2,0.14859437751004015,2937,50,249,teacher-fit
afdb,AF-A0A223NZY9-F1,498,sparsa,single_seq,pair_network,,,,,,short,L/5,0.29292929292929293,2937,50,99,teacher-fit
afdb,AF-A0A223NZY9-F1,498,sparsa,single_seq,pair_network,,,,,,short,R,0.44,2937,50,50,teacher-fit
afdb,AF-A0A223NZY9-F1,498,sparsa,single_seq,pair_network,,,,,,short,AUC,0.944593003117423,2937,50,2937,teacher-fit
afdb,AF-A0A223NZY9-F1,498,sparsa,single_seq,pair_network,,,,,,medium,L,0.04618473895582329,5766,54,498,teacher-fit
afdb,AF-A0A223NZY9-F1,498,sparsa,single_seq,pair_network,,,,,,medium,L/2,0.0642570281124498,5766,54,249,teacher-fit
afdb,AF-A0A223NZY9-F1,498,sparsa,single_seq,pair_network,,,,,,medium,L/5,0.13131313131313133,5766,54,99,teacher-fit
afdb,AF-A0A223NZY9-F1,498,sparsa,single_seq,pair_network,,,,,,medium,R,0.18518518518518517,5766,54,54,teacher-fit
afdb,AF-A0A223NZY9-F1,498,sparsa,single_seq,pair_network,,,,,,medium,AUC,0.8727127425044091,5766,54,5766,teacher-fit
afdb,AF-A0A223NZY9-F1,498,sparsa,single_seq,pair_network,,,,,,long,L,0.03614457831325301,112575,223,498,teacher-fit
afdb,AF-A0A223NZY9-F1,498,sparsa,single_seq,pair_network,,,,,,long,L/2,0.0321285140562249,112575,223,249,teacher-fit
afdb,AF-A0A223NZY9-F1,498,sparsa,single_seq,pair_network,,,,,,long,L/5,0.010101010101010102,112575,223,99,teacher-fit
afdb,AF-A0A223NZY9-F1,498,sparsa,single_seq,pair_network,,,,,,long,R,0.026905829596412557,112575,223,223,teacher-fit
afdb,AF-A0A223NZY9-F1,498,sparsa,single_seq,pair_network,,,,,,long,AUC,0.9343179164330426,112575,223,112575,teacher-fit
afdb,AF-A0A537V195-F1,93,sparsa,single_seq,pair_network,,,,,,all,L,0.5053763440860215,3828,96,93,teacher-fit
afdb,AF-A0A537V195-F1,93,sparsa,single_seq,pair_network,,,,,,all,L/2,0.6956521739130435,3828,96,46,teacher-fit
afdb,AF-A0A537V195-F1,93,sparsa,single_seq,pair_network,,,,,,all,L/5,0.8333333333333334,3828,96,18,teacher-fit
afdb,AF-A0A537V195-F1,93,sparsa,single_seq,pair_network,,,,,,all,R,0.5,3828,96,96,teacher-fit
afdb,AF-A0A537V195-F1,93,sparsa,single_seq,pair_network,,,,,,all,AUC,0.9559022195426938,3828,96,3828,teacher-fit
afdb,AF-A0A537V195-F1,93,sparsa,single_seq,pair_network,,,,,,short,L,0.12903225806451613,507,16,93,teacher-fit
afdb,AF-A0A537V195-F1,93,sparsa,single_seq,pair_network,,,,,,short,L/2,0.2391304347826087,507,16,46,teacher-fit
afdb,AF-A0A537V195-F1,93,sparsa,single_seq,pair_network,,,,,,short,L/5,0.3333333333333333,507,16,18,teacher-fit
afdb,AF-A0A537V195-F1,93,sparsa,single_seq,pair_network,,,,,,short,R,0.375,507,16,16,teacher-fit
afdb,AF-A0A537V195-F1,93,sparsa,single_seq,pair_network,,,,,,short,AUC,0.888556517311609,507,16,507,teacher-fit
afdb,AF-A0A537V195-F1,93,sparsa,single_seq,pair_network,,,,,,medium,L,0.34408602150537637,906,40,93,teacher-fit
afdb,AF-A0A537V195-F1,93,sparsa,single_seq,pair_network,,,,,,medium,L/2,0.45652173913043476,906,40,46,teacher-fit
afdb,AF-A0A537V195-F1,93,sparsa,single_seq,pair_network,,,,,,medium,L/5,0.7222222222222222,906,40,18,teacher-fit
afdb,AF-A0A537V195-F1,93,sparsa,single_seq,pair_network,,,,,,medium,R,0.5,906,40,40,teacher-fit
afdb,AF-A0A537V195-F1,93,sparsa,single_seq,pair_network,,,,,,medium,AUC,0.9599451501154734,906,40,906,teacher-fit
afdb,AF-A0A537V195-F1,93,sparsa,single_seq,pair_network,,,,,,long,L,0.3333333333333333,2415,40,93,teacher-fit
afdb,AF-A0A537V195-F1,93,sparsa,single_seq,pair_network,,,,,,long,L/2,0.45652173913043476,2415,40,46,teacher-fit
afdb,AF-A0A537V195-F1,93,sparsa,single_seq,pair_network,,,,,,long,L/5,0.7222222222222222,2415,40,18,teacher-fit
afdb,AF-A0A537V195-F1,93,sparsa,single_seq,pair_network,,,,,,long,R,0.525,2415,40,40,teacher-fit
afdb,AF-A0A537V195-F1,93,sparsa,single_seq,pair_network,,,,,,long,AUC,0.9711736842105264,2415,40,2415,teacher-fit
afdb,AF-A0A2H3JYD0-F1,751,sparsa,single_seq,pair_network,,,,,,all,L,0.2782956058588549,277885,795,751,teacher-fit
afdb,AF-A0A2H3JYD0-F1,751,sparsa,single_seq,pair_network,,,,,,all,L/2,0.384,277885,795,375,teacher-fit
afdb,AF-A0A2H3JYD0-F1,751,sparsa,single_seq,pair_network,,,,,,all,L/5,0.5066666666666667,277885,795,150,teacher-fit
afdb,AF-A0A2H3JYD0-F1,751,sparsa,single_seq,pair_network,,,,,,all,R,0.2691823899371069,277885,795,795,teacher-fit
afdb,AF-A0A2H3JYD0-F1,751,sparsa,single_seq,pair_network,,,,,,all,AUC,0.9362237481135367,277885,795,277885,teacher-fit
afdb,AF-A0A2H3JYD0-F1,751,sparsa,single_seq,pair_network,,,,,,short,L,0.09986684420772303,4455,96,751,teacher-fit
afdb,AF-A0A2H3JYD0-F1,751,sparsa,single_seq,pair_network,,,,,,short,L/2,0.16,4455,96,375,teacher-fit
afdb,AF-A0A2H3JYD0-F1,751,sparsa,single_seq,pair_network,,,,,,short,L/5,0.26,4455,96,150,teacher-fit
afdb,AF-A0A2H3JYD0-F1,751,sparsa,single_seq,pair_network,,,,,,short,R,0.3333333333333333,4455,96,96,teacher-fit
afdb,AF-A0A2H3JYD0-F1,751,sparsa,single_seq,pair_network,,,,,,short,AUC,0.9046214250210294,4455,96,4455,teacher-fit
afdb,AF-A0A2H3JYD0-F1,751,sparsa,single_seq,pair_network,,,,,,medium,L,0.12117177097203728,8802,128,751,teacher-fit
afdb,AF-A0A2H3JYD0-F1,751,sparsa,single_seq,pair_network,,,,,,medium,L/2,0.184,8802,128,375,teacher-fit
afdb,AF-A0A2H3JYD0-F1,751,sparsa,single_seq,pair_network,,,,,,medium,L/5,0.29333333333333333,8802,128,150,teacher-fit
afdb,AF-A0A2H3JYD0-F1,751,sparsa,single_seq,pair_network,,,,,,medium,R,0.296875,8802,128,128,teacher-fit
afdb,AF-A0A2H3JYD0-F1,751,sparsa,single_seq,pair_network,,,,,,medium,AUC,0.9215106748616555,8802,128,8802,teacher-fit
afdb,AF-A0A2H3JYD0-F1,751,sparsa,single_seq,pair_network,,,,,,long,L,0.20372836218375498,264628,571,751,teacher-fit
afdb,AF-A0A2H3JYD0-F1,751,sparsa,single_seq,pair_network,,,,,,long,L/2,0.30666666666666664,264628,571,375,teacher-fit
afdb,AF-A0A2H3JYD0-F1,751,sparsa,single_seq,pair_network,,,,,,long,L/5,0.4533333333333333,264628,571,150,teacher-fit
afdb,AF-A0A2H3JYD0-F1,751,sparsa,single_seq,pair_network,,,,,,long,R,0.24168126094570927,264628,571,571,teacher-fit
afdb,AF-A0A2H3JYD0-F1,751,sparsa,single_seq,pair_network,,,,,,long,AUC,0.9247649868251725,264628,571,264628,teacher-fit
afdb,AF-A0A2I1BTN0-F1,155,sparsa,single_seq,pair_network,,,,,,all,L,0.2,11175,154,155,teacher-fit
afdb,AF-A0A2I1BTN0-F1,155,sparsa,single_seq,pair_network,,,,,,all,L/2,0.3116883116883117,11175,154,77,teacher-fit
afdb,AF-A0A2I1BTN0-F1,155,sparsa,single_seq,pair_network,,,,,,all,L/5,0.45161290322580644,11175,154,31,teacher-fit
afdb,AF-A0A2I1BTN0-F1,155,sparsa,single_seq,pair_network,,,,,,all,R,0.2012987012987013,11175,154,154,teacher-fit
afdb,AF-A0A2I1BTN0-F1,155,sparsa,single_seq,pair_network,,,,,,all,AUC,0.8432646883105099,11175,154,11175,teacher-fit
afdb,AF-A0A2I1BTN0-F1,155,sparsa,single_seq,pair_network,,,,,,short,L,0.13548387096774195,879,30,155,teacher-fit
afdb,AF-A0A2I1BTN0-F1,155,sparsa,single_seq,pair_network,,,,,,short,L/2,0.22077922077922077,879,30,77,teacher-fit
afdb,AF-A0A2I1BTN0-F1,155,sparsa,single_seq,pair_network,,,,,,short,L/5,0.3870967741935484,879,30,31,teacher-fit
afdb,AF-A0A2I1BTN0-F1,155,sparsa,single_seq,pair_network,,,,,,short,R,0.4,879,30,30,teacher-fit
afdb,AF-A0A2I1BTN0-F1,155,sparsa,single_seq,pair_network,,,,,,short,AUC,0.8518649391440911,879,30,879,teacher-fit
afdb,AF-A0A2I1BTN0-F1,155,sparsa,single_seq,pair_network,,,,,,medium,L,0.12903225806451613,1650,38,155,teacher-fit
afdb,AF-A0A2I1BTN0-F1,155,sparsa,single_seq,pair_network,,,,,,medium,L/2,0.14285714285714285,1650,38,77,teacher-fit
afdb,AF-A0A2I1BTN0-F1,155,sparsa,single_seq,pair_network,,,,,,medium,L/5,0.22580645161290322,1650,38,31,teacher-fit
afdb,AF-A0A2I1BTN0-F1,155,sparsa,single_seq,pair_network,,,,,,medium,R,0.21052631578947367,1650,38,38,teacher-fit
afdb,AF-A0A2I1BTN0-F1,155,sparsa,single_seq,pair_network,,,,,,medium,AUC,0.8263680292542772,1650,38,1650,teacher-fit
afdb,AF-A0A2I1BTN0-F1,155,sparsa,single_seq,pair_network,,,,,,long,L,0.1032258064516129,8646,86,155,teacher-fit
afdb,AF-A0A2I1BTN0-F1,155,sparsa,single_seq,pair_network,,,,,,long,L/2,0.1038961038961039,8646,86,77,teacher-fit
afdb,AF-A0A2I1BTN0-F1,155,sparsa,single_seq,pair_network,,,,,,long,L/5,0.1935483870967742,8646,86,31,teacher-fit
afdb,AF-A0A2I1BTN0-F1,155,sparsa,single_seq,pair_network,,,,,,long,R,0.10465116279069768,8646,86,86,teacher-fit
afdb,AF-A0A2I1BTN0-F1,155,sparsa,single_seq,pair_network,,,,,,long,AUC,0.8357354379482721,8646,86,8646,teacher-fit
afdb,AF-A0A1J9P1G0-F1,290,sparsa,single_seq,pair_network,,,,,,all,L,0.1206896551724138,40470,200,290,teacher-fit
afdb,AF-A0A1J9P1G0-F1,290,sparsa,single_seq,pair_network,,,,,,all,L/2,0.19310344827586207,40470,200,145,teacher-fit
afdb,AF-A0A1J9P1G0-F1,290,sparsa,single_seq,pair_network,,,,,,all,L/5,0.3793103448275862,40470,200,58,teacher-fit
afdb,AF-A0A1J9P1G0-F1,290,sparsa,single_seq,pair_network,,,,,,all,R,0.16,40470,200,200,teacher-fit
afdb,AF-A0A1J9P1G0-F1,290,sparsa,single_seq,pair_network,,,,,,all,AUC,0.8809611373230692,40470,200,40470,teacher-fit
afdb,AF-A0A1J9P1G0-F1,290,sparsa,single_seq,pair_network,,,,,,short,L,0.07586206896551724,1689,29,290,teacher-fit
afdb,AF-A0A1J9P1G0-F1,290,sparsa,single_seq,pair_network,,,,,,short,L/2,0.10344827586206896,1689,29,145,teacher-fit
afdb,AF-A0A1J9P1G0-F1,290,sparsa,single_seq,pair_network,,,,,,short,L/5,0.1724137931034483,1689,29,58,teacher-fit
afdb,AF-A0A1J9P1G0-F1,290,sparsa,single_seq,pair_network,,,,,,short,R,0.27586206896551724,1689,29,29,teacher-fit
afdb,AF-A0A1J9P1G0-F1,290,sparsa,single_seq,pair_network,,,,,,short,AUC,0.9053593685085168,1689,29,1689,teacher-fit
afdb,AF-A0A1J9P1G0-F1,290,sparsa,single_seq,pair_network,,,,,,medium,L,0.04482758620689655,3270,30,290,teacher-fit
afdb,AF-A0A1J9P1G0-F1,290,sparsa,single_seq,pair_network,,,,,,medium,L/2,0.04827586206896552,3270,30,145,teacher-fit
afdb,AF-A0A1J9P1G0-F1,290,sparsa,single_seq,pair_network,,,,,,medium,L/5,0.05172413793103448,3270,30,58,teacher-fit
afdb,AF-A0A1J9P1G0-F1,290,sparsa,single_seq,pair_network,,,,,,medium,R,0.1,3270,30,30,teacher-fit
afdb,AF-A0A1J9P1G0-F1,290,sparsa,single_seq,pair_network,,,,,,medium,AUC,0.8574691358024692,3270,30,3270,teacher-fit
afdb,AF-A0A1J9P1G0-F1,290,sparsa,single_seq,pair_network,,,,,,long,L,0.06551724137931035,35511,141,290,teacher-fit
afdb,AF-A0A1J9P1G0-F1,290,sparsa,single_seq,pair_network,,,,,,long,L/2,0.12413793103448276,35511,141,145,teacher-fit
afdb,AF-A0A1J9P1G0-F1,290,sparsa,single_seq,pair_network,,,,,,long,L/5,0.27586206896551724,35511,141,58,teacher-fit
afdb,AF-A0A1J9P1G0-F1,290,sparsa,single_seq,pair_network,,,,,,long,R,0.1276595744680851,35511,141,141,teacher-fit
afdb,AF-A0A1J9P1G0-F1,290,sparsa,single_seq,pair_network,,,,,,long,AUC,0.8685888991151295,35511,141,35511,teacher-fit
afdb,AF-A0A024EM00-F1,157,sparsa,single_seq,pair_network,,,,,,all,L,0.16560509554140126,11476,129,157,teacher-fit
afdb,AF-A0A024EM00-F1,157,sparsa,single_seq,pair_network,,,,,,all,L/2,0.24358974358974358,11476,129,78,teacher-fit
afdb,AF-A0A024EM00-F1,157,sparsa,single_seq,pair_network,,,,,,all,L/5,0.3870967741935484,11476,129,31,teacher-fit
afdb,AF-A0A024EM00-F1,157,sparsa,single_seq,pair_network,,,,,,all,R,0.17829457364341086,11476,129,129,teacher-fit
afdb,AF-A0A024EM00-F1,157,sparsa,single_seq,pair_network,,,,,,all,AUC,0.8674925517313936,11476,129,11476,teacher-fit
afdb,AF-A0A024EM00-F1,157,sparsa,single_seq,pair_network,,,,,,short,L,0.1337579617834395,891,28,157,teacher-fit
afdb,AF-A0A024EM00-F1,157,sparsa,single_seq,pair_network,,,,,,short,L/2,0.20512820512820512,891,28,78,teacher-fit
afdb,AF-A0A024EM00-F1,157,sparsa,single_seq,pair_network,,,,,,short,L/5,0.3548387096774194,891,28,31,teacher-fit
afdb,AF-A0A024EM00-F1,157,sparsa,single_seq,pair_network,,,,,,short,R,0.39285714285714285,891,28,28,teacher-fit
afdb,AF-A0A024EM00-F1,157,sparsa,single_seq,pair_network,,,,,,short,AUC,0.8857391160403907,891,28,891,teacher-fit
afdb,AF-A0A024EM00-F1,157,sparsa,single_seq,pair_network,,,,,,medium,L,0.1337579617834395,1674,36,157,teacher-fit
afdb,AF-A0A024EM00-F1,157,sparsa,single_seq,pair_network,,,,,,medium,L/2,0.20512820512820512,1674,36,78,teacher-fit
afdb,AF-A0A024EM00-F1,157,sparsa,single_seq,pair_network,,,,,,medium,L/5,0.3225806451612903,1674,36,31,teacher-fit
afdb,AF-A0A024EM00-F1,157,sparsa,single_seq,pair_network,,,,,,medium,R,0.3055555555555556,1674,36,36,teacher-fit
afdb,AF-A0A024EM00-F1,157,sparsa,single_seq,pair_network,,,,,,medium,AUC,0.9022096730430064,1674,36,1674,teacher-fit
afdb,AF-A0A024EM00-F1,157,sparsa,single_seq,pair_network,,,,,,long,L,0.01910828025477707,8911,65,157,teacher-fit
afdb,AF-A0A024EM00-F1,157,sparsa,single_seq,pair_network,,,,,,long,L/2,0.01282051282051282,8911,65,78,teacher-fit
afdb,AF-A0A024EM00-F1,157,sparsa,single_seq,pair_network,,,,,,long,L/5,0.0,8911,65,31,teacher-fit
afdb,AF-A0A024EM00-F1,157,sparsa,single_seq,pair_network,,,,,,long,R,0.015384615384615385,8911,65,65,teacher-fit
afdb,AF-A0A024EM00-F1,157,sparsa,single_seq,pair_network,,,,,,long,AUC,0.8308231447503435,8911,65,8911,teacher-fit
afdb,AF-A0A1M5UIW0-F1,220,sparsa,single_seq,pair_network,,,,,,all,L,0.1409090909090909,23005,107,220,teacher-fit
afdb,AF-A0A1M5UIW0-F1,220,sparsa,single_seq,pair_network,,,,,,all,L/2,0.15454545454545454,23005,107,110,teacher-fit
afdb,AF-A0A1M5UIW0-F1,220,sparsa,single_seq,pair_network,,,,,,all,L/5,0.22727272727272727,23005,107,44,teacher-fit
afdb,AF-A0A1M5UIW0-F1,220,sparsa,single_seq,pair_network,,,,,,all,R,0.14953271028037382,23005,107,107,teacher-fit
afdb,AF-A0A1M5UIW0-F1,220,sparsa,single_seq,pair_network,,,,,,all,AUC,0.8944881934756574,23005,107,23005,teacher-fit
afdb,AF-A0A1M5UIW0-F1,220,sparsa,single_seq,pair_network,,,,,,short,L,0.07272727272727272,1269,16,220,teacher-fit
afdb,AF-A0A1M5UIW0-F1,220,sparsa,single_seq,pair_network,,,,,,short,L/2,0.12727272727272726,1269,16,110,teacher-fit
afdb,AF-A0A1M5UIW0-F1,220,sparsa,single_seq,pair_network,,,,,,short,L/5,0.22727272727272727,1269,16,44,teacher-fit
afdb,AF-A0A1M5UIW0-F1,220,sparsa,single_seq,pair_network,,,,,,short,R,0.375,1269,16,16,teacher-fit
afdb,AF-A0A1M5UIW0-F1,220,sparsa,single_seq,pair_network,,,,,,short,AUC,0.9668296089385475,1269,16,1269,teacher-fit
afdb,AF-A0A1M5UIW0-F1,220,sparsa,single_seq,pair_network,,,,,,medium,L,0.06363636363636363,2430,20,220,teacher-fit
afdb,AF-A0A1M5UIW0-F1,220,sparsa,single_seq,pair_network,,,,,,medium,L/2,0.07272727272727272,2430,20,110,teacher-fit
afdb,AF-A0A1M5UIW0-F1,220,sparsa,single_seq,pair_network,,,,,,medium,L/5,0.13636363636363635,2430,20,44,teacher-fit
afdb,AF-A0A1M5UIW0-F1,220,sparsa,single_seq,pair_network,,,,,,medium,R,0.1,2430,20,20,teacher-fit
afdb,AF-A0A1M5UIW0-F1,220,sparsa,single_seq,pair_network,,,,,,medium,AUC,0.9282780082987553,2430,20,2430,teacher-fit
afdb,AF-A0A1M5UIW0-F1,220,sparsa,single_seq,pair_network,,,,,,long,L,0.08181818181818182,19306,71,220,teacher-fit
afdb,AF-A0A1M5UIW0-F1,220,sparsa,single_seq,pair_network,,,,,,long,L/2,0.12727272727272726,19306,71,110,teacher-fit
afdb,AF-A0A1M5UIW0-F1,220,sparsa,single_seq,pair_network,,,,,,long,L/5,0.11363636363636363,19306,71,44,teacher-fit
afdb,AF-A0A1M5UIW0-F1,220,sparsa,single_seq,pair_network,,,,,,long,R,0.14084507042253522,19306,71,71,teacher-fit
afdb,AF-A0A1M5UIW0-F1,220,sparsa,single_seq,pair_network,,,,,,long,AUC,0.8647898307442785,19306,71,19306,teacher-fit
afdb,AF-A0A6I7R8S1-F1,122,sparsa,single_seq,pair_network,,,,,,all,L,0.14754098360655737,6786,46,122,teacher-fit
afdb,AF-A0A6I7R8S1-F1,122,sparsa,single_seq,pair_network,,,,,,all,L/2,0.14754098360655737,6786,46,61,teacher-fit
afdb,AF-A0A6I7R8S1-F1,122,sparsa,single_seq,pair_network,,,,,,all,L/5,0.2916666666666667,6786,46,24,teacher-fit
afdb,AF-A0A6I7R8S1-F1,122,sparsa,single_seq,pair_network,,,,,,all,R,0.17391304347826086,6786,46,46,teacher-fit
afdb,AF-A0A6I7R8S1-F1,122,sparsa,single_seq,pair_network,,,,,,all,AUC,0.967317120371565,6786,46,6786,teacher-fit
afdb,AF-A0A6I7R8S1-F1,122,sparsa,single_seq,pair_network,,,,,,short,L,0.05737704918032787,681,7,122,teacher-fit
afdb,AF-A0A6I7R8S1-F1,122,sparsa,single_seq,pair_network,,,,,,short,L/2,0.09836065573770492,681,7,61,teacher-fit
afdb,AF-A0A6I7R8S1-F1,122,sparsa,single_seq,pair_network,,,,,,short,L/5,0.16666666666666666,681,7,24,teacher-fit
afdb,AF-A0A6I7R8S1-F1,122,sparsa,single_seq,pair_network,,,,,,short,R,0.14285714285714285,681,7,7,teacher-fit
afdb,AF-A0A6I7R8S1-F1,122,sparsa,single_seq,pair_network,,,,,,short,AUC,0.9620601949978804,681,7,681,teacher-fit
afdb,AF-A0A6I7R8S1-F1,122,sparsa,single_seq,pair_network,,,,,,medium,L,0.040983606557377046,1254,7,122,teacher-fit
afdb,AF-A0A6I7R8S1-F1,122,sparsa,single_seq,pair_network,,,,,,medium,L/2,0.04918032786885246,1254,7,61,teacher-fit
afdb,AF-A0A6I7R8S1-F1,122,sparsa,single_seq,pair_network,,,,,,medium,L/5,0.041666666666666664,1254,7,24,teacher-fit
afdb,AF-A0A6I7R8S1-F1,122,sparsa,single_seq,pair_network,,,,,,medium,R,0.0,1254,7,7,teacher-fit
afdb,AF-A0A6I7R8S1-F1,122,sparsa,single_seq,pair_network,,,,,,medium,AUC,0.9463283308511857,1254,7,1254,teacher-fit
afdb,AF-A0A6I7R8S1-F1,122,sparsa,single_seq,pair_network,,,,,,long,L,0.13114754098360656,4851,32,122,teacher-fit
afdb,AF-A0A6I7R8S1-F1,122,sparsa,single_seq,pair_network,,,,,,long,L/2,0.16393442622950818,4851,32,61,teacher-fit
afdb,AF-A0A6I7R8S1-F1,122,sparsa,single_seq,pair_network,,,,,,long,L/5,0.25,4851,32,24,teacher-fit
afdb,AF-A0A6I7R8S1-F1,122,sparsa,single_seq,pair_network,,,,,,long,R,0.21875,4851,32,32,teacher-fit
afdb,AF-A0A6I7R8S1-F1,122,sparsa,single_seq,pair_network,,,,,,long,AUC,0.9736492270180535,4851,32,4851,teacher-fit
afdb,AF-A0A8B3S4Q2-F1,557,sparsa,single_seq,pair_network,,,,,,all,L,0.48473967684021546,152076,545,557,teacher-fit
afdb,AF-A0A8B3S4Q2-F1,557,sparsa,single_seq,pair_network,,,,,,all,L/2,0.7338129496402878,152076,545,278,teacher-fit
afdb,AF-A0A8B3S4Q2-F1,557,sparsa,single_seq,pair_network,,,,,,all,L/5,0.8918918918918919,152076,545,111,teacher-fit
afdb,AF-A0A8B3S4Q2-F1,557,sparsa,single_seq,pair_network,,,,,,all,R,0.4954128440366973,152076,545,545,teacher-fit
afdb,AF-A0A8B3S4Q2-F1,557,sparsa,single_seq,pair_network,,,,,,all,AUC,0.989580131936548,152076,545,152076,teacher-fit
afdb,AF-A0A8B3S4Q2-F1,557,sparsa,single_seq,pair_network,,,,,,short,L,0.14183123877917414,3291,81,557,teacher-fit
afdb,AF-A0A8B3S4Q2-F1,557,sparsa,single_seq,pair_network,,,,,,short,L/2,0.2446043165467626,3291,81,278,teacher-fit
afdb,AF-A0A8B3S4Q2-F1,557,sparsa,single_seq,pair_network,,,,,,short,L/5,0.36936936936936937,3291,81,111,teacher-fit
afdb,AF-A0A8B3S4Q2-F1,557,sparsa,single_seq,pair_network,,,,,,short,R,0.48148148148148145,3291,81,81,teacher-fit
afdb,AF-A0A8B3S4Q2-F1,557,sparsa,single_seq,pair_network,,,,,,short,AUC,0.9697742394523288,3291,81,3291,teacher-fit
afdb,AF-A0A8B3S4Q2-F1,557,sparsa,single_seq,pair_network,,,,,,medium,L,0.24057450628366248,6474,153,557,teacher-fit
afdb,AF-A0A8B3S4Q2-F1,557,sparsa,single_seq,pair_network,,,,,,medium,L/2,0.3776978417266187,6474,153,278,teacher-fit
afdb,AF-A0A8B3S4Q2-F1,557,sparsa,single_seq,pair_network,,,,,,medium,L/5,0.7117117117117117,6474,153,111,teacher-fit
afdb,AF-A0A8B3S4Q2-F1,557,sparsa,single_seq,pair_network,,,,,,medium,R,0.5816993464052288,6474,153,153,teacher-fit
afdb,AF-A0A8B3S4Q2-F1,557,sparsa,single_seq,pair_network,,,,,,medium,AUC,0.975369475955757,6474,153,6474,teacher-fit
afdb,AF-A0A8B3S4Q2-F1,557,sparsa,single_seq,pair_network,,,,,,long,L,0.3016157989228007,142311,311,557,teacher-fit
afdb,AF-A0A8B3S4Q2-F1,557,sparsa,single_seq,pair_network,,,,,,long,L/2,0.48201438848920863,142311,311,278,teacher-fit
afdb,AF-A0A8B3S4Q2-F1,557,sparsa,single_seq,pair_network,,,,,,long,L/5,0.7747747747747747,142311,311,111,teacher-fit
afdb,AF-A0A8B3S4Q2-F1,557,sparsa,single_seq,pair_network,,,,,,long,R,0.4565916398713826,142311,311,311,teacher-fit
afdb,AF-A0A8B3S4Q2-F1,557,sparsa,single_seq,pair_network,,,,,,long,AUC,0.9881347425388343,142311,311,142311,teacher-fit
afdb,AF-A0A2C6M6Y1-F1,57,sparsa,single_seq,pair_network,,,,,,all,L,0.15789473684210525,1326,11,57,teacher-fit
afdb,AF-A0A2C6M6Y1-F1,57,sparsa,single_seq,pair_network,,,,,,all,L/2,0.21428571428571427,1326,11,28,teacher-fit
afdb,AF-A0A2C6M6Y1-F1,57,sparsa,single_seq,pair_network,,,,,,all,L/5,0.36363636363636365,1326,11,11,teacher-fit
afdb,AF-A0A2C6M6Y1-F1,57,sparsa,single_seq,pair_network,,,,,,all,R,0.36363636363636365,1326,11,11,teacher-fit
afdb,AF-A0A2C6M6Y1-F1,57,sparsa,single_seq,pair_network,,,,,,all,AUC,0.976598686484618,1326,11,1326,teacher-fit
afdb,AF-A0A2C6M6Y1-F1,57,sparsa,single_seq,pair_network,,,,,,short,L,0.017543859649122806,291,1,57,teacher-fit
afdb,AF-A0A2C6M6Y1-F1,57,sparsa,single_seq,pair_network,,,,,,short,L/2,0.03571428571428571,291,1,28,teacher-fit
afdb,AF-A0A2C6M6Y1-F1,57,sparsa,single_seq,pair_network,,,,,,short,L/5,0.09090909090909091,291,1,11,teacher-fit
afdb,AF-A0A2C6M6Y1-F1,57,sparsa,single_seq,pair_network,,,,,,short,R,1.0,291,1,1,teacher-fit
afdb,AF-A0A2C6M6Y1-F1,57,sparsa,single_seq,pair_network,,,,,,short,AUC,0.9999999999999999,291,1,291,teacher-fit
afdb,AF-A0A2C6M6Y1-F1,57,sparsa,single_seq,pair_network,,,,,,medium,L,0.05263157894736842,474,3,57,teacher-fit
afdb,AF-A0A2C6M6Y1-F1,57,sparsa,single_seq,pair_network,,,,,,medium,L/2,0.10714285714285714,474,3,28,teacher-fit
afdb,AF-A0A2C6M6Y1-F1,57,sparsa,single_seq,pair_network,,,,,,medium,L/5,0.2727272727272727,474,3,11,teacher-fit
afdb,AF-A0A2C6M6Y1-F1,57,sparsa,single_seq,pair_network,,,,,,medium,R,0.3333333333333333,474,3,3,teacher-fit
afdb,AF-A0A2C6M6Y1-F1,57,sparsa,single_seq,pair_network,,,,,,medium,AUC,0.9957537154989384,474,3,474,teacher-fit
afdb,AF-A0A2C6M6Y1-F1,57,sparsa,single_seq,pair_network,,,,,,long,L,0.08771929824561403,561,7,57,teacher-fit
afdb,AF-A0A2C6M6Y1-F1,57,sparsa,single_seq,pair_network,,,,,,long,L/2,0.14285714285714285,561,7,28,teacher-fit
afdb,AF-A0A2C6M6Y1-F1,57,sparsa,single_seq,pair_network,,,,,,long,L/5,0.18181818181818182,561,7,11,teacher-fit
afdb,AF-A0A2C6M6Y1-F1,57,sparsa,single_seq,pair_network,,,,,,long,R,0.14285714285714285,561,7,7,teacher-fit
afdb,AF-A0A2C6M6Y1-F1,57,sparsa,single_seq,pair_network,,,,,,long,AUC,0.9432697266632285,561,7,561,teacher-fit
