dataset,stem,n_residues,model,mode,predictor,neff_tier,fold_verdict,seq_leakage,msa_neff,length,range,cut,precision,n_candidate,n_true,n_top,eval_set
esm,0c274a29c0c1f893300d48af7cb4fd1f,323,sparsa,single_seq,pair_network,,,,,,all,L,0.43962848297213625,50403,298,323,teacher-fit
esm,0c274a29c0c1f893300d48af7cb4fd1f,323,sparsa,single_seq,pair_network,,,,,,all,L/2,0.6335403726708074,50403,298,161,teacher-fit
esm,0c274a29c0c1f893300d48af7cb4fd1f,323,sparsa,single_seq,pair_network,,,,,,all,L/5,0.890625,50403,298,64,teacher-fit
esm,0c274a29c0c1f893300d48af7cb4fd1f,323,sparsa,single_seq,pair_network,,,,,,all,R,0.4597315436241611,50403,298,298,teacher-fit
esm,0c274a29c0c1f893300d48af7cb4fd1f,323,sparsa,single_seq,pair_network,,,,,,all,AUC,0.965495613573911,50403,298,50403,teacher-fit
esm,0c274a29c0c1f893300d48af7cb4fd1f,323,sparsa,single_seq,pair_network,,,,,,short,L,0.14551083591331268,1887,49,323,teacher-fit
esm,0c274a29c0c1f893300d48af7cb4fd1f,323,sparsa,single_seq,pair_network,,,,,,short,L/2,0.2608695652173913,1887,49,161,teacher-fit
esm,0c274a29c0c1f893300d48af7cb4fd1f,323,sparsa,single_seq,pair_network,,,,,,short,L/5,0.546875,1887,49,64,teacher-fit
esm,0c274a29c0c1f893300d48af7cb4fd1f,323,sparsa,single_seq,pair_network,,,,,,short,R,0.6326530612244898,1887,49,49,teacher-fit
esm,0c274a29c0c1f893300d48af7cb4fd1f,323,sparsa,single_seq,pair_network,,,,,,short,AUC,0.9759054873309498,1887,49,1887,teacher-fit
esm,0c274a29c0c1f893300d48af7cb4fd1f,323,sparsa,single_seq,pair_network,,,,,,medium,L,0.21981424148606812,3666,83,323,teacher-fit
esm,0c274a29c0c1f893300d48af7cb4fd1f,323,sparsa,single_seq,pair_network,,,,,,medium,L/2,0.39751552795031053,3666,83,161,teacher-fit
esm,0c274a29c0c1f893300d48af7cb4fd1f,323,sparsa,single_seq,pair_network,,,,,,medium,L/5,0.703125,3666,83,64,teacher-fit
esm,0c274a29c0c1f893300d48af7cb4fd1f,323,sparsa,single_seq,pair_network,,,,,,medium,R,0.6144578313253012,3666,83,83,teacher-fit
esm,0c274a29c0c1f893300d48af7cb4fd1f,323,sparsa,single_seq,pair_network,,,,,,medium,AUC,0.9789534918910922,3666,83,3666,teacher-fit
esm,0c274a29c0c1f893300d48af7cb4fd1f,323,sparsa,single_seq,pair_network,,,,,,long,L,0.17647058823529413,44850,166,323,teacher-fit
esm,0c274a29c0c1f893300d48af7cb4fd1f,323,sparsa,single_seq,pair_network,,,,,,long,L/2,0.2795031055900621,44850,166,161,teacher-fit
esm,0c274a29c0c1f893300d48af7cb4fd1f,323,sparsa,single_seq,pair_network,,,,,,long,L/5,0.484375,44850,166,64,teacher-fit
esm,0c274a29c0c1f893300d48af7cb4fd1f,323,sparsa,single_seq,pair_network,,,,,,long,R,0.28313253012048195,44850,166,166,teacher-fit
esm,0c274a29c0c1f893300d48af7cb4fd1f,323,sparsa,single_seq,pair_network,,,,,,long,AUC,0.9497698968823103,44850,166,44850,teacher-fit
esm,0c3070536be141486633b7a87d503775,113,sparsa,single_seq,pair_network,,,,,,all,L,0.20353982300884957,5778,74,113,teacher-fit
esm,0c3070536be141486633b7a87d503775,113,sparsa,single_seq,pair_network,,,,,,all,L/2,0.32142857142857145,5778,74,56,teacher-fit
esm,0c3070536be141486633b7a87d503775,113,sparsa,single_seq,pair_network,,,,,,all,L/5,0.5454545454545454,5778,74,22,teacher-fit
esm,0c3070536be141486633b7a87d503775,113,sparsa,single_seq,pair_network,,,,,,all,R,0.3108108108108108,5778,74,74,teacher-fit
esm,0c3070536be141486633b7a87d503775,113,sparsa,single_seq,pair_network,,,,,,all,AUC,0.9043653576437587,5778,74,5778,teacher-fit
esm,0c3070536be141486633b7a87d503775,113,sparsa,single_seq,pair_network,,,,,,short,L,0.1415929203539823,627,16,113,teacher-fit
esm,0c3070536be141486633b7a87d503775,113,sparsa,single_seq,pair_network,,,,,,short,L/2,0.26785714285714285,627,16,56,teacher-fit
esm,0c3070536be141486633b7a87d503775,113,sparsa,single_seq,pair_network,,,,,,short,L/5,0.6363636363636364,627,16,22,teacher-fit
esm,0c3070536be141486633b7a87d503775,113,sparsa,single_seq,pair_network,,,,,,short,R,0.75,627,16,16,teacher-fit
esm,0c3070536be141486633b7a87d503775,113,sparsa,single_seq,pair_network,,,,,,short,AUC,0.9898220130932897,627,16,627,teacher-fit
esm,0c3070536be141486633b7a87d503775,113,sparsa,single_seq,pair_network,,,,,,medium,L,0.168141592920354,1146,26,113,teacher-fit
esm,0c3070536be141486633b7a87d503775,113,sparsa,single_seq,pair_network,,,,,,medium,L/2,0.23214285714285715,1146,26,56,teacher-fit
esm,0c3070536be141486633b7a87d503775,113,sparsa,single_seq,pair_network,,,,,,medium,L/5,0.3181818181818182,1146,26,22,teacher-fit
esm,0c3070536be141486633b7a87d503775,113,sparsa,single_seq,pair_network,,,,,,medium,R,0.2692307692307692,1146,26,26,teacher-fit
esm,0c3070536be141486633b7a87d503775,113,sparsa,single_seq,pair_network,,,,,,medium,AUC,0.93176510989011,1146,26,1146,teacher-fit
esm,0c3070536be141486633b7a87d503775,113,sparsa,single_seq,pair_network,,,,,,long,L,0.035398230088495575,4005,32,113,teacher-fit
esm,0c3070536be141486633b7a87d503775,113,sparsa,single_seq,pair_network,,,,,,long,L/2,0.03571428571428571,4005,32,56,teacher-fit
esm,0c3070536be141486633b7a87d503775,113,sparsa,single_seq,pair_network,,,,,,long,L/5,0.045454545454545456,4005,32,22,teacher-fit
esm,0c3070536be141486633b7a87d503775,113,sparsa,single_seq,pair_network,,,,,,long,R,0.0625,4005,32,32,teacher-fit
esm,0c3070536be141486633b7a87d503775,113,sparsa,single_seq,pair_network,,,,,,long,AUC,0.8409931097407501,4005,32,4005,teacher-fit
esm,0c2aa7dc81b0b80bb5ace92c1b5d527b,135,sparsa,single_seq,pair_network,,,,,,all,L,0.5703703703703704,8385,119,135,teacher-fit
esm,0c2aa7dc81b0b80bb5ace92c1b5d527b,135,sparsa,single_seq,pair_network,,,,,,all,L/2,0.7014925373134329,8385,119,67,teacher-fit
esm,0c2aa7dc81b0b80bb5ace92c1b5d527b,135,sparsa,single_seq,pair_network,,,,,,all,L/5,0.8518518518518519,8385,119,27,teacher-fit
esm,0c2aa7dc81b0b80bb5ace92c1b5d527b,135,sparsa,single_seq,pair_network,,,,,,all,R,0.6050420168067226,8385,119,119,teacher-fit
esm,0c2aa7dc81b0b80bb5ace92c1b5d527b,135,sparsa,single_seq,pair_network,,,,,,all,AUC,0.9896523574346264,8385,119,8385,teacher-fit
esm,0c2aa7dc81b0b80bb5ace92c1b5d527b,135,sparsa,single_seq,pair_network,,,,,,short,L,0.05185185185185185,759,7,135,teacher-fit
esm,0c2aa7dc81b0b80bb5ace92c1b5d527b,135,sparsa,single_seq,pair_network,,,,,,short,L/2,0.1044776119402985,759,7,67,teacher-fit
esm,0c2aa7dc81b0b80bb5ace92c1b5d527b,135,sparsa,single_seq,pair_network,,,,,,short,L/5,0.2222222222222222,759,7,27,teacher-fit
esm,0c2aa7dc81b0b80bb5ace92c1b5d527b,135,sparsa,single_seq,pair_network,,,,,,short,R,0.42857142857142855,759,7,7,teacher-fit
esm,0c2aa7dc81b0b80bb5ace92c1b5d527b,135,sparsa,single_seq,pair_network,,,,,,short,AUC,0.9872720364741642,759,7,759,teacher-fit
esm,0c2aa7dc81b0b80bb5ace92c1b5d527b,135,sparsa,single_seq,pair_network,,,,,,medium,L,0.2222222222222222,1410,34,135,teacher-fit
esm,0c2aa7dc81b0b80bb5ace92c1b5d527b,135,sparsa,single_seq,pair_network,,,,,,medium,L/2,0.373134328358209,1410,34,67,teacher-fit
esm,0c2aa7dc81b0b80bb5ace92c1b5d527b,135,sparsa,single_seq,pair_network,,,,,,medium,L/5,0.48148148148148145,1410,34,27,teacher-fit
esm,0c2aa7dc81b0b80bb5ace92c1b5d527b,135,sparsa,single_seq,pair_network,,,,,,medium,R,0.5,1410,34,34,teacher-fit
esm,0c2aa7dc81b0b80bb5ace92c1b5d527b,135,sparsa,single_seq,pair_network,,,,,,medium,AUC,0.9738158344733243,1410,34,1410,teacher-fit
esm,0c2aa7dc81b0b80bb5ace92c1b5d527b,135,sparsa,single_seq,pair_network,,,,,,long,L,0.48148148148148145,6216,78,135,teacher-fit
esm,0c2aa7dc81b0b80bb5ace92c1b5d527b,135,sparsa,single_seq,pair_network,,,,,,long,L/2,0.7164179104477612,6216,78,67,teacher-fit
esm,0c2aa7dc81b0b80bb5ace92c1b5d527b,135,sparsa,single_seq,pair_network,,,,,,long,L/5,0.8518518518518519,6216,78,27,teacher-fit
esm,0c2aa7dc81b0b80bb5ace92c1b5d527b,135,sparsa,single_seq,pair_network,,,,,,long,R,0.6923076923076923,6216,78,78,teacher-fit
esm,0c2aa7dc81b0b80bb5ace92c1b5d527b,135,sparsa,single_seq,pair_network,,,,,,long,AUC,0.9931270939335455,6216,78,6216,teacher-fit
esm,0c30a0e30282f2ff553624f402982efa,191,sparsa,single_seq,pair_network,,,,,,all,L,0.09424083769633508,17205,175,191,teacher-fit
esm,0c30a0e30282f2ff553624f402982efa,191,sparsa,single_seq,pair_network,,,,,,all,L/2,0.14736842105263157,17205,175,95,teacher-fit
esm,0c30a0e30282f2ff553624f402982efa,191,sparsa,single_seq,pair_network,,,,,,all,L/5,0.23684210526315788,17205,175,38,teacher-fit
esm,0c30a0e30282f2ff553624f402982efa,191,sparsa,single_seq,pair_network,,,,,,all,R,0.09714285714285714,17205,175,175,teacher-fit
esm,0c30a0e30282f2ff553624f402982efa,191,sparsa,single_seq,pair_network,,,,,,all,AUC,0.8243263149064676,17205,175,17205,teacher-fit
esm,0c30a0e30282f2ff553624f402982efa,191,sparsa,single_seq,pair_network,,,,,,short,L,0.10471204188481675,1095,30,191,teacher-fit
esm,0c30a0e30282f2ff553624f402982efa,191,sparsa,single_seq,pair_network,,,,,,short,L/2,0.14736842105263157,1095,30,95,teacher-fit
esm,0c30a0e30282f2ff553624f402982efa,191,sparsa,single_seq,pair_network,,,,,,short,L/5,0.2894736842105263,1095,30,38,teacher-fit
esm,0c30a0e30282f2ff553624f402982efa,191,sparsa,single_seq,pair_network,,,,,,short,R,0.3,1095,30,30,teacher-fit
esm,0c30a0e30282f2ff553624f402982efa,191,sparsa,single_seq,pair_network,,,,,,short,AUC,0.8528638497652581,1095,30,1095,teacher-fit
esm,0c30a0e30282f2ff553624f402982efa,191,sparsa,single_seq,pair_network,,,,,,medium,L,0.05759162303664921,2082,31,191,teacher-fit
esm,0c30a0e30282f2ff553624f402982efa,191,sparsa,single_seq,pair_network,,,,,,medium,L/2,0.06315789473684211,2082,31,95,teacher-fit
esm,0c30a0e30282f2ff553624f402982efa,191,sparsa,single_seq,pair_network,,,,,,medium,L/5,0.07894736842105263,2082,31,38,teacher-fit
esm,0c30a0e30282f2ff553624f402982efa,191,sparsa,single_seq,pair_network,,,,,,medium,R,0.06451612903225806,2082,31,31,teacher-fit
esm,0c30a0e30282f2ff553624f402982efa,191,sparsa,single_seq,pair_network,,,,,,medium,AUC,0.8047451282615876,2082,31,2082,teacher-fit
esm,0c30a0e30282f2ff553624f402982efa,191,sparsa,single_seq,pair_network,,,,,,long,L,0.05235602094240838,14028,114,191,teacher-fit
esm,0c30a0e30282f2ff553624f402982efa,191,sparsa,single_seq,pair_network,,,,,,long,L/2,0.06315789473684211,14028,114,95,teacher-fit
esm,0c30a0e30282f2ff553624f402982efa,191,sparsa,single_seq,pair_network,,,,,,long,L/5,0.05263157894736842,14028,114,38,teacher-fit
esm,0c30a0e30282f2ff553624f402982efa,191,sparsa,single_seq,pair_network,,,,,,long,R,0.05263157894736842,14028,114,114,teacher-fit
esm,0c30a0e30282f2ff553624f402982efa,191,sparsa,single_seq,pair_network,,,,,,long,AUC,0.8072886326784332,14028,114,14028,teacher-fit
esm,0c25ca76bf6ad6a713b964e65df4b3d7,317,sparsa,single_seq,pair_network,,,,,,all,L,0.167192429022082,48516,272,317,teacher-fit
esm,0c25ca76bf6ad6a713b964e65df4b3d7,317,sparsa,single_seq,pair_network,,,,,,all,L/2,0.20253164556962025,48516,272,158,teacher-fit
esm,0c25ca76bf6ad6a713b964e65df4b3d7,317,sparsa,single_seq,pair_network,,,,,,all,L/5,0.20634920634920634,48516,272,63,teacher-fit
esm,0c25ca76bf6ad6a713b964e65df4b3d7,317,sparsa,single_seq,pair_network,,,,,,all,R,0.17279411764705882,48516,272,272,teacher-fit
esm,0c25ca76bf6ad6a713b964e65df4b3d7,317,sparsa,single_seq,pair_network,,,,,,all,AUC,0.9061262037461532,48516,272,48516,teacher-fit
esm,0c25ca76bf6ad6a713b964e65df4b3d7,317,sparsa,single_seq,pair_network,,,,,,short,L,0.10410094637223975,1851,43,317,teacher-fit
esm,0c25ca76bf6ad6a713b964e65df4b3d7,317,sparsa,single_seq,pair_network,,,,,,short,L/2,0.1518987341772152,1851,43,158,teacher-fit
esm,0c25ca76bf6ad6a713b964e65df4b3d7,317,sparsa,single_seq,pair_network,,,,,,short,L/5,0.1746031746031746,1851,43,63,teacher-fit
esm,0c25ca76bf6ad6a713b964e65df4b3d7,317,sparsa,single_seq,pair_network,,,,,,short,R,0.16279069767441862,1851,43,43,teacher-fit
esm,0c25ca76bf6ad6a713b964e65df4b3d7,317,sparsa,single_seq,pair_network,,,,,,short,AUC,0.8930914282774234,1851,43,1851,teacher-fit
esm,0c25ca76bf6ad6a713b964e65df4b3d7,317,sparsa,single_seq,pair_network,,,,,,medium,L,0.11356466876971609,3594,66,317,teacher-fit
esm,0c25ca76bf6ad6a713b964e65df4b3d7,317,sparsa,single_seq,pair_network,,,,,,medium,L/2,0.17721518987341772,3594,66,158,teacher-fit
esm,0c25ca76bf6ad6a713b964e65df4b3d7,317,sparsa,single_seq,pair_network,,,,,,medium,L/5,0.31746031746031744,3594,66,63,teacher-fit
esm,0c25ca76bf6ad6a713b964e65df4b3d7,317,sparsa,single_seq,pair_network,,,,,,medium,R,0.3181818181818182,3594,66,66,teacher-fit
esm,0c25ca76bf6ad6a713b964e65df4b3d7,317,sparsa,single_seq,pair_network,,,,,,medium,AUC,0.9124321445750018,3594,66,3594,teacher-fit
esm,0c25ca76bf6ad6a713b964e65df4b3d7,317,sparsa,single_seq,pair_network,,,,,,long,L,0.04100946372239748,43071,163,317,teacher-fit
esm,0c25ca76bf6ad6a713b964e65df4b3d7,317,sparsa,single_seq,pair_network,,,,,,long,L/2,0.05063291139240506,43071,163,158,teacher-fit
esm,0c25ca76bf6ad6a713b964e65df4b3d7,317,sparsa,single_seq,pair_network,,,,,,long,L/5,0.09523809523809523,43071,163,63,teacher-fit
esm,0c25ca76bf6ad6a713b964e65df4b3d7,317,sparsa,single_seq,pair_network,,,,,,long,R,0.049079754601226995,43071,163,163,teacher-fit
esm,0c25ca76bf6ad6a713b964e65df4b3d7,317,sparsa,single_seq,pair_network,,,,,,long,AUC,0.8822519975682027,43071,163,43071,teacher-fit
esm,0c308305d90f9c9c815f46b7e20900bc,214,sparsa,single_seq,pair_network,,,,,,all,L,0.08411214953271028,21736,127,214,teacher-fit
esm,0c308305d90f9c9c815f46b7e20900bc,214,sparsa,single_seq,pair_network,,,,,,all,L/2,0.11214953271028037,21736,127,107,teacher-fit
esm,0c308305d90f9c9c815f46b7e20900bc,214,sparsa,single_seq,pair_network,,,,,,all,L/5,0.21428571428571427,21736,127,42,teacher-fit
esm,0c308305d90f9c9c815f46b7e20900bc,214,sparsa,single_seq,pair_network,,,,,,all,R,0.10236220472440945,21736,127,127,teacher-fit
esm,0c308305d90f9c9c815f46b7e20900bc,214,sparsa,single_seq,pair_network,,,,,,all,AUC,0.8831977271062692,21736,127,21736,teacher-fit
esm,0c308305d90f9c9c815f46b7e20900bc,214,sparsa,single_seq,pair_network,,,,,,short,L,0.037383177570093455,1233,11,214,teacher-fit
esm,0c308305d90f9c9c815f46b7e20900bc,214,sparsa,single_seq,pair_network,,,,,,short,L/2,0.056074766355140186,1233,11,107,teacher-fit
esm,0c308305d90f9c9c815f46b7e20900bc,214,sparsa,single_seq,pair_network,,,,,,short,L/5,0.07142857142857142,1233,11,42,teacher-fit
esm,0c308305d90f9c9c815f46b7e20900bc,214,sparsa,single_seq,pair_network,,,,,,short,R,0.09090909090909091,1233,11,11,teacher-fit
esm,0c308305d90f9c9c815f46b7e20900bc,214,sparsa,single_seq,pair_network,,,,,,short,AUC,0.8837598571641125,1233,11,1233,teacher-fit
esm,0c308305d90f9c9c815f46b7e20900bc,214,sparsa,single_seq,pair_network,,,,,,medium,L,0.0514018691588785,2358,17,214,teacher-fit
esm,0c308305d90f9c9c815f46b7e20900bc,214,sparsa,single_seq,pair_network,,,,,,medium,L/2,0.07476635514018691,2358,17,107,teacher-fit
esm,0c308305d90f9c9c815f46b7e20900bc,214,sparsa,single_seq,pair_network,,,,,,medium,L/5,0.047619047619047616,2358,17,42,teacher-fit
esm,0c308305d90f9c9c815f46b7e20900bc,214,sparsa,single_seq,pair_network,,,,,,medium,R,0.058823529411764705,2358,17,17,teacher-fit
esm,0c308305d90f9c9c815f46b7e20900bc,214,sparsa,single_seq,pair_network,,,,,,medium,AUC,0.9127446792471794,2358,17,2358,teacher-fit
esm,0c308305d90f9c9c815f46b7e20900bc,214,sparsa,single_seq,pair_network,,,,,,long,L,0.0794392523364486,18145,99,214,teacher-fit
esm,0c308305d90f9c9c815f46b7e20900bc,214,sparsa,single_seq,pair_network,,,,,,long,L/2,0.102803738317757,18145,99,107,teacher-fit
esm,0c308305d90f9c9c815f46b7e20900bc,214,sparsa,single_seq,pair_network,,,,,,long,L/5,0.16666666666666666,18145,99,42,teacher-fit
esm,0c308305d90f9c9c815f46b7e20900bc,214,sparsa,single_seq,pair_network,,,,,,long,R,0.1111111111111111,18145,99,99,teacher-fit
esm,0c308305d90f9c9c815f46b7e20900bc,214,sparsa,single_seq,pair_network,,,,,,long,AUC,0.8768674218635429,18145,99,18145,teacher-fit
esm,0c290b5bb518e86d226baeeb0e1d42e8,145,sparsa,single_seq,pair_network,,,,,,all,L,0.16551724137931034,9730,126,145,teacher-fit
esm,0c290b5bb518e86d226baeeb0e1d42e8,145,sparsa,single_seq,pair_network,,,,,,all,L/2,0.2222222222222222,9730,126,72,teacher-fit
esm,0c290b5bb518e86d226baeeb0e1d42e8,145,sparsa,single_seq,pair_network,,,,,,all,L/5,0.2413793103448276,9730,126,29,teacher-fit
esm,0c290b5bb518e86d226baeeb0e1d42e8,145,sparsa,single_seq,pair_network,,,,,,all,R,0.19047619047619047,9730,126,126,teacher-fit
esm,0c290b5bb518e86d226baeeb0e1d42e8,145,sparsa,single_seq,pair_network,,,,,,all,AUC,0.882693553611921,9730,126,9730,teacher-fit
esm,0c290b5bb518e86d226baeeb0e1d42e8,145,sparsa,single_seq,pair_network,,,,,,short,L,0.1310344827586207,819,25,145,teacher-fit
esm,0c290b5bb518e86d226baeeb0e1d42e8,145,sparsa,single_seq,pair_network,,,,,,short,L/2,0.18055555555555555,819,25,72,teacher-fit
esm,0c290b5bb518e86d226baeeb0e1d42e8,145,sparsa,single_seq,pair_network,,,,,,short,L/5,0.27586206896551724,819,25,29,teacher-fit
esm,0c290b5bb518e86d226baeeb0e1d42e8,145,sparsa,single_seq,pair_network,,,,,,short,R,0.28,819,25,25,teacher-fit
esm,0c290b5bb518e86d226baeeb0e1d42e8,145,sparsa,single_seq,pair_network,,,,,,short,AUC,0.8971032745591939,819,25,819,teacher-fit
esm,0c290b5bb518e86d226baeeb0e1d42e8,145,sparsa,single_seq,pair_network,,,,,,medium,L,0.05517241379310345,1530,18,145,teacher-fit
esm,0c290b5bb518e86d226baeeb0e1d42e8,145,sparsa,single_seq,pair_network,,,,,,medium,L/2,0.09722222222222222,1530,18,72,teacher-fit
esm,0c290b5bb518e86d226baeeb0e1d42e8,145,sparsa,single_seq,pair_network,,,,,,medium,L/5,0.1724137931034483,1530,18,29,teacher-fit
esm,0c290b5bb518e86d226baeeb0e1d42e8,145,sparsa,single_seq,pair_network,,,,,,medium,R,0.2222222222222222,1530,18,18,teacher-fit
esm,0c290b5bb518e86d226baeeb0e1d42e8,145,sparsa,single_seq,pair_network,,,,,,medium,AUC,0.8643812463256907,1530,18,1530,teacher-fit
esm,0c290b5bb518e86d226baeeb0e1d42e8,145,sparsa,single_seq,pair_network,,,,,,long,L,0.11724137931034483,7381,83,145,teacher-fit
esm,0c290b5bb518e86d226baeeb0e1d42e8,145,sparsa,single_seq,pair_network,,,,,,long,L/2,0.16666666666666666,7381,83,72,teacher-fit
esm,0c290b5bb518e86d226baeeb0e1d42e8,145,sparsa,single_seq,pair_network,,,,,,long,L/5,0.20689655172413793,7381,83,29,teacher-fit
esm,0c290b5bb518e86d226baeeb0e1d42e8,145,sparsa,single_seq,pair_network,,,,,,long,R,0.1566265060240964,7381,83,83,teacher-fit
esm,0c290b5bb518e86d226baeeb0e1d42e8,145,sparsa,single_seq,pair_network,,,,,,long,AUC,0.8791812907976109,7381,83,7381,teacher-fit
esm,0c279b9002fd39afb5355a95a136b91a,222,sparsa,single_seq,pair_network,,,,,,all,L,0.0945945945945946,23436,145,222,teacher-fit
esm,0c279b9002fd39afb5355a95a136b91a,222,sparsa,single_seq,pair_network,,,,,,all,L/2,0.15315315315315314,23436,145,111,teacher-fit
esm,0c279b9002fd39afb5355a95a136b91a,222,sparsa,single_seq,pair_network,,,,,,all,L/5,0.20454545454545456,23436,145,44,teacher-fit
esm,0c279b9002fd39afb5355a95a136b91a,222,sparsa,single_seq,pair_network,,,,,,all,R,0.11724137931034483,23436,145,145,teacher-fit
esm,0c279b9002fd39afb5355a95a136b91a,222,sparsa,single_seq,pair_network,,,,,,all,AUC,0.8535984744736386,23436,145,23436,teacher-fit
esm,0c279b9002fd39afb5355a95a136b91a,222,sparsa,single_seq,pair_network,,,,,,short,L,0.06306306306306306,1281,26,222,teacher-fit
esm,0c279b9002fd39afb5355a95a136b91a,222,sparsa,single_seq,pair_network,,,,,,short,L/2,0.09009009009009009,1281,26,111,teacher-fit
esm,0c279b9002fd39afb5355a95a136b91a,222,sparsa,single_seq,pair_network,,,,,,short,L/5,0.18181818181818182,1281,26,44,teacher-fit
esm,0c279b9002fd39afb5355a95a136b91a,222,sparsa,single_seq,pair_network,,,,,,short,R,0.2692307692307692,1281,26,26,teacher-fit
esm,0c279b9002fd39afb5355a95a136b91a,222,sparsa,single_seq,pair_network,,,,,,short,AUC,0.755056696291756,1281,26,1281,teacher-fit
esm,0c279b9002fd39afb5355a95a136b91a,222,sparsa,single_seq,pair_network,,,,,,medium,L,0.06306306306306306,2454,37,222,teacher-fit
esm,0c279b9002fd39afb5355a95a136b91a,222,sparsa,single_seq,pair_network,,,,,,medium,L/2,0.0990990990990991,2454,37,111,teacher-fit
esm,0c279b9002fd39afb5355a95a136b91a,222,sparsa,single_seq,pair_network,,,,,,medium,L/5,0.1590909090909091,2454,37,44,teacher-fit
esm,0c279b9002fd39afb5355a95a136b91a,222,sparsa,single_seq,pair_network,,,,,,medium,R,0.16216216216216217,2454,37,37,teacher-fit
esm,0c279b9002fd39afb5355a95a136b91a,222,sparsa,single_seq,pair_network,,,,,,medium,AUC,0.8178163682921648,2454,37,2454,teacher-fit
esm,0c279b9002fd39afb5355a95a136b91a,222,sparsa,single_seq,pair_network,,,,,,long,L,0.03153153153153153,19701,82,222,teacher-fit
esm,0c279b9002fd39afb5355a95a136b91a,222,sparsa,single_seq,pair_network,,,,,,long,L/2,0.04504504504504504,19701,82,111,teacher-fit
esm,0c279b9002fd39afb5355a95a136b91a,222,sparsa,single_seq,pair_network,,,,,,long,L/5,0.06818181818181818,19701,82,44,teacher-fit
esm,0c279b9002fd39afb5355a95a136b91a,222,sparsa,single_seq,pair_network,,,,,,long,R,0.04878048780487805,19701,82,82,teacher-fit
esm,0c279b9002fd39afb5355a95a136b91a,222,sparsa,single_seq,pair_network,,,,,,long,AUC,0.8590008565613971,19701,82,19701,teacher-fit
esm,0c256dd8dc4271db22a991cecad2cff8,68,sparsa,single_seq,pair_network,,,,,,all,L,0.2647058823529412,1953,26,68,teacher-fit
esm,0c256dd8dc4271db22a991cecad2cff8,68,sparsa,single_seq,pair_network,,,,,,all,L/2,0.4117647058823529,1953,26,34,teacher-fit
esm,0c256dd8dc4271db22a991cecad2cff8,68,sparsa,single_seq,pair_network,,,,,,all,L/5,0.7692307692307693,1953,26,13,teacher-fit
esm,0c256dd8dc4271db22a991cecad2cff8,68,sparsa,single_seq,pair_network,,,,,,all,R,0.5,1953,26,26,teacher-fit
esm,0c256dd8dc4271db22a991cecad2cff8,68,sparsa,single_seq,pair_network,,,,,,all,AUC,0.9774360304977846,1953,26,1953,teacher-fit
esm,0c256dd8dc4271db22a991cecad2cff8,68,sparsa,single_seq,pair_network,,,,,,short,L,0.10294117647058823,357,8,68,teacher-fit
esm,0c256dd8dc4271db22a991cecad2cff8,68,sparsa,single_seq,pair_network,,,,,,short,L/2,0.20588235294117646,357,8,34,teacher-fit
esm,0c256dd8dc4271db22a991cecad2cff8,68,sparsa,single_seq,pair_network,,,,,,short,L/5,0.3076923076923077,357,8,13,teacher-fit
esm,0c256dd8dc4271db22a991cecad2cff8,68,sparsa,single_seq,pair_network,,,,,,short,R,0.375,357,8,8,teacher-fit
esm,0c256dd8dc4271db22a991cecad2cff8,68,sparsa,single_seq,pair_network,,,,,,short,AUC,0.9452005730659025,357,8,357,teacher-fit
esm,0c256dd8dc4271db22a991cecad2cff8,68,sparsa,single_seq,pair_network,,,,,,medium,L,0.07352941176470588,606,5,68,teacher-fit
esm,0c256dd8dc4271db22a991cecad2cff8,68,sparsa,single_seq,pair_network,,,,,,medium,L/2,0.14705882352941177,606,5,34,teacher-fit
esm,0c256dd8dc4271db22a991cecad2cff8,68,sparsa,single_seq,pair_network,,,,,,medium,L/5,0.38461538461538464,606,5,13,teacher-fit
esm,0c256dd8dc4271db22a991cecad2cff8,68,sparsa,single_seq,pair_network,,,,,,medium,R,0.8,606,5,5,teacher-fit
esm,0c256dd8dc4271db22a991cecad2cff8,68,sparsa,single_seq,pair_network,,,,,,medium,AUC,0.9983361064891847,606,5,606,teacher-fit
esm,0c256dd8dc4271db22a991cecad2cff8,68,sparsa,single_seq,pair_network,,,,,,long,L,0.17647058823529413,990,13,68,teacher-fit
esm,0c256dd8dc4271db22a991cecad2cff8,68,sparsa,single_seq,pair_network,,,,,,long,L/2,0.2647058823529412,990,13,34,teacher-fit
esm,0c256dd8dc4271db22a991cecad2cff8,68,sparsa,single_seq,pair_network,,,,,,long,L/5,0.5384615384615384,990,13,13,teacher-fit
esm,0c256dd8dc4271db22a991cecad2cff8,68,sparsa,single_seq,pair_network,,,,,,long,R,0.5384615384615384,990,13,13,teacher-fit
esm,0c256dd8dc4271db22a991cecad2cff8,68,sparsa,single_seq,pair_network,,,,,,long,AUC,0.9820880245649949,990,13,990,teacher-fit
esm,0c24ac99243362acc70422461607a8fc,60,sparsa,single_seq,pair_network,,,,,,all,L,0.6833333333333333,1485,42,60,teacher-fit
esm,0c24ac99243362acc70422461607a8fc,60,sparsa,single_seq,pair_network,,,,,,all,L/2,1.0,1485,42,30,teacher-fit
esm,0c24ac99243362acc70422461607a8fc,60,sparsa,single_seq,pair_network,,,,,,all,L/5,1.0,1485,42,12,teacher-fit
esm,0c24ac99243362acc70422461607a8fc,60,sparsa,single_seq,pair_network,,,,,,all,R,0.8571428571428571,1485,42,42,teacher-fit
esm,0c24ac99243362acc70422461607a8fc,60,sparsa,single_seq,pair_network,,,,,,all,AUC,0.9986469986469987,1485,42,1485,teacher-fit
esm,0c24ac99243362acc70422461607a8fc,60,sparsa,single_seq,pair_network,,,,,,short,L,0.13333333333333333,309,8,60,teacher-fit
esm,0c24ac99243362acc70422461607a8fc,60,sparsa,single_seq,pair_network,,,,,,short,L/2,0.26666666666666666,309,8,30,teacher-fit
esm,0c24ac99243362acc70422461607a8fc,60,sparsa,single_seq,pair_network,,,,,,short,L/5,0.6666666666666666,309,8,12,teacher-fit
esm,0c24ac99243362acc70422461607a8fc,60,sparsa,single_seq,pair_network,,,,,,short,R,0.75,309,8,8,teacher-fit
esm,0c24ac99243362acc70422461607a8fc,60,sparsa,single_seq,pair_network,,,,,,short,AUC,0.9979235880398671,309,8,309,teacher-fit
esm,0c24ac99243362acc70422461607a8fc,60,sparsa,single_seq,pair_network,,,,,,medium,L,0.26666666666666666,510,16,60,teacher-fit
esm,0c24ac99243362acc70422461607a8fc,60,sparsa,single_seq,pair_network,,,,,,medium,L/2,0.5333333333333333,510,16,30,teacher-fit
esm,0c24ac99243362acc70422461607a8fc,60,sparsa,single_seq,pair_network,,,,,,medium,L/5,1.0,510,16,12,teacher-fit
esm,0c24ac99243362acc70422461607a8fc,60,sparsa,single_seq,pair_network,,,,,,medium,R,0.9375,510,16,16,teacher-fit
esm,0c24ac99243362acc70422461607a8fc,60,sparsa,single_seq,pair_network,,,,,,medium,AUC,0.9997469635627532,510,16,510,teacher-fit
esm,0c24ac99243362acc70422461607a8fc,60,sparsa,single_seq,pair_network,,,,,,long,L,0.3,666,18,60,teacher-fit
esm,0c24ac99243362acc70422461607a8fc,60,sparsa,single_seq,pair_network,,,,,,long,L/2,0.6,666,18,30,teacher-fit
esm,0c24ac99243362acc70422461607a8fc,60,sparsa,single_seq,pair_network,,,,,,long,L/5,1.0,666,18,12,teacher-fit
esm,0c24ac99243362acc70422461607a8fc,60,sparsa,single_seq,pair_network,,,,,,long,R,0.7777777777777778,666,18,18,teacher-fit
esm,0c24ac99243362acc70422461607a8fc,60,sparsa,single_seq,pair_network,,,,,,long,AUC,0.9978566529492455,666,18,666,teacher-fit
esm,0c24e6ee493c198d1a168410be4b7c8d,216,sparsa,single_seq,pair_network,,,,,,all,L,0.21296296296296297,22155,164,216,teacher-fit
esm,0c24e6ee493c198d1a168410be4b7c8d,216,sparsa,single_seq,pair_network,,,,,,all,L/2,0.28703703703703703,22155,164,108,teacher-fit
esm,0c24e6ee493c198d1a168410be4b7c8d,216,sparsa,single_seq,pair_network,,,,,,all,L/5,0.46511627906976744,22155,164,43,teacher-fit
esm,0c24e6ee493c198d1a168410be4b7c8d,216,sparsa,single_seq,pair_network,,,,,,all,R,0.24390243902439024,22155,164,164,teacher-fit
esm,0c24e6ee493c198d1a168410be4b7c8d,216,sparsa,single_seq,pair_network,,,,,,all,AUC,0.9442521386243374,22155,164,22155,teacher-fit
esm,0c24e6ee493c198d1a168410be4b7c8d,216,sparsa,single_seq,pair_network,,,,,,short,L,0.08333333333333333,1245,21,216,teacher-fit
esm,0c24e6ee493c198d1a168410be4b7c8d,216,sparsa,single_seq,pair_network,,,,,,short,L/2,0.1388888888888889,1245,21,108,teacher-fit
esm,0c24e6ee493c198d1a168410be4b7c8d,216,sparsa,single_seq,pair_network,,,,,,short,L/5,0.2558139534883721,1245,21,43,teacher-fit
esm,0c24e6ee493c198d1a168410be4b7c8d,216,sparsa,single_seq,pair_network,,,,,,short,R,0.47619047619047616,1245,21,21,teacher-fit
esm,0c24e6ee493c198d1a168410be4b7c8d,216,sparsa,single_seq,pair_network,,,,,,short,AUC,0.9353602552131963,1245,21,1245,teacher-fit
esm,0c24e6ee493c198d1a168410be4b7c8d,216,sparsa,single_seq,pair_network,,,,,,medium,L,0.1111111111111111,2382,32,216,teacher-fit
esm,0c24e6ee493c198d1a168410be4b7c8d,216,sparsa,single_seq,pair_network,,,,,,medium,L/2,0.18518518518518517,2382,32,108,teacher-fit
esm,0c24e6ee493c198d1a168410be4b7c8d,216,sparsa,single_seq,pair_network,,,,,,medium,L/5,0.2558139534883721,2382,32,43,teacher-fit
esm,0c24e6ee493c198d1a168410be4b7c8d,216,sparsa,single_seq,pair_network,,,,,,medium,R,0.3125,2382,32,32,teacher-fit
esm,0c24e6ee493c198d1a168410be4b7c8d,216,sparsa,single_seq,pair_network,,,,,,medium,AUC,0.9484375,2382,32,2382,teacher-fit
esm,0c24e6ee493c198d1a168410be4b7c8d,216,sparsa,single_seq,pair_network,,,,,,long,L,0.18055555555555555,18528,111,216,teacher-fit
esm,0c24e6ee493c198d1a168410be4b7c8d,216,sparsa,single_seq,pair_network,,,,,,long,L/2,0.19444444444444445,18528,111,108,teacher-fit
esm,0c24e6ee493c198d1a168410be4b7c8d,216,sparsa,single_seq,pair_network,,,,,,long,L/5,0.23255813953488372,18528,111,43,teacher-fit
esm,0c24e6ee493c198d1a168410be4b7c8d,216,sparsa,single_seq,pair_network,,,,,,long,R,0.1981981981981982,18528,111,111,teacher-fit
esm,0c24e6ee493c198d1a168410be4b7c8d,216,sparsa,single_seq,pair_network,,,,,,long,AUC,0.9414583177411,18528,111,18528,teacher-fit
esm,0c33dcde95096c7f6445c44e8bb7e0ad,699,sparsa,single_seq,pair_network,,,,,,all,L,0.2932761087267525,240471,739,699,teacher-fit
esm,0c33dcde95096c7f6445c44e8bb7e0ad,699,sparsa,single_seq,pair_network,,,,,,all,L/2,0.4154727793696275,240471,739,349,teacher-fit
esm,0c33dcde95096c7f6445c44e8bb7e0ad,699,sparsa,single_seq,pair_network,,,,,,all,L/5,0.6330935251798561,240471,739,139,teacher-fit
esm,0c33dcde95096c7f6445c44e8bb7e0ad,699,sparsa,single_seq,pair_network,,,,,,all,R,0.2814614343707713,240471,739,739,teacher-fit
esm,0c33dcde95096c7f6445c44e8bb7e0ad,699,sparsa,single_seq,pair_network,,,,,,all,AUC,0.9519609227823572,240471,739,240471,teacher-fit
esm,0c33dcde95096c7f6445c44e8bb7e0ad,699,sparsa,single_seq,pair_network,,,,,,short,L,0.12017167381974249,4143,95,699,teacher-fit
esm,0c33dcde95096c7f6445c44e8bb7e0ad,699,sparsa,single_seq,pair_network,,,,,,short,L/2,0.19484240687679083,4143,95,349,teacher-fit
esm,0c33dcde95096c7f6445c44e8bb7e0ad,699,sparsa,single_seq,pair_network,,,,,,short,L/5,0.3597122302158273,4143,95,139,teacher-fit
esm,0c33dcde95096c7f6445c44e8bb7e0ad,699,sparsa,single_seq,pair_network,,,,,,short,R,0.47368421052631576,4143,95,95,teacher-fit
esm,0c33dcde95096c7f6445c44e8bb7e0ad,699,sparsa,single_seq,pair_network,,,,,,short,AUC,0.942126066153526,4143,95,4143,teacher-fit
esm,0c33dcde95096c7f6445c44e8bb7e0ad,699,sparsa,single_seq,pair_network,,,,,,medium,L,0.13733905579399142,8178,128,699,teacher-fit
esm,0c33dcde95096c7f6445c44e8bb7e0ad,699,sparsa,single_seq,pair_network,,,,,,medium,L/2,0.20630372492836677,8178,128,349,teacher-fit
esm,0c33dcde95096c7f6445c44e8bb7e0ad,699,sparsa,single_seq,pair_network,,,,,,medium,L/5,0.31654676258992803,8178,128,139,teacher-fit
esm,0c33dcde95096c7f6445c44e8bb7e0ad,699,sparsa,single_seq,pair_network,,,,,,medium,R,0.3359375,8178,128,128,teacher-fit
esm,0c33dcde95096c7f6445c44e8bb7e0ad,699,sparsa,single_seq,pair_network,,,,,,medium,AUC,0.93140625,8178,128,8178,teacher-fit
esm,0c33dcde95096c7f6445c44e8bb7e0ad,699,sparsa,single_seq,pair_network,,,,,,long,L,0.19599427753934193,228150,516,699,teacher-fit
esm,0c33dcde95096c7f6445c44e8bb7e0ad,699,sparsa,single_seq,pair_network,,,,,,long,L/2,0.2836676217765043,228150,516,349,teacher-fit
esm,0c33dcde95096c7f6445c44e8bb7e0ad,699,sparsa,single_seq,pair_network,,,,,,long,L/5,0.4244604316546763,228150,516,139,teacher-fit
esm,0c33dcde95096c7f6445c44e8bb7e0ad,699,sparsa,single_seq,pair_network,,,,,,long,R,0.22868217054263565,228150,516,516,teacher-fit
esm,0c33dcde95096c7f6445c44e8bb7e0ad,699,sparsa,single_seq,pair_network,,,,,,long,AUC,0.9440687733940918,228150,516,228150,teacher-fit
esm,0c30325ed22690fb859c15c80cac008f,128,sparsa,single_seq,pair_network,,,,,,all,L,0.3359375,7503,79,128,teacher-fit
esm,0c30325ed22690fb859c15c80cac008f,128,sparsa,single_seq,pair_network,,,,,,all,L/2,0.515625,7503,79,64,teacher-fit
esm,0c30325ed22690fb859c15c80cac008f,128,sparsa,single_seq,pair_network,,,,,,all,L/5,0.76,7503,79,25,teacher-fit
esm,0c30325ed22690fb859c15c80cac008f,128,sparsa,single_seq,pair_network,,,,,,all,R,0.4810126582278481,7503,79,79,teacher-fit
esm,0c30325ed22690fb859c15c80cac008f,128,sparsa,single_seq,pair_network,,,,,,all,AUC,0.9807986755237887,7503,79,7503,teacher-fit
esm,0c30325ed22690fb859c15c80cac008f,128,sparsa,single_seq,pair_network,,,,,,short,L,0.09375,717,12,128,teacher-fit
esm,0c30325ed22690fb859c15c80cac008f,128,sparsa,single_seq,pair_network,,,,,,short,L/2,0.1875,717,12,64,teacher-fit
esm,0c30325ed22690fb859c15c80cac008f,128,sparsa,single_seq,pair_network,,,,,,short,L/5,0.32,717,12,25,teacher-fit
esm,0c30325ed22690fb859c15c80cac008f,128,sparsa,single_seq,pair_network,,,,,,short,R,0.5,717,12,12,teacher-fit
esm,0c30325ed22690fb859c15c80cac008f,128,sparsa,single_seq,pair_network,,,,,,short,AUC,0.983451536643026,717,12,717,teacher-fit
esm,0c30325ed22690fb859c15c80cac008f,128,sparsa,single_seq,pair_network,,,,,,medium,L,0.1640625,1326,27,128,teacher-fit
esm,0c30325ed22690fb859c15c80cac008f,128,sparsa,single_seq,pair_network,,,,,,medium,L/2,0.28125,1326,27,64,teacher-fit
esm,0c30325ed22690fb859c15c80cac008f,128,sparsa,single_seq,pair_network,,,,,,medium,L/5,0.48,1326,27,25,teacher-fit
esm,0c30325ed22690fb859c15c80cac008f,128,sparsa,single_seq,pair_network,,,,,,medium,R,0.4444444444444444,1326,27,27,teacher-fit
esm,0c30325ed22690fb859c15c80cac008f,128,sparsa,single_seq,pair_network,,,,,,medium,AUC,0.9579591138482594,1326,27,1326,teacher-fit
esm,0c30325ed22690fb859c15c80cac008f,128,sparsa,single_seq,pair_network,,,,,,long,L,0.2578125,5460,40,128,teacher-fit
esm,0c30325ed22690fb859c15c80cac008f,128,sparsa,single_seq,pair_network,,,,,,long,L/2,0.359375,5460,40,64,teacher-fit
esm,0c30325ed22690fb859c15c80cac008f,128,sparsa,single_seq,pair_network,,,,,,long,L/5,0.64,5460,40,25,teacher-fit
esm,0c30325ed22690fb859c15c80cac008f,128,sparsa,single_seq,pair_network,,,,,,long,R,0.5,5460,40,40,teacher-fit
esm,0c30325ed22690fb859c15c80cac008f,128,sparsa,single_seq,pair_network,,,,,,long,AUC,0.9868542435424354,5460,40,5460,teacher-fit
esm,0c26194531ee49206c4f882278d691ea,140,sparsa,single_seq,pair_network,,,,,,all,L,0.37857142857142856,9045,113,140,teacher-fit
esm,0c26194531ee49206c4f882278d691ea,140,sparsa,single_seq,pair_network,,,,,,all,L/2,0.4857142857142857,9045,113,70,teacher-fit
esm,0c26194531ee49206c4f882278d691ea,140,sparsa,single_seq,pair_network,,,,,,all,L/5,0.6785714285714286,9045,113,28,teacher-fit
esm,0c26194531ee49206c4f882278d691ea,140,sparsa,single_seq,pair_network,,,,,,all,R,0.40707964601769914,9045,113,113,teacher-fit
esm,0c26194531ee49206c4f882278d691ea,140,sparsa,single_seq,pair_network,,,,,,all,AUC,0.9654062751407884,9045,113,9045,teacher-fit
esm,0c26194531ee49206c4f882278d691ea,140,sparsa,single_seq,pair_network,,,,,,short,L,0.11428571428571428,789,16,140,teacher-fit
esm,0c26194531ee49206c4f882278d691ea,140,sparsa,single_seq,pair_network,,,,,,short,L/2,0.18571428571428572,789,16,70,teacher-fit
esm,0c26194531ee49206c4f882278d691ea,140,sparsa,single_seq,pair_network,,,,,,short,L/5,0.32142857142857145,789,16,28,teacher-fit
esm,0c26194531ee49206c4f882278d691ea,140,sparsa,single_seq,pair_network,,,,,,short,R,0.3125,789,16,16,teacher-fit
esm,0c26194531ee49206c4f882278d691ea,140,sparsa,single_seq,pair_network,,,,,,short,AUC,0.9563793661060802,789,16,789,teacher-fit
esm,0c26194531ee49206c4f882278d691ea,140,sparsa,single_seq,pair_network,,,,,,medium,L,0.08571428571428572,1470,16,140,teacher-fit
esm,0c26194531ee49206c4f882278d691ea,140,sparsa,single_seq,pair_network,,,,,,medium,L/2,0.12857142857142856,1470,16,70,teacher-fit
esm,0c26194531ee49206c4f882278d691ea,140,sparsa,single_seq,pair_network,,,,,,medium,L/5,0.21428571428571427,1470,16,28,teacher-fit
esm,0c26194531ee49206c4f882278d691ea,140,sparsa,single_seq,pair_network,,,,,,medium,R,0.3125,1470,16,16,teacher-fit
esm,0c26194531ee49206c4f882278d691ea,140,sparsa,single_seq,pair_network,,,,,,medium,AUC,0.9404229711141678,1470,16,1470,teacher-fit
esm,0c26194531ee49206c4f882278d691ea,140,sparsa,single_seq,pair_network,,,,,,long,L,0.34285714285714286,6786,81,140,teacher-fit
esm,0c26194531ee49206c4f882278d691ea,140,sparsa,single_seq,pair_network,,,,,,long,L/2,0.4714285714285714,6786,81,70,teacher-fit
esm,0c26194531ee49206c4f882278d691ea,140,sparsa,single_seq,pair_network,,,,,,long,L/5,0.6785714285714286,6786,81,28,teacher-fit
esm,0c26194531ee49206c4f882278d691ea,140,sparsa,single_seq,pair_network,,,,,,long,R,0.41975308641975306,6786,81,81,teacher-fit
esm,0c26194531ee49206c4f882278d691ea,140,sparsa,single_seq,pair_network,,,,,,long,AUC,0.9710746540724169,6786,81,6786,teacher-fit
esm,0c2e9f920f78c933a336889c674c26d2,127,sparsa,single_seq,pair_network,,,,,,all,L,0.3464566929133858,7381,68,127,teacher-fit
esm,0c2e9f920f78c933a336889c674c26d2,127,sparsa,single_seq,pair_network,,,,,,all,L/2,0.6031746031746031,7381,68,63,teacher-fit
esm,0c2e9f920f78c933a336889c674c26d2,127,sparsa,single_seq,pair_network,,,,,,all,L/5,0.88,7381,68,25,teacher-fit
esm,0c2e9f920f78c933a336889c674c26d2,127,sparsa,single_seq,pair_network,,,,,,all,R,0.5588235294117647,7381,68,68,teacher-fit
esm,0c2e9f920f78c933a336889c674c26d2,127,sparsa,single_seq,pair_network,,,,,,all,AUC,0.9710879497430039,7381,68,7381,teacher-fit
esm,0c2e9f920f78c933a336889c674c26d2,127,sparsa,single_seq,pair_network,,,,,,short,L,0.14960629921259844,711,20,127,teacher-fit
esm,0c2e9f920f78c933a336889c674c26d2,127,sparsa,single_seq,pair_network,,,,,,short,L/2,0.2698412698412698,711,20,63,teacher-fit
esm,0c2e9f920f78c933a336889c674c26d2,127,sparsa,single_seq,pair_network,,,,,,short,L/5,0.6,711,20,25,teacher-fit
esm,0c2e9f920f78c933a336889c674c26d2,127,sparsa,single_seq,pair_network,,,,,,short,R,0.65,711,20,20,teacher-fit
esm,0c2e9f920f78c933a336889c674c26d2,127,sparsa,single_seq,pair_network,,,,,,short,AUC,0.960781476121563,711,20,711,teacher-fit
esm,0c2e9f920f78c933a336889c674c26d2,127,sparsa,single_seq,pair_network,,,,,,medium,L,0.06299212598425197,1314,8,127,teacher-fit
esm,0c2e9f920f78c933a336889c674c26d2,127,sparsa,single_seq,pair_network,,,,,,medium,L/2,0.12698412698412698,1314,8,63,teacher-fit
esm,0c2e9f920f78c933a336889c674c26d2,127,sparsa,single_seq,pair_network,,,,,,medium,L/5,0.28,1314,8,25,teacher-fit
esm,0c2e9f920f78c933a336889c674c26d2,127,sparsa,single_seq,pair_network,,,,,,medium,R,0.625,1314,8,8,teacher-fit
esm,0c2e9f920f78c933a336889c674c26d2,127,sparsa,single_seq,pair_network,,,,,,medium,AUC,0.9940179938744258,1314,8,1314,teacher-fit
esm,0c2e9f920f78c933a336889c674c26d2,127,sparsa,single_seq,pair_network,,,,,,long,L,0.2125984251968504,5356,40,127,teacher-fit
esm,0c2e9f920f78c933a336889c674c26d2,127,sparsa,single_seq,pair_network,,,,,,long,L/2,0.3492063492063492,5356,40,63,teacher-fit
esm,0c2e9f920f78c933a336889c674c26d2,127,sparsa,single_seq,pair_network,,,,,,long,L/5,0.72,5356,40,25,teacher-fit
esm,0c2e9f920f78c933a336889c674c26d2,127,sparsa,single_seq,pair_network,,,,,,long,R,0.525,5356,40,40,teacher-fit
esm,0c2e9f920f78c933a336889c674c26d2,127,sparsa,single_seq,pair_network,,,,,,long,AUC,0.9684090481565087,5356,40,5356,teacher-fit
esm,0c2bbe96231a717fb8d547c3725e2da5,61,sparsa,single_seq,pair_network,,,,,,all,L,0.32786885245901637,1540,22,61,teacher-fit
esm,0c2bbe96231a717fb8d547c3725e2da5,61,sparsa,single_seq,pair_network,,,,,,all,L/2,0.5666666666666667,1540,22,30,teacher-fit
esm,0c2bbe96231a717fb8d547c3725e2da5,61,sparsa,single_seq,pair_network,,,,,,all,L/5,0.8333333333333334,1540,22,12,teacher-fit
esm,0c2bbe96231a717fb8d547c3725e2da5,61,sparsa,single_seq,pair_network,,,,,,all,R,0.6363636363636364,1540,22,22,teacher-fit
esm,0c2bbe96231a717fb8d547c3725e2da5,61,sparsa,single_seq,pair_network,,,,,,all,AUC,0.9922296083363277,1540,22,1540,teacher-fit
esm,0c2bbe96231a717fb8d547c3725e2da5,61,sparsa,single_seq,pair_network,,,,,,short,L,0.13114754098360656,315,8,61,teacher-fit
esm,0c2bbe96231a717fb8d547c3725e2da5,61,sparsa,single_seq,pair_network,,,,,,short,L/2,0.26666666666666666,315,8,30,teacher-fit
esm,0c2bbe96231a717fb8d547c3725e2da5,61,sparsa,single_seq,pair_network,,,,,,short,L/5,0.5833333333333334,315,8,12,teacher-fit
esm,0c2bbe96231a717fb8d547c3725e2da5,61,sparsa,single_seq,pair_network,,,,,,short,R,0.625,315,8,8,teacher-fit
esm,0c2bbe96231a717fb8d547c3725e2da5,61,sparsa,single_seq,pair_network,,,,,,short,AUC,0.9898208469055375,315,8,315,teacher-fit
esm,0c2bbe96231a717fb8d547c3725e2da5,61,sparsa,single_seq,pair_network,,,,,,medium,L,0.21311475409836064,522,13,61,teacher-fit
esm,0c2bbe96231a717fb8d547c3725e2da5,61,sparsa,single_seq,pair_network,,,,,,medium,L/2,0.4,522,13,30,teacher-fit
esm,0c2bbe96231a717fb8d547c3725e2da5,61,sparsa,single_seq,pair_network,,,,,,medium,L/5,0.8333333333333334,522,13,12,teacher-fit
esm,0c2bbe96231a717fb8d547c3725e2da5,61,sparsa,single_seq,pair_network,,,,,,medium,R,0.7692307692307693,522,13,13,teacher-fit
esm,0c2bbe96231a717fb8d547c3725e2da5,61,sparsa,single_seq,pair_network,,,,,,medium,AUC,0.9943327792050778,522,13,522,teacher-fit
esm,0c2bbe96231a717fb8d547c3725e2da5,61,sparsa,single_seq,pair_network,,,,,,long,L,0.01639344262295082,703,1,61,teacher-fit
esm,0c2bbe96231a717fb8d547c3725e2da5,61,sparsa,single_seq,pair_network,,,,,,long,L/2,0.03333333333333333,703,1,30,teacher-fit
esm,0c2bbe96231a717fb8d547c3725e2da5,61,sparsa,single_seq,pair_network,,,,,,long,L/5,0.0,703,1,12,teacher-fit
esm,0c2bbe96231a717fb8d547c3725e2da5,61,sparsa,single_seq,pair_network,,,,,,long,R,0.0,703,1,1,teacher-fit
esm,0c2bbe96231a717fb8d547c3725e2da5,61,sparsa,single_seq,pair_network,,,,,,long,AUC,0.972934472934473,703,1,703,teacher-fit
esm,0c219634f6b8681f36eca5f30b30cff4,100,sparsa,single_seq,pair_network,,,,,,all,L,0.26,4465,75,100,teacher-fit
esm,0c219634f6b8681f36eca5f30b30cff4,100,sparsa,single_seq,pair_network,,,,,,all,L/2,0.36,4465,75,50,teacher-fit
esm,0c219634f6b8681f36eca5f30b30cff4,100,sparsa,single_seq,pair_network,,,,,,all,L/5,0.4,4465,75,20,teacher-fit
esm,0c219634f6b8681f36eca5f30b30cff4,100,sparsa,single_seq,pair_network,,,,,,all,R,0.3333333333333333,4465,75,75,teacher-fit
esm,0c219634f6b8681f36eca5f30b30cff4,100,sparsa,single_seq,pair_network,,,,,,all,AUC,0.921498861047836,4465,75,4465,teacher-fit
esm,0c219634f6b8681f36eca5f30b30cff4,100,sparsa,single_seq,pair_network,,,,,,short,L,0.12,549,16,100,teacher-fit
esm,0c219634f6b8681f36eca5f30b30cff4,100,sparsa,single_seq,pair_network,,,,,,short,L/2,0.22,549,16,50,teacher-fit
esm,0c219634f6b8681f36eca5f30b30cff4,100,sparsa,single_seq,pair_network,,,,,,short,L/5,0.3,549,16,20,teacher-fit
esm,0c219634f6b8681f36eca5f30b30cff4,100,sparsa,single_seq,pair_network,,,,,,short,R,0.3125,549,16,16,teacher-fit
esm,0c219634f6b8681f36eca5f30b30cff4,100,sparsa,single_seq,pair_network,,,,,,short,AUC,0.883032363977486,549,16,549,teacher-fit
esm,0c219634f6b8681f36eca5f30b30cff4,100,sparsa,single_seq,pair_network,,,,,,medium,L,0.2,990,27,100,teacher-fit
esm,0c219634f6b8681f36eca5f30b30cff4,100,sparsa,single_seq,pair_network,,,,,,medium,L/2,0.32,990,27,50,teacher-fit
esm,0c219634f6b8681f36eca5f30b30cff4,100,sparsa,single_seq,pair_network,,,,,,medium,L/5,0.5,990,27,20,teacher-fit
esm,0c219634f6b8681f36eca5f30b30cff4,100,sparsa,single_seq,pair_network,,,,,,medium,R,0.37037037037037035,990,27,27,teacher-fit
esm,0c219634f6b8681f36eca5f30b30cff4,100,sparsa,single_seq,pair_network,,,,,,medium,AUC,0.9330794969424252,990,27,990,teacher-fit
esm,0c219634f6b8681f36eca5f30b30cff4,100,sparsa,single_seq,pair_network,,,,,,long,L,0.15,2926,32,100,teacher-fit
esm,0c219634f6b8681f36eca5f30b30cff4,100,sparsa,single_seq,pair_network,,,,,,long,L/2,0.2,2926,32,50,teacher-fit
esm,0c219634f6b8681f36eca5f30b30cff4,100,sparsa,single_seq,pair_network,,,,,,long,L/5,0.25,2926,32,20,teacher-fit
esm,0c219634f6b8681f36eca5f30b30cff4,100,sparsa,single_seq,pair_network,,,,,,long,R,0.25,2926,32,32,teacher-fit
esm,0c219634f6b8681f36eca5f30b30cff4,100,sparsa,single_seq,pair_network,,,,,,long,AUC,0.9238132774706289,2926,32,2926,teacher-fit
esm,0c23bf23d110f65423fa36637a9a770e,370,sparsa,single_seq,pair_network,,,,,,all,L,0.2702702702702703,66430,332,370,teacher-fit
esm,0c23bf23d110f65423fa36637a9a770e,370,sparsa,single_seq,pair_network,,,,,,all,L/2,0.43243243243243246,66430,332,185,teacher-fit
esm,0c23bf23d110f65423fa36637a9a770e,370,sparsa,single_seq,pair_network,,,,,,all,L/5,0.5675675675675675,66430,332,74,teacher-fit
esm,0c23bf23d110f65423fa36637a9a770e,370,sparsa,single_seq,pair_network,,,,,,all,R,0.28313253012048195,66430,332,332,teacher-fit
esm,0c23bf23d110f65423fa36637a9a770e,370,sparsa,single_seq,pair_network,,,,,,all,AUC,0.9335146571337849,66430,332,66430,teacher-fit
esm,0c23bf23d110f65423fa36637a9a770e,370,sparsa,single_seq,pair_network,,,,,,short,L,0.15405405405405406,2169,64,370,teacher-fit
esm,0c23bf23d110f65423fa36637a9a770e,370,sparsa,single_seq,pair_network,,,,,,short,L/2,0.24864864864864866,2169,64,185,teacher-fit
esm,0c23bf23d110f65423fa36637a9a770e,370,sparsa,single_seq,pair_network,,,,,,short,L/5,0.47297297297297297,2169,64,74,teacher-fit
esm,0c23bf23d110f65423fa36637a9a770e,370,sparsa,single_seq,pair_network,,,,,,short,R,0.5,2169,64,64,teacher-fit
esm,0c23bf23d110f65423fa36637a9a770e,370,sparsa,single_seq,pair_network,,,,,,short,AUC,0.9505492874109265,2169,64,2169,teacher-fit
esm,0c23bf23d110f65423fa36637a9a770e,370,sparsa,single_seq,pair_network,,,,,,medium,L,0.13513513513513514,4230,68,370,teacher-fit
esm,0c23bf23d110f65423fa36637a9a770e,370,sparsa,single_seq,pair_network,,,,,,medium,L/2,0.22162162162162163,4230,68,185,teacher-fit
esm,0c23bf23d110f65423fa36637a9a770e,370,sparsa,single_seq,pair_network,,,,,,medium,L/5,0.3918918918918919,4230,68,74,teacher-fit
esm,0c23bf23d110f65423fa36637a9a770e,370,sparsa,single_seq,pair_network,,,,,,medium,R,0.4264705882352941,4230,68,68,teacher-fit
esm,0c23bf23d110f65423fa36637a9a770e,370,sparsa,single_seq,pair_network,,,,,,medium,AUC,0.9442664018995393,4230,68,4230,teacher-fit
esm,0c23bf23d110f65423fa36637a9a770e,370,sparsa,single_seq,pair_network,,,,,,long,L,0.10540540540540541,60031,200,370,teacher-fit
esm,0c23bf23d110f65423fa36637a9a770e,370,sparsa,single_seq,pair_network,,,,,,long,L/2,0.16216216216216217,60031,200,185,teacher-fit
esm,0c23bf23d110f65423fa36637a9a770e,370,sparsa,single_seq,pair_network,,,,,,long,L/5,0.2972972972972973,60031,200,74,teacher-fit
esm,0c23bf23d110f65423fa36637a9a770e,370,sparsa,single_seq,pair_network,,,,,,long,R,0.16,60031,200,200,teacher-fit
esm,0c23bf23d110f65423fa36637a9a770e,370,sparsa,single_seq,pair_network,,,,,,long,AUC,0.9123829202253012,60031,200,60031,teacher-fit
esm,0c2b42bb44488a1d28c99dc69b82d6b4,97,sparsa,single_seq,pair_network,,,,,,all,L,0.3917525773195876,4186,98,97,teacher-fit
esm,0c2b42bb44488a1d28c99dc69b82d6b4,97,sparsa,single_seq,pair_network,,,,,,all,L/2,0.5625,4186,98,48,teacher-fit
esm,0c2b42bb44488a1d28c99dc69b82d6b4,97,sparsa,single_seq,pair_network,,,,,,all,L/5,0.8947368421052632,4186,98,19,teacher-fit
esm,0c2b42bb44488a1d28c99dc69b82d6b4,97,sparsa,single_seq,pair_network,,,,,,all,R,0.3877551020408163,4186,98,98,teacher-fit
esm,0c2b42bb44488a1d28c99dc69b82d6b4,97,sparsa,single_seq,pair_network,,,,,,all,AUC,0.9333614561284396,4186,98,4186,teacher-fit
esm,0c2b42bb44488a1d28c99dc69b82d6b4,97,sparsa,single_seq,pair_network,,,,,,short,L,0.14432989690721648,531,18,97,teacher-fit
esm,0c2b42bb44488a1d28c99dc69b82d6b4,97,sparsa,single_seq,pair_network,,,,,,short,L/2,0.25,531,18,48,teacher-fit
esm,0c2b42bb44488a1d28c99dc69b82d6b4,97,sparsa,single_seq,pair_network,,,,,,short,L/5,0.47368421052631576,531,18,19,teacher-fit
esm,0c2b42bb44488a1d28c99dc69b82d6b4,97,sparsa,single_seq,pair_network,,,,,,short,R,0.5,531,18,18,teacher-fit
esm,0c2b42bb44488a1d28c99dc69b82d6b4,97,sparsa,single_seq,pair_network,,,,,,short,AUC,0.9169915529564653,531,18,531,teacher-fit
esm,0c2b42bb44488a1d28c99dc69b82d6b4,97,sparsa,single_seq,pair_network,,,,,,medium,L,0.1958762886597938,954,26,97,teacher-fit
esm,0c2b42bb44488a1d28c99dc69b82d6b4,97,sparsa,single_seq,pair_network,,,,,,medium,L/2,0.25,954,26,48,teacher-fit
esm,0c2b42bb44488a1d28c99dc69b82d6b4,97,sparsa,single_seq,pair_network,,,,,,medium,L/5,0.47368421052631576,954,26,19,teacher-fit
esm,0c2b42bb44488a1d28c99dc69b82d6b4,97,sparsa,single_seq,pair_network,,,,,,medium,R,0.4230769230769231,954,26,26,teacher-fit
esm,0c2b42bb44488a1d28c99dc69b82d6b4,97,sparsa,single_seq,pair_network,,,,,,medium,AUC,0.9370648209549072,954,26,954,teacher-fit
esm,0c2b42bb44488a1d28c99dc69b82d6b4,97,sparsa,single_seq,pair_network,,,,,,long,L,0.26804123711340205,2701,54,97,teacher-fit
esm,0c2b42bb44488a1d28c99dc69b82d6b4,97,sparsa,single_seq,pair_network,,,,,,long,L/2,0.3541666666666667,2701,54,48,teacher-fit
esm,0c2b42bb44488a1d28c99dc69b82d6b4,97,sparsa,single_seq,pair_network,,,,,,long,L/5,0.47368421052631576,2701,54,19,teacher-fit
esm,0c2b42bb44488a1d28c99dc69b82d6b4,97,sparsa,single_seq,pair_network,,,,,,long,R,0.3333333333333333,2701,54,54,teacher-fit
esm,0c2b42bb44488a1d28c99dc69b82d6b4,97,sparsa,single_seq,pair_network,,,,,,long,AUC,0.9372420210161049,2701,54,2701,teacher-fit
esm,0c30a6a47f9c9a445293879d3049da2d,229,sparsa,single_seq,pair_network,,,,,,all,L,0.2183406113537118,24976,228,229,teacher-fit
esm,0c30a6a47f9c9a445293879d3049da2d,229,sparsa,single_seq,pair_network,,,,,,all,L/2,0.2982456140350877,24976,228,114,teacher-fit
esm,0c30a6a47f9c9a445293879d3049da2d,229,sparsa,single_seq,pair_network,,,,,,all,L/5,0.4666666666666667,24976,228,45,teacher-fit
esm,0c30a6a47f9c9a445293879d3049da2d,229,sparsa,single_seq,pair_network,,,,,,all,R,0.21929824561403508,24976,228,228,teacher-fit
esm,0c30a6a47f9c9a445293879d3049da2d,229,sparsa,single_seq,pair_network,,,,,,all,AUC,0.8976598144383102,24976,228,24976,teacher-fit
esm,0c30a6a47f9c9a445293879d3049da2d,229,sparsa,single_seq,pair_network,,,,,,short,L,0.11790393013100436,1323,29,229,teacher-fit
esm,0c30a6a47f9c9a445293879d3049da2d,229,sparsa,single_seq,pair_network,,,,,,short,L/2,0.21929824561403508,1323,29,114,teacher-fit
esm,0c30a6a47f9c9a445293879d3049da2d,229,sparsa,single_seq,pair_network,,,,,,short,L/5,0.4222222222222222,1323,29,45,teacher-fit
esm,0c30a6a47f9c9a445293879d3049da2d,229,sparsa,single_seq,pair_network,,,,,,short,R,0.5172413793103449,1323,29,29,teacher-fit
esm,0c30a6a47f9c9a445293879d3049da2d,229,sparsa,single_seq,pair_network,,,,,,short,AUC,0.9449981346266588,1323,29,1323,teacher-fit
esm,0c30a6a47f9c9a445293879d3049da2d,229,sparsa,single_seq,pair_network,,,,,,medium,L,0.10480349344978165,2538,36,229,teacher-fit
esm,0c30a6a47f9c9a445293879d3049da2d,229,sparsa,single_seq,pair_network,,,,,,medium,L/2,0.15789473684210525,2538,36,114,teacher-fit
esm,0c30a6a47f9c9a445293879d3049da2d,229,sparsa,single_seq,pair_network,,,,,,medium,L/5,0.28888888888888886,2538,36,45,teacher-fit
esm,0c30a6a47f9c9a445293879d3049da2d,229,sparsa,single_seq,pair_network,,,,,,medium,R,0.3055555555555556,2538,36,36,teacher-fit
esm,0c30a6a47f9c9a445293879d3049da2d,229,sparsa,single_seq,pair_network,,,,,,medium,AUC,0.9041155964117595,2538,36,2538,teacher-fit
esm,0c30a6a47f9c9a445293879d3049da2d,229,sparsa,single_seq,pair_network,,,,,,long,L,0.13537117903930132,21115,163,229,teacher-fit
esm,0c30a6a47f9c9a445293879d3049da2d,229,sparsa,single_seq,pair_network,,,,,,long,L/2,0.14912280701754385,21115,163,114,teacher-fit
esm,0c30a6a47f9c9a445293879d3049da2d,229,sparsa,single_seq,pair_network,,,,,,long,L/5,0.13333333333333333,21115,163,45,teacher-fit
esm,0c30a6a47f9c9a445293879d3049da2d,229,sparsa,single_seq,pair_network,,,,,,long,R,0.1411042944785276,21115,163,163,teacher-fit
esm,0c30a6a47f9c9a445293879d3049da2d,229,sparsa,single_seq,pair_network,,,,,,long,AUC,0.8877945089799179,21115,163,21115,teacher-fit
esm,23c519035cc875ca1040fc18c0c31300,299,sparsa,single_seq,pair_network,,,,,,all,L,0.29431438127090304,43071,199,299,teacher-fit
esm,23c519035cc875ca1040fc18c0c31300,299,sparsa,single_seq,pair_network,,,,,,all,L/2,0.4697986577181208,43071,199,149,teacher-fit
esm,23c519035cc875ca1040fc18c0c31300,299,sparsa,single_seq,pair_network,,,,,,all,L/5,0.6610169491525424,43071,199,59,teacher-fit
esm,23c519035cc875ca1040fc18c0c31300,299,sparsa,single_seq,pair_network,,,,,,all,R,0.3768844221105528,43071,199,199,teacher-fit
esm,23c519035cc875ca1040fc18c0c31300,299,sparsa,single_seq,pair_network,,,,,,all,AUC,0.9788805709832986,43071,199,43071,teacher-fit
esm,23c519035cc875ca1040fc18c0c31300,299,sparsa,single_seq,pair_network,,,,,,short,L,0.07357859531772576,1743,23,299,teacher-fit
esm,23c519035cc875ca1040fc18c0c31300,299,sparsa,single_seq,pair_network,,,,,,short,L/2,0.11409395973154363,1743,23,149,teacher-fit
esm,23c519035cc875ca1040fc18c0c31300,299,sparsa,single_seq,pair_network,,,,,,short,L/5,0.2033898305084746,1743,23,59,teacher-fit
esm,23c519035cc875ca1040fc18c0c31300,299,sparsa,single_seq,pair_network,,,,,,short,R,0.4782608695652174,1743,23,23,teacher-fit
esm,23c519035cc875ca1040fc18c0c31300,299,sparsa,single_seq,pair_network,,,,,,short,AUC,0.950505561172902,1743,23,1743,teacher-fit
esm,23c519035cc875ca1040fc18c0c31300,299,sparsa,single_seq,pair_network,,,,,,medium,L,0.06354515050167224,3378,22,299,teacher-fit
esm,23c519035cc875ca1040fc18c0c31300,299,sparsa,single_seq,pair_network,,,,,,medium,L/2,0.10067114093959731,3378,22,149,teacher-fit
esm,23c519035cc875ca1040fc18c0c31300,299,sparsa,single_seq,pair_network,,,,,,medium,L/5,0.15254237288135594,3378,22,59,teacher-fit
esm,23c519035cc875ca1040fc18c0c31300,299,sparsa,single_seq,pair_network,,,,,,medium,R,0.2727272727272727,3378,22,22,teacher-fit
esm,23c519035cc875ca1040fc18c0c31300,299,sparsa,single_seq,pair_network,,,,,,medium,AUC,0.9662883302633005,3378,22,3378,teacher-fit
esm,23c519035cc875ca1040fc18c0c31300,299,sparsa,single_seq,pair_network,,,,,,long,L,0.24749163879598662,37950,154,299,teacher-fit
esm,23c519035cc875ca1040fc18c0c31300,299,sparsa,single_seq,pair_network,,,,,,long,L/2,0.3825503355704698,37950,154,149,teacher-fit
esm,23c519035cc875ca1040fc18c0c31300,299,sparsa,single_seq,pair_network,,,,,,long,L/5,0.6101694915254238,37950,154,59,teacher-fit
esm,23c519035cc875ca1040fc18c0c31300,299,sparsa,single_seq,pair_network,,,,,,long,R,0.37662337662337664,37950,154,154,teacher-fit
esm,23c519035cc875ca1040fc18c0c31300,299,sparsa,single_seq,pair_network,,,,,,long,AUC,0.9813510122008376,37950,154,37950,teacher-fit
esm,23d093c4be1e4e7965d2ecc3e7ab32c3,71,sparsa,single_seq,pair_network,,,,,,all,L,0.4647887323943662,2145,54,71,teacher-fit
esm,23d093c4be1e4e7965d2ecc3e7ab32c3,71,sparsa,single_seq,pair_network,,,,,,all,L/2,0.7428571428571429,2145,54,35,teacher-fit
esm,23d093c4be1e4e7965d2ecc3e7ab32c3,71,sparsa,single_seq,pair_network,,,,,,all,L/5,0.9285714285714286,2145,54,14,teacher-fit
esm,23d093c4be1e4e7965d2ecc3e7ab32c3,71,sparsa,single_seq,pair_network,,,,,,all,R,0.5555555555555556,2145,54,54,teacher-fit
esm,23d093c4be1e4e7965d2ecc3e7ab32c3,71,sparsa,single_seq,pair_network,,,,,,all,AUC,0.9746089944559575,2145,54,2145,teacher-fit
esm,23d093c4be1e4e7965d2ecc3e7ab32c3,71,sparsa,single_seq,pair_network,,,,,,short,L,0.28169014084507044,375,20,71,teacher-fit
esm,23d093c4be1e4e7965d2ecc3e7ab32c3,71,sparsa,single_seq,pair_network,,,,,,short,L/2,0.4857142857142857,375,20,35,teacher-fit
esm,23d093c4be1e4e7965d2ecc3e7ab32c3,71,sparsa,single_seq,pair_network,,,,,,short,L/5,0.8571428571428571,375,20,14,teacher-fit
esm,23d093c4be1e4e7965d2ecc3e7ab32c3,71,sparsa,single_seq,pair_network,,,,,,short,R,0.8,375,20,20,teacher-fit
esm,23d093c4be1e4e7965d2ecc3e7ab32c3,71,sparsa,single_seq,pair_network,,,,,,short,AUC,0.9835915492957746,375,20,375,teacher-fit
esm,23d093c4be1e4e7965d2ecc3e7ab32c3,71,sparsa,single_seq,pair_network,,,,,,medium,L,0.22535211267605634,642,17,71,teacher-fit
esm,23d093c4be1e4e7965d2ecc3e7ab32c3,71,sparsa,single_seq,pair_network,,,,,,medium,L/2,0.37142857142857144,642,17,35,teacher-fit
esm,23d093c4be1e4e7965d2ecc3e7ab32c3,71,sparsa,single_seq,pair_network,,,,,,medium,L/5,0.7142857142857143,642,17,14,teacher-fit
esm,23d093c4be1e4e7965d2ecc3e7ab32c3,71,sparsa,single_seq,pair_network,,,,,,medium,R,0.5882352941176471,642,17,17,teacher-fit
esm,23d093c4be1e4e7965d2ecc3e7ab32c3,71,sparsa,single_seq,pair_network,,,,,,medium,AUC,0.9785882352941176,642,17,642,teacher-fit
esm,23d093c4be1e4e7965d2ecc3e7ab32c3,71,sparsa,single_seq,pair_network,,,,,,long,L,0.15492957746478872,1128,17,71,teacher-fit
esm,23d093c4be1e4e7965d2ecc3e7ab32c3,71,sparsa,single_seq,pair_network,,,,,,long,L/2,0.2857142857142857,1128,17,35,teacher-fit
esm,23d093c4be1e4e7965d2ecc3e7ab32c3,71,sparsa,single_seq,pair_network,,,,,,long,L/5,0.35714285714285715,1128,17,14,teacher-fit
esm,23d093c4be1e4e7965d2ecc3e7ab32c3,71,sparsa,single_seq,pair_network,,,,,,long,R,0.29411764705882354,1128,17,17,teacher-fit
esm,23d093c4be1e4e7965d2ecc3e7ab32c3,71,sparsa,single_seq,pair_network,,,,,,long,AUC,0.9611372901996081,1128,17,1128,teacher-fit
esm,23c8decf0f226be6e07e9f58d56b9676,226,sparsa,single_seq,pair_network,,,,,,all,L,0.252212389380531,24310,189,226,teacher-fit
esm,23c8decf0f226be6e07e9f58d56b9676,226,sparsa,single_seq,pair_network,,,,,,all,L/2,0.3805309734513274,24310,189,113,teacher-fit
esm,23c8decf0f226be6e07e9f58d56b9676,226,sparsa,single_seq,pair_network,,,,,,all,L/5,0.4888888888888889,24310,189,45,teacher-fit
esm,23c8decf0f226be6e07e9f58d56b9676,226,sparsa,single_seq,pair_network,,,,,,all,R,0.2751322751322751,24310,189,189,teacher-fit
esm,23c8decf0f226be6e07e9f58d56b9676,226,sparsa,single_seq,pair_network,,,,,,all,AUC,0.8810509799689352,24310,189,24310,teacher-fit
esm,23c8decf0f226be6e07e9f58d56b9676,226,sparsa,single_seq,pair_network,,,,,,short,L,0.11946902654867257,1305,31,226,teacher-fit
esm,23c8decf0f226be6e07e9f58d56b9676,226,sparsa,single_seq,pair_network,,,,,,short,L/2,0.20353982300884957,1305,31,113,teacher-fit
esm,23c8decf0f226be6e07e9f58d56b9676,226,sparsa,single_seq,pair_network,,,,,,short,L/5,0.3111111111111111,1305,31,45,teacher-fit
esm,23c8decf0f226be6e07e9f58d56b9676,226,sparsa,single_seq,pair_network,,,,,,short,R,0.3548387096774194,1305,31,31,teacher-fit
esm,23c8decf0f226be6e07e9f58d56b9676,226,sparsa,single_seq,pair_network,,,,,,short,AUC,0.9278118195168886,1305,31,1305,teacher-fit
esm,23c8decf0f226be6e07e9f58d56b9676,226,sparsa,single_seq,pair_network,,,,,,medium,L,0.05752212389380531,2502,22,226,teacher-fit
esm,23c8decf0f226be6e07e9f58d56b9676,226,sparsa,single_seq,pair_network,,,,,,medium,L/2,0.10619469026548672,2502,22,113,teacher-fit
esm,23c8decf0f226be6e07e9f58d56b9676,226,sparsa,single_seq,pair_network,,,,,,medium,L/5,0.13333333333333333,2502,22,45,teacher-fit
esm,23c8decf0f226be6e07e9f58d56b9676,226,sparsa,single_seq,pair_network,,,,,,medium,R,0.22727272727272727,2502,22,22,teacher-fit
esm,23c8decf0f226be6e07e9f58d56b9676,226,sparsa,single_seq,pair_network,,,,,,medium,AUC,0.9000733137829913,2502,22,2502,teacher-fit
esm,23c8decf0f226be6e07e9f58d56b9676,226,sparsa,single_seq,pair_network,,,,,,long,L,0.21238938053097345,20503,136,226,teacher-fit
esm,23c8decf0f226be6e07e9f58d56b9676,226,sparsa,single_seq,pair_network,,,,,,long,L/2,0.3008849557522124,20503,136,113,teacher-fit
esm,23c8decf0f226be6e07e9f58d56b9676,226,sparsa,single_seq,pair_network,,,,,,long,L/5,0.5111111111111111,20503,136,45,teacher-fit
esm,23c8decf0f226be6e07e9f58d56b9676,226,sparsa,single_seq,pair_network,,,,,,long,R,0.2867647058823529,20503,136,136,teacher-fit
esm,23c8decf0f226be6e07e9f58d56b9676,226,sparsa,single_seq,pair_network,,,,,,long,AUC,0.864293522682309,20503,136,20503,teacher-fit
esm,23cec579cb3a89c68d4ae738d1d0dfff,254,sparsa,single_seq,pair_network,,,,,,all,L,0.2952755905511811,30876,170,254,teacher-fit
esm,23cec579cb3a89c68d4ae738d1d0dfff,254,sparsa,single_seq,pair_network,,,,,,all,L/2,0.4015748031496063,30876,170,127,teacher-fit
esm,23cec579cb3a89c68d4ae738d1d0dfff,254,sparsa,single_seq,pair_network,,,,,,all,L/5,0.54,30876,170,50,teacher-fit
esm,23cec579cb3a89c68d4ae738d1d0dfff,254,sparsa,single_seq,pair_network,,,,,,all,R,0.37058823529411766,30876,170,170,teacher-fit
esm,23cec579cb3a89c68d4ae738d1d0dfff,254,sparsa,single_seq,pair_network,,,,,,all,AUC,0.9461443634315576,30876,170,30876,teacher-fit
esm,23cec579cb3a89c68d4ae738d1d0dfff,254,sparsa,single_seq,pair_network,,,,,,short,L,0.13385826771653545,1473,34,254,teacher-fit
esm,23cec579cb3a89c68d4ae738d1d0dfff,254,sparsa,single_seq,pair_network,,,,,,short,L/2,0.2283464566929134,1473,34,127,teacher-fit
esm,23cec579cb3a89c68d4ae738d1d0dfff,254,sparsa,single_seq,pair_network,,,,,,short,L/5,0.44,1473,34,50,teacher-fit
esm,23cec579cb3a89c68d4ae738d1d0dfff,254,sparsa,single_seq,pair_network,,,,,,short,R,0.5294117647058824,1473,34,34,teacher-fit
esm,23cec579cb3a89c68d4ae738d1d0dfff,254,sparsa,single_seq,pair_network,,,,,,short,AUC,0.9756162367657277,1473,34,1473,teacher-fit
esm,23cec579cb3a89c68d4ae738d1d0dfff,254,sparsa,single_seq,pair_network,,,,,,medium,L,0.1220472440944882,2838,36,254,teacher-fit
esm,23cec579cb3a89c68d4ae738d1d0dfff,254,sparsa,single_seq,pair_network,,,,,,medium,L/2,0.2125984251968504,2838,36,127,teacher-fit
esm,23cec579cb3a89c68d4ae738d1d0dfff,254,sparsa,single_seq,pair_network,,,,,,medium,L/5,0.34,2838,36,50,teacher-fit
esm,23cec579cb3a89c68d4ae738d1d0dfff,254,sparsa,single_seq,pair_network,,,,,,medium,R,0.4166666666666667,2838,36,36,teacher-fit
esm,23cec579cb3a89c68d4ae738d1d0dfff,254,sparsa,single_seq,pair_network,,,,,,medium,AUC,0.941658735823618,2838,36,2838,teacher-fit
esm,23cec579cb3a89c68d4ae738d1d0dfff,254,sparsa,single_seq,pair_network,,,,,,long,L,0.14173228346456693,26565,100,254,teacher-fit
esm,23cec579cb3a89c68d4ae738d1d0dfff,254,sparsa,single_seq,pair_network,,,,,,long,L/2,0.2204724409448819,26565,100,127,teacher-fit
esm,23cec579cb3a89c68d4ae738d1d0dfff,254,sparsa,single_seq,pair_network,,,,,,long,L/5,0.36,26565,100,50,teacher-fit
esm,23cec579cb3a89c68d4ae738d1d0dfff,254,sparsa,single_seq,pair_network,,,,,,long,R,0.26,26565,100,100,teacher-fit
esm,23cec579cb3a89c68d4ae738d1d0dfff,254,sparsa,single_seq,pair_network,,,,,,long,AUC,0.934179104477612,26565,100,26565,teacher-fit
esm,23d311bd44ec0505b7869ceaa9c71e04,110,sparsa,single_seq,pair_network,,,,,,all,L,0.32727272727272727,5460,109,110,teacher-fit
esm,23d311bd44ec0505b7869ceaa9c71e04,110,sparsa,single_seq,pair_network,,,,,,all,L/2,0.5272727272727272,5460,109,55,teacher-fit
esm,23d311bd44ec0505b7869ceaa9c71e04,110,sparsa,single_seq,pair_network,,,,,,all,L/5,0.7272727272727273,5460,109,22,teacher-fit
esm,23d311bd44ec0505b7869ceaa9c71e04,110,sparsa,single_seq,pair_network,,,,,,all,R,0.3302752293577982,5460,109,109,teacher-fit
esm,23d311bd44ec0505b7869ceaa9c71e04,110,sparsa,single_seq,pair_network,,,,,,all,AUC,0.9129709100073895,5460,109,5460,teacher-fit
esm,23d311bd44ec0505b7869ceaa9c71e04,110,sparsa,single_seq,pair_network,,,,,,short,L,0.14545454545454545,609,16,110,teacher-fit
esm,23d311bd44ec0505b7869ceaa9c71e04,110,sparsa,single_seq,pair_network,,,,,,short,L/2,0.2545454545454545,609,16,55,teacher-fit
esm,23d311bd44ec0505b7869ceaa9c71e04,110,sparsa,single_seq,pair_network,,,,,,short,L/5,0.5,609,16,22,teacher-fit
esm,23d311bd44ec0505b7869ceaa9c71e04,110,sparsa,single_seq,pair_network,,,,,,short,R,0.625,609,16,16,teacher-fit
esm,23d311bd44ec0505b7869ceaa9c71e04,110,sparsa,single_seq,pair_network,,,,,,short,AUC,0.978393760539629,609,16,609,teacher-fit
esm,23d311bd44ec0505b7869ceaa9c71e04,110,sparsa,single_seq,pair_network,,,,,,medium,L,0.19090909090909092,1110,26,110,teacher-fit
esm,23d311bd44ec0505b7869ceaa9c71e04,110,sparsa,single_seq,pair_network,,,,,,medium,L/2,0.34545454545454546,1110,26,55,teacher-fit
esm,23d311bd44ec0505b7869ceaa9c71e04,110,sparsa,single_seq,pair_network,,,,,,medium,L/5,0.6363636363636364,1110,26,22,teacher-fit
esm,23d311bd44ec0505b7869ceaa9c71e04,110,sparsa,single_seq,pair_network,,,,,,medium,R,0.5384615384615384,1110,26,26,teacher-fit
esm,23d311bd44ec0505b7869ceaa9c71e04,110,sparsa,single_seq,pair_network,,,,,,medium,AUC,0.9637028101050241,1110,26,1110,teacher-fit
esm,23d311bd44ec0505b7869ceaa9c71e04,110,sparsa,single_seq,pair_network,,,,,,long,L,0.15454545454545454,3741,67,110,teacher-fit
esm,23d311bd44ec0505b7869ceaa9c71e04,110,sparsa,single_seq,pair_network,,,,,,long,L/2,0.18181818181818182,3741,67,55,teacher-fit
esm,23d311bd44ec0505b7869ceaa9c71e04,110,sparsa,single_seq,pair_network,,,,,,long,L/5,0.22727272727272727,3741,67,22,teacher-fit
esm,23d311bd44ec0505b7869ceaa9c71e04,110,sparsa,single_seq,pair_network,,,,,,long,R,0.1791044776119403,3741,67,67,teacher-fit
esm,23d311bd44ec0505b7869ceaa9c71e04,110,sparsa,single_seq,pair_network,,,,,,long,AUC,0.8793742230599859,3741,67,3741,teacher-fit
esm,23c7238bef9afb040c491454868bfc30,244,sparsa,single_seq,pair_network,,,,,,all,L,0.6311475409836066,28441,172,244,teacher-fit
esm,23c7238bef9afb040c491454868bfc30,244,sparsa,single_seq,pair_network,,,,,,all,L/2,0.8852459016393442,28441,172,122,teacher-fit
esm,23c7238bef9afb040c491454868bfc30,244,sparsa,single_seq,pair_network,,,,,,all,L/5,0.9375,28441,172,48,teacher-fit
esm,23c7238bef9afb040c491454868bfc30,244,sparsa,single_seq,pair_network,,,,,,all,R,0.8081395348837209,28441,172,172,teacher-fit
esm,23c7238bef9afb040c491454868bfc30,244,sparsa,single_seq,pair_network,,,,,,all,AUC,0.9975940240233571,28441,172,28441,teacher-fit
esm,23c7238bef9afb040c491454868bfc30,244,sparsa,single_seq,pair_network,,,,,,short,L,0.06147540983606557,1413,15,244,teacher-fit
esm,23c7238bef9afb040c491454868bfc30,244,sparsa,single_seq,pair_network,,,,,,short,L/2,0.11475409836065574,1413,15,122,teacher-fit
esm,23c7238bef9afb040c491454868bfc30,244,sparsa,single_seq,pair_network,,,,,,short,L/5,0.2916666666666667,1413,15,48,teacher-fit
esm,23c7238bef9afb040c491454868bfc30,244,sparsa,single_seq,pair_network,,,,,,short,R,0.8,1413,15,15,teacher-fit
esm,23c7238bef9afb040c491454868bfc30,244,sparsa,single_seq,pair_network,,,,,,short,AUC,0.9887696709585122,1413,15,1413,teacher-fit
esm,23c7238bef9afb040c491454868bfc30,244,sparsa,single_seq,pair_network,,,,,,medium,L,0.21311475409836064,2718,52,244,teacher-fit
esm,23c7238bef9afb040c491454868bfc30,244,sparsa,single_seq,pair_network,,,,,,medium,L/2,0.4262295081967213,2718,52,122,teacher-fit
esm,23c7238bef9afb040c491454868bfc30,244,sparsa,single_seq,pair_network,,,,,,medium,L/5,0.9166666666666666,2718,52,48,teacher-fit
esm,23c7238bef9afb040c491454868bfc30,244,sparsa,single_seq,pair_network,,,,,,medium,R,0.8846153846153846,2718,52,52,teacher-fit
esm,23c7238bef9afb040c491454868bfc30,244,sparsa,single_seq,pair_network,,,,,,medium,AUC,0.9992029257314329,2718,52,2718,teacher-fit
esm,23c7238bef9afb040c491454868bfc30,244,sparsa,single_seq,pair_network,,,,,,long,L,0.4098360655737705,24310,105,244,teacher-fit
esm,23c7238bef9afb040c491454868bfc30,244,sparsa,single_seq,pair_network,,,,,,long,L/2,0.6885245901639344,24310,105,122,teacher-fit
esm,23c7238bef9afb040c491454868bfc30,244,sparsa,single_seq,pair_network,,,,,,long,L/5,0.8958333333333334,24310,105,48,teacher-fit
esm,23c7238bef9afb040c491454868bfc30,244,sparsa,single_seq,pair_network,,,,,,long,R,0.7428571428571429,24310,105,105,teacher-fit
esm,23c7238bef9afb040c491454868bfc30,244,sparsa,single_seq,pair_network,,,,,,long,AUC,0.9973830672529289,24310,105,24310,teacher-fit
esm,23c8d2c85e95fc8295f2f10bb8eba19b,130,sparsa,single_seq,pair_network,,,,,,all,L,0.14615384615384616,7750,74,130,teacher-fit
esm,23c8d2c85e95fc8295f2f10bb8eba19b,130,sparsa,single_seq,pair_network,,,,,,all,L/2,0.2153846153846154,7750,74,65,teacher-fit
esm,23c8d2c85e95fc8295f2f10bb8eba19b,130,sparsa,single_seq,pair_network,,,,,,all,L/5,0.34615384615384615,7750,74,26,teacher-fit
esm,23c8d2c85e95fc8295f2f10bb8eba19b,130,sparsa,single_seq,pair_network,,,,,,all,R,0.1891891891891892,7750,74,74,teacher-fit
esm,23c8d2c85e95fc8295f2f10bb8eba19b,130,sparsa,single_seq,pair_network,,,,,,all,AUC,0.9134173908144726,7750,74,7750,teacher-fit
esm,23c8d2c85e95fc8295f2f10bb8eba19b,130,sparsa,single_seq,pair_network,,,,,,short,L,0.1,729,15,130,teacher-fit
esm,23c8d2c85e95fc8295f2f10bb8eba19b,130,sparsa,single_seq,pair_network,,,,,,short,L/2,0.15384615384615385,729,15,65,teacher-fit
esm,23c8d2c85e95fc8295f2f10bb8eba19b,130,sparsa,single_seq,pair_network,,,,,,short,L/5,0.3076923076923077,729,15,26,teacher-fit
esm,23c8d2c85e95fc8295f2f10bb8eba19b,130,sparsa,single_seq,pair_network,,,,,,short,R,0.4666666666666667,729,15,15,teacher-fit
esm,23c8d2c85e95fc8295f2f10bb8eba19b,130,sparsa,single_seq,pair_network,,,,,,short,AUC,0.919421101774043,729,15,729,teacher-fit
esm,23c8d2c85e95fc8295f2f10bb8eba19b,130,sparsa,single_seq,pair_network,,,,,,medium,L,0.1,1350,15,130,teacher-fit
esm,23c8d2c85e95fc8295f2f10bb8eba19b,130,sparsa,single_seq,pair_network,,,,,,medium,L/2,0.09230769230769231,1350,15,65,teacher-fit
esm,23c8d2c85e95fc8295f2f10bb8eba19b,130,sparsa,single_seq,pair_network,,,,,,medium,L/5,0.19230769230769232,1350,15,26,teacher-fit
esm,23c8d2c85e95fc8295f2f10bb8eba19b,130,sparsa,single_seq,pair_network,,,,,,medium,R,0.26666666666666666,1350,15,15,teacher-fit
esm,23c8d2c85e95fc8295f2f10bb8eba19b,130,sparsa,single_seq,pair_network,,,,,,medium,AUC,0.9338826466916355,1350,15,1350,teacher-fit
esm,23c8d2c85e95fc8295f2f10bb8eba19b,130,sparsa,single_seq,pair_network,,,,,,long,L,0.05384615384615385,5671,44,130,teacher-fit
esm,23c8d2c85e95fc8295f2f10bb8eba19b,130,sparsa,single_seq,pair_network,,,,,,long,L/2,0.07692307692307693,5671,44,65,teacher-fit
esm,23c8d2c85e95fc8295f2f10bb8eba19b,130,sparsa,single_seq,pair_network,,,,,,long,L/5,0.07692307692307693,5671,44,26,teacher-fit
esm,23c8d2c85e95fc8295f2f10bb8eba19b,130,sparsa,single_seq,pair_network,,,,,,long,R,0.06818181818181818,5671,44,44,teacher-fit
esm,23c8d2c85e95fc8295f2f10bb8eba19b,130,sparsa,single_seq,pair_network,,,,,,long,AUC,0.904682375559397,5671,44,5671,teacher-fit
esm,23d193504e22deae4c0825723a89d8be,397,sparsa,single_seq,pair_network,,,,,,all,L,0.5163727959697733,76636,346,397,teacher-fit
esm,23d193504e22deae4c0825723a89d8be,397,sparsa,single_seq,pair_network,,,,,,all,L/2,0.7121212121212122,76636,346,198,teacher-fit
esm,23d193504e22deae4c0825723a89d8be,397,sparsa,single_seq,pair_network,,,,,,all,L/5,0.8481012658227848,76636,346,79,teacher-fit
esm,23d193504e22deae4c0825723a89d8be,397,sparsa,single_seq,pair_network,,,,,,all,R,0.5549132947976878,76636,346,346,teacher-fit
esm,23d193504e22deae4c0825723a89d8be,397,sparsa,single_seq,pair_network,,,,,,all,AUC,0.9913241002351084,76636,346,76636,teacher-fit
esm,23d193504e22deae4c0825723a89d8be,397,sparsa,single_seq,pair_network,,,,,,short,L,0.18387909319899245,2331,75,397,teacher-fit
esm,23d193504e22deae4c0825723a89d8be,397,sparsa,single_seq,pair_network,,,,,,short,L/2,0.3333333333333333,2331,75,198,teacher-fit
esm,23d193504e22deae4c0825723a89d8be,397,sparsa,single_seq,pair_network,,,,,,short,L/5,0.6075949367088608,2331,75,79,teacher-fit
esm,23d193504e22deae4c0825723a89d8be,397,sparsa,single_seq,pair_network,,,,,,short,R,0.6266666666666667,2331,75,75,teacher-fit
esm,23d193504e22deae4c0825723a89d8be,397,sparsa,single_seq,pair_network,,,,,,short,AUC,0.9776979905437352,2331,75,2331,teacher-fit
esm,23d193504e22deae4c0825723a89d8be,397,sparsa,single_seq,pair_network,,,,,,medium,L,0.19143576826196473,4554,84,397,teacher-fit
esm,23d193504e22deae4c0825723a89d8be,397,sparsa,single_seq,pair_network,,,,,,medium,L/2,0.36363636363636365,4554,84,198,teacher-fit
esm,23d193504e22deae4c0825723a89d8be,397,sparsa,single_seq,pair_network,,,,,,medium,L/5,0.6708860759493671,4554,84,79,teacher-fit
esm,23d193504e22deae4c0825723a89d8be,397,sparsa,single_seq,pair_network,,,,,,medium,R,0.6428571428571429,4554,84,84,teacher-fit
esm,23d193504e22deae4c0825723a89d8be,397,sparsa,single_seq,pair_network,,,,,,medium,AUC,0.9812067220624268,4554,84,4554,teacher-fit
esm,23d193504e22deae4c0825723a89d8be,397,sparsa,single_seq,pair_network,,,,,,long,L,0.30730478589420657,69751,187,397,teacher-fit
esm,23d193504e22deae4c0825723a89d8be,397,sparsa,single_seq,pair_network,,,,,,long,L/2,0.47474747474747475,69751,187,198,teacher-fit
esm,23d193504e22deae4c0825723a89d8be,397,sparsa,single_seq,pair_network,,,,,,long,L/5,0.7215189873417721,69751,187,79,teacher-fit
esm,23d193504e22deae4c0825723a89d8be,397,sparsa,single_seq,pair_network,,,,,,long,R,0.48128342245989303,69751,187,187,teacher-fit
esm,23d193504e22deae4c0825723a89d8be,397,sparsa,single_seq,pair_network,,,,,,long,AUC,0.9910823472833235,69751,187,69751,teacher-fit
esm,23c2e0002b5d2462d0abfe1a1139c8e6,136,sparsa,single_seq,pair_network,,,,,,all,L,0.19852941176470587,8515,89,136,teacher-fit
esm,23c2e0002b5d2462d0abfe1a1139c8e6,136,sparsa,single_seq,pair_network,,,,,,all,L/2,0.22058823529411764,8515,89,68,teacher-fit
esm,23c2e0002b5d2462d0abfe1a1139c8e6,136,sparsa,single_seq,pair_network,,,,,,all,L/5,0.25925925925925924,8515,89,27,teacher-fit
esm,23c2e0002b5d2462d0abfe1a1139c8e6,136,sparsa,single_seq,pair_network,,,,,,all,R,0.21348314606741572,8515,89,89,teacher-fit
esm,23c2e0002b5d2462d0abfe1a1139c8e6,136,sparsa,single_seq,pair_network,,,,,,all,AUC,0.9479887027045768,8515,89,8515,teacher-fit
esm,23c2e0002b5d2462d0abfe1a1139c8e6,136,sparsa,single_seq,pair_network,,,,,,short,L,0.058823529411764705,765,11,136,teacher-fit
esm,23c2e0002b5d2462d0abfe1a1139c8e6,136,sparsa,single_seq,pair_network,,,,,,short,L/2,0.08823529411764706,765,11,68,teacher-fit
esm,23c2e0002b5d2462d0abfe1a1139c8e6,136,sparsa,single_seq,pair_network,,,,,,short,L/5,0.18518518518518517,765,11,27,teacher-fit
esm,23c2e0002b5d2462d0abfe1a1139c8e6,136,sparsa,single_seq,pair_network,,,,,,short,R,0.36363636363636365,765,11,11,teacher-fit
esm,23c2e0002b5d2462d0abfe1a1139c8e6,136,sparsa,single_seq,pair_network,,,,,,short,AUC,0.9136122498191465,765,11,765,teacher-fit
esm,23c2e0002b5d2462d0abfe1a1139c8e6,136,sparsa,single_seq,pair_network,,,,,,medium,L,0.10294117647058823,1422,19,136,teacher-fit
esm,23c2e0002b5d2462d0abfe1a1139c8e6,136,sparsa,single_seq,pair_network,,,,,,medium,L/2,0.07352941176470588,1422,19,68,teacher-fit
esm,23c2e0002b5d2462d0abfe1a1139c8e6,136,sparsa,single_seq,pair_network,,,,,,medium,L/5,0.14814814814814814,1422,19,27,teacher-fit
esm,23c2e0002b5d2462d0abfe1a1139c8e6,136,sparsa,single_seq,pair_network,,,,,,medium,R,0.10526315789473684,1422,19,19,teacher-fit
esm,23c2e0002b5d2462d0abfe1a1139c8e6,136,sparsa,single_seq,pair_network,,,,,,medium,AUC,0.939340510935214,1422,19,1422,teacher-fit
esm,23c2e0002b5d2462d0abfe1a1139c8e6,136,sparsa,single_seq,pair_network,,,,,,long,L,0.18382352941176472,6328,59,136,teacher-fit
esm,23c2e0002b5d2462d0abfe1a1139c8e6,136,sparsa,single_seq,pair_network,,,,,,long,L/2,0.22058823529411764,6328,59,68,teacher-fit
esm,23c2e0002b5d2462d0abfe1a1139c8e6,136,sparsa,single_seq,pair_network,,,,,,long,L/5,0.3333333333333333,6328,59,27,teacher-fit
esm,23c2e0002b5d2462d0abfe1a1139c8e6,136,sparsa,single_seq,pair_network,,,,,,long,R,0.22033898305084745,6328,59,59,teacher-fit
esm,23c2e0002b5d2462d0abfe1a1139c8e6,136,sparsa,single_seq,pair_network,,,,,,long,AUC,0.9581137748025662,6328,59,6328,teacher-fit
esm,23c443f02e9b726f984ae03cde54e832,544,sparsa,single_seq,pair_network,,,,,,all,L,0.10845588235294118,144991,496,544,teacher-fit
esm,23c443f02e9b726f984ae03cde54e832,544,sparsa,single_seq,pair_network,,,,,,all,L/2,0.14338235294117646,144991,496,272,teacher-fit
esm,23c443f02e9b726f984ae03cde54e832,544,sparsa,single_seq,pair_network,,,,,,all,L/5,0.1574074074074074,144991,496,108,teacher-fit
esm,23c443f02e9b726f984ae03cde54e832,544,sparsa,single_seq,pair_network,,,,,,all,R,0.11491935483870967,144991,496,496,teacher-fit
esm,23c443f02e9b726f984ae03cde54e832,544,sparsa,single_seq,pair_network,,,,,,all,AUC,0.8620283838931808,144991,496,144991,teacher-fit
esm,23c443f02e9b726f984ae03cde54e832,544,sparsa,single_seq,pair_network,,,,,,short,L,0.07720588235294118,3213,57,544,teacher-fit
esm,23c443f02e9b726f984ae03cde54e832,544,sparsa,single_seq,pair_network,,,,,,short,L/2,0.1213235294117647,3213,57,272,teacher-fit
esm,23c443f02e9b726f984ae03cde54e832,544,sparsa,single_seq,pair_network,,,,,,short,L/5,0.1574074074074074,3213,57,108,teacher-fit
esm,23c443f02e9b726f984ae03cde54e832,544,sparsa,single_seq,pair_network,,,,,,short,R,0.17543859649122806,3213,57,57,teacher-fit
esm,23c443f02e9b726f984ae03cde54e832,544,sparsa,single_seq,pair_network,,,,,,short,AUC,0.8830187001089542,3213,57,3213,teacher-fit
esm,23c443f02e9b726f984ae03cde54e832,544,sparsa,single_seq,pair_network,,,,,,medium,L,0.05514705882352941,6318,60,544,teacher-fit
esm,23c443f02e9b726f984ae03cde54e832,544,sparsa,single_seq,pair_network,,,,,,medium,L/2,0.08088235294117647,6318,60,272,teacher-fit
esm,23c443f02e9b726f984ae03cde54e832,544,sparsa,single_seq,pair_network,,,,,,medium,L/5,0.12962962962962962,6318,60,108,teacher-fit
esm,23c443f02e9b726f984ae03cde54e832,544,sparsa,single_seq,pair_network,,,,,,medium,R,0.15,6318,60,60,teacher-fit
esm,23c443f02e9b726f984ae03cde54e832,544,sparsa,single_seq,pair_network,,,,,,medium,AUC,0.8181740705230638,6318,60,6318,teacher-fit
esm,23c443f02e9b726f984ae03cde54e832,544,sparsa,single_seq,pair_network,,,,,,long,L,0.042279411764705885,135460,379,544,teacher-fit
esm,23c443f02e9b726f984ae03cde54e832,544,sparsa,single_seq,pair_network,,,,,,long,L/2,0.0661764705882353,135460,379,272,teacher-fit
esm,23c443f02e9b726f984ae03cde54e832,544,sparsa,single_seq,pair_network,,,,,,long,L/5,0.10185185185185185,135460,379,108,teacher-fit
esm,23c443f02e9b726f984ae03cde54e832,544,sparsa,single_seq,pair_network,,,,,,long,R,0.055408970976253295,135460,379,379,teacher-fit
esm,23c443f02e9b726f984ae03cde54e832,544,sparsa,single_seq,pair_network,,,,,,long,AUC,0.8497842953565299,135460,379,135460,teacher-fit
esm,23d36602db0e3cbb3e7f5a5f3f42bc71,121,sparsa,single_seq,pair_network,,,,,,all,L,0.04132231404958678,6670,52,121,teacher-fit
esm,23d36602db0e3cbb3e7f5a5f3f42bc71,121,sparsa,single_seq,pair_network,,,,,,all,L/2,0.06666666666666667,6670,52,60,teacher-fit
esm,23d36602db0e3cbb3e7f5a5f3f42bc71,121,sparsa,single_seq,pair_network,,,,,,all,L/5,0.0,6670,52,24,teacher-fit
esm,23d36602db0e3cbb3e7f5a5f3f42bc71,121,sparsa,single_seq,pair_network,,,,,,all,R,0.038461538461538464,6670,52,52,teacher-fit
esm,23d36602db0e3cbb3e7f5a5f3f42bc71,121,sparsa,single_seq,pair_network,,,,,,all,AUC,0.8640145175163308,6670,52,6670,teacher-fit
esm,23d36602db0e3cbb3e7f5a5f3f42bc71,121,sparsa,single_seq,pair_network,,,,,,short,L,0.01652892561983471,675,2,121,teacher-fit
esm,23d36602db0e3cbb3e7f5a5f3f42bc71,121,sparsa,single_seq,pair_network,,,,,,short,L/2,0.03333333333333333,675,2,60,teacher-fit
esm,23d36602db0e3cbb3e7f5a5f3f42bc71,121,sparsa,single_seq,pair_network,,,,,,short,L/5,0.041666666666666664,675,2,24,teacher-fit
esm,23d36602db0e3cbb3e7f5a5f3f42bc71,121,sparsa,single_seq,pair_network,,,,,,short,R,0.0,675,2,2,teacher-fit
esm,23d36602db0e3cbb3e7f5a5f3f42bc71,121,sparsa,single_seq,pair_network,,,,,,short,AUC,0.9561664190193164,675,2,675,teacher-fit
esm,23d36602db0e3cbb3e7f5a5f3f42bc71,121,sparsa,single_seq,pair_network,,,,,,medium,L,0.03305785123966942,1242,9,121,teacher-fit
esm,23d36602db0e3cbb3e7f5a5f3f42bc71,121,sparsa,single_seq,pair_network,,,,,,medium,L/2,0.05,1242,9,60,teacher-fit
esm,23d36602db0e3cbb3e7f5a5f3f42bc71,121,sparsa,single_seq,pair_network,,,,,,medium,L/5,0.08333333333333333,1242,9,24,teacher-fit
esm,23d36602db0e3cbb3e7f5a5f3f42bc71,121,sparsa,single_seq,pair_network,,,,,,medium,R,0.1111111111111111,1242,9,9,teacher-fit
esm,23d36602db0e3cbb3e7f5a5f3f42bc71,121,sparsa,single_seq,pair_network,,,,,,medium,AUC,0.88294133549608,1242,9,1242,teacher-fit
esm,23d36602db0e3cbb3e7f5a5f3f42bc71,121,sparsa,single_seq,pair_network,,,,,,long,L,0.049586776859504134,4753,41,121,teacher-fit
esm,23d36602db0e3cbb3e7f5a5f3f42bc71,121,sparsa,single_seq,pair_network,,,,,,long,L/2,0.05,4753,41,60,teacher-fit
esm,23d36602db0e3cbb3e7f5a5f3f42bc71,121,sparsa,single_seq,pair_network,,,,,,long,L/5,0.0,4753,41,24,teacher-fit
esm,23d36602db0e3cbb3e7f5a5f3f42bc71,121,sparsa,single_seq,pair_network,,,,,,long,R,0.024390243902439025,4753,41,41,teacher-fit
esm,23d36602db0e3cbb3e7f5a5f3f42bc71,121,sparsa,single_seq,pair_network,,,,,,long,AUC,0.8569997722472981,4753,41,4753,teacher-fit
esm,23c9f871c3d8ec1d0827c2a52c2a2772,153,sparsa,single_seq,pair_network,,,,,,all,L,0.2549019607843137,10878,140,153,teacher-fit
esm,23c9f871c3d8ec1d0827c2a52c2a2772,153,sparsa,single_seq,pair_network,,,,,,all,L/2,0.40789473684210525,10878,140,76,teacher-fit
esm,23c9f871c3d8ec1d0827c2a52c2a2772,153,sparsa,single_seq,pair_network,,,,,,all,L/5,0.5666666666666667,10878,140,30,teacher-fit
esm,23c9f871c3d8ec1d0827c2a52c2a2772,153,sparsa,single_seq,pair_network,,,,,,all,R,0.2642857142857143,10878,140,140,teacher-fit
esm,23c9f871c3d8ec1d0827c2a52c2a2772,153,sparsa,single_seq,pair_network,,,,,,all,AUC,0.8411419391746269,10878,140,10878,teacher-fit
esm,23c9f871c3d8ec1d0827c2a52c2a2772,153,sparsa,single_seq,pair_network,,,,,,short,L,0.13071895424836602,867,27,153,teacher-fit
esm,23c9f871c3d8ec1d0827c2a52c2a2772,153,sparsa,single_seq,pair_network,,,,,,short,L/2,0.2631578947368421,867,27,76,teacher-fit
esm,23c9f871c3d8ec1d0827c2a52c2a2772,153,sparsa,single_seq,pair_network,,,,,,short,L/5,0.4666666666666667,867,27,30,teacher-fit
esm,23c9f871c3d8ec1d0827c2a52c2a2772,153,sparsa,single_seq,pair_network,,,,,,short,R,0.48148148148148145,867,27,27,teacher-fit
esm,23c9f871c3d8ec1d0827c2a52c2a2772,153,sparsa,single_seq,pair_network,,,,,,short,AUC,0.9027557319223984,867,27,867,teacher-fit
esm,23c9f871c3d8ec1d0827c2a52c2a2772,153,sparsa,single_seq,pair_network,,,,,,medium,L,0.13725490196078433,1626,25,153,teacher-fit
esm,23c9f871c3d8ec1d0827c2a52c2a2772,153,sparsa,single_seq,pair_network,,,,,,medium,L/2,0.21052631578947367,1626,25,76,teacher-fit
esm,23c9f871c3d8ec1d0827c2a52c2a2772,153,sparsa,single_seq,pair_network,,,,,,medium,L/5,0.43333333333333335,1626,25,30,teacher-fit
esm,23c9f871c3d8ec1d0827c2a52c2a2772,153,sparsa,single_seq,pair_network,,,,,,medium,R,0.44,1626,25,25,teacher-fit
esm,23c9f871c3d8ec1d0827c2a52c2a2772,153,sparsa,single_seq,pair_network,,,,,,medium,AUC,0.9552029981261712,1626,25,1626,teacher-fit
esm,23c9f871c3d8ec1d0827c2a52c2a2772,153,sparsa,single_seq,pair_network,,,,,,long,L,0.0718954248366013,8385,88,153,teacher-fit
esm,23c9f871c3d8ec1d0827c2a52c2a2772,153,sparsa,single_seq,pair_network,,,,,,long,L/2,0.11842105263157894,8385,88,76,teacher-fit
esm,23c9f871c3d8ec1d0827c2a52c2a2772,153,sparsa,single_seq,pair_network,,,,,,long,L/5,0.2,8385,88,30,teacher-fit
esm,23c9f871c3d8ec1d0827c2a52c2a2772,153,sparsa,single_seq,pair_network,,,,,,long,R,0.10227272727272728,8385,88,88,teacher-fit
esm,23c9f871c3d8ec1d0827c2a52c2a2772,153,sparsa,single_seq,pair_network,,,,,,long,AUC,0.7833273527123714,8385,88,8385,teacher-fit
esm,23cef45b19a89469ff05d4f2f4d63e18,124,sparsa,single_seq,pair_network,,,,,,all,L,0.3064516129032258,7021,82,124,teacher-fit
esm,23cef45b19a89469ff05d4f2f4d63e18,124,sparsa,single_seq,pair_network,,,,,,all,L/2,0.41935483870967744,7021,82,62,teacher-fit
esm,23cef45b19a89469ff05d4f2f4d63e18,124,sparsa,single_seq,pair_network,,,,,,all,L/5,0.5416666666666666,7021,82,24,teacher-fit
esm,23cef45b19a89469ff05d4f2f4d63e18,124,sparsa,single_seq,pair_network,,,,,,all,R,0.35365853658536583,7021,82,82,teacher-fit
esm,23cef45b19a89469ff05d4f2f4d63e18,124,sparsa,single_seq,pair_network,,,,,,all,AUC,0.9713900576100443,7021,82,7021,teacher-fit
esm,23cef45b19a89469ff05d4f2f4d63e18,124,sparsa,single_seq,pair_network,,,,,,short,L,0.10483870967741936,693,13,124,teacher-fit
esm,23cef45b19a89469ff05d4f2f4d63e18,124,sparsa,single_seq,pair_network,,,,,,short,L/2,0.1935483870967742,693,13,62,teacher-fit
esm,23cef45b19a89469ff05d4f2f4d63e18,124,sparsa,single_seq,pair_network,,,,,,short,L/5,0.375,693,13,24,teacher-fit
esm,23cef45b19a89469ff05d4f2f4d63e18,124,sparsa,single_seq,pair_network,,,,,,short,R,0.6153846153846154,693,13,13,teacher-fit
esm,23cef45b19a89469ff05d4f2f4d63e18,124,sparsa,single_seq,pair_network,,,,,,short,AUC,0.9763009049773756,693,13,693,teacher-fit
esm,23cef45b19a89469ff05d4f2f4d63e18,124,sparsa,single_seq,pair_network,,,,,,medium,L,0.14516129032258066,1278,23,124,teacher-fit
esm,23cef45b19a89469ff05d4f2f4d63e18,124,sparsa,single_seq,pair_network,,,,,,medium,L/2,0.1774193548387097,1278,23,62,teacher-fit
esm,23cef45b19a89469ff05d4f2f4d63e18,124,sparsa,single_seq,pair_network,,,,,,medium,L/5,0.2916666666666667,1278,23,24,teacher-fit
esm,23cef45b19a89469ff05d4f2f4d63e18,124,sparsa,single_seq,pair_network,,,,,,medium,R,0.2608695652173913,1278,23,23,teacher-fit
esm,23cef45b19a89469ff05d4f2f4d63e18,124,sparsa,single_seq,pair_network,,,,,,medium,AUC,0.9530746578901784,1278,23,1278,teacher-fit
esm,23cef45b19a89469ff05d4f2f4d63e18,124,sparsa,single_seq,pair_network,,,,,,long,L,0.24193548387096775,5050,46,124,teacher-fit
esm,23cef45b19a89469ff05d4f2f4d63e18,124,sparsa,single_seq,pair_network,,,,,,long,L/2,0.3064516129032258,5050,46,62,teacher-fit
esm,23cef45b19a89469ff05d4f2f4d63e18,124,sparsa,single_seq,pair_network,,,,,,long,L/5,0.5416666666666666,5050,46,24,teacher-fit
esm,23cef45b19a89469ff05d4f2f4d63e18,124,sparsa,single_seq,pair_network,,,,,,long,R,0.3695652173913043,5050,46,46,teacher-fit
esm,23cef45b19a89469ff05d4f2f4d63e18,124,sparsa,single_seq,pair_network,,,,,,long,AUC,0.9750547388176415,5050,46,5050,teacher-fit
esm,23c9697e97f991c374ce6d78a0a97063,207,sparsa,single_seq,pair_network,,,,,,all,L,0.30434782608695654,20301,109,207,teacher-fit
esm,23c9697e97f991c374ce6d78a0a97063,207,sparsa,single_seq,pair_network,,,,,,all,L/2,0.4563106796116505,20301,109,103,teacher-fit
esm,23c9697e97f991c374ce6d78a0a97063,207,sparsa,single_seq,pair_network,,,,,,all,L/5,0.6341463414634146,20301,109,41,teacher-fit
esm,23c9697e97f991c374ce6d78a0a97063,207,sparsa,single_seq,pair_network,,,,,,all,R,0.44954128440366975,20301,109,109,teacher-fit
esm,23c9697e97f991c374ce6d78a0a97063,207,sparsa,single_seq,pair_network,,,,,,all,AUC,0.9888462957443407,20301,109,20301,teacher-fit
esm,23c9697e97f991c374ce6d78a0a97063,207,sparsa,single_seq,pair_network,,,,,,short,L,0.014492753623188406,1191,3,207,teacher-fit
esm,23c9697e97f991c374ce6d78a0a97063,207,sparsa,single_seq,pair_network,,,,,,short,L/2,0.02912621359223301,1191,3,103,teacher-fit
esm,23c9697e97f991c374ce6d78a0a97063,207,sparsa,single_seq,pair_network,,,,,,short,L/5,0.07317073170731707,1191,3,41,teacher-fit
esm,23c9697e97f991c374ce6d78a0a97063,207,sparsa,single_seq,pair_network,,,,,,short,R,0.0,1191,3,3,teacher-fit
esm,23c9697e97f991c374ce6d78a0a97063,207,sparsa,single_seq,pair_network,,,,,,short,AUC,0.9932659932659933,1191,3,1191,teacher-fit
esm,23c9697e97f991c374ce6d78a0a97063,207,sparsa,single_seq,pair_network,,,,,,medium,L,0.10144927536231885,2274,22,207,teacher-fit
esm,23c9697e97f991c374ce6d78a0a97063,207,sparsa,single_seq,pair_network,,,,,,medium,L/2,0.1941747572815534,2274,22,103,teacher-fit
esm,23c9697e97f991c374ce6d78a0a97063,207,sparsa,single_seq,pair_network,,,,,,medium,L/5,0.43902439024390244,2274,22,41,teacher-fit
esm,23c9697e97f991c374ce6d78a0a97063,207,sparsa,single_seq,pair_network,,,,,,medium,R,0.5909090909090909,2274,22,22,teacher-fit
esm,23c9697e97f991c374ce6d78a0a97063,207,sparsa,single_seq,pair_network,,,,,,medium,AUC,0.9875262393024383,2274,22,2274,teacher-fit
esm,23c9697e97f991c374ce6d78a0a97063,207,sparsa,single_seq,pair_network,,,,,,long,L,0.2898550724637681,16836,84,207,teacher-fit
esm,23c9697e97f991c374ce6d78a0a97063,207,sparsa,single_seq,pair_network,,,,,,long,L/2,0.3883495145631068,16836,84,103,teacher-fit
esm,23c9697e97f991c374ce6d78a0a97063,207,sparsa,single_seq,pair_network,,,,,,long,L/5,0.5121951219512195,16836,84,41,teacher-fit
esm,23c9697e97f991c374ce6d78a0a97063,207,sparsa,single_seq,pair_network,,,,,,long,R,0.4166666666666667,16836,84,84,teacher-fit
esm,23c9697e97f991c374ce6d78a0a97063,207,sparsa,single_seq,pair_network,,,,,,long,AUC,0.9917667968572338,16836,84,16836,teacher-fit
esm,23c908de38799be772703579e780a0db,224,sparsa,single_seq,pair_network,,,,,,all,L,0.17857142857142858,23871,249,224,teacher-fit
esm,23c908de38799be772703579e780a0db,224,sparsa,single_seq,pair_network,,,,,,all,L/2,0.20535714285714285,23871,249,112,teacher-fit
esm,23c908de38799be772703579e780a0db,224,sparsa,single_seq,pair_network,,,,,,all,L/5,0.3181818181818182,23871,249,44,teacher-fit
esm,23c908de38799be772703579e780a0db,224,sparsa,single_seq,pair_network,,,,,,all,R,0.1606425702811245,23871,249,249,teacher-fit
esm,23c908de38799be772703579e780a0db,224,sparsa,single_seq,pair_network,,,,,,all,AUC,0.8090670190711198,23871,249,23871,teacher-fit
esm,23c908de38799be772703579e780a0db,224,sparsa,single_seq,pair_network,,,,,,short,L,0.14285714285714285,1293,43,224,teacher-fit
esm,23c908de38799be772703579e780a0db,224,sparsa,single_seq,pair_network,,,,,,short,L/2,0.23214285714285715,1293,43,112,teacher-fit
esm,23c908de38799be772703579e780a0db,224,sparsa,single_seq,pair_network,,,,,,short,L/5,0.38636363636363635,1293,43,44,teacher-fit
esm,23c908de38799be772703579e780a0db,224,sparsa,single_seq,pair_network,,,,,,short,R,0.37209302325581395,1293,43,43,teacher-fit
esm,23c908de38799be772703579e780a0db,224,sparsa,single_seq,pair_network,,,,,,short,AUC,0.8916558139534885,1293,43,1293,teacher-fit
esm,23c908de38799be772703579e780a0db,224,sparsa,single_seq,pair_network,,,,,,medium,L,0.09375,2478,41,224,teacher-fit
esm,23c908de38799be772703579e780a0db,224,sparsa,single_seq,pair_network,,,,,,medium,L/2,0.13392857142857142,2478,41,112,teacher-fit
esm,23c908de38799be772703579e780a0db,224,sparsa,single_seq,pair_network,,,,,,medium,L/5,0.1590909090909091,2478,41,44,teacher-fit
esm,23c908de38799be772703579e780a0db,224,sparsa,single_seq,pair_network,,,,,,medium,R,0.17073170731707318,2478,41,41,teacher-fit
esm,23c908de38799be772703579e780a0db,224,sparsa,single_seq,pair_network,,,,,,medium,AUC,0.8476685649088743,2478,41,2478,teacher-fit
esm,23c908de38799be772703579e780a0db,224,sparsa,single_seq,pair_network,,,,,,long,L,0.04017857142857143,20100,165,224,teacher-fit
esm,23c908de38799be772703579e780a0db,224,sparsa,single_seq,pair_network,,,,,,long,L/2,0.03571428571428571,20100,165,112,teacher-fit
esm,23c908de38799be772703579e780a0db,224,sparsa,single_seq,pair_network,,,,,,long,L/5,0.045454545454545456,20100,165,44,teacher-fit
esm,23c908de38799be772703579e780a0db,224,sparsa,single_seq,pair_network,,,,,,long,R,0.030303030303030304,20100,165,165,teacher-fit
esm,23c908de38799be772703579e780a0db,224,sparsa,single_seq,pair_network,,,,,,long,AUC,0.7682931649071604,20100,165,20100,teacher-fit
esm,23c59dc94f7a0ff98535106f834a8dc6,492,sparsa,single_seq,pair_network,,,,,,all,L,0.24796747967479674,118341,416,492,teacher-fit
esm,23c59dc94f7a0ff98535106f834a8dc6,492,sparsa,single_seq,pair_network,,,,,,all,L/2,0.2967479674796748,118341,416,246,teacher-fit
esm,23c59dc94f7a0ff98535106f834a8dc6,492,sparsa,single_seq,pair_network,,,,,,all,L/5,0.35714285714285715,118341,416,98,teacher-fit
esm,23c59dc94f7a0ff98535106f834a8dc6,492,sparsa,single_seq,pair_network,,,,,,all,R,0.25,118341,416,416,teacher-fit
esm,23c59dc94f7a0ff98535106f834a8dc6,492,sparsa,single_seq,pair_network,,,,,,all,AUC,0.9479912570734332,118341,416,118341,teacher-fit
esm,23c59dc94f7a0ff98535106f834a8dc6,492,sparsa,single_seq,pair_network,,,,,,short,L,0.07113821138211382,2901,37,492,teacher-fit
esm,23c59dc94f7a0ff98535106f834a8dc6,492,sparsa,single_seq,pair_network,,,,,,short,L/2,0.13821138211382114,2901,37,246,teacher-fit
esm,23c59dc94f7a0ff98535106f834a8dc6,492,sparsa,single_seq,pair_network,,,,,,short,L/5,0.25510204081632654,2901,37,98,teacher-fit
esm,23c59dc94f7a0ff98535106f834a8dc6,492,sparsa,single_seq,pair_network,,,,,,short,R,0.32432432432432434,2901,37,37,teacher-fit
esm,23c59dc94f7a0ff98535106f834a8dc6,492,sparsa,single_seq,pair_network,,,,,,short,AUC,0.9640834969047261,2901,37,2901,teacher-fit
esm,23c59dc94f7a0ff98535106f834a8dc6,492,sparsa,single_seq,pair_network,,,,,,medium,L,0.08333333333333333,5694,43,492,teacher-fit
esm,23c59dc94f7a0ff98535106f834a8dc6,492,sparsa,single_seq,pair_network,,,,,,medium,L/2,0.15040650406504066,5694,43,246,teacher-fit
esm,23c59dc94f7a0ff98535106f834a8dc6,492,sparsa,single_seq,pair_network,,,,,,medium,L/5,0.30612244897959184,5694,43,98,teacher-fit
esm,23c59dc94f7a0ff98535106f834a8dc6,492,sparsa,single_seq,pair_network,,,,,,medium,R,0.4418604651162791,5694,43,43,teacher-fit
esm,23c59dc94f7a0ff98535106f834a8dc6,492,sparsa,single_seq,pair_network,,,,,,medium,AUC,0.9811249706781677,5694,43,5694,teacher-fit
esm,23c59dc94f7a0ff98535106f834a8dc6,492,sparsa,single_seq,pair_network,,,,,,long,L,0.19308943089430894,109746,336,492,teacher-fit
esm,23c59dc94f7a0ff98535106f834a8dc6,492,sparsa,single_seq,pair_network,,,,,,long,L/2,0.22764227642276422,109746,336,246,teacher-fit
esm,23c59dc94f7a0ff98535106f834a8dc6,492,sparsa,single_seq,pair_network,,,,,,long,L/5,0.29591836734693877,109746,336,98,teacher-fit
esm,23c59dc94f7a0ff98535106f834a8dc6,492,sparsa,single_seq,pair_network,,,,,,long,R,0.22023809523809523,109746,336,336,teacher-fit
esm,23c59dc94f7a0ff98535106f834a8dc6,492,sparsa,single_seq,pair_network,,,,,,long,AUC,0.9409519974016478,109746,336,109746,teacher-fit
esm,23d2b95de56968278e44ddd1bd7337b1,211,sparsa,single_seq,pair_network,,,,,,all,L,0.3222748815165877,21115,147,211,teacher-fit
esm,23d2b95de56968278e44ddd1bd7337b1,211,sparsa,single_seq,pair_network,,,,,,all,L/2,0.3619047619047619,21115,147,105,teacher-fit
esm,23d2b95de56968278e44ddd1bd7337b1,211,sparsa,single_seq,pair_network,,,,,,all,L/5,0.47619047619047616,21115,147,42,teacher-fit
esm,23d2b95de56968278e44ddd1bd7337b1,211,sparsa,single_seq,pair_network,,,,,,all,R,0.3333333333333333,21115,147,147,teacher-fit
esm,23d2b95de56968278e44ddd1bd7337b1,211,sparsa,single_seq,pair_network,,,,,,all,AUC,0.977041302976742,21115,147,21115,teacher-fit
esm,23d2b95de56968278e44ddd1bd7337b1,211,sparsa,single_seq,pair_network,,,,,,short,L,0.06635071090047394,1215,15,211,teacher-fit
esm,23d2b95de56968278e44ddd1bd7337b1,211,sparsa,single_seq,pair_network,,,,,,short,L/2,0.10476190476190476,1215,15,105,teacher-fit
esm,23d2b95de56968278e44ddd1bd7337b1,211,sparsa,single_seq,pair_network,,,,,,short,L/5,0.16666666666666666,1215,15,42,teacher-fit
esm,23d2b95de56968278e44ddd1bd7337b1,211,sparsa,single_seq,pair_network,,,,,,short,R,0.26666666666666666,1215,15,15,teacher-fit
esm,23d2b95de56968278e44ddd1bd7337b1,211,sparsa,single_seq,pair_network,,,,,,short,AUC,0.9421111111111111,1215,15,1215,teacher-fit
esm,23d2b95de56968278e44ddd1bd7337b1,211,sparsa,single_seq,pair_network,,,,,,medium,L,0.0995260663507109,2322,23,211,teacher-fit
esm,23d2b95de56968278e44ddd1bd7337b1,211,sparsa,single_seq,pair_network,,,,,,medium,L/2,0.18095238095238095,2322,23,105,teacher-fit
esm,23d2b95de56968278e44ddd1bd7337b1,211,sparsa,single_seq,pair_network,,,,,,medium,L/5,0.3333333333333333,2322,23,42,teacher-fit
esm,23d2b95de56968278e44ddd1bd7337b1,211,sparsa,single_seq,pair_network,,,,,,medium,R,0.34782608695652173,2322,23,23,teacher-fit
esm,23d2b95de56968278e44ddd1bd7337b1,211,sparsa,single_seq,pair_network,,,,,,medium,AUC,0.9731925033568469,2322,23,2322,teacher-fit
esm,23d2b95de56968278e44ddd1bd7337b1,211,sparsa,single_seq,pair_network,,,,,,long,L,0.2796208530805687,17578,109,211,teacher-fit
esm,23d2b95de56968278e44ddd1bd7337b1,211,sparsa,single_seq,pair_network,,,,,,long,L/2,0.3523809523809524,17578,109,105,teacher-fit
esm,23d2b95de56968278e44ddd1bd7337b1,211,sparsa,single_seq,pair_network,,,,,,long,L/5,0.42857142857142855,17578,109,42,teacher-fit
esm,23d2b95de56968278e44ddd1bd7337b1,211,sparsa,single_seq,pair_network,,,,,,long,R,0.3394495412844037,17578,109,109,teacher-fit
esm,23d2b95de56968278e44ddd1bd7337b1,211,sparsa,single_seq,pair_network,,,,,,long,AUC,0.979678287251703,17578,109,17578,teacher-fit
esm,23cdc04bcbad83ce983feeb0cc3c5c6d,351,sparsa,single_seq,pair_network,,,,,,all,L,0.2564102564102564,59685,291,351,teacher-fit
esm,23cdc04bcbad83ce983feeb0cc3c5c6d,351,sparsa,single_seq,pair_network,,,,,,all,L/2,0.37714285714285717,59685,291,175,teacher-fit
esm,23cdc04bcbad83ce983feeb0cc3c5c6d,351,sparsa,single_seq,pair_network,,,,,,all,L/5,0.5571428571428572,59685,291,70,teacher-fit
esm,23cdc04bcbad83ce983feeb0cc3c5c6d,351,sparsa,single_seq,pair_network,,,,,,all,R,0.28865979381443296,59685,291,291,teacher-fit
esm,23cdc04bcbad83ce983feeb0cc3c5c6d,351,sparsa,single_seq,pair_network,,,,,,all,AUC,0.9573694023266145,59685,291,59685,teacher-fit
esm,23cdc04bcbad83ce983feeb0cc3c5c6d,351,sparsa,single_seq,pair_network,,,,,,short,L,0.08831908831908832,2055,34,351,teacher-fit
esm,23cdc04bcbad83ce983feeb0cc3c5c6d,351,sparsa,single_seq,pair_network,,,,,,short,L/2,0.17142857142857143,2055,34,175,teacher-fit
esm,23cdc04bcbad83ce983feeb0cc3c5c6d,351,sparsa,single_seq,pair_network,,,,,,short,L/5,0.3142857142857143,2055,34,70,teacher-fit
esm,23cdc04bcbad83ce983feeb0cc3c5c6d,351,sparsa,single_seq,pair_network,,,,,,short,R,0.38235294117647056,2055,34,34,teacher-fit
esm,23cdc04bcbad83ce983feeb0cc3c5c6d,351,sparsa,single_seq,pair_network,,,,,,short,AUC,0.9608522280757924,2055,34,2055,teacher-fit
esm,23cdc04bcbad83ce983feeb0cc3c5c6d,351,sparsa,single_seq,pair_network,,,,,,medium,L,0.1168091168091168,4002,49,351,teacher-fit
esm,23cdc04bcbad83ce983feeb0cc3c5c6d,351,sparsa,single_seq,pair_network,,,,,,medium,L/2,0.17714285714285713,4002,49,175,teacher-fit
esm,23cdc04bcbad83ce983feeb0cc3c5c6d,351,sparsa,single_seq,pair_network,,,,,,medium,L/5,0.3,4002,49,70,teacher-fit
esm,23cdc04bcbad83ce983feeb0cc3c5c6d,351,sparsa,single_seq,pair_network,,,,,,medium,R,0.3877551020408163,4002,49,49,teacher-fit
esm,23cdc04bcbad83ce983feeb0cc3c5c6d,351,sparsa,single_seq,pair_network,,,,,,medium,AUC,0.9565042308347573,4002,49,4002,teacher-fit
esm,23cdc04bcbad83ce983feeb0cc3c5c6d,351,sparsa,single_seq,pair_network,,,,,,long,L,0.19373219373219372,53628,208,351,teacher-fit
esm,23cdc04bcbad83ce983feeb0cc3c5c6d,351,sparsa,single_seq,pair_network,,,,,,long,L/2,0.2742857142857143,53628,208,175,teacher-fit
esm,23cdc04bcbad83ce983feeb0cc3c5c6d,351,sparsa,single_seq,pair_network,,,,,,long,L/5,0.42857142857142855,53628,208,70,teacher-fit
esm,23cdc04bcbad83ce983feeb0cc3c5c6d,351,sparsa,single_seq,pair_network,,,,,,long,R,0.24519230769230768,53628,208,208,teacher-fit
esm,23cdc04bcbad83ce983feeb0cc3c5c6d,351,sparsa,single_seq,pair_network,,,,,,long,AUC,0.9525234984736343,53628,208,53628,teacher-fit
esm,23ca9699c8bc4c96f86ffeea34c7e24e,150,sparsa,single_seq,pair_network,,,,,,all,L,0.49333333333333335,10440,104,150,teacher-fit
esm,23ca9699c8bc4c96f86ffeea34c7e24e,150,sparsa,single_seq,pair_network,,,,,,all,L/2,0.68,10440,104,75,teacher-fit
esm,23ca9699c8bc4c96f86ffeea34c7e24e,150,sparsa,single_seq,pair_network,,,,,,all,L/5,0.9333333333333333,10440,104,30,teacher-fit
esm,23ca9699c8bc4c96f86ffeea34c7e24e,150,sparsa,single_seq,pair_network,,,,,,all,R,0.5961538461538461,10440,104,104,teacher-fit
esm,23ca9699c8bc4c96f86ffeea34c7e24e,150,sparsa,single_seq,pair_network,,,,,,all,AUC,0.9906269535901405,10440,104,10440,teacher-fit
esm,23ca9699c8bc4c96f86ffeea34c7e24e,150,sparsa,single_seq,pair_network,,,,,,short,L,0.18,849,27,150,teacher-fit
esm,23ca9699c8bc4c96f86ffeea34c7e24e,150,sparsa,single_seq,pair_network,,,,,,short,L/2,0.36,849,27,75,teacher-fit
esm,23ca9699c8bc4c96f86ffeea34c7e24e,150,sparsa,single_seq,pair_network,,,,,,short,L/5,0.8,849,27,30,teacher-fit
esm,23ca9699c8bc4c96f86ffeea34c7e24e,150,sparsa,single_seq,pair_network,,,,,,short,R,0.8148148148148148,849,27,27,teacher-fit
esm,23ca9699c8bc4c96f86ffeea34c7e24e,150,sparsa,single_seq,pair_network,,,,,,short,AUC,0.9952689916193566,849,27,849,teacher-fit
esm,23ca9699c8bc4c96f86ffeea34c7e24e,150,sparsa,single_seq,pair_network,,,,,,medium,L,0.2,1590,30,150,teacher-fit
esm,23ca9699c8bc4c96f86ffeea34c7e24e,150,sparsa,single_seq,pair_network,,,,,,medium,L/2,0.38666666666666666,1590,30,75,teacher-fit
esm,23ca9699c8bc4c96f86ffeea34c7e24e,150,sparsa,single_seq,pair_network,,,,,,medium,L/5,0.6666666666666666,1590,30,30,teacher-fit
esm,23ca9699c8bc4c96f86ffeea34c7e24e,150,sparsa,single_seq,pair_network,,,,,,medium,R,0.6666666666666666,1590,30,30,teacher-fit
esm,23ca9699c8bc4c96f86ffeea34c7e24e,150,sparsa,single_seq,pair_network,,,,,,medium,AUC,0.995267094017094,1590,30,1590,teacher-fit
esm,23ca9699c8bc4c96f86ffeea34c7e24e,150,sparsa,single_seq,pair_network,,,,,,long,L,0.22,8001,47,150,teacher-fit
esm,23ca9699c8bc4c96f86ffeea34c7e24e,150,sparsa,single_seq,pair_network,,,,,,long,L/2,0.32,8001,47,75,teacher-fit
esm,23ca9699c8bc4c96f86ffeea34c7e24e,150,sparsa,single_seq,pair_network,,,,,,long,L/5,0.4666666666666667,8001,47,30,teacher-fit
esm,23ca9699c8bc4c96f86ffeea34c7e24e,150,sparsa,single_seq,pair_network,,,,,,long,R,0.3617021276595745,8001,47,47,teacher-fit
esm,23ca9699c8bc4c96f86ffeea34c7e24e,150,sparsa,single_seq,pair_network,,,,,,long,AUC,0.9841187894221561,8001,47,8001,teacher-fit
esm,23d23b8f70ae1a3f817ca27523d8c9ec,301,sparsa,single_seq,pair_network,,,,,,all,L,0.6777408637873754,43660,289,301,teacher-fit
esm,23d23b8f70ae1a3f817ca27523d8c9ec,301,sparsa,single_seq,pair_network,,,,,,all,L/2,0.8933333333333333,43660,289,150,teacher-fit
esm,23d23b8f70ae1a3f817ca27523d8c9ec,301,sparsa,single_seq,pair_network,,,,,,all,L/5,1.0,43660,289,60,teacher-fit
esm,23d23b8f70ae1a3f817ca27523d8c9ec,301,sparsa,single_seq,pair_network,,,,,,all,R,0.6920415224913494,43660,289,289,teacher-fit
esm,23d23b8f70ae1a3f817ca27523d8c9ec,301,sparsa,single_seq,pair_network,,,,,,all,AUC,0.9963912390552614,43660,289,43660,teacher-fit
esm,23d23b8f70ae1a3f817ca27523d8c9ec,301,sparsa,single_seq,pair_network,,,,,,short,L,0.04983388704318937,1755,15,301,teacher-fit
esm,23d23b8f70ae1a3f817ca27523d8c9ec,301,sparsa,single_seq,pair_network,,,,,,short,L/2,0.09333333333333334,1755,15,150,teacher-fit
esm,23d23b8f70ae1a3f817ca27523d8c9ec,301,sparsa,single_seq,pair_network,,,,,,short,L/5,0.16666666666666666,1755,15,60,teacher-fit
esm,23d23b8f70ae1a3f817ca27523d8c9ec,301,sparsa,single_seq,pair_network,,,,,,short,R,0.3333333333333333,1755,15,15,teacher-fit
esm,23d23b8f70ae1a3f817ca27523d8c9ec,301,sparsa,single_seq,pair_network,,,,,,short,AUC,0.9726245210727968,1755,15,1755,teacher-fit
esm,23d23b8f70ae1a3f817ca27523d8c9ec,301,sparsa,single_seq,pair_network,,,,,,medium,L,0.04983388704318937,3402,19,301,teacher-fit
esm,23d23b8f70ae1a3f817ca27523d8c9ec,301,sparsa,single_seq,pair_network,,,,,,medium,L/2,0.08,3402,19,150,teacher-fit
esm,23d23b8f70ae1a3f817ca27523d8c9ec,301,sparsa,single_seq,pair_network,,,,,,medium,L/5,0.15,3402,19,60,teacher-fit
esm,23d23b8f70ae1a3f817ca27523d8c9ec,301,sparsa,single_seq,pair_network,,,,,,medium,R,0.15789473684210525,3402,19,19,teacher-fit
esm,23d23b8f70ae1a3f817ca27523d8c9ec,301,sparsa,single_seq,pair_network,,,,,,medium,AUC,0.9588266409446614,3402,19,3402,teacher-fit
esm,23d23b8f70ae1a3f817ca27523d8c9ec,301,sparsa,single_seq,pair_network,,,,,,long,L,0.6843853820598007,38503,255,301,teacher-fit
esm,23d23b8f70ae1a3f817ca27523d8c9ec,301,sparsa,single_seq,pair_network,,,,,,long,L/2,0.8933333333333333,38503,255,150,teacher-fit
esm,23d23b8f70ae1a3f817ca27523d8c9ec,301,sparsa,single_seq,pair_network,,,,,,long,L/5,1.0,38503,255,60,teacher-fit
esm,23d23b8f70ae1a3f817ca27523d8c9ec,301,sparsa,single_seq,pair_network,,,,,,long,R,0.7450980392156863,38503,255,255,teacher-fit
esm,23d23b8f70ae1a3f817ca27523d8c9ec,301,sparsa,single_seq,pair_network,,,,,,long,AUC,0.9984158597553223,38503,255,38503,teacher-fit
esm,abacff56449570d61421b2f78d43f46b,74,sparsa,single_seq,pair_network,,,,,,all,L,0.44594594594594594,2346,58,74,teacher-fit
esm,abacff56449570d61421b2f78d43f46b,74,sparsa,single_seq,pair_network,,,,,,all,L/2,0.6756756756756757,2346,58,37,teacher-fit
esm,abacff56449570d61421b2f78d43f46b,74,sparsa,single_seq,pair_network,,,,,,all,L/5,0.9285714285714286,2346,58,14,teacher-fit
esm,abacff56449570d61421b2f78d43f46b,74,sparsa,single_seq,pair_network,,,,,,all,R,0.5172413793103449,2346,58,58,teacher-fit
esm,abacff56449570d61421b2f78d43f46b,74,sparsa,single_seq,pair_network,,,,,,all,AUC,0.9475373764166867,2346,58,2346,teacher-fit
esm,abacff56449570d61421b2f78d43f46b,74,sparsa,single_seq,pair_network,,,,,,short,L,0.14864864864864866,393,12,74,teacher-fit
esm,abacff56449570d61421b2f78d43f46b,74,sparsa,single_seq,pair_network,,,,,,short,L/2,0.2702702702702703,393,12,37,teacher-fit
esm,abacff56449570d61421b2f78d43f46b,74,sparsa,single_seq,pair_network,,,,,,short,L/5,0.6428571428571429,393,12,14,teacher-fit
esm,abacff56449570d61421b2f78d43f46b,74,sparsa,single_seq,pair_network,,,,,,short,R,0.6666666666666666,393,12,12,teacher-fit
esm,abacff56449570d61421b2f78d43f46b,74,sparsa,single_seq,pair_network,,,,,,short,AUC,0.972769028871391,393,12,393,teacher-fit
esm,abacff56449570d61421b2f78d43f46b,74,sparsa,single_seq,pair_network,,,,,,medium,L,0.24324324324324326,678,22,74,teacher-fit
esm,abacff56449570d61421b2f78d43f46b,74,sparsa,single_seq,pair_network,,,,,,medium,L/2,0.40540540540540543,678,22,37,teacher-fit
esm,abacff56449570d61421b2f78d43f46b,74,sparsa,single_seq,pair_network,,,,,,medium,L/5,0.6428571428571429,678,22,14,teacher-fit
esm,abacff56449570d61421b2f78d43f46b,74,sparsa,single_seq,pair_network,,,,,,medium,R,0.5454545454545454,678,22,22,teacher-fit
esm,abacff56449570d61421b2f78d43f46b,74,sparsa,single_seq,pair_network,,,,,,medium,AUC,0.9605390798226164,678,22,678,teacher-fit
esm,abacff56449570d61421b2f78d43f46b,74,sparsa,single_seq,pair_network,,,,,,long,L,0.17567567567567569,1275,24,74,teacher-fit
esm,abacff56449570d61421b2f78d43f46b,74,sparsa,single_seq,pair_network,,,,,,long,L/2,0.24324324324324326,1275,24,37,teacher-fit
esm,abacff56449570d61421b2f78d43f46b,74,sparsa,single_seq,pair_network,,,,,,long,L/5,0.5,1275,24,14,teacher-fit
esm,abacff56449570d61421b2f78d43f46b,74,sparsa,single_seq,pair_network,,,,,,long,R,0.3333333333333333,1275,24,24,teacher-fit
esm,abacff56449570d61421b2f78d43f46b,74,sparsa,single_seq,pair_network,,,,,,long,AUC,0.9216460165201172,1275,24,1275,teacher-fit
esm,abadcf331676fcc0576d14a7063efd02,81,sparsa,single_seq,pair_network,,,,,,all,L,0.37037037037037035,2850,35,81,teacher-fit
esm,abadcf331676fcc0576d14a7063efd02,81,sparsa,single_seq,pair_network,,,,,,all,L/2,0.45,2850,35,40,teacher-fit
esm,abadcf331676fcc0576d14a7063efd02,81,sparsa,single_seq,pair_network,,,,,,all,L/5,0.5625,2850,35,16,teacher-fit
esm,abadcf331676fcc0576d14a7063efd02,81,sparsa,single_seq,pair_network,,,,,,all,R,0.4857142857142857,2850,35,35,teacher-fit
esm,abadcf331676fcc0576d14a7063efd02,81,sparsa,single_seq,pair_network,,,,,,all,AUC,0.9875158589190561,2850,35,2850,teacher-fit
esm,abadcf331676fcc0576d14a7063efd02,81,sparsa,single_seq,pair_network,,,,,,short,L,0.06172839506172839,435,5,81,teacher-fit
esm,abadcf331676fcc0576d14a7063efd02,81,sparsa,single_seq,pair_network,,,,,,short,L/2,0.125,435,5,40,teacher-fit
esm,abadcf331676fcc0576d14a7063efd02,81,sparsa,single_seq,pair_network,,,,,,short,L/5,0.3125,435,5,16,teacher-fit
esm,abadcf331676fcc0576d14a7063efd02,81,sparsa,single_seq,pair_network,,,,,,short,R,0.6,435,5,5,teacher-fit
esm,abadcf331676fcc0576d14a7063efd02,81,sparsa,single_seq,pair_network,,,,,,short,AUC,0.9948837209302326,435,5,435,teacher-fit
esm,abadcf331676fcc0576d14a7063efd02,81,sparsa,single_seq,pair_network,,,,,,medium,L,0.08641975308641975,762,7,81,teacher-fit
esm,abadcf331676fcc0576d14a7063efd02,81,sparsa,single_seq,pair_network,,,,,,medium,L/2,0.175,762,7,40,teacher-fit
esm,abadcf331676fcc0576d14a7063efd02,81,sparsa,single_seq,pair_network,,,,,,medium,L/5,0.3125,762,7,16,teacher-fit
esm,abadcf331676fcc0576d14a7063efd02,81,sparsa,single_seq,pair_network,,,,,,medium,R,0.5714285714285714,762,7,7,teacher-fit
esm,abadcf331676fcc0576d14a7063efd02,81,sparsa,single_seq,pair_network,,,,,,medium,AUC,0.9911069063386944,762,7,762,teacher-fit
esm,abadcf331676fcc0576d14a7063efd02,81,sparsa,single_seq,pair_network,,,,,,long,L,0.24691358024691357,1653,23,81,teacher-fit
esm,abadcf331676fcc0576d14a7063efd02,81,sparsa,single_seq,pair_network,,,,,,long,L/2,0.425,1653,23,40,teacher-fit
esm,abadcf331676fcc0576d14a7063efd02,81,sparsa,single_seq,pair_network,,,,,,long,L/5,0.5,1653,23,16,teacher-fit
esm,abadcf331676fcc0576d14a7063efd02,81,sparsa,single_seq,pair_network,,,,,,long,R,0.4782608695652174,1653,23,23,teacher-fit
esm,abadcf331676fcc0576d14a7063efd02,81,sparsa,single_seq,pair_network,,,,,,long,AUC,0.9833422245932248,1653,23,1653,teacher-fit
esm,abb45d881d144e4ed6a91a888e74b0c2,312,sparsa,single_seq,pair_network,,,,,,all,L,0.15705128205128205,46971,288,312,teacher-fit
esm,abb45d881d144e4ed6a91a888e74b0c2,312,sparsa,single_seq,pair_network,,,,,,all,L/2,0.1858974358974359,46971,288,156,teacher-fit
esm,abb45d881d144e4ed6a91a888e74b0c2,312,sparsa,single_seq,pair_network,,,,,,all,L/5,0.2903225806451613,46971,288,62,teacher-fit
esm,abb45d881d144e4ed6a91a888e74b0c2,312,sparsa,single_seq,pair_network,,,,,,all,R,0.15625,46971,288,288,teacher-fit
esm,abb45d881d144e4ed6a91a888e74b0c2,312,sparsa,single_seq,pair_network,,,,,,all,AUC,0.9194012378405653,46971,288,46971,teacher-fit
esm,abb45d881d144e4ed6a91a888e74b0c2,312,sparsa,single_seq,pair_network,,,,,,short,L,0.08653846153846154,1821,32,312,teacher-fit
esm,abb45d881d144e4ed6a91a888e74b0c2,312,sparsa,single_seq,pair_network,,,,,,short,L/2,0.16025641025641027,1821,32,156,teacher-fit
esm,abb45d881d144e4ed6a91a888e74b0c2,312,sparsa,single_seq,pair_network,,,,,,short,L/5,0.3064516129032258,1821,32,62,teacher-fit
esm,abb45d881d144e4ed6a91a888e74b0c2,312,sparsa,single_seq,pair_network,,,,,,short,R,0.40625,1821,32,32,teacher-fit
esm,abb45d881d144e4ed6a91a888e74b0c2,312,sparsa,single_seq,pair_network,,,,,,short,AUC,0.9383646590273896,1821,32,1821,teacher-fit
esm,abb45d881d144e4ed6a91a888e74b0c2,312,sparsa,single_seq,pair_network,,,,,,medium,L,0.07051282051282051,3534,30,312,teacher-fit
esm,abb45d881d144e4ed6a91a888e74b0c2,312,sparsa,single_seq,pair_network,,,,,,medium,L/2,0.09615384615384616,3534,30,156,teacher-fit
esm,abb45d881d144e4ed6a91a888e74b0c2,312,sparsa,single_seq,pair_network,,,,,,medium,L/5,0.11290322580645161,3534,30,62,teacher-fit
esm,abb45d881d144e4ed6a91a888e74b0c2,312,sparsa,single_seq,pair_network,,,,,,medium,R,0.16666666666666666,3534,30,30,teacher-fit
esm,abb45d881d144e4ed6a91a888e74b0c2,312,sparsa,single_seq,pair_network,,,,,,medium,AUC,0.9280346270928463,3534,30,3534,teacher-fit
esm,abb45d881d144e4ed6a91a888e74b0c2,312,sparsa,single_seq,pair_network,,,,,,long,L,0.11538461538461539,41616,226,312,teacher-fit
esm,abb45d881d144e4ed6a91a888e74b0c2,312,sparsa,single_seq,pair_network,,,,,,long,L/2,0.10897435897435898,41616,226,156,teacher-fit
esm,abb45d881d144e4ed6a91a888e74b0c2,312,sparsa,single_seq,pair_network,,,,,,long,L/5,0.11290322580645161,41616,226,62,teacher-fit
esm,abb45d881d144e4ed6a91a888e74b0c2,312,sparsa,single_seq,pair_network,,,,,,long,R,0.11504424778761062,41616,226,226,teacher-fit
esm,abb45d881d144e4ed6a91a888e74b0c2,312,sparsa,single_seq,pair_network,,,,,,long,AUC,0.9179609242538598,41616,226,41616,teacher-fit
esm,abbae9dc96822f0e2e485824af7bf61f,69,sparsa,single_seq,pair_network,,,,,,all,L,0.5217391304347826,2016,63,69,teacher-fit
esm,abbae9dc96822f0e2e485824af7bf61f,69,sparsa,single_seq,pair_network,,,,,,all,L/2,0.6764705882352942,2016,63,34,teacher-fit
esm,abbae9dc96822f0e2e485824af7bf61f,69,sparsa,single_seq,pair_network,,,,,,all,L/5,0.8461538461538461,2016,63,13,teacher-fit
esm,abbae9dc96822f0e2e485824af7bf61f,69,sparsa,single_seq,pair_network,,,,,,all,R,0.5238095238095238,2016,63,63,teacher-fit
esm,abbae9dc96822f0e2e485824af7bf61f,69,sparsa,single_seq,pair_network,,,,,,all,AUC,0.9589764221100627,2016,63,2016,teacher-fit
esm,abbae9dc96822f0e2e485824af7bf61f,69,sparsa,single_seq,pair_network,,,,,,short,L,0.17391304347826086,363,12,69,teacher-fit
esm,abbae9dc96822f0e2e485824af7bf61f,69,sparsa,single_seq,pair_network,,,,,,short,L/2,0.3235294117647059,363,12,34,teacher-fit
esm,abbae9dc96822f0e2e485824af7bf61f,69,sparsa,single_seq,pair_network,,,,,,short,L/5,0.6153846153846154,363,12,13,teacher-fit
esm,abbae9dc96822f0e2e485824af7bf61f,69,sparsa,single_seq,pair_network,,,,,,short,R,0.6666666666666666,363,12,12,teacher-fit
esm,abbae9dc96822f0e2e485824af7bf61f,69,sparsa,single_seq,pair_network,,,,,,short,AUC,0.9825498575498576,363,12,363,teacher-fit
esm,abbae9dc96822f0e2e485824af7bf61f,69,sparsa,single_seq,pair_network,,,,,,medium,L,0.2608695652173913,618,21,69,teacher-fit
esm,abbae9dc96822f0e2e485824af7bf61f,69,sparsa,single_seq,pair_network,,,,,,medium,L/2,0.4117647058823529,618,21,34,teacher-fit
esm,abbae9dc96822f0e2e485824af7bf61f,69,sparsa,single_seq,pair_network,,,,,,medium,L/5,0.6923076923076923,618,21,13,teacher-fit
esm,abbae9dc96822f0e2e485824af7bf61f,69,sparsa,single_seq,pair_network,,,,,,medium,R,0.5238095238095238,618,21,21,teacher-fit
esm,abbae9dc96822f0e2e485824af7bf61f,69,sparsa,single_seq,pair_network,,,,,,medium,AUC,0.9711254686129057,618,21,618,teacher-fit
esm,abbae9dc96822f0e2e485824af7bf61f,69,sparsa,single_seq,pair_network,,,,,,long,L,0.2753623188405797,1035,30,69,teacher-fit
esm,abbae9dc96822f0e2e485824af7bf61f,69,sparsa,single_seq,pair_network,,,,,,long,L/2,0.4411764705882353,1035,30,34,teacher-fit
esm,abbae9dc96822f0e2e485824af7bf61f,69,sparsa,single_seq,pair_network,,,,,,long,L/5,0.7692307692307693,1035,30,13,teacher-fit
esm,abbae9dc96822f0e2e485824af7bf61f,69,sparsa,single_seq,pair_network,,,,,,long,R,0.5,1035,30,30,teacher-fit
esm,abbae9dc96822f0e2e485824af7bf61f,69,sparsa,single_seq,pair_network,,,,,,long,AUC,0.9381592039800994,1035,30,1035,teacher-fit
esm,abb94852d2ca8cee26711d815bf2d28b,189,sparsa,single_seq,pair_network,,,,,,all,L,0.2804232804232804,16836,123,189,teacher-fit
esm,abb94852d2ca8cee26711d815bf2d28b,189,sparsa,single_seq,pair_network,,,,,,all,L/2,0.3829787234042553,16836,123,94,teacher-fit
esm,abb94852d2ca8cee26711d815bf2d28b,189,sparsa,single_seq,pair_network,,,,,,all,L/5,0.4594594594594595,16836,123,37,teacher-fit
esm,abb94852d2ca8cee26711d815bf2d28b,189,sparsa,single_seq,pair_network,,,,,,all,R,0.34146341463414637,16836,123,123,teacher-fit
esm,abb94852d2ca8cee26711d815bf2d28b,189,sparsa,single_seq,pair_network,,,,,,all,AUC,0.9631013587105894,16836,123,16836,teacher-fit
esm,abb94852d2ca8cee26711d815bf2d28b,189,sparsa,single_seq,pair_network,,,,,,short,L,0.06878306878306878,1083,14,189,teacher-fit
esm,abb94852d2ca8cee26711d815bf2d28b,189,sparsa,single_seq,pair_network,,,,,,short,L/2,0.11702127659574468,1083,14,94,teacher-fit
esm,abb94852d2ca8cee26711d815bf2d28b,189,sparsa,single_seq,pair_network,,,,,,short,L/5,0.2702702702702703,1083,14,37,teacher-fit
esm,abb94852d2ca8cee26711d815bf2d28b,189,sparsa,single_seq,pair_network,,,,,,short,R,0.42857142857142855,1083,14,14,teacher-fit
esm,abb94852d2ca8cee26711d815bf2d28b,189,sparsa,single_seq,pair_network,,,,,,short,AUC,0.9560002672724843,1083,14,1083,teacher-fit
esm,abb94852d2ca8cee26711d815bf2d28b,189,sparsa,single_seq,pair_network,,,,,,medium,L,0.07407407407407407,2058,15,189,teacher-fit
esm,abb94852d2ca8cee26711d815bf2d28b,189,sparsa,single_seq,pair_network,,,,,,medium,L/2,0.14893617021276595,2058,15,94,teacher-fit
esm,abb94852d2ca8cee26711d815bf2d28b,189,sparsa,single_seq,pair_network,,,,,,medium,L/5,0.2702702702702703,2058,15,37,teacher-fit
esm,abb94852d2ca8cee26711d815bf2d28b,189,sparsa,single_seq,pair_network,,,,,,medium,R,0.4666666666666667,2058,15,15,teacher-fit
esm,abb94852d2ca8cee26711d815bf2d28b,189,sparsa,single_seq,pair_network,,,,,,medium,AUC,0.9829499102626855,2058,15,2058,teacher-fit
esm,abb94852d2ca8cee26711d815bf2d28b,189,sparsa,single_seq,pair_network,,,,,,long,L,0.23809523809523808,13695,94,189,teacher-fit
esm,abb94852d2ca8cee26711d815bf2d28b,189,sparsa,single_seq,pair_network,,,,,,long,L/2,0.30851063829787234,13695,94,94,teacher-fit
esm,abb94852d2ca8cee26711d815bf2d28b,189,sparsa,single_seq,pair_network,,,,,,long,L/5,0.3783783783783784,13695,94,37,teacher-fit
esm,abb94852d2ca8cee26711d815bf2d28b,189,sparsa,single_seq,pair_network,,,,,,long,R,0.30851063829787234,13695,94,94,teacher-fit
esm,abb94852d2ca8cee26711d815bf2d28b,189,sparsa,single_seq,pair_network,,,,,,long,AUC,0.9598617592260894,13695,94,13695,teacher-fit
esm,abb0c405eaf1db13cee17c02a1cdfe9c,406,sparsa,single_seq,pair_network,,,,,,all,L,0.1625615763546798,80200,405,406,teacher-fit
esm,abb0c405eaf1db13cee17c02a1cdfe9c,406,sparsa,single_seq,pair_network,,,,,,all,L/2,0.2315270935960591,80200,405,203,teacher-fit
esm,abb0c405eaf1db13cee17c02a1cdfe9c,406,sparsa,single_seq,pair_network,,,,,,all,L/5,0.32098765432098764,80200,405,81,teacher-fit
esm,abb0c405eaf1db13cee17c02a1cdfe9c,406,sparsa,single_seq,pair_network,,,,,,all,R,0.16296296296296298,80200,405,405,teacher-fit
esm,abb0c405eaf1db13cee17c02a1cdfe9c,406,sparsa,single_seq,pair_network,,,,,,all,AUC,0.8988206971723065,80200,405,80200,teacher-fit
esm,abb0c405eaf1db13cee17c02a1cdfe9c,406,sparsa,single_seq,pair_network,,,,,,short,L,0.08866995073891626,2385,49,406,teacher-fit
esm,abb0c405eaf1db13cee17c02a1cdfe9c,406,sparsa,single_seq,pair_network,,,,,,short,L/2,0.1330049261083744,2385,49,203,teacher-fit
esm,abb0c405eaf1db13cee17c02a1cdfe9c,406,sparsa,single_seq,pair_network,,,,,,short,L/5,0.1728395061728395,2385,49,81,teacher-fit
esm,abb0c405eaf1db13cee17c02a1cdfe9c,406,sparsa,single_seq,pair_network,,,,,,short,R,0.24489795918367346,2385,49,49,teacher-fit
esm,abb0c405eaf1db13cee17c02a1cdfe9c,406,sparsa,single_seq,pair_network,,,,,,short,AUC,0.8871304514956667,2385,49,2385,teacher-fit
esm,abb0c405eaf1db13cee17c02a1cdfe9c,406,sparsa,single_seq,pair_network,,,,,,medium,L,0.10098522167487685,4662,81,406,teacher-fit
esm,abb0c405eaf1db13cee17c02a1cdfe9c,406,sparsa,single_seq,pair_network,,,,,,medium,L/2,0.1330049261083744,4662,81,203,teacher-fit
esm,abb0c405eaf1db13cee17c02a1cdfe9c,406,sparsa,single_seq,pair_network,,,,,,medium,L/5,0.24691358024691357,4662,81,81,teacher-fit
esm,abb0c405eaf1db13cee17c02a1cdfe9c,406,sparsa,single_seq,pair_network,,,,,,medium,R,0.24691358024691357,4662,81,81,teacher-fit
esm,abb0c405eaf1db13cee17c02a1cdfe9c,406,sparsa,single_seq,pair_network,,,,,,medium,AUC,0.8477541428498279,4662,81,4662,teacher-fit
esm,abb0c405eaf1db13cee17c02a1cdfe9c,406,sparsa,single_seq,pair_network,,,,,,long,L,0.10344827586206896,73153,275,406,teacher-fit
esm,abb0c405eaf1db13cee17c02a1cdfe9c,406,sparsa,single_seq,pair_network,,,,,,long,L/2,0.13793103448275862,73153,275,203,teacher-fit
esm,abb0c405eaf1db13cee17c02a1cdfe9c,406,sparsa,single_seq,pair_network,,,,,,long,L/5,0.19753086419753085,73153,275,81,teacher-fit
esm,abb0c405eaf1db13cee17c02a1cdfe9c,406,sparsa,single_seq,pair_network,,,,,,long,R,0.11272727272727273,73153,275,275,teacher-fit
esm,abb0c405eaf1db13cee17c02a1cdfe9c,406,sparsa,single_seq,pair_network,,,,,,long,AUC,0.8893860723650234,73153,275,73153,teacher-fit
esm,abac668f6eb51beeb59ff653aa75bfdf,269,sparsa,single_seq,pair_network,,,,,,all,L,0.35315985130111527,34716,255,269,teacher-fit
esm,abac668f6eb51beeb59ff653aa75bfdf,269,sparsa,single_seq,pair_network,,,,,,all,L/2,0.5,34716,255,134,teacher-fit
esm,abac668f6eb51beeb59ff653aa75bfdf,269,sparsa,single_seq,pair_network,,,,,,all,L/5,0.7169811320754716,34716,255,53,teacher-fit
esm,abac668f6eb51beeb59ff653aa75bfdf,269,sparsa,single_seq,pair_network,,,,,,all,R,0.3686274509803922,34716,255,255,teacher-fit
esm,abac668f6eb51beeb59ff653aa75bfdf,269,sparsa,single_seq,pair_network,,,,,,all,AUC,0.9506957851188413,34716,255,34716,teacher-fit
esm,abac668f6eb51beeb59ff653aa75bfdf,269,sparsa,single_seq,pair_network,,,,,,short,L,0.08178438661710037,1563,23,269,teacher-fit
esm,abac668f6eb51beeb59ff653aa75bfdf,269,sparsa,single_seq,pair_network,,,,,,short,L/2,0.14925373134328357,1563,23,134,teacher-fit
esm,abac668f6eb51beeb59ff653aa75bfdf,269,sparsa,single_seq,pair_network,,,,,,short,L/5,0.32075471698113206,1563,23,53,teacher-fit
esm,abac668f6eb51beeb59ff653aa75bfdf,269,sparsa,single_seq,pair_network,,,,,,short,R,0.5217391304347826,1563,23,23,teacher-fit
esm,abac668f6eb51beeb59ff653aa75bfdf,269,sparsa,single_seq,pair_network,,,,,,short,AUC,0.9753811405985319,1563,23,1563,teacher-fit
esm,abac668f6eb51beeb59ff653aa75bfdf,269,sparsa,single_seq,pair_network,,,,,,medium,L,0.13382899628252787,3018,44,269,teacher-fit
esm,abac668f6eb51beeb59ff653aa75bfdf,269,sparsa,single_seq,pair_network,,,,,,medium,L/2,0.22388059701492538,3018,44,134,teacher-fit
esm,abac668f6eb51beeb59ff653aa75bfdf,269,sparsa,single_seq,pair_network,,,,,,medium,L/5,0.4339622641509434,3018,44,53,teacher-fit
esm,abac668f6eb51beeb59ff653aa75bfdf,269,sparsa,single_seq,pair_network,,,,,,medium,R,0.4772727272727273,3018,44,44,teacher-fit
esm,abac668f6eb51beeb59ff653aa75bfdf,269,sparsa,single_seq,pair_network,,,,,,medium,AUC,0.9394945589044446,3018,44,3018,teacher-fit
esm,abac668f6eb51beeb59ff653aa75bfdf,269,sparsa,single_seq,pair_network,,,,,,long,L,0.25650557620817843,30135,188,269,teacher-fit
esm,abac668f6eb51beeb59ff653aa75bfdf,269,sparsa,single_seq,pair_network,,,,,,long,L/2,0.40298507462686567,30135,188,134,teacher-fit
esm,abac668f6eb51beeb59ff653aa75bfdf,269,sparsa,single_seq,pair_network,,,,,,long,L/5,0.5471698113207547,30135,188,53,teacher-fit
esm,abac668f6eb51beeb59ff653aa75bfdf,269,sparsa,single_seq,pair_network,,,,,,long,R,0.30851063829787234,30135,188,188,teacher-fit
esm,abac668f6eb51beeb59ff653aa75bfdf,269,sparsa,single_seq,pair_network,,,,,,long,AUC,0.9503603529355763,30135,188,30135,teacher-fit
esm,aba9b1581c285b576500c8365aa71ee0,91,sparsa,single_seq,pair_network,,,,,,all,L,0.27472527472527475,3655,76,91,teacher-fit
esm,aba9b1581c285b576500c8365aa71ee0,91,sparsa,single_seq,pair_network,,,,,,all,L/2,0.3333333333333333,3655,76,45,teacher-fit
esm,aba9b1581c285b576500c8365aa71ee0,91,sparsa,single_seq,pair_network,,,,,,all,L/5,0.2777777777777778,3655,76,18,teacher-fit
esm,aba9b1581c285b576500c8365aa71ee0,91,sparsa,single_seq,pair_network,,,,,,all,R,0.2894736842105263,3655,76,76,teacher-fit
esm,aba9b1581c285b576500c8365aa71ee0,91,sparsa,single_seq,pair_network,,,,,,all,AUC,0.9039333980382641,3655,76,3655,teacher-fit
esm,aba9b1581c285b576500c8365aa71ee0,91,sparsa,single_seq,pair_network,,,,,,short,L,0.16483516483516483,495,21,91,teacher-fit
esm,aba9b1581c285b576500c8365aa71ee0,91,sparsa,single_seq,pair_network,,,,,,short,L/2,0.26666666666666666,495,21,45,teacher-fit
esm,aba9b1581c285b576500c8365aa71ee0,91,sparsa,single_seq,pair_network,,,,,,short,L/5,0.2777777777777778,495,21,18,teacher-fit
esm,aba9b1581c285b576500c8365aa71ee0,91,sparsa,single_seq,pair_network,,,,,,short,R,0.3333333333333333,495,21,21,teacher-fit
esm,aba9b1581c285b576500c8365aa71ee0,91,sparsa,single_seq,pair_network,,,,,,short,AUC,0.8701024713682942,495,21,495,teacher-fit
esm,aba9b1581c285b576500c8365aa71ee0,91,sparsa,single_seq,pair_network,,,,,,medium,L,0.14285714285714285,882,20,91,teacher-fit
esm,aba9b1581c285b576500c8365aa71ee0,91,sparsa,single_seq,pair_network,,,,,,medium,L/2,0.2222222222222222,882,20,45,teacher-fit
esm,aba9b1581c285b576500c8365aa71ee0,91,sparsa,single_seq,pair_network,,,,,,medium,L/5,0.2777777777777778,882,20,18,teacher-fit
esm,aba9b1581c285b576500c8365aa71ee0,91,sparsa,single_seq,pair_network,,,,,,medium,R,0.3,882,20,20,teacher-fit
esm,aba9b1581c285b576500c8365aa71ee0,91,sparsa,single_seq,pair_network,,,,,,medium,AUC,0.9279872389791184,882,20,882,teacher-fit
esm,aba9b1581c285b576500c8365aa71ee0,91,sparsa,single_seq,pair_network,,,,,,long,L,0.16483516483516483,2278,35,91,teacher-fit
esm,aba9b1581c285b576500c8365aa71ee0,91,sparsa,single_seq,pair_network,,,,,,long,L/2,0.24444444444444444,2278,35,45,teacher-fit
esm,aba9b1581c285b576500c8365aa71ee0,91,sparsa,single_seq,pair_network,,,,,,long,L/5,0.2777777777777778,2278,35,18,teacher-fit
esm,aba9b1581c285b576500c8365aa71ee0,91,sparsa,single_seq,pair_network,,,,,,long,R,0.2857142857142857,2278,35,35,teacher-fit
esm,aba9b1581c285b576500c8365aa71ee0,91,sparsa,single_seq,pair_network,,,,,,long,AUC,0.9074008024966562,2278,35,2278,teacher-fit
esm,abb18767f6ce1720c0fde7b60c2fc807,152,sparsa,single_seq,pair_network,,,,,,all,L,0.08552631578947369,10731,70,152,teacher-fit
esm,abb18767f6ce1720c0fde7b60c2fc807,152,sparsa,single_seq,pair_network,,,,,,all,L/2,0.10526315789473684,10731,70,76,teacher-fit
esm,abb18767f6ce1720c0fde7b60c2fc807,152,sparsa,single_seq,pair_network,,,,,,all,L/5,0.2,10731,70,30,teacher-fit
esm,abb18767f6ce1720c0fde7b60c2fc807,152,sparsa,single_seq,pair_network,,,,,,all,R,0.1,10731,70,70,teacher-fit
esm,abb18767f6ce1720c0fde7b60c2fc807,152,sparsa,single_seq,pair_network,,,,,,all,AUC,0.9186809063743685,10731,70,10731,teacher-fit
esm,abb18767f6ce1720c0fde7b60c2fc807,152,sparsa,single_seq,pair_network,,,,,,short,L,0.05263157894736842,861,9,152,teacher-fit
esm,abb18767f6ce1720c0fde7b60c2fc807,152,sparsa,single_seq,pair_network,,,,,,short,L/2,0.05263157894736842,861,9,76,teacher-fit
esm,abb18767f6ce1720c0fde7b60c2fc807,152,sparsa,single_seq,pair_network,,,,,,short,L/5,0.06666666666666667,861,9,30,teacher-fit
esm,abb18767f6ce1720c0fde7b60c2fc807,152,sparsa,single_seq,pair_network,,,,,,short,R,0.0,861,9,9,teacher-fit
esm,abb18767f6ce1720c0fde7b60c2fc807,152,sparsa,single_seq,pair_network,,,,,,short,AUC,0.9017344809598331,861,9,861,teacher-fit
esm,abb18767f6ce1720c0fde7b60c2fc807,152,sparsa,single_seq,pair_network,,,,,,medium,L,0.046052631578947366,1614,11,152,teacher-fit
esm,abb18767f6ce1720c0fde7b60c2fc807,152,sparsa,single_seq,pair_network,,,,,,medium,L/2,0.07894736842105263,1614,11,76,teacher-fit
esm,abb18767f6ce1720c0fde7b60c2fc807,152,sparsa,single_seq,pair_network,,,,,,medium,L/5,0.03333333333333333,1614,11,30,teacher-fit
esm,abb18767f6ce1720c0fde7b60c2fc807,152,sparsa,single_seq,pair_network,,,,,,medium,R,0.09090909090909091,1614,11,11,teacher-fit
esm,abb18767f6ce1720c0fde7b60c2fc807,152,sparsa,single_seq,pair_network,,,,,,medium,AUC,0.9240628367265922,1614,11,1614,teacher-fit
esm,abb18767f6ce1720c0fde7b60c2fc807,152,sparsa,single_seq,pair_network,,,,,,long,L,0.09210526315789473,8256,50,152,teacher-fit
esm,abb18767f6ce1720c0fde7b60c2fc807,152,sparsa,single_seq,pair_network,,,,,,long,L/2,0.10526315789473684,8256,50,76,teacher-fit
esm,abb18767f6ce1720c0fde7b60c2fc807,152,sparsa,single_seq,pair_network,,,,,,long,L/5,0.16666666666666666,8256,50,30,teacher-fit
esm,abb18767f6ce1720c0fde7b60c2fc807,152,sparsa,single_seq,pair_network,,,,,,long,R,0.14,8256,50,50,teacher-fit
esm,abb18767f6ce1720c0fde7b60c2fc807,152,sparsa,single_seq,pair_network,,,,,,long,AUC,0.9167072873507189,8256,50,8256,teacher-fit
esm,abae3c6cca36cd929db6fc871bced3ef,281,sparsa,single_seq,pair_network,,,,,,all,L,0.12455516014234876,37950,215,281,teacher-fit
esm,abae3c6cca36cd929db6fc871bced3ef,281,sparsa,single_seq,pair_network,,,,,,all,L/2,0.18571428571428572,37950,215,140,teacher-fit
esm,abae3c6cca36cd929db6fc871bced3ef,281,sparsa,single_seq,pair_network,,,,,,all,L/5,0.2857142857142857,37950,215,56,teacher-fit
esm,abae3c6cca36cd929db6fc871bced3ef,281,sparsa,single_seq,pair_network,,,,,,all,R,0.13488372093023257,37950,215,215,teacher-fit
esm,abae3c6cca36cd929db6fc871bced3ef,281,sparsa,single_seq,pair_network,,,,,,all,AUC,0.9312470379420746,37950,215,37950,teacher-fit
esm,abae3c6cca36cd929db6fc871bced3ef,281,sparsa,single_seq,pair_network,,,,,,short,L,0.06761565836298933,1635,28,281,teacher-fit
esm,abae3c6cca36cd929db6fc871bced3ef,281,sparsa,single_seq,pair_network,,,,,,short,L/2,0.09285714285714286,1635,28,140,teacher-fit
esm,abae3c6cca36cd929db6fc871bced3ef,281,sparsa,single_seq,pair_network,,,,,,short,L/5,0.08928571428571429,1635,28,56,teacher-fit
esm,abae3c6cca36cd929db6fc871bced3ef,281,sparsa,single_seq,pair_network,,,,,,short,R,0.03571428571428571,1635,28,28,teacher-fit
esm,abae3c6cca36cd929db6fc871bced3ef,281,sparsa,single_seq,pair_network,,,,,,short,AUC,0.8561538803449195,1635,28,1635,teacher-fit
esm,abae3c6cca36cd929db6fc871bced3ef,281,sparsa,single_seq,pair_network,,,,,,medium,L,0.046263345195729534,3162,19,281,teacher-fit
esm,abae3c6cca36cd929db6fc871bced3ef,281,sparsa,single_seq,pair_network,,,,,,medium,L/2,0.03571428571428571,3162,19,140,teacher-fit
esm,abae3c6cca36cd929db6fc871bced3ef,281,sparsa,single_seq,pair_network,,,,,,medium,L/5,0.03571428571428571,3162,19,56,teacher-fit
esm,abae3c6cca36cd929db6fc871bced3ef,281,sparsa,single_seq,pair_network,,,,,,medium,R,0.05263157894736842,3162,19,19,teacher-fit
esm,abae3c6cca36cd929db6fc871bced3ef,281,sparsa,single_seq,pair_network,,,,,,medium,AUC,0.924309660565668,3162,19,3162,teacher-fit
esm,abae3c6cca36cd929db6fc871bced3ef,281,sparsa,single_seq,pair_network,,,,,,long,L,0.1423487544483986,33153,168,281,teacher-fit
esm,abae3c6cca36cd929db6fc871bced3ef,281,sparsa,single_seq,pair_network,,,,,,long,L/2,0.18571428571428572,33153,168,140,teacher-fit
esm,abae3c6cca36cd929db6fc871bced3ef,281,sparsa,single_seq,pair_network,,,,,,long,L/5,0.3392857142857143,33153,168,56,teacher-fit
esm,abae3c6cca36cd929db6fc871bced3ef,281,sparsa,single_seq,pair_network,,,,,,long,R,0.16666666666666666,33153,168,168,teacher-fit
esm,abae3c6cca36cd929db6fc871bced3ef,281,sparsa,single_seq,pair_network,,,,,,long,AUC,0.9357373842367022,33153,168,33153,teacher-fit
esm,abb6e880055b8100364293dec136fe38,155,sparsa,single_seq,pair_network,,,,,,all,L,0.14838709677419354,11175,77,155,teacher-fit
esm,abb6e880055b8100364293dec136fe38,155,sparsa,single_seq,pair_network,,,,,,all,L/2,0.18181818181818182,11175,77,77,teacher-fit
esm,abb6e880055b8100364293dec136fe38,155,sparsa,single_seq,pair_network,,,,,,all,L/5,0.22580645161290322,11175,77,31,teacher-fit
esm,abb6e880055b8100364293dec136fe38,155,sparsa,single_seq,pair_network,,,,,,all,R,0.18181818181818182,11175,77,77,teacher-fit
esm,abb6e880055b8100364293dec136fe38,155,sparsa,single_seq,pair_network,,,,,,all,AUC,0.8691621047901459,11175,77,11175,teacher-fit
esm,abb6e880055b8100364293dec136fe38,155,sparsa,single_seq,pair_network,,,,,,short,L,0.05161290322580645,879,8,155,teacher-fit
esm,abb6e880055b8100364293dec136fe38,155,sparsa,single_seq,pair_network,,,,,,short,L/2,0.1038961038961039,879,8,77,teacher-fit
esm,abb6e880055b8100364293dec136fe38,155,sparsa,single_seq,pair_network,,,,,,short,L/5,0.16129032258064516,879,8,31,teacher-fit
esm,abb6e880055b8100364293dec136fe38,155,sparsa,single_seq,pair_network,,,,,,short,R,0.375,879,8,8,teacher-fit
esm,abb6e880055b8100364293dec136fe38,155,sparsa,single_seq,pair_network,,,,,,short,AUC,0.9743828932261769,879,8,879,teacher-fit
esm,abb6e880055b8100364293dec136fe38,155,sparsa,single_seq,pair_network,,,,,,medium,L,0.06451612903225806,1650,12,155,teacher-fit
esm,abb6e880055b8100364293dec136fe38,155,sparsa,single_seq,pair_network,,,,,,medium,L/2,0.11688311688311688,1650,12,77,teacher-fit
esm,abb6e880055b8100364293dec136fe38,155,sparsa,single_seq,pair_network,,,,,,medium,L/5,0.1935483870967742,1650,12,31,teacher-fit
esm,abb6e880055b8100364293dec136fe38,155,sparsa,single_seq,pair_network,,,,,,medium,R,0.3333333333333333,1650,12,12,teacher-fit
esm,abb6e880055b8100364293dec136fe38,155,sparsa,single_seq,pair_network,,,,,,medium,AUC,0.9656593406593408,1650,12,1650,teacher-fit
esm,abb6e880055b8100364293dec136fe38,155,sparsa,single_seq,pair_network,,,,,,long,L,0.0967741935483871,8646,57,155,teacher-fit
esm,abb6e880055b8100364293dec136fe38,155,sparsa,single_seq,pair_network,,,,,,long,L/2,0.14285714285714285,8646,57,77,teacher-fit
esm,abb6e880055b8100364293dec136fe38,155,sparsa,single_seq,pair_network,,,,,,long,L/5,0.16129032258064516,8646,57,31,teacher-fit
esm,abb6e880055b8100364293dec136fe38,155,sparsa,single_seq,pair_network,,,,,,long,R,0.15789473684210525,8646,57,57,teacher-fit
esm,abb6e880055b8100364293dec136fe38,155,sparsa,single_seq,pair_network,,,,,,long,AUC,0.8266325961603275,8646,57,8646,teacher-fit
esm,aba844a177bc748ee5c75ab678d6611f,235,sparsa,single_seq,pair_network,,,,,,all,L,0.28936170212765955,26335,162,235,teacher-fit
esm,aba844a177bc748ee5c75ab678d6611f,235,sparsa,single_seq,pair_network,,,,,,all,L/2,0.42735042735042733,26335,162,117,teacher-fit
esm,aba844a177bc748ee5c75ab678d6611f,235,sparsa,single_seq,pair_network,,,,,,all,L/5,0.6808510638297872,26335,162,47,teacher-fit
esm,aba844a177bc748ee5c75ab678d6611f,235,sparsa,single_seq,pair_network,,,,,,all,R,0.3395061728395062,26335,162,162,teacher-fit
esm,aba844a177bc748ee5c75ab678d6611f,235,sparsa,single_seq,pair_network,,,,,,all,AUC,0.96075896704407,26335,162,26335,teacher-fit
esm,aba844a177bc748ee5c75ab678d6611f,235,sparsa,single_seq,pair_network,,,,,,short,L,0.14468085106382977,1359,39,235,teacher-fit
esm,aba844a177bc748ee5c75ab678d6611f,235,sparsa,single_seq,pair_network,,,,,,short,L/2,0.26495726495726496,1359,39,117,teacher-fit
esm,aba844a177bc748ee5c75ab678d6611f,235,sparsa,single_seq,pair_network,,,,,,short,L/5,0.46808510638297873,1359,39,47,teacher-fit
esm,aba844a177bc748ee5c75ab678d6611f,235,sparsa,single_seq,pair_network,,,,,,short,R,0.5128205128205128,1359,39,39,teacher-fit
esm,aba844a177bc748ee5c75ab678d6611f,235,sparsa,single_seq,pair_network,,,,,,short,AUC,0.9513986013986013,1359,39,1359,teacher-fit
esm,aba844a177bc748ee5c75ab678d6611f,235,sparsa,single_seq,pair_network,,,,,,medium,L,0.14893617021276595,2610,44,235,teacher-fit
esm,aba844a177bc748ee5c75ab678d6611f,235,sparsa,single_seq,pair_network,,,,,,medium,L/2,0.26495726495726496,2610,44,117,teacher-fit
esm,aba844a177bc748ee5c75ab678d6611f,235,sparsa,single_seq,pair_network,,,,,,medium,L/5,0.425531914893617,2610,44,47,teacher-fit
esm,aba844a177bc748ee5c75ab678d6611f,235,sparsa,single_seq,pair_network,,,,,,medium,R,0.4090909090909091,2610,44,44,teacher-fit
esm,aba844a177bc748ee5c75ab678d6611f,235,sparsa,single_seq,pair_network,,,,,,medium,AUC,0.95434617019769,2610,44,2610,teacher-fit
esm,aba844a177bc748ee5c75ab678d6611f,235,sparsa,single_seq,pair_network,,,,,,long,L,0.12340425531914893,22366,79,235,teacher-fit
esm,aba844a177bc748ee5c75ab678d6611f,235,sparsa,single_seq,pair_network,,,,,,long,L/2,0.17094017094017094,22366,79,117,teacher-fit
esm,aba844a177bc748ee5c75ab678d6611f,235,sparsa,single_seq,pair_network,,,,,,long,L/5,0.1702127659574468,22366,79,47,teacher-fit
esm,aba844a177bc748ee5c75ab678d6611f,235,sparsa,single_seq,pair_network,,,,,,long,R,0.1518987341772152,22366,79,79,teacher-fit
esm,aba844a177bc748ee5c75ab678d6611f,235,sparsa,single_seq,pair_network,,,,,,long,AUC,0.9558279703272555,22366,79,22366,teacher-fit
esm,abb5f5a4ea167591808ed5bf02ad369e,169,sparsa,single_seq,pair_network,,,,,,all,L,0.26627218934911245,13366,131,169,teacher-fit
esm,abb5f5a4ea167591808ed5bf02ad369e,169,sparsa,single_seq,pair_network,,,,,,all,L/2,0.38095238095238093,13366,131,84,teacher-fit
esm,abb5f5a4ea167591808ed5bf02ad369e,169,sparsa,single_seq,pair_network,,,,,,all,L/5,0.6060606060606061,13366,131,33,teacher-fit
esm,abb5f5a4ea167591808ed5bf02ad369e,169,sparsa,single_seq,pair_network,,,,,,all,R,0.31297709923664124,13366,131,131,teacher-fit
esm,abb5f5a4ea167591808ed5bf02ad369e,169,sparsa,single_seq,pair_network,,,,,,all,AUC,0.9236765227522444,13366,131,13366,teacher-fit
esm,abb5f5a4ea167591808ed5bf02ad369e,169,sparsa,single_seq,pair_network,,,,,,short,L,0.21301775147928995,963,36,169,teacher-fit
esm,abb5f5a4ea167591808ed5bf02ad369e,169,sparsa,single_seq,pair_network,,,,,,short,L/2,0.3333333333333333,963,36,84,teacher-fit
esm,abb5f5a4ea167591808ed5bf02ad369e,169,sparsa,single_seq,pair_network,,,,,,short,L/5,0.5454545454545454,963,36,33,teacher-fit
esm,abb5f5a4ea167591808ed5bf02ad369e,169,sparsa,single_seq,pair_network,,,,,,short,R,0.5277777777777778,963,36,36,teacher-fit
esm,abb5f5a4ea167591808ed5bf02ad369e,169,sparsa,single_seq,pair_network,,,,,,short,AUC,0.9653901474289823,963,36,963,teacher-fit
esm,abb5f5a4ea167591808ed5bf02ad369e,169,sparsa,single_seq,pair_network,,,,,,medium,L,0.15384615384615385,1818,39,169,teacher-fit
esm,abb5f5a4ea167591808ed5bf02ad369e,169,sparsa,single_seq,pair_network,,,,,,medium,L/2,0.25,1818,39,84,teacher-fit
esm,abb5f5a4ea167591808ed5bf02ad369e,169,sparsa,single_seq,pair_network,,,,,,medium,L/5,0.3939393939393939,1818,39,33,teacher-fit
esm,abb5f5a4ea167591808ed5bf02ad369e,169,sparsa,single_seq,pair_network,,,,,,medium,R,0.3333333333333333,1818,39,39,teacher-fit
esm,abb5f5a4ea167591808ed5bf02ad369e,169,sparsa,single_seq,pair_network,,,,,,medium,AUC,0.9191421282483676,1818,39,1818,teacher-fit
esm,abb5f5a4ea167591808ed5bf02ad369e,169,sparsa,single_seq,pair_network,,,,,,long,L,0.047337278106508875,10585,56,169,teacher-fit
esm,abb5f5a4ea167591808ed5bf02ad369e,169,sparsa,single_seq,pair_network,,,,,,long,L/2,0.07142857142857142,10585,56,84,teacher-fit
esm,abb5f5a4ea167591808ed5bf02ad369e,169,sparsa,single_seq,pair_network,,,,,,long,L/5,0.15151515151515152,10585,56,33,teacher-fit
esm,abb5f5a4ea167591808ed5bf02ad369e,169,sparsa,single_seq,pair_network,,,,,,long,R,0.10714285714285714,10585,56,56,teacher-fit
esm,abb5f5a4ea167591808ed5bf02ad369e,169,sparsa,single_seq,pair_network,,,,,,long,AUC,0.8835613882745613,10585,56,10585,teacher-fit
esm,abb7c7239ce1d21d14502182b5a780d5,360,sparsa,single_seq,pair_network,,,,,,all,L,0.25555555555555554,62835,254,360,teacher-fit
esm,abb7c7239ce1d21d14502182b5a780d5,360,sparsa,single_seq,pair_network,,,,,,all,L/2,0.38333333333333336,62835,254,180,teacher-fit
esm,abb7c7239ce1d21d14502182b5a780d5,360,sparsa,single_seq,pair_network,,,,,,all,L/5,0.5555555555555556,62835,254,72,teacher-fit
esm,abb7c7239ce1d21d14502182b5a780d5,360,sparsa,single_seq,pair_network,,,,,,all,R,0.30708661417322836,62835,254,254,teacher-fit
esm,abb7c7239ce1d21d14502182b5a780d5,360,sparsa,single_seq,pair_network,,,,,,all,AUC,0.9522467700757455,62835,254,62835,teacher-fit
esm,abb7c7239ce1d21d14502182b5a780d5,360,sparsa,single_seq,pair_network,,,,,,short,L,0.04722222222222222,2109,17,360,teacher-fit
esm,abb7c7239ce1d21d14502182b5a780d5,360,sparsa,single_seq,pair_network,,,,,,short,L/2,0.08888888888888889,2109,17,180,teacher-fit
esm,abb7c7239ce1d21d14502182b5a780d5,360,sparsa,single_seq,pair_network,,,,,,short,L/5,0.18055555555555555,2109,17,72,teacher-fit
esm,abb7c7239ce1d21d14502182b5a780d5,360,sparsa,single_seq,pair_network,,,,,,short,R,0.4117647058823529,2109,17,17,teacher-fit
esm,abb7c7239ce1d21d14502182b5a780d5,360,sparsa,single_seq,pair_network,,,,,,short,AUC,0.9770835676526826,2109,17,2109,teacher-fit
esm,abb7c7239ce1d21d14502182b5a780d5,360,sparsa,single_seq,pair_network,,,,,,medium,L,0.08333333333333333,4110,42,360,teacher-fit
esm,abb7c7239ce1d21d14502182b5a780d5,360,sparsa,single_seq,pair_network,,,,,,medium,L/2,0.13333333333333333,4110,42,180,teacher-fit
esm,abb7c7239ce1d21d14502182b5a780d5,360,sparsa,single_seq,pair_network,,,,,,medium,L/5,0.19444444444444445,4110,42,72,teacher-fit
esm,abb7c7239ce1d21d14502182b5a780d5,360,sparsa,single_seq,pair_network,,,,,,medium,R,0.30952380952380953,4110,42,42,teacher-fit
esm,abb7c7239ce1d21d14502182b5a780d5,360,sparsa,single_seq,pair_network,,,,,,medium,AUC,0.9448921899143138,4110,42,4110,teacher-fit
esm,abb7c7239ce1d21d14502182b5a780d5,360,sparsa,single_seq,pair_network,,,,,,long,L,0.21388888888888888,56616,195,360,teacher-fit
esm,abb7c7239ce1d21d14502182b5a780d5,360,sparsa,single_seq,pair_network,,,,,,long,L/2,0.34444444444444444,56616,195,180,teacher-fit
esm,abb7c7239ce1d21d14502182b5a780d5,360,sparsa,single_seq,pair_network,,,,,,long,L/5,0.5416666666666666,56616,195,72,teacher-fit
esm,abb7c7239ce1d21d14502182b5a780d5,360,sparsa,single_seq,pair_network,,,,,,long,R,0.3282051282051282,56616,195,195,teacher-fit
esm,abb7c7239ce1d21d14502182b5a780d5,360,sparsa,single_seq,pair_network,,,,,,long,AUC,0.949252710506499,56616,195,56616,teacher-fit
esm,abb307feffcdf69fb3b998176c857867,150,sparsa,single_seq,pair_network,,,,,,all,L,0.21333333333333335,10440,76,150,teacher-fit
esm,abb307feffcdf69fb3b998176c857867,150,sparsa,single_seq,pair_network,,,,,,all,L/2,0.29333333333333333,10440,76,75,teacher-fit
esm,abb307feffcdf69fb3b998176c857867,150,sparsa,single_seq,pair_network,,,,,,all,L/5,0.43333333333333335,10440,76,30,teacher-fit
esm,abb307feffcdf69fb3b998176c857867,150,sparsa,single_seq,pair_network,,,,,,all,R,0.2894736842105263,10440,76,76,teacher-fit
esm,abb307feffcdf69fb3b998176c857867,150,sparsa,single_seq,pair_network,,,,,,all,AUC,0.9692095868289017,10440,76,10440,teacher-fit
esm,abb307feffcdf69fb3b998176c857867,150,sparsa,single_seq,pair_network,,,,,,short,L,0.06,849,10,150,teacher-fit
esm,abb307feffcdf69fb3b998176c857867,150,sparsa,single_seq,pair_network,,,,,,short,L/2,0.09333333333333334,849,10,75,teacher-fit
esm,abb307feffcdf69fb3b998176c857867,150,sparsa,single_seq,pair_network,,,,,,short,L/5,0.2,849,10,30,teacher-fit
esm,abb307feffcdf69fb3b998176c857867,150,sparsa,single_seq,pair_network,,,,,,short,R,0.3,849,10,10,teacher-fit
esm,abb307feffcdf69fb3b998176c857867,150,sparsa,single_seq,pair_network,,,,,,short,AUC,0.9432061978545888,849,10,849,teacher-fit
esm,abb307feffcdf69fb3b998176c857867,150,sparsa,single_seq,pair_network,,,,,,medium,L,0.16666666666666666,1590,25,150,teacher-fit
esm,abb307feffcdf69fb3b998176c857867,150,sparsa,single_seq,pair_network,,,,,,medium,L/2,0.25333333333333335,1590,25,75,teacher-fit
esm,abb307feffcdf69fb3b998176c857867,150,sparsa,single_seq,pair_network,,,,,,medium,L/5,0.3333333333333333,1590,25,30,teacher-fit
esm,abb307feffcdf69fb3b998176c857867,150,sparsa,single_seq,pair_network,,,,,,medium,R,0.4,1590,25,25,teacher-fit
esm,abb307feffcdf69fb3b998176c857867,150,sparsa,single_seq,pair_network,,,,,,medium,AUC,0.9792460063897764,1590,25,1590,teacher-fit
esm,abb307feffcdf69fb3b998176c857867,150,sparsa,single_seq,pair_network,,,,,,long,L,0.14666666666666667,8001,41,150,teacher-fit
esm,abb307feffcdf69fb3b998176c857867,150,sparsa,single_seq,pair_network,,,,,,long,L/2,0.17333333333333334,8001,41,75,teacher-fit
esm,abb307feffcdf69fb3b998176c857867,150,sparsa,single_seq,pair_network,,,,,,long,L/5,0.26666666666666666,8001,41,30,teacher-fit
esm,abb307feffcdf69fb3b998176c857867,150,sparsa,single_seq,pair_network,,,,,,long,R,0.24390243902439024,8001,41,41,teacher-fit
esm,abb307feffcdf69fb3b998176c857867,150,sparsa,single_seq,pair_network,,,,,,long,AUC,0.9679510356661356,8001,41,8001,teacher-fit
esm,abaa4592ede1bde80077990c5038ca2a,168,sparsa,single_seq,pair_network,,,,,,all,L,0.09523809523809523,13203,120,168,teacher-fit
esm,abaa4592ede1bde80077990c5038ca2a,168,sparsa,single_seq,pair_network,,,,,,all,L/2,0.14285714285714285,13203,120,84,teacher-fit
esm,abaa4592ede1bde80077990c5038ca2a,168,sparsa,single_seq,pair_network,,,,,,all,L/5,0.24242424242424243,13203,120,33,teacher-fit
esm,abaa4592ede1bde80077990c5038ca2a,168,sparsa,single_seq,pair_network,,,,,,all,R,0.11666666666666667,13203,120,120,teacher-fit
esm,abaa4592ede1bde80077990c5038ca2a,168,sparsa,single_seq,pair_network,,,,,,all,AUC,0.8621130474661776,13203,120,13203,teacher-fit
esm,abaa4592ede1bde80077990c5038ca2a,168,sparsa,single_seq,pair_network,,,,,,short,L,0.08333333333333333,957,17,168,teacher-fit
esm,abaa4592ede1bde80077990c5038ca2a,168,sparsa,single_seq,pair_network,,,,,,short,L/2,0.14285714285714285,957,17,84,teacher-fit
esm,abaa4592ede1bde80077990c5038ca2a,168,sparsa,single_seq,pair_network,,,,,,short,L/5,0.21212121212121213,957,17,33,teacher-fit
esm,abaa4592ede1bde80077990c5038ca2a,168,sparsa,single_seq,pair_network,,,,,,short,R,0.35294117647058826,957,17,17,teacher-fit
esm,abaa4592ede1bde80077990c5038ca2a,168,sparsa,single_seq,pair_network,,,,,,short,AUC,0.8926157697121402,957,17,957,teacher-fit
esm,abaa4592ede1bde80077990c5038ca2a,168,sparsa,single_seq,pair_network,,,,,,medium,L,0.047619047619047616,1806,18,168,teacher-fit
esm,abaa4592ede1bde80077990c5038ca2a,168,sparsa,single_seq,pair_network,,,,,,medium,L/2,0.05952380952380952,1806,18,84,teacher-fit
esm,abaa4592ede1bde80077990c5038ca2a,168,sparsa,single_seq,pair_network,,,,,,medium,L/5,0.12121212121212122,1806,18,33,teacher-fit
esm,abaa4592ede1bde80077990c5038ca2a,168,sparsa,single_seq,pair_network,,,,,,medium,R,0.1111111111111111,1806,18,18,teacher-fit
esm,abaa4592ede1bde80077990c5038ca2a,168,sparsa,single_seq,pair_network,,,,,,medium,AUC,0.8905201342281879,1806,18,1806,teacher-fit
esm,abaa4592ede1bde80077990c5038ca2a,168,sparsa,single_seq,pair_network,,,,,,long,L,0.06547619047619048,10440,85,168,teacher-fit
esm,abaa4592ede1bde80077990c5038ca2a,168,sparsa,single_seq,pair_network,,,,,,long,L/2,0.05952380952380952,10440,85,84,teacher-fit
esm,abaa4592ede1bde80077990c5038ca2a,168,sparsa,single_seq,pair_network,,,,,,long,L/5,0.06060606060606061,10440,85,33,teacher-fit
esm,abaa4592ede1bde80077990c5038ca2a,168,sparsa,single_seq,pair_network,,,,,,long,R,0.058823529411764705,10440,85,85,teacher-fit
esm,abaa4592ede1bde80077990c5038ca2a,168,sparsa,single_seq,pair_network,,,,,,long,AUC,0.8491777203397052,10440,85,10440,teacher-fit
esm,ababccd55611dd5b5ecc59e66aedf7da,90,sparsa,single_seq,pair_network,,,,,,all,L,0.45555555555555555,3570,48,90,teacher-fit
esm,ababccd55611dd5b5ecc59e66aedf7da,90,sparsa,single_seq,pair_network,,,,,,all,L/2,0.8222222222222222,3570,48,45,teacher-fit
esm,ababccd55611dd5b5ecc59e66aedf7da,90,sparsa,single_seq,pair_network,,,,,,all,L/5,1.0,3570,48,18,teacher-fit
esm,ababccd55611dd5b5ecc59e66aedf7da,90,sparsa,single_seq,pair_network,,,,,,all,R,0.7708333333333334,3570,48,48,teacher-fit
esm,ababccd55611dd5b5ecc59e66aedf7da,90,sparsa,single_seq,pair_network,,,,,,all,AUC,0.9912721228468673,3570,48,3570,teacher-fit
esm,ababccd55611dd5b5ecc59e66aedf7da,90,sparsa,single_seq,pair_network,,,,,,short,L,0.07777777777777778,489,8,90,teacher-fit
esm,ababccd55611dd5b5ecc59e66aedf7da,90,sparsa,single_seq,pair_network,,,,,,short,L/2,0.15555555555555556,489,8,45,teacher-fit
esm,ababccd55611dd5b5ecc59e66aedf7da,90,sparsa,single_seq,pair_network,,,,,,short,L/5,0.2222222222222222,489,8,18,teacher-fit
esm,ababccd55611dd5b5ecc59e66aedf7da,90,sparsa,single_seq,pair_network,,,,,,short,R,0.375,489,8,8,teacher-fit
esm,ababccd55611dd5b5ecc59e66aedf7da,90,sparsa,single_seq,pair_network,,,,,,short,AUC,0.950493762993763,489,8,489,teacher-fit
esm,ababccd55611dd5b5ecc59e66aedf7da,90,sparsa,single_seq,pair_network,,,,,,medium,L,0.12222222222222222,870,11,90,teacher-fit
esm,ababccd55611dd5b5ecc59e66aedf7da,90,sparsa,single_seq,pair_network,,,,,,medium,L/2,0.24444444444444444,870,11,45,teacher-fit
esm,ababccd55611dd5b5ecc59e66aedf7da,90,sparsa,single_seq,pair_network,,,,,,medium,L/5,0.5555555555555556,870,11,18,teacher-fit
esm,ababccd55611dd5b5ecc59e66aedf7da,90,sparsa,single_seq,pair_network,,,,,,medium,R,0.9090909090909091,870,11,11,teacher-fit
esm,ababccd55611dd5b5ecc59e66aedf7da,90,sparsa,single_seq,pair_network,,,,,,medium,AUC,0.9970896391152503,870,11,870,teacher-fit
esm,ababccd55611dd5b5ecc59e66aedf7da,90,sparsa,single_seq,pair_network,,,,,,long,L,0.32222222222222224,2211,29,90,teacher-fit
esm,ababccd55611dd5b5ecc59e66aedf7da,90,sparsa,single_seq,pair_network,,,,,,long,L/2,0.6,2211,29,45,teacher-fit
esm,ababccd55611dd5b5ecc59e66aedf7da,90,sparsa,single_seq,pair_network,,,,,,long,L/5,0.9444444444444444,2211,29,18,teacher-fit
esm,ababccd55611dd5b5ecc59e66aedf7da,90,sparsa,single_seq,pair_network,,,,,,long,R,0.8620689655172413,2211,29,29,teacher-fit
esm,ababccd55611dd5b5ecc59e66aedf7da,90,sparsa,single_seq,pair_network,,,,,,long,AUC,0.9981589177913335,2211,29,2211,teacher-fit
esm,abacf1da3839160baf9bed5b8d55f5f9,422,sparsa,single_seq,pair_network,,,,,,all,L,0.35545023696682465,86736,392,422,teacher-fit
esm,abacf1da3839160baf9bed5b8d55f5f9,422,sparsa,single_seq,pair_network,,,,,,all,L/2,0.4881516587677725,86736,392,211,teacher-fit
esm,abacf1da3839160baf9bed5b8d55f5f9,422,sparsa,single_seq,pair_network,,,,,,all,L/5,0.6666666666666666,86736,392,84,teacher-fit
esm,abacf1da3839160baf9bed5b8d55f5f9,422,sparsa,single_seq,pair_network,,,,,,all,R,0.36989795918367346,86736,392,392,teacher-fit
esm,abacf1da3839160baf9bed5b8d55f5f9,422,sparsa,single_seq,pair_network,,,,,,all,AUC,0.9743327059583214,86736,392,86736,teacher-fit
esm,abacf1da3839160baf9bed5b8d55f5f9,422,sparsa,single_seq,pair_network,,,,,,short,L,0.14454976303317535,2481,65,422,teacher-fit
esm,abacf1da3839160baf9bed5b8d55f5f9,422,sparsa,single_seq,pair_network,,,,,,short,L/2,0.23696682464454977,2481,65,211,teacher-fit
esm,abacf1da3839160baf9bed5b8d55f5f9,422,sparsa,single_seq,pair_network,,,,,,short,L/5,0.4642857142857143,2481,65,84,teacher-fit
esm,abacf1da3839160baf9bed5b8d55f5f9,422,sparsa,single_seq,pair_network,,,,,,short,R,0.5384615384615384,2481,65,65,teacher-fit
esm,abacf1da3839160baf9bed5b8d55f5f9,422,sparsa,single_seq,pair_network,,,,,,short,AUC,0.9522382832399389,2481,65,2481,teacher-fit
esm,abacf1da3839160baf9bed5b8d55f5f9,422,sparsa,single_seq,pair_network,,,,,,medium,L,0.17772511848341233,4854,96,422,teacher-fit
esm,abacf1da3839160baf9bed5b8d55f5f9,422,sparsa,single_seq,pair_network,,,,,,medium,L/2,0.2985781990521327,4854,96,211,teacher-fit
esm,abacf1da3839160baf9bed5b8d55f5f9,422,sparsa,single_seq,pair_network,,,,,,medium,L/5,0.5714285714285714,4854,96,84,teacher-fit
esm,abacf1da3839160baf9bed5b8d55f5f9,422,sparsa,single_seq,pair_network,,,,,,medium,R,0.5208333333333334,4854,96,96,teacher-fit
esm,abacf1da3839160baf9bed5b8d55f5f9,422,sparsa,single_seq,pair_network,,,,,,medium,AUC,0.9492795029424128,4854,96,4854,teacher-fit
esm,abacf1da3839160baf9bed5b8d55f5f9,422,sparsa,single_seq,pair_network,,,,,,long,L,0.2132701421800948,79401,231,422,teacher-fit
esm,abacf1da3839160baf9bed5b8d55f5f9,422,sparsa,single_seq,pair_network,,,,,,long,L/2,0.2843601895734597,79401,231,211,teacher-fit
esm,abacf1da3839160baf9bed5b8d55f5f9,422,sparsa,single_seq,pair_network,,,,,,long,L/5,0.32142857142857145,79401,231,84,teacher-fit
esm,abacf1da3839160baf9bed5b8d55f5f9,422,sparsa,single_seq,pair_network,,,,,,long,R,0.27705627705627706,79401,231,231,teacher-fit
esm,abacf1da3839160baf9bed5b8d55f5f9,422,sparsa,single_seq,pair_network,,,,,,long,AUC,0.9729780345543891,79401,231,79401,teacher-fit
esm,aba962f1f4f442b146183acb23d40e0c,151,sparsa,single_seq,pair_network,,,,,,all,L,0.23841059602649006,10585,127,151,teacher-fit
esm,aba962f1f4f442b146183acb23d40e0c,151,sparsa,single_seq,pair_network,,,,,,all,L/2,0.38666666666666666,10585,127,75,teacher-fit
esm,aba962f1f4f442b146183acb23d40e0c,151,sparsa,single_seq,pair_network,,,,,,all,L/5,0.5666666666666667,10585,127,30,teacher-fit
esm,aba962f1f4f442b146183acb23d40e0c,151,sparsa,single_seq,pair_network,,,,,,all,R,0.2755905511811024,10585,127,127,teacher-fit
esm,aba962f1f4f442b146183acb23d40e0c,151,sparsa,single_seq,pair_network,,,,,,all,AUC,0.8926241147567396,10585,127,10585,teacher-fit
esm,aba962f1f4f442b146183acb23d40e0c,151,sparsa,single_seq,pair_network,,,,,,short,L,0.11920529801324503,855,24,151,teacher-fit
esm,aba962f1f4f442b146183acb23d40e0c,151,sparsa,single_seq,pair_network,,,,,,short,L/2,0.21333333333333335,855,24,75,teacher-fit
esm,aba962f1f4f442b146183acb23d40e0c,151,sparsa,single_seq,pair_network,,,,,,short,L/5,0.3333333333333333,855,24,30,teacher-fit
esm,aba962f1f4f442b146183acb23d40e0c,151,sparsa,single_seq,pair_network,,,,,,short,R,0.4166666666666667,855,24,24,teacher-fit
esm,aba962f1f4f442b146183acb23d40e0c,151,sparsa,single_seq,pair_network,,,,,,short,AUC,0.8953319294023265,855,24,855,teacher-fit
esm,aba962f1f4f442b146183acb23d40e0c,151,sparsa,single_seq,pair_network,,,,,,medium,L,0.07947019867549669,1602,16,151,teacher-fit
esm,aba962f1f4f442b146183acb23d40e0c,151,sparsa,single_seq,pair_network,,,,,,medium,L/2,0.13333333333333333,1602,16,75,teacher-fit
esm,aba962f1f4f442b146183acb23d40e0c,151,sparsa,single_seq,pair_network,,,,,,medium,L/5,0.3,1602,16,30,teacher-fit
esm,aba962f1f4f442b146183acb23d40e0c,151,sparsa,single_seq,pair_network,,,,,,medium,R,0.375,1602,16,16,teacher-fit
esm,aba962f1f4f442b146183acb23d40e0c,151,sparsa,single_seq,pair_network,,,,,,medium,AUC,0.9427214691046657,1602,16,1602,teacher-fit
esm,aba962f1f4f442b146183acb23d40e0c,151,sparsa,single_seq,pair_network,,,,,,long,L,0.2052980132450331,8128,87,151,teacher-fit
esm,aba962f1f4f442b146183acb23d40e0c,151,sparsa,single_seq,pair_network,,,,,,long,L/2,0.21333333333333335,8128,87,75,teacher-fit
esm,aba962f1f4f442b146183acb23d40e0c,151,sparsa,single_seq,pair_network,,,,,,long,L/5,0.36666666666666664,8128,87,30,teacher-fit
esm,aba962f1f4f442b146183acb23d40e0c,151,sparsa,single_seq,pair_network,,,,,,long,R,0.22988505747126436,8128,87,87,teacher-fit
esm,aba962f1f4f442b146183acb23d40e0c,151,sparsa,single_seq,pair_network,,,,,,long,AUC,0.8809292033500723,8128,87,8128,teacher-fit
esm,aba82492f5906d2d6409505de54c26b4,223,sparsa,single_seq,pair_network,,,,,,all,L,0.2242152466367713,23653,166,223,teacher-fit
esm,aba82492f5906d2d6409505de54c26b4,223,sparsa,single_seq,pair_network,,,,,,all,L/2,0.32432432432432434,23653,166,111,teacher-fit
esm,aba82492f5906d2d6409505de54c26b4,223,sparsa,single_seq,pair_network,,,,,,all,L/5,0.5227272727272727,23653,166,44,teacher-fit
esm,aba82492f5906d2d6409505de54c26b4,223,sparsa,single_seq,pair_network,,,,,,all,R,0.26506024096385544,23653,166,166,teacher-fit
esm,aba82492f5906d2d6409505de54c26b4,223,sparsa,single_seq,pair_network,,,,,,all,AUC,0.91983914711086,23653,166,23653,teacher-fit
esm,aba82492f5906d2d6409505de54c26b4,223,sparsa,single_seq,pair_network,,,,,,short,L,0.08071748878923767,1287,18,223,teacher-fit
esm,aba82492f5906d2d6409505de54c26b4,223,sparsa,single_seq,pair_network,,,,,,short,L/2,0.15315315315315314,1287,18,111,teacher-fit
esm,aba82492f5906d2d6409505de54c26b4,223,sparsa,single_seq,pair_network,,,,,,short,L/5,0.29545454545454547,1287,18,44,teacher-fit
esm,aba82492f5906d2d6409505de54c26b4,223,sparsa,single_seq,pair_network,,,,,,short,R,0.6666666666666666,1287,18,18,teacher-fit
esm,aba82492f5906d2d6409505de54c26b4,223,sparsa,single_seq,pair_network,,,,,,short,AUC,0.9801243323701954,1287,18,1287,teacher-fit
esm,aba82492f5906d2d6409505de54c26b4,223,sparsa,single_seq,pair_network,,,,,,medium,L,0.05829596412556054,2466,16,223,teacher-fit
esm,aba82492f5906d2d6409505de54c26b4,223,sparsa,single_seq,pair_network,,,,,,medium,L/2,0.0990990990990991,2466,16,111,teacher-fit
esm,aba82492f5906d2d6409505de54c26b4,223,sparsa,single_seq,pair_network,,,,,,medium,L/5,0.09090909090909091,2466,16,44,teacher-fit
esm,aba82492f5906d2d6409505de54c26b4,223,sparsa,single_seq,pair_network,,,,,,medium,R,0.125,2466,16,16,teacher-fit
esm,aba82492f5906d2d6409505de54c26b4,223,sparsa,single_seq,pair_network,,,,,,medium,AUC,0.9211989795918368,2466,16,2466,teacher-fit
esm,aba82492f5906d2d6409505de54c26b4,223,sparsa,single_seq,pair_network,,,,,,long,L,0.16591928251121077,19900,132,223,teacher-fit
esm,aba82492f5906d2d6409505de54c26b4,223,sparsa,single_seq,pair_network,,,,,,long,L/2,0.27927927927927926,19900,132,111,teacher-fit
esm,aba82492f5906d2d6409505de54c26b4,223,sparsa,single_seq,pair_network,,,,,,long,L/5,0.5,19900,132,44,teacher-fit
esm,aba82492f5906d2d6409505de54c26b4,223,sparsa,single_seq,pair_network,,,,,,long,R,0.24242424242424243,19900,132,132,teacher-fit
esm,aba82492f5906d2d6409505de54c26b4,223,sparsa,single_seq,pair_network,,,,,,long,AUC,0.9147756015231229,19900,132,19900,teacher-fit
esm,83138bffc953775a03319a1177ea3804,100,sparsa,single_seq,pair_network,,,,,,all,L,0.18,4465,77,100,teacher-fit
esm,83138bffc953775a03319a1177ea3804,100,sparsa,single_seq,pair_network,,,,,,all,L/2,0.28,4465,77,50,teacher-fit
esm,83138bffc953775a03319a1177ea3804,100,sparsa,single_seq,pair_network,,,,,,all,L/5,0.6,4465,77,20,teacher-fit
esm,83138bffc953775a03319a1177ea3804,100,sparsa,single_seq,pair_network,,,,,,all,R,0.2077922077922078,4465,77,77,teacher-fit
esm,83138bffc953775a03319a1177ea3804,100,sparsa,single_seq,pair_network,,,,,,all,AUC,0.8440507760243402,4465,77,4465,teacher-fit
esm,83138bffc953775a03319a1177ea3804,100,sparsa,single_seq,pair_network,,,,,,short,L,0.1,549,19,100,teacher-fit
esm,83138bffc953775a03319a1177ea3804,100,sparsa,single_seq,pair_network,,,,,,short,L/2,0.18,549,19,50,teacher-fit
esm,83138bffc953775a03319a1177ea3804,100,sparsa,single_seq,pair_network,,,,,,short,L/5,0.45,549,19,20,teacher-fit
esm,83138bffc953775a03319a1177ea3804,100,sparsa,single_seq,pair_network,,,,,,short,R,0.47368421052631576,549,19,19,teacher-fit
esm,83138bffc953775a03319a1177ea3804,100,sparsa,single_seq,pair_network,,,,,,short,AUC,0.8588381330685204,549,19,549,teacher-fit
esm,83138bffc953775a03319a1177ea3804,100,sparsa,single_seq,pair_network,,,,,,medium,L,0.09,990,19,100,teacher-fit
esm,83138bffc953775a03319a1177ea3804,100,sparsa,single_seq,pair_network,,,,,,medium,L/2,0.12,990,19,50,teacher-fit
esm,83138bffc953775a03319a1177ea3804,100,sparsa,single_seq,pair_network,,,,,,medium,L/5,0.25,990,19,20,teacher-fit
esm,83138bffc953775a03319a1177ea3804,100,sparsa,single_seq,pair_network,,,,,,medium,R,0.2631578947368421,990,19,19,teacher-fit
esm,83138bffc953775a03319a1177ea3804,100,sparsa,single_seq,pair_network,,,,,,medium,AUC,0.8287983088514284,990,19,990,teacher-fit
esm,83138bffc953775a03319a1177ea3804,100,sparsa,single_seq,pair_network,,,,,,long,L,0.11,2926,39,100,teacher-fit
esm,83138bffc953775a03319a1177ea3804,100,sparsa,single_seq,pair_network,,,,,,long,L/2,0.12,2926,39,50,teacher-fit
esm,83138bffc953775a03319a1177ea3804,100,sparsa,single_seq,pair_network,,,,,,long,L/5,0.15,2926,39,20,teacher-fit
esm,83138bffc953775a03319a1177ea3804,100,sparsa,single_seq,pair_network,,,,,,long,R,0.1282051282051282,2926,39,39,teacher-fit
esm,83138bffc953775a03319a1177ea3804,100,sparsa,single_seq,pair_network,,,,,,long,AUC,0.8438846109438419,2926,39,2926,teacher-fit
esm,830c1a7ef82d07551f91a0546adebe16,64,sparsa,single_seq,pair_network,,,,,,all,L,0.46875,1711,34,64,teacher-fit
esm,830c1a7ef82d07551f91a0546adebe16,64,sparsa,single_seq,pair_network,,,,,,all,L/2,0.75,1711,34,32,teacher-fit
esm,830c1a7ef82d07551f91a0546adebe16,64,sparsa,single_seq,pair_network,,,,,,all,L/5,0.8333333333333334,1711,34,12,teacher-fit
esm,830c1a7ef82d07551f91a0546adebe16,64,sparsa,single_seq,pair_network,,,,,,all,R,0.7352941176470589,1711,34,34,teacher-fit
esm,830c1a7ef82d07551f91a0546adebe16,64,sparsa,single_seq,pair_network,,,,,,all,AUC,0.9927391350099968,1711,34,1711,teacher-fit
esm,830c1a7ef82d07551f91a0546adebe16,64,sparsa,single_seq,pair_network,,,,,,short,L,0.21875,333,14,64,teacher-fit
esm,830c1a7ef82d07551f91a0546adebe16,64,sparsa,single_seq,pair_network,,,,,,short,L/2,0.40625,333,14,32,teacher-fit
esm,830c1a7ef82d07551f91a0546adebe16,64,sparsa,single_seq,pair_network,,,,,,short,L/5,0.8333333333333334,333,14,12,teacher-fit
esm,830c1a7ef82d07551f91a0546adebe16,64,sparsa,single_seq,pair_network,,,,,,short,R,0.7857142857142857,333,14,14,teacher-fit
esm,830c1a7ef82d07551f91a0546adebe16,64,sparsa,single_seq,pair_network,,,,,,short,AUC,0.9909314823107928,333,14,333,teacher-fit
esm,830c1a7ef82d07551f91a0546adebe16,64,sparsa,single_seq,pair_network,,,,,,medium,L,0.109375,558,7,64,teacher-fit
esm,830c1a7ef82d07551f91a0546adebe16,64,sparsa,single_seq,pair_network,,,,,,medium,L/2,0.21875,558,7,32,teacher-fit
esm,830c1a7ef82d07551f91a0546adebe16,64,sparsa,single_seq,pair_network,,,,,,medium,L/5,0.5,558,7,12,teacher-fit
esm,830c1a7ef82d07551f91a0546adebe16,64,sparsa,single_seq,pair_network,,,,,,medium,R,0.7142857142857143,558,7,7,teacher-fit
esm,830c1a7ef82d07551f91a0546adebe16,64,sparsa,single_seq,pair_network,,,,,,medium,AUC,0.9968887736582835,558,7,558,teacher-fit
esm,830c1a7ef82d07551f91a0546adebe16,64,sparsa,single_seq,pair_network,,,,,,long,L,0.203125,820,13,64,teacher-fit
esm,830c1a7ef82d07551f91a0546adebe16,64,sparsa,single_seq,pair_network,,,,,,long,L/2,0.375,820,13,32,teacher-fit
esm,830c1a7ef82d07551f91a0546adebe16,64,sparsa,single_seq,pair_network,,,,,,long,L/5,0.5833333333333334,820,13,12,teacher-fit
esm,830c1a7ef82d07551f91a0546adebe16,64,sparsa,single_seq,pair_network,,,,,,long,R,0.6153846153846154,820,13,13,teacher-fit
esm,830c1a7ef82d07551f91a0546adebe16,64,sparsa,single_seq,pair_network,,,,,,long,AUC,0.9897531217233819,820,13,820,teacher-fit
esm,830860aae97f99d27594face3ba1e222,94,sparsa,single_seq,pair_network,,,,,,all,L,0.3404255319148936,3916,109,94,teacher-fit
esm,830860aae97f99d27594face3ba1e222,94,sparsa,single_seq,pair_network,,,,,,all,L/2,0.5106382978723404,3916,109,47,teacher-fit
esm,830860aae97f99d27594face3ba1e222,94,sparsa,single_seq,pair_network,,,,,,all,L/5,0.7777777777777778,3916,109,18,teacher-fit
esm,830860aae97f99d27594face3ba1e222,94,sparsa,single_seq,pair_network,,,,,,all,R,0.30275229357798167,3916,109,109,teacher-fit
esm,830860aae97f99d27594face3ba1e222,94,sparsa,single_seq,pair_network,,,,,,all,AUC,0.8531194347447845,3916,109,3916,teacher-fit
esm,830860aae97f99d27594face3ba1e222,94,sparsa,single_seq,pair_network,,,,,,short,L,0.14893617021276595,513,19,94,teacher-fit
esm,830860aae97f99d27594face3ba1e222,94,sparsa,single_seq,pair_network,,,,,,short,L/2,0.19148936170212766,513,19,47,teacher-fit
esm,830860aae97f99d27594face3ba1e222,94,sparsa,single_seq,pair_network,,,,,,short,L/5,0.3888888888888889,513,19,18,teacher-fit
esm,830860aae97f99d27594face3ba1e222,94,sparsa,single_seq,pair_network,,,,,,short,R,0.3684210526315789,513,19,19,teacher-fit
esm,830860aae97f99d27594face3ba1e222,94,sparsa,single_seq,pair_network,,,,,,short,AUC,0.8902620924781589,513,19,513,teacher-fit
esm,830860aae97f99d27594face3ba1e222,94,sparsa,single_seq,pair_network,,,,,,medium,L,0.11702127659574468,918,25,94,teacher-fit
esm,830860aae97f99d27594face3ba1e222,94,sparsa,single_seq,pair_network,,,,,,medium,L/2,0.23404255319148937,918,25,47,teacher-fit
esm,830860aae97f99d27594face3ba1e222,94,sparsa,single_seq,pair_network,,,,,,medium,L/5,0.3888888888888889,918,25,18,teacher-fit
esm,830860aae97f99d27594face3ba1e222,94,sparsa,single_seq,pair_network,,,,,,medium,R,0.4,918,25,25,teacher-fit
esm,830860aae97f99d27594face3ba1e222,94,sparsa,single_seq,pair_network,,,,,,medium,AUC,0.867525195968645,918,25,918,teacher-fit
esm,830860aae97f99d27594face3ba1e222,94,sparsa,single_seq,pair_network,,,,,,long,L,0.2127659574468085,2485,65,94,teacher-fit
esm,830860aae97f99d27594face3ba1e222,94,sparsa,single_seq,pair_network,,,,,,long,L/2,0.2978723404255319,2485,65,47,teacher-fit
esm,830860aae97f99d27594face3ba1e222,94,sparsa,single_seq,pair_network,,,,,,long,L/5,0.6666666666666666,2485,65,18,teacher-fit
esm,830860aae97f99d27594face3ba1e222,94,sparsa,single_seq,pair_network,,,,,,long,R,0.24615384615384617,2485,65,65,teacher-fit
esm,830860aae97f99d27594face3ba1e222,94,sparsa,single_seq,pair_network,,,,,,long,AUC,0.8378321678321679,2485,65,2485,teacher-fit
esm,830c5b3fe4190ad6f7ee6002417922b5,100,sparsa,single_seq,pair_network,,,,,,all,L,0.3,4465,72,100,teacher-fit
esm,830c5b3fe4190ad6f7ee6002417922b5,100,sparsa,single_seq,pair_network,,,,,,all,L/2,0.44,4465,72,50,teacher-fit
esm,830c5b3fe4190ad6f7ee6002417922b5,100,sparsa,single_seq,pair_network,,,,,,all,L/5,0.5,4465,72,20,teacher-fit
esm,830c5b3fe4190ad6f7ee6002417922b5,100,sparsa,single_seq,pair_network,,,,,,all,R,0.3472222222222222,4465,72,72,teacher-fit
esm,830c5b3fe4190ad6f7ee6002417922b5,100,sparsa,single_seq,pair_network,,,,,,all,AUC,0.9333677947239295,4465,72,4465,teacher-fit
esm,830c5b3fe4190ad6f7ee6002417922b5,100,sparsa,single_seq,pair_network,,,,,,short,L,0.13,549,14,100,teacher-fit
esm,830c5b3fe4190ad6f7ee6002417922b5,100,sparsa,single_seq,pair_network,,,,,,short,L/2,0.26,549,14,50,teacher-fit
esm,830c5b3fe4190ad6f7ee6002417922b5,100,sparsa,single_seq,pair_network,,,,,,short,L/5,0.45,549,14,20,teacher-fit
esm,830c5b3fe4190ad6f7ee6002417922b5,100,sparsa,single_seq,pair_network,,,,,,short,R,0.6428571428571429,549,14,14,teacher-fit
esm,830c5b3fe4190ad6f7ee6002417922b5,100,sparsa,single_seq,pair_network,,,,,,short,AUC,0.9735647530040054,549,14,549,teacher-fit
esm,830c5b3fe4190ad6f7ee6002417922b5,100,sparsa,single_seq,pair_network,,,,,,medium,L,0.07,990,7,100,teacher-fit
esm,830c5b3fe4190ad6f7ee6002417922b5,100,sparsa,single_seq,pair_network,,,,,,medium,L/2,0.08,990,7,50,teacher-fit
esm,830c5b3fe4190ad6f7ee6002417922b5,100,sparsa,single_seq,pair_network,,,,,,medium,L/5,0.15,990,7,20,teacher-fit
esm,830c5b3fe4190ad6f7ee6002417922b5,100,sparsa,single_seq,pair_network,,,,,,medium,R,0.14285714285714285,990,7,7,teacher-fit
esm,830c5b3fe4190ad6f7ee6002417922b5,100,sparsa,single_seq,pair_network,,,,,,medium,AUC,0.9633774160732451,990,7,990,teacher-fit
esm,830c5b3fe4190ad6f7ee6002417922b5,100,sparsa,single_seq,pair_network,,,,,,long,L,0.21,2926,51,100,teacher-fit
esm,830c5b3fe4190ad6f7ee6002417922b5,100,sparsa,single_seq,pair_network,,,,,,long,L/2,0.34,2926,51,50,teacher-fit
esm,830c5b3fe4190ad6f7ee6002417922b5,100,sparsa,single_seq,pair_network,,,,,,long,L/5,0.35,2926,51,20,teacher-fit
esm,830c5b3fe4190ad6f7ee6002417922b5,100,sparsa,single_seq,pair_network,,,,,,long,R,0.35294117647058826,2926,51,51,teacher-fit
esm,830c5b3fe4190ad6f7ee6002417922b5,100,sparsa,single_seq,pair_network,,,,,,long,AUC,0.911921568627451,2926,51,2926,teacher-fit
esm,8304d99a6658d6338dce7a1014739069,95,sparsa,single_seq,pair_network,,,,,,all,L,0.30526315789473685,4005,34,95,teacher-fit
esm,8304d99a6658d6338dce7a1014739069,95,sparsa,single_seq,pair_network,,,,,,all,L/2,0.40425531914893614,4005,34,47,teacher-fit
esm,8304d99a6658d6338dce7a1014739069,95,sparsa,single_seq,pair_network,,,,,,all,L/5,0.47368421052631576,4005,34,19,teacher-fit
esm,8304d99a6658d6338dce7a1014739069,95,sparsa,single_seq,pair_network,,,,,,all,R,0.4117647058823529,4005,34,34,teacher-fit
esm,8304d99a6658d6338dce7a1014739069,95,sparsa,single_seq,pair_network,,,,,,all,AUC,0.992126742411898,4005,34,4005,teacher-fit
esm,8304d99a6658d6338dce7a1014739069,95,sparsa,single_seq,pair_network,,,,,,short,L,0.010526315789473684,519,1,95,teacher-fit
esm,8304d99a6658d6338dce7a1014739069,95,sparsa,single_seq,pair_network,,,,,,short,L/2,0.02127659574468085,519,1,47,teacher-fit
esm,8304d99a6658d6338dce7a1014739069,95,sparsa,single_seq,pair_network,,,,,,short,L/5,0.05263157894736842,519,1,19,teacher-fit
esm,8304d99a6658d6338dce7a1014739069,95,sparsa,single_seq,pair_network,,,,,,short,R,0.0,519,1,1,teacher-fit
esm,8304d99a6658d6338dce7a1014739069,95,sparsa,single_seq,pair_network,,,,,,short,AUC,0.9922779922779923,519,1,519,teacher-fit
esm,8304d99a6658d6338dce7a1014739069,95,sparsa,single_seq,pair_network,,,,,,medium,L,0.021052631578947368,930,2,95,teacher-fit
esm,8304d99a6658d6338dce7a1014739069,95,sparsa,single_seq,pair_network,,,,,,medium,L/2,0.0425531914893617,930,2,47,teacher-fit
esm,8304d99a6658d6338dce7a1014739069,95,sparsa,single_seq,pair_network,,,,,,medium,L/5,0.10526315789473684,930,2,19,teacher-fit
esm,8304d99a6658d6338dce7a1014739069,95,sparsa,single_seq,pair_network,,,,,,medium,R,0.0,930,2,2,teacher-fit
esm,8304d99a6658d6338dce7a1014739069,95,sparsa,single_seq,pair_network,,,,,,medium,AUC,0.9919181034482758,930,2,930,teacher-fit
esm,8304d99a6658d6338dce7a1014739069,95,sparsa,single_seq,pair_network,,,,,,long,L,0.3157894736842105,2556,31,95,teacher-fit
esm,8304d99a6658d6338dce7a1014739069,95,sparsa,single_seq,pair_network,,,,,,long,L/2,0.46808510638297873,2556,31,47,teacher-fit
esm,8304d99a6658d6338dce7a1014739069,95,sparsa,single_seq,pair_network,,,,,,long,L/5,0.5789473684210527,2556,31,19,teacher-fit
esm,8304d99a6658d6338dce7a1014739069,95,sparsa,single_seq,pair_network,,,,,,long,R,0.5161290322580645,2556,31,31,teacher-fit
esm,8304d99a6658d6338dce7a1014739069,95,sparsa,single_seq,pair_network,,,,,,long,AUC,0.9917406579367614,2556,31,2556,teacher-fit
esm,830e60f0cdc1fe4d5b6bbf352338e002,385,sparsa,single_seq,pair_network,,,,,,all,L,0.24935064935064935,72010,238,385,teacher-fit
esm,830e60f0cdc1fe4d5b6bbf352338e002,385,sparsa,single_seq,pair_network,,,,,,all,L/2,0.3541666666666667,72010,238,192,teacher-fit
esm,830e60f0cdc1fe4d5b6bbf352338e002,385,sparsa,single_seq,pair_network,,,,,,all,L/5,0.4935064935064935,72010,238,77,teacher-fit
esm,830e60f0cdc1fe4d5b6bbf352338e002,385,sparsa,single_seq,pair_network,,,,,,all,R,0.3235294117647059,72010,238,238,teacher-fit
esm,830e60f0cdc1fe4d5b6bbf352338e002,385,sparsa,single_seq,pair_network,,,,,,all,AUC,0.9615146259138999,72010,238,72010,teacher-fit
esm,830e60f0cdc1fe4d5b6bbf352338e002,385,sparsa,single_seq,pair_network,,,,,,short,L,0.03896103896103896,2259,16,385,teacher-fit
esm,830e60f0cdc1fe4d5b6bbf352338e002,385,sparsa,single_seq,pair_network,,,,,,short,L/2,0.06770833333333333,2259,16,192,teacher-fit
esm,830e60f0cdc1fe4d5b6bbf352338e002,385,sparsa,single_seq,pair_network,,,,,,short,L/5,0.09090909090909091,2259,16,77,teacher-fit
esm,830e60f0cdc1fe4d5b6bbf352338e002,385,sparsa,single_seq,pair_network,,,,,,short,R,0.0625,2259,16,16,teacher-fit
esm,830e60f0cdc1fe4d5b6bbf352338e002,385,sparsa,single_seq,pair_network,,,,,,short,AUC,0.9419722469906375,2259,16,2259,teacher-fit
esm,830e60f0cdc1fe4d5b6bbf352338e002,385,sparsa,single_seq,pair_network,,,,,,medium,L,0.08051948051948052,4410,32,385,teacher-fit
esm,830e60f0cdc1fe4d5b6bbf352338e002,385,sparsa,single_seq,pair_network,,,,,,medium,L/2,0.11979166666666667,4410,32,192,teacher-fit
esm,830e60f0cdc1fe4d5b6bbf352338e002,385,sparsa,single_seq,pair_network,,,,,,medium,L/5,0.18181818181818182,4410,32,77,teacher-fit
esm,830e60f0cdc1fe4d5b6bbf352338e002,385,sparsa,single_seq,pair_network,,,,,,medium,R,0.3125,4410,32,32,teacher-fit
esm,830e60f0cdc1fe4d5b6bbf352338e002,385,sparsa,single_seq,pair_network,,,,,,medium,AUC,0.9730577603928734,4410,32,4410,teacher-fit
esm,830e60f0cdc1fe4d5b6bbf352338e002,385,sparsa,single_seq,pair_network,,,,,,long,L,0.22857142857142856,65341,190,385,teacher-fit
esm,830e60f0cdc1fe4d5b6bbf352338e002,385,sparsa,single_seq,pair_network,,,,,,long,L/2,0.375,65341,190,192,teacher-fit
esm,830e60f0cdc1fe4d5b6bbf352338e002,385,sparsa,single_seq,pair_network,,,,,,long,L/5,0.5324675324675324,65341,190,77,teacher-fit
esm,830e60f0cdc1fe4d5b6bbf352338e002,385,sparsa,single_seq,pair_network,,,,,,long,R,0.37894736842105264,65341,190,190,teacher-fit
esm,830e60f0cdc1fe4d5b6bbf352338e002,385,sparsa,single_seq,pair_network,,,,,,long,AUC,0.9597914238097893,65341,190,65341,teacher-fit
esm,83089ad73a021ed0364d3d256f09a252,105,sparsa,single_seq,pair_network,,,,,,all,L,0.3333333333333333,4950,87,105,teacher-fit
esm,83089ad73a021ed0364d3d256f09a252,105,sparsa,single_seq,pair_network,,,,,,all,L/2,0.46153846153846156,4950,87,52,teacher-fit
esm,83089ad73a021ed0364d3d256f09a252,105,sparsa,single_seq,pair_network,,,,,,all,L/5,0.5714285714285714,4950,87,21,teacher-fit
esm,83089ad73a021ed0364d3d256f09a252,105,sparsa,single_seq,pair_network,,,,,,all,R,0.367816091954023,4950,87,87,teacher-fit
esm,83089ad73a021ed0364d3d256f09a252,105,sparsa,single_seq,pair_network,,,,,,all,AUC,0.9199349533540859,4950,87,4950,teacher-fit
esm,83089ad73a021ed0364d3d256f09a252,105,sparsa,single_seq,pair_network,,,,,,short,L,0.1523809523809524,579,17,105,teacher-fit
esm,83089ad73a021ed0364d3d256f09a252,105,sparsa,single_seq,pair_network,,,,,,short,L/2,0.2692307692307692,579,17,52,teacher-fit
esm,83089ad73a021ed0364d3d256f09a252,105,sparsa,single_seq,pair_network,,,,,,short,L/5,0.47619047619047616,579,17,21,teacher-fit
esm,83089ad73a021ed0364d3d256f09a252,105,sparsa,single_seq,pair_network,,,,,,short,R,0.5294117647058824,579,17,17,teacher-fit
esm,83089ad73a021ed0364d3d256f09a252,105,sparsa,single_seq,pair_network,,,,,,short,AUC,0.9619007745446932,579,17,579,teacher-fit
esm,83089ad73a021ed0364d3d256f09a252,105,sparsa,single_seq,pair_network,,,,,,medium,L,0.21904761904761905,1050,26,105,teacher-fit
esm,83089ad73a021ed0364d3d256f09a252,105,sparsa,single_seq,pair_network,,,,,,medium,L/2,0.3269230769230769,1050,26,52,teacher-fit
esm,83089ad73a021ed0364d3d256f09a252,105,sparsa,single_seq,pair_network,,,,,,medium,L/5,0.47619047619047616,1050,26,21,teacher-fit
esm,83089ad73a021ed0364d3d256f09a252,105,sparsa,single_seq,pair_network,,,,,,medium,R,0.46153846153846156,1050,26,26,teacher-fit
esm,83089ad73a021ed0364d3d256f09a252,105,sparsa,single_seq,pair_network,,,,,,medium,AUC,0.9692007211538461,1050,26,1050,teacher-fit
esm,83089ad73a021ed0364d3d256f09a252,105,sparsa,single_seq,pair_network,,,,,,long,L,0.1523809523809524,3321,44,105,teacher-fit
esm,83089ad73a021ed0364d3d256f09a252,105,sparsa,single_seq,pair_network,,,,,,long,L/2,0.23076923076923078,3321,44,52,teacher-fit
esm,83089ad73a021ed0364d3d256f09a252,105,sparsa,single_seq,pair_network,,,,,,long,L/5,0.38095238095238093,3321,44,21,teacher-fit
esm,83089ad73a021ed0364d3d256f09a252,105,sparsa,single_seq,pair_network,,,,,,long,R,0.25,3321,44,44,teacher-fit
esm,83089ad73a021ed0364d3d256f09a252,105,sparsa,single_seq,pair_network,,,,,,long,AUC,0.8676658251726912,3321,44,3321,teacher-fit
esm,8317215573fa4b2432983f06e1fb949f,210,sparsa,single_seq,pair_network,,,,,,all,L,0.580952380952381,20910,220,210,teacher-fit
esm,8317215573fa4b2432983f06e1fb949f,210,sparsa,single_seq,pair_network,,,,,,all,L/2,0.7904761904761904,20910,220,105,teacher-fit
esm,8317215573fa4b2432983f06e1fb949f,210,sparsa,single_seq,pair_network,,,,,,all,L/5,0.9285714285714286,20910,220,42,teacher-fit
esm,8317215573fa4b2432983f06e1fb949f,210,sparsa,single_seq,pair_network,,,,,,all,R,0.5727272727272728,20910,220,220,teacher-fit
esm,8317215573fa4b2432983f06e1fb949f,210,sparsa,single_seq,pair_network,,,,,,all,AUC,0.9845825827145306,20910,220,20910,teacher-fit
esm,8317215573fa4b2432983f06e1fb949f,210,sparsa,single_seq,pair_network,,,,,,short,L,0.12857142857142856,1209,27,210,teacher-fit
esm,8317215573fa4b2432983f06e1fb949f,210,sparsa,single_seq,pair_network,,,,,,short,L/2,0.21904761904761905,1209,27,105,teacher-fit
esm,8317215573fa4b2432983f06e1fb949f,210,sparsa,single_seq,pair_network,,,,,,short,L/5,0.4523809523809524,1209,27,42,teacher-fit
esm,8317215573fa4b2432983f06e1fb949f,210,sparsa,single_seq,pair_network,,,,,,short,R,0.6296296296296297,1209,27,27,teacher-fit
esm,8317215573fa4b2432983f06e1fb949f,210,sparsa,single_seq,pair_network,,,,,,short,AUC,0.9781757222535564,1209,27,1209,teacher-fit
esm,8317215573fa4b2432983f06e1fb949f,210,sparsa,single_seq,pair_network,,,,,,medium,L,0.20476190476190476,2310,43,210,teacher-fit
esm,8317215573fa4b2432983f06e1fb949f,210,sparsa,single_seq,pair_network,,,,,,medium,L/2,0.3904761904761905,2310,43,105,teacher-fit
esm,8317215573fa4b2432983f06e1fb949f,210,sparsa,single_seq,pair_network,,,,,,medium,L/5,0.6904761904761905,2310,43,42,teacher-fit
esm,8317215573fa4b2432983f06e1fb949f,210,sparsa,single_seq,pair_network,,,,,,medium,R,0.6744186046511628,2310,43,43,teacher-fit
esm,8317215573fa4b2432983f06e1fb949f,210,sparsa,single_seq,pair_network,,,,,,medium,AUC,0.9922497717503923,2310,43,2310,teacher-fit
esm,8317215573fa4b2432983f06e1fb949f,210,sparsa,single_seq,pair_network,,,,,,long,L,0.4523809523809524,17391,150,210,teacher-fit
esm,8317215573fa4b2432983f06e1fb949f,210,sparsa,single_seq,pair_network,,,,,,long,L/2,0.6095238095238096,17391,150,105,teacher-fit
esm,8317215573fa4b2432983f06e1fb949f,210,sparsa,single_seq,pair_network,,,,,,long,L/5,0.8333333333333334,17391,150,42,teacher-fit
esm,8317215573fa4b2432983f06e1fb949f,210,sparsa,single_seq,pair_network,,,,,,long,R,0.5333333333333333,17391,150,150,teacher-fit
esm,8317215573fa4b2432983f06e1fb949f,210,sparsa,single_seq,pair_network,,,,,,long,AUC,0.9827301200626414,17391,150,17391,teacher-fit
esm,8313ec59151f0a42914a77b573d187c6,175,sparsa,single_seq,pair_network,,,,,,all,L,0.26857142857142857,14365,137,175,teacher-fit
esm,8313ec59151f0a42914a77b573d187c6,175,sparsa,single_seq,pair_network,,,,,,all,L/2,0.42528735632183906,14365,137,87,teacher-fit
esm,8313ec59151f0a42914a77b573d187c6,175,sparsa,single_seq,pair_network,,,,,,all,L/5,0.7142857142857143,14365,137,35,teacher-fit
esm,8313ec59151f0a42914a77b573d187c6,175,sparsa,single_seq,pair_network,,,,,,all,R,0.31386861313868614,14365,137,137,teacher-fit
esm,8313ec59151f0a42914a77b573d187c6,175,sparsa,single_seq,pair_network,,,,,,all,AUC,0.9125980640620223,14365,137,14365,teacher-fit
esm,8313ec59151f0a42914a77b573d187c6,175,sparsa,single_seq,pair_network,,,,,,short,L,0.10285714285714286,999,23,175,teacher-fit
esm,8313ec59151f0a42914a77b573d187c6,175,sparsa,single_seq,pair_network,,,,,,short,L/2,0.13793103448275862,999,23,87,teacher-fit
esm,8313ec59151f0a42914a77b573d187c6,175,sparsa,single_seq,pair_network,,,,,,short,L/5,0.2571428571428571,999,23,35,teacher-fit
esm,8313ec59151f0a42914a77b573d187c6,175,sparsa,single_seq,pair_network,,,,,,short,R,0.30434782608695654,999,23,23,teacher-fit
esm,8313ec59151f0a42914a77b573d187c6,175,sparsa,single_seq,pair_network,,,,,,short,AUC,0.9167854597291518,999,23,999,teacher-fit
esm,8313ec59151f0a42914a77b573d187c6,175,sparsa,single_seq,pair_network,,,,,,medium,L,0.2,1890,47,175,teacher-fit
esm,8313ec59151f0a42914a77b573d187c6,175,sparsa,single_seq,pair_network,,,,,,medium,L/2,0.3448275862068966,1890,47,87,teacher-fit
esm,8313ec59151f0a42914a77b573d187c6,175,sparsa,single_seq,pair_network,,,,,,medium,L/5,0.6571428571428571,1890,47,35,teacher-fit
esm,8313ec59151f0a42914a77b573d187c6,175,sparsa,single_seq,pair_network,,,,,,medium,R,0.5319148936170213,1890,47,47,teacher-fit
esm,8313ec59151f0a42914a77b573d187c6,175,sparsa,single_seq,pair_network,,,,,,medium,AUC,0.9438069290356842,1890,47,1890,teacher-fit
esm,8313ec59151f0a42914a77b573d187c6,175,sparsa,single_seq,pair_network,,,,,,long,L,0.10857142857142857,11476,67,175,teacher-fit
esm,8313ec59151f0a42914a77b573d187c6,175,sparsa,single_seq,pair_network,,,,,,long,L/2,0.14942528735632185,11476,67,87,teacher-fit
esm,8313ec59151f0a42914a77b573d187c6,175,sparsa,single_seq,pair_network,,,,,,long,L/5,0.17142857142857143,11476,67,35,teacher-fit
esm,8313ec59151f0a42914a77b573d187c6,175,sparsa,single_seq,pair_network,,,,,,long,R,0.13432835820895522,11476,67,67,teacher-fit
esm,8313ec59151f0a42914a77b573d187c6,175,sparsa,single_seq,pair_network,,,,,,long,AUC,0.8731931978288939,11476,67,11476,teacher-fit
esm,830973f11699c0993a3fd8eaaaea9d83,127,sparsa,single_seq,pair_network,,,,,,all,L,0.3228346456692913,7381,99,127,teacher-fit
esm,830973f11699c0993a3fd8eaaaea9d83,127,sparsa,single_seq,pair_network,,,,,,all,L/2,0.5079365079365079,7381,99,63,teacher-fit
esm,830973f11699c0993a3fd8eaaaea9d83,127,sparsa,single_seq,pair_network,,,,,,all,L/5,0.72,7381,99,25,teacher-fit
esm,830973f11699c0993a3fd8eaaaea9d83,127,sparsa,single_seq,pair_network,,,,,,all,R,0.3838383838383838,7381,99,99,teacher-fit
esm,830973f11699c0993a3fd8eaaaea9d83,127,sparsa,single_seq,pair_network,,,,,,all,AUC,0.9313673677172716,7381,99,7381,teacher-fit
esm,830973f11699c0993a3fd8eaaaea9d83,127,sparsa,single_seq,pair_network,,,,,,short,L,0.14173228346456693,711,21,127,teacher-fit
esm,830973f11699c0993a3fd8eaaaea9d83,127,sparsa,single_seq,pair_network,,,,,,short,L/2,0.23809523809523808,711,21,63,teacher-fit
esm,830973f11699c0993a3fd8eaaaea9d83,127,sparsa,single_seq,pair_network,,,,,,short,L/5,0.48,711,21,25,teacher-fit
esm,830973f11699c0993a3fd8eaaaea9d83,127,sparsa,single_seq,pair_network,,,,,,short,R,0.5238095238095238,711,21,21,teacher-fit
esm,830973f11699c0993a3fd8eaaaea9d83,127,sparsa,single_seq,pair_network,,,,,,short,AUC,0.9398205659075224,711,21,711,teacher-fit
esm,830973f11699c0993a3fd8eaaaea9d83,127,sparsa,single_seq,pair_network,,,,,,medium,L,0.1889763779527559,1314,36,127,teacher-fit
esm,830973f11699c0993a3fd8eaaaea9d83,127,sparsa,single_seq,pair_network,,,,,,medium,L/2,0.3492063492063492,1314,36,63,teacher-fit
esm,830973f11699c0993a3fd8eaaaea9d83,127,sparsa,single_seq,pair_network,,,,,,medium,L/5,0.64,1314,36,25,teacher-fit
esm,830973f11699c0993a3fd8eaaaea9d83,127,sparsa,single_seq,pair_network,,,,,,medium,R,0.5,1314,36,36,teacher-fit
esm,830973f11699c0993a3fd8eaaaea9d83,127,sparsa,single_seq,pair_network,,,,,,medium,AUC,0.9272626499739176,1314,36,1314,teacher-fit
esm,830973f11699c0993a3fd8eaaaea9d83,127,sparsa,single_seq,pair_network,,,,,,long,L,0.10236220472440945,5356,42,127,teacher-fit
esm,830973f11699c0993a3fd8eaaaea9d83,127,sparsa,single_seq,pair_network,,,,,,long,L/2,0.15873015873015872,5356,42,63,teacher-fit
esm,830973f11699c0993a3fd8eaaaea9d83,127,sparsa,single_seq,pair_network,,,,,,long,L/5,0.24,5356,42,25,teacher-fit
esm,830973f11699c0993a3fd8eaaaea9d83,127,sparsa,single_seq,pair_network,,,,,,long,R,0.16666666666666666,5356,42,42,teacher-fit
esm,830973f11699c0993a3fd8eaaaea9d83,127,sparsa,single_seq,pair_network,,,,,,long,AUC,0.9180825133967776,5356,42,5356,teacher-fit
esm,83153832e20efa1599dfc91e686ee4b9,181,sparsa,single_seq,pair_network,,,,,,all,L,0.6685082872928176,15400,190,181,teacher-fit
esm,83153832e20efa1599dfc91e686ee4b9,181,sparsa,single_seq,pair_network,,,,,,all,L/2,0.8666666666666667,15400,190,90,teacher-fit
esm,83153832e20efa1599dfc91e686ee4b9,181,sparsa,single_seq,pair_network,,,,,,all,L/5,0.9722222222222222,15400,190,36,teacher-fit
esm,83153832e20efa1599dfc91e686ee4b9,181,sparsa,single_seq,pair_network,,,,,,all,R,0.6473684210526316,15400,190,190,teacher-fit
esm,83153832e20efa1599dfc91e686ee4b9,181,sparsa,single_seq,pair_network,,,,,,all,AUC,0.9924279386829995,15400,190,15400,teacher-fit
esm,83153832e20efa1599dfc91e686ee4b9,181,sparsa,single_seq,pair_network,,,,,,short,L,0.281767955801105,1035,54,181,teacher-fit
esm,83153832e20efa1599dfc91e686ee4b9,181,sparsa,single_seq,pair_network,,,,,,short,L/2,0.5555555555555556,1035,54,90,teacher-fit
esm,83153832e20efa1599dfc91e686ee4b9,181,sparsa,single_seq,pair_network,,,,,,short,L/5,0.9444444444444444,1035,54,36,teacher-fit
esm,83153832e20efa1599dfc91e686ee4b9,181,sparsa,single_seq,pair_network,,,,,,short,R,0.8148148148148148,1035,54,54,teacher-fit
esm,83153832e20efa1599dfc91e686ee4b9,181,sparsa,single_seq,pair_network,,,,,,short,AUC,0.9814437271114131,1035,54,1035,teacher-fit
esm,83153832e20efa1599dfc91e686ee4b9,181,sparsa,single_seq,pair_network,,,,,,medium,L,0.3149171270718232,1962,61,181,teacher-fit
esm,83153832e20efa1599dfc91e686ee4b9,181,sparsa,single_seq,pair_network,,,,,,medium,L/2,0.45555555555555555,1962,61,90,teacher-fit
esm,83153832e20efa1599dfc91e686ee4b9,181,sparsa,single_seq,pair_network,,,,,,medium,L/5,0.7777777777777778,1962,61,36,teacher-fit
esm,83153832e20efa1599dfc91e686ee4b9,181,sparsa,single_seq,pair_network,,,,,,medium,R,0.5901639344262295,1962,61,61,teacher-fit
esm,83153832e20efa1599dfc91e686ee4b9,181,sparsa,single_seq,pair_network,,,,,,medium,AUC,0.9805710540612793,1962,61,1962,teacher-fit
esm,83153832e20efa1599dfc91e686ee4b9,181,sparsa,single_seq,pair_network,,,,,,long,L,0.34806629834254144,12403,75,181,teacher-fit
esm,83153832e20efa1599dfc91e686ee4b9,181,sparsa,single_seq,pair_network,,,,,,long,L/2,0.5333333333333333,12403,75,90,teacher-fit
esm,83153832e20efa1599dfc91e686ee4b9,181,sparsa,single_seq,pair_network,,,,,,long,L/5,0.6944444444444444,12403,75,36,teacher-fit
esm,83153832e20efa1599dfc91e686ee4b9,181,sparsa,single_seq,pair_network,,,,,,long,R,0.5733333333333334,12403,75,75,teacher-fit
esm,83153832e20efa1599dfc91e686ee4b9,181,sparsa,single_seq,pair_network,,,,,,long,AUC,0.9953909798831928,12403,75,12403,teacher-fit
esm,83149ec9b11786b7ac9bd158f7dccafd,234,sparsa,single_seq,pair_network,,,,,,all,L,0.405982905982906,26106,239,234,teacher-fit
esm,83149ec9b11786b7ac9bd158f7dccafd,234,sparsa,single_seq,pair_network,,,,,,all,L/2,0.5726495726495726,26106,239,117,teacher-fit
esm,83149ec9b11786b7ac9bd158f7dccafd,234,sparsa,single_seq,pair_network,,,,,,all,L/5,0.7608695652173914,26106,239,46,teacher-fit
esm,83149ec9b11786b7ac9bd158f7dccafd,234,sparsa,single_seq,pair_network,,,,,,all,R,0.401673640167364,26106,239,239,teacher-fit
esm,83149ec9b11786b7ac9bd158f7dccafd,234,sparsa,single_seq,pair_network,,,,,,all,AUC,0.9598168164053875,26106,239,26106,teacher-fit
esm,83149ec9b11786b7ac9bd158f7dccafd,234,sparsa,single_seq,pair_network,,,,,,short,L,0.1111111111111111,1353,28,234,teacher-fit
esm,83149ec9b11786b7ac9bd158f7dccafd,234,sparsa,single_seq,pair_network,,,,,,short,L/2,0.20512820512820512,1353,28,117,teacher-fit
esm,83149ec9b11786b7ac9bd158f7dccafd,234,sparsa,single_seq,pair_network,,,,,,short,L/5,0.45652173913043476,1353,28,46,teacher-fit
esm,83149ec9b11786b7ac9bd158f7dccafd,234,sparsa,single_seq,pair_network,,,,,,short,R,0.5714285714285714,1353,28,28,teacher-fit
esm,83149ec9b11786b7ac9bd158f7dccafd,234,sparsa,single_seq,pair_network,,,,,,short,AUC,0.9686522911051214,1353,28,1353,teacher-fit
esm,83149ec9b11786b7ac9bd158f7dccafd,234,sparsa,single_seq,pair_network,,,,,,medium,L,0.23504273504273504,2598,65,234,teacher-fit
esm,83149ec9b11786b7ac9bd158f7dccafd,234,sparsa,single_seq,pair_network,,,,,,medium,L/2,0.39316239316239315,2598,65,117,teacher-fit
esm,83149ec9b11786b7ac9bd158f7dccafd,234,sparsa,single_seq,pair_network,,,,,,medium,L/5,0.6086956521739131,2598,65,46,teacher-fit
esm,83149ec9b11786b7ac9bd158f7dccafd,234,sparsa,single_seq,pair_network,,,,,,medium,R,0.5230769230769231,2598,65,65,teacher-fit
esm,83149ec9b11786b7ac9bd158f7dccafd,234,sparsa,single_seq,pair_network,,,,,,medium,AUC,0.9610495308087097,2598,65,2598,teacher-fit
esm,83149ec9b11786b7ac9bd158f7dccafd,234,sparsa,single_seq,pair_network,,,,,,long,L,0.23076923076923078,22155,146,234,teacher-fit
esm,83149ec9b11786b7ac9bd158f7dccafd,234,sparsa,single_seq,pair_network,,,,,,long,L/2,0.3504273504273504,22155,146,117,teacher-fit
esm,83149ec9b11786b7ac9bd158f7dccafd,234,sparsa,single_seq,pair_network,,,,,,long,L/5,0.5869565217391305,22155,146,46,teacher-fit
esm,83149ec9b11786b7ac9bd158f7dccafd,234,sparsa,single_seq,pair_network,,,,,,long,R,0.3013698630136986,22155,146,146,teacher-fit
esm,83149ec9b11786b7ac9bd158f7dccafd,234,sparsa,single_seq,pair_network,,,,,,long,AUC,0.9541991538953243,22155,146,22155,teacher-fit
esm,831073ba1655a396da03acc54b0c3f79,151,sparsa,single_seq,pair_network,,,,,,all,L,0.26490066225165565,10585,79,151,teacher-fit
esm,831073ba1655a396da03acc54b0c3f79,151,sparsa,single_seq,pair_network,,,,,,all,L/2,0.4,10585,79,75,teacher-fit
esm,831073ba1655a396da03acc54b0c3f79,151,sparsa,single_seq,pair_network,,,,,,all,L/5,0.6,10585,79,30,teacher-fit
esm,831073ba1655a396da03acc54b0c3f79,151,sparsa,single_seq,pair_network,,,,,,all,R,0.3924050632911392,10585,79,79,teacher-fit
esm,831073ba1655a396da03acc54b0c3f79,151,sparsa,single_seq,pair_network,,,,,,all,AUC,0.9654019282531742,10585,79,10585,teacher-fit
esm,831073ba1655a396da03acc54b0c3f79,151,sparsa,single_seq,pair_network,,,,,,short,L,0.10596026490066225,855,16,151,teacher-fit
esm,831073ba1655a396da03acc54b0c3f79,151,sparsa,single_seq,pair_network,,,,,,short,L/2,0.18666666666666668,855,16,75,teacher-fit
esm,831073ba1655a396da03acc54b0c3f79,151,sparsa,single_seq,pair_network,,,,,,short,L/5,0.4,855,16,30,teacher-fit
esm,831073ba1655a396da03acc54b0c3f79,151,sparsa,single_seq,pair_network,,,,,,short,R,0.5625,855,16,16,teacher-fit
esm,831073ba1655a396da03acc54b0c3f79,151,sparsa,single_seq,pair_network,,,,,,short,AUC,0.9804454707985697,855,16,855,teacher-fit
esm,831073ba1655a396da03acc54b0c3f79,151,sparsa,single_seq,pair_network,,,,,,medium,L,0.10596026490066225,1602,22,151,teacher-fit
esm,831073ba1655a396da03acc54b0c3f79,151,sparsa,single_seq,pair_network,,,,,,medium,L/2,0.21333333333333335,1602,22,75,teacher-fit
esm,831073ba1655a396da03acc54b0c3f79,151,sparsa,single_seq,pair_network,,,,,,medium,L/5,0.4666666666666667,1602,22,30,teacher-fit
esm,831073ba1655a396da03acc54b0c3f79,151,sparsa,single_seq,pair_network,,,,,,medium,R,0.5454545454545454,1602,22,22,teacher-fit
esm,831073ba1655a396da03acc54b0c3f79,151,sparsa,single_seq,pair_network,,,,,,medium,AUC,0.9413406214039125,1602,22,1602,teacher-fit
esm,831073ba1655a396da03acc54b0c3f79,151,sparsa,single_seq,pair_network,,,,,,long,L,0.12582781456953643,8128,41,151,teacher-fit
esm,831073ba1655a396da03acc54b0c3f79,151,sparsa,single_seq,pair_network,,,,,,long,L/2,0.18666666666666668,8128,41,75,teacher-fit
esm,831073ba1655a396da03acc54b0c3f79,151,sparsa,single_seq,pair_network,,,,,,long,L/5,0.23333333333333334,8128,41,30,teacher-fit
esm,831073ba1655a396da03acc54b0c3f79,151,sparsa,single_seq,pair_network,,,,,,long,R,0.24390243902439024,8128,41,41,teacher-fit
esm,831073ba1655a396da03acc54b0c3f79,151,sparsa,single_seq,pair_network,,,,,,long,AUC,0.9675585929842233,8128,41,8128,teacher-fit
esm,830efeae0471591623306faa34bc2215,180,sparsa,single_seq,pair_network,,,,,,all,L,0.3055555555555556,15225,135,180,teacher-fit
esm,830efeae0471591623306faa34bc2215,180,sparsa,single_seq,pair_network,,,,,,all,L/2,0.4444444444444444,15225,135,90,teacher-fit
esm,830efeae0471591623306faa34bc2215,180,sparsa,single_seq,pair_network,,,,,,all,L/5,0.6666666666666666,15225,135,36,teacher-fit
esm,830efeae0471591623306faa34bc2215,180,sparsa,single_seq,pair_network,,,,,,all,R,0.34814814814814815,15225,135,135,teacher-fit
esm,830efeae0471591623306faa34bc2215,180,sparsa,single_seq,pair_network,,,,,,all,AUC,0.9564865130206416,15225,135,15225,teacher-fit
esm,830efeae0471591623306faa34bc2215,180,sparsa,single_seq,pair_network,,,,,,short,L,0.09444444444444444,1029,17,180,teacher-fit
esm,830efeae0471591623306faa34bc2215,180,sparsa,single_seq,pair_network,,,,,,short,L/2,0.16666666666666666,1029,17,90,teacher-fit
esm,830efeae0471591623306faa34bc2215,180,sparsa,single_seq,pair_network,,,,,,short,L/5,0.3055555555555556,1029,17,36,teacher-fit
esm,830efeae0471591623306faa34bc2215,180,sparsa,single_seq,pair_network,,,,,,short,R,0.35294117647058826,1029,17,17,teacher-fit
esm,830efeae0471591623306faa34bc2215,180,sparsa,single_seq,pair_network,,,,,,short,AUC,0.9707335503371309,1029,17,1029,teacher-fit
esm,830efeae0471591623306faa34bc2215,180,sparsa,single_seq,pair_network,,,,,,medium,L,0.09444444444444444,1950,25,180,teacher-fit
esm,830efeae0471591623306faa34bc2215,180,sparsa,single_seq,pair_network,,,,,,medium,L/2,0.13333333333333333,1950,25,90,teacher-fit
esm,830efeae0471591623306faa34bc2215,180,sparsa,single_seq,pair_network,,,,,,medium,L/5,0.16666666666666666,1950,25,36,teacher-fit
esm,830efeae0471591623306faa34bc2215,180,sparsa,single_seq,pair_network,,,,,,medium,R,0.24,1950,25,25,teacher-fit
esm,830efeae0471591623306faa34bc2215,180,sparsa,single_seq,pair_network,,,,,,medium,AUC,0.9264415584415585,1950,25,1950,teacher-fit
esm,830efeae0471591623306faa34bc2215,180,sparsa,single_seq,pair_network,,,,,,long,L,0.2611111111111111,12246,93,180,teacher-fit
esm,830efeae0471591623306faa34bc2215,180,sparsa,single_seq,pair_network,,,,,,long,L/2,0.4222222222222222,12246,93,90,teacher-fit
esm,830efeae0471591623306faa34bc2215,180,sparsa,single_seq,pair_network,,,,,,long,L/5,0.5833333333333334,12246,93,36,teacher-fit
esm,830efeae0471591623306faa34bc2215,180,sparsa,single_seq,pair_network,,,,,,long,R,0.40860215053763443,12246,93,93,teacher-fit
esm,830efeae0471591623306faa34bc2215,180,sparsa,single_seq,pair_network,,,,,,long,AUC,0.9578660607717551,12246,93,12246,teacher-fit
esm,830e97fd772b2966b9e60017bd56815f,349,sparsa,single_seq,pair_network,,,,,,all,L,0.1977077363896848,58996,307,349,teacher-fit
esm,830e97fd772b2966b9e60017bd56815f,349,sparsa,single_seq,pair_network,,,,,,all,L/2,0.22413793103448276,58996,307,174,teacher-fit
esm,830e97fd772b2966b9e60017bd56815f,349,sparsa,single_seq,pair_network,,,,,,all,L/5,0.2608695652173913,58996,307,69,teacher-fit
esm,830e97fd772b2966b9e60017bd56815f,349,sparsa,single_seq,pair_network,,,,,,all,R,0.20846905537459284,58996,307,307,teacher-fit
esm,830e97fd772b2966b9e60017bd56815f,349,sparsa,single_seq,pair_network,,,,,,all,AUC,0.9158168689447489,58996,307,58996,teacher-fit
esm,830e97fd772b2966b9e60017bd56815f,349,sparsa,single_seq,pair_network,,,,,,short,L,0.10601719197707736,2043,42,349,teacher-fit
esm,830e97fd772b2966b9e60017bd56815f,349,sparsa,single_seq,pair_network,,,,,,short,L/2,0.14367816091954022,2043,42,174,teacher-fit
esm,830e97fd772b2966b9e60017bd56815f,349,sparsa,single_seq,pair_network,,,,,,short,L/5,0.2463768115942029,2043,42,69,teacher-fit
esm,830e97fd772b2966b9e60017bd56815f,349,sparsa,single_seq,pair_network,,,,,,short,R,0.23809523809523808,2043,42,42,teacher-fit
esm,830e97fd772b2966b9e60017bd56815f,349,sparsa,single_seq,pair_network,,,,,,short,AUC,0.9319090454772614,2043,42,2043,teacher-fit
esm,830e97fd772b2966b9e60017bd56815f,349,sparsa,single_seq,pair_network,,,,,,medium,L,0.07736389684813753,3978,41,349,teacher-fit
esm,830e97fd772b2966b9e60017bd56815f,349,sparsa,single_seq,pair_network,,,,,,medium,L/2,0.13793103448275862,3978,41,174,teacher-fit
esm,830e97fd772b2966b9e60017bd56815f,349,sparsa,single_seq,pair_network,,,,,,medium,L/5,0.18840579710144928,3978,41,69,teacher-fit
esm,830e97fd772b2966b9e60017bd56815f,349,sparsa,single_seq,pair_network,,,,,,medium,R,0.1951219512195122,3978,41,41,teacher-fit
esm,830e97fd772b2966b9e60017bd56815f,349,sparsa,single_seq,pair_network,,,,,,medium,AUC,0.9126083374117968,3978,41,3978,teacher-fit
esm,830e97fd772b2966b9e60017bd56815f,349,sparsa,single_seq,pair_network,,,,,,long,L,0.14040114613180515,52975,224,349,teacher-fit
esm,830e97fd772b2966b9e60017bd56815f,349,sparsa,single_seq,pair_network,,,,,,long,L/2,0.20114942528735633,52975,224,174,teacher-fit
esm,830e97fd772b2966b9e60017bd56815f,349,sparsa,single_seq,pair_network,,,,,,long,L/5,0.2463768115942029,52975,224,69,teacher-fit
esm,830e97fd772b2966b9e60017bd56815f,349,sparsa,single_seq,pair_network,,,,,,long,R,0.18303571428571427,52975,224,224,teacher-fit
esm,830e97fd772b2966b9e60017bd56815f,349,sparsa,single_seq,pair_network,,,,,,long,AUC,0.9058198287371668,52975,224,52975,teacher-fit
esm,830b40587e0930205097d16f39e6d273,207,sparsa,single_seq,pair_network,,,,,,all,L,0.2318840579710145,20301,193,207,teacher-fit
esm,830b40587e0930205097d16f39e6d273,207,sparsa,single_seq,pair_network,,,,,,all,L/2,0.34951456310679613,20301,193,103,teacher-fit
esm,830b40587e0930205097d16f39e6d273,207,sparsa,single_seq,pair_network,,,,,,all,L/5,0.6097560975609756,20301,193,41,teacher-fit
esm,830b40587e0930205097d16f39e6d273,207,sparsa,single_seq,pair_network,,,,,,all,R,0.24870466321243523,20301,193,193,teacher-fit
esm,830b40587e0930205097d16f39e6d273,207,sparsa,single_seq,pair_network,,,,,,all,AUC,0.9059227838068215,20301,193,20301,teacher-fit
esm,830b40587e0930205097d16f39e6d273,207,sparsa,single_seq,pair_network,,,,,,short,L,0.16908212560386474,1191,47,207,teacher-fit
esm,830b40587e0930205097d16f39e6d273,207,sparsa,single_seq,pair_network,,,,,,short,L/2,0.27184466019417475,1191,47,103,teacher-fit
esm,830b40587e0930205097d16f39e6d273,207,sparsa,single_seq,pair_network,,,,,,short,L/5,0.43902439024390244,1191,47,41,teacher-fit
esm,830b40587e0930205097d16f39e6d273,207,sparsa,single_seq,pair_network,,,,,,short,R,0.425531914893617,1191,47,47,teacher-fit
esm,830b40587e0930205097d16f39e6d273,207,sparsa,single_seq,pair_network,,,,,,short,AUC,0.8955884540990924,1191,47,1191,teacher-fit
esm,830b40587e0930205097d16f39e6d273,207,sparsa,single_seq,pair_network,,,,,,medium,L,0.15458937198067632,2274,58,207,teacher-fit
esm,830b40587e0930205097d16f39e6d273,207,sparsa,single_seq,pair_network,,,,,,medium,L/2,0.18446601941747573,2274,58,103,teacher-fit
esm,830b40587e0930205097d16f39e6d273,207,sparsa,single_seq,pair_network,,,,,,medium,L/5,0.3902439024390244,2274,58,41,teacher-fit
esm,830b40587e0930205097d16f39e6d273,207,sparsa,single_seq,pair_network,,,,,,medium,R,0.27586206896551724,2274,58,58,teacher-fit
esm,830b40587e0930205097d16f39e6d273,207,sparsa,single_seq,pair_network,,,,,,medium,AUC,0.8823058010705839,2274,58,2274,teacher-fit
esm,830b40587e0930205097d16f39e6d273,207,sparsa,single_seq,pair_network,,,,,,long,L,0.12560386473429952,16836,88,207,teacher-fit
esm,830b40587e0930205097d16f39e6d273,207,sparsa,single_seq,pair_network,,,,,,long,L/2,0.18446601941747573,16836,88,103,teacher-fit
esm,830b40587e0930205097d16f39e6d273,207,sparsa,single_seq,pair_network,,,,,,long,L/5,0.1951219512195122,16836,88,41,teacher-fit
esm,830b40587e0930205097d16f39e6d273,207,sparsa,single_seq,pair_network,,,,,,long,R,0.20454545454545456,16836,88,88,teacher-fit
esm,830b40587e0930205097d16f39e6d273,207,sparsa,single_seq,pair_network,,,,,,long,AUC,0.8810312493214929,16836,88,16836,teacher-fit
esm,830692d49cfbc4c5f213ea0bed452fb1,315,sparsa,single_seq,pair_network,,,,,,all,L,0.19682539682539682,47895,306,315,teacher-fit
esm,830692d49cfbc4c5f213ea0bed452fb1,315,sparsa,single_seq,pair_network,,,,,,all,L/2,0.25477707006369427,47895,306,157,teacher-fit
esm,830692d49cfbc4c5f213ea0bed452fb1,315,sparsa,single_seq,pair_network,,,,,,all,L/5,0.2857142857142857,47895,306,63,teacher-fit
esm,830692d49cfbc4c5f213ea0bed452fb1,315,sparsa,single_seq,pair_network,,,,,,all,R,0.19934640522875818,47895,306,306,teacher-fit
esm,830692d49cfbc4c5f213ea0bed452fb1,315,sparsa,single_seq,pair_network,,,,,,all,AUC,0.9253407821904249,47895,306,47895,teacher-fit
esm,830692d49cfbc4c5f213ea0bed452fb1,315,sparsa,single_seq,pair_network,,,,,,short,L,0.08253968253968254,1839,36,315,teacher-fit
esm,830692d49cfbc4c5f213ea0bed452fb1,315,sparsa,single_seq,pair_network,,,,,,short,L/2,0.14012738853503184,1839,36,157,teacher-fit
esm,830692d49cfbc4c5f213ea0bed452fb1,315,sparsa,single_seq,pair_network,,,,,,short,L/5,0.23809523809523808,1839,36,63,teacher-fit
esm,830692d49cfbc4c5f213ea0bed452fb1,315,sparsa,single_seq,pair_network,,,,,,short,R,0.3333333333333333,1839,36,36,teacher-fit
esm,830692d49cfbc4c5f213ea0bed452fb1,315,sparsa,single_seq,pair_network,,,,,,short,AUC,0.8911998520983546,1839,36,1839,teacher-fit
esm,830692d49cfbc4c5f213ea0bed452fb1,315,sparsa,single_seq,pair_network,,,,,,medium,L,0.07936507936507936,3570,50,315,teacher-fit
esm,830692d49cfbc4c5f213ea0bed452fb1,315,sparsa,single_seq,pair_network,,,,,,medium,L/2,0.10828025477707007,3570,50,157,teacher-fit
esm,830692d49cfbc4c5f213ea0bed452fb1,315,sparsa,single_seq,pair_network,,,,,,medium,L/5,0.14285714285714285,3570,50,63,teacher-fit
esm,830692d49cfbc4c5f213ea0bed452fb1,315,sparsa,single_seq,pair_network,,,,,,medium,R,0.16,3570,50,50,teacher-fit
esm,830692d49cfbc4c5f213ea0bed452fb1,315,sparsa,single_seq,pair_network,,,,,,medium,AUC,0.8845965909090909,3570,50,3570,teacher-fit
esm,830692d49cfbc4c5f213ea0bed452fb1,315,sparsa,single_seq,pair_network,,,,,,long,L,0.1873015873015873,42486,220,315,teacher-fit
esm,830692d49cfbc4c5f213ea0bed452fb1,315,sparsa,single_seq,pair_network,,,,,,long,L/2,0.21656050955414013,42486,220,157,teacher-fit
esm,830692d49cfbc4c5f213ea0bed452fb1,315,sparsa,single_seq,pair_network,,,,,,long,L/5,0.2857142857142857,42486,220,63,teacher-fit
esm,830692d49cfbc4c5f213ea0bed452fb1,315,sparsa,single_seq,pair_network,,,,,,long,R,0.2318181818181818,42486,220,220,teacher-fit
esm,830692d49cfbc4c5f213ea0bed452fb1,315,sparsa,single_seq,pair_network,,,,,,long,AUC,0.9260618356469632,42486,220,42486,teacher-fit
esm,830fbabc4c36ea1caf030676c28fc847,80,sparsa,single_seq,pair_network,,,,,,all,L,0.4625,2775,52,80,teacher-fit
esm,830fbabc4c36ea1caf030676c28fc847,80,sparsa,single_seq,pair_network,,,,,,all,L/2,0.7,2775,52,40,teacher-fit
esm,830fbabc4c36ea1caf030676c28fc847,80,sparsa,single_seq,pair_network,,,,,,all,L/5,0.875,2775,52,16,teacher-fit
esm,830fbabc4c36ea1caf030676c28fc847,80,sparsa,single_seq,pair_network,,,,,,all,R,0.5769230769230769,2775,52,52,teacher-fit
esm,830fbabc4c36ea1caf030676c28fc847,80,sparsa,single_seq,pair_network,,,,,,all,AUC,0.9747097375632079,2775,52,2775,teacher-fit
esm,830fbabc4c36ea1caf030676c28fc847,80,sparsa,single_seq,pair_network,,,,,,short,L,0.1625,429,13,80,teacher-fit
esm,830fbabc4c36ea1caf030676c28fc847,80,sparsa,single_seq,pair_network,,,,,,short,L/2,0.25,429,13,40,teacher-fit
esm,830fbabc4c36ea1caf030676c28fc847,80,sparsa,single_seq,pair_network,,,,,,short,L/5,0.5,429,13,16,teacher-fit
esm,830fbabc4c36ea1caf030676c28fc847,80,sparsa,single_seq,pair_network,,,,,,short,R,0.6153846153846154,429,13,13,teacher-fit
esm,830fbabc4c36ea1caf030676c28fc847,80,sparsa,single_seq,pair_network,,,,,,short,AUC,0.9713387573964498,429,13,429,teacher-fit
esm,830fbabc4c36ea1caf030676c28fc847,80,sparsa,single_seq,pair_network,,,,,,medium,L,0.075,750,9,80,teacher-fit
esm,830fbabc4c36ea1caf030676c28fc847,80,sparsa,single_seq,pair_network,,,,,,medium,L/2,0.125,750,9,40,teacher-fit
esm,830fbabc4c36ea1caf030676c28fc847,80,sparsa,single_seq,pair_network,,,,,,medium,L/5,0.25,750,9,16,teacher-fit
esm,830fbabc4c36ea1caf030676c28fc847,80,sparsa,single_seq,pair_network,,,,,,medium,R,0.2222222222222222,750,9,9,teacher-fit
esm,830fbabc4c36ea1caf030676c28fc847,80,sparsa,single_seq,pair_network,,,,,,medium,AUC,0.939571150097466,750,9,750,teacher-fit
esm,830fbabc4c36ea1caf030676c28fc847,80,sparsa,single_seq,pair_network,,,,,,long,L,0.3375,1596,30,80,teacher-fit
esm,830fbabc4c36ea1caf030676c28fc847,80,sparsa,single_seq,pair_network,,,,,,long,L/2,0.55,1596,30,40,teacher-fit
esm,830fbabc4c36ea1caf030676c28fc847,80,sparsa,single_seq,pair_network,,,,,,long,L/5,0.875,1596,30,16,teacher-fit
esm,830fbabc4c36ea1caf030676c28fc847,80,sparsa,single_seq,pair_network,,,,,,long,R,0.7333333333333333,1596,30,30,teacher-fit
esm,830fbabc4c36ea1caf030676c28fc847,80,sparsa,single_seq,pair_network,,,,,,long,AUC,0.9877075351213283,1596,30,1596,teacher-fit
esm,83055d2d681a8d88fd4f3e38a917aeaa,145,sparsa,single_seq,pair_network,,,,,,all,L,0.25517241379310346,9730,103,145,teacher-fit
esm,83055d2d681a8d88fd4f3e38a917aeaa,145,sparsa,single_seq,pair_network,,,,,,all,L/2,0.2916666666666667,9730,103,72,teacher-fit
esm,83055d2d681a8d88fd4f3e38a917aeaa,145,sparsa,single_seq,pair_network,,,,,,all,L/5,0.3793103448275862,9730,103,29,teacher-fit
esm,83055d2d681a8d88fd4f3e38a917aeaa,145,sparsa,single_seq,pair_network,,,,,,all,R,0.27184466019417475,9730,103,103,teacher-fit
esm,83055d2d681a8d88fd4f3e38a917aeaa,145,sparsa,single_seq,pair_network,,,,,,all,AUC,0.959790476017592,9730,103,9730,teacher-fit
esm,83055d2d681a8d88fd4f3e38a917aeaa,145,sparsa,single_seq,pair_network,,,,,,short,L,0.16551724137931034,819,25,145,teacher-fit
esm,83055d2d681a8d88fd4f3e38a917aeaa,145,sparsa,single_seq,pair_network,,,,,,short,L/2,0.2222222222222222,819,25,72,teacher-fit
esm,83055d2d681a8d88fd4f3e38a917aeaa,145,sparsa,single_seq,pair_network,,,,,,short,L/5,0.27586206896551724,819,25,29,teacher-fit
esm,83055d2d681a8d88fd4f3e38a917aeaa,145,sparsa,single_seq,pair_network,,,,,,short,R,0.28,819,25,25,teacher-fit
esm,83055d2d681a8d88fd4f3e38a917aeaa,145,sparsa,single_seq,pair_network,,,,,,short,AUC,0.935793450881612,819,25,819,teacher-fit
esm,83055d2d681a8d88fd4f3e38a917aeaa,145,sparsa,single_seq,pair_network,,,,,,medium,L,0.15172413793103448,1530,34,145,teacher-fit
esm,83055d2d681a8d88fd4f3e38a917aeaa,145,sparsa,single_seq,pair_network,,,,,,medium,L/2,0.2361111111111111,1530,34,72,teacher-fit
esm,83055d2d681a8d88fd4f3e38a917aeaa,145,sparsa,single_seq,pair_network,,,,,,medium,L/5,0.27586206896551724,1530,34,29,teacher-fit
esm,83055d2d681a8d88fd4f3e38a917aeaa,145,sparsa,single_seq,pair_network,,,,,,medium,R,0.29411764705882354,1530,34,34,teacher-fit
esm,83055d2d681a8d88fd4f3e38a917aeaa,145,sparsa,single_seq,pair_network,,,,,,medium,AUC,0.9384928436615289,1530,34,1530,teacher-fit
esm,83055d2d681a8d88fd4f3e38a917aeaa,145,sparsa,single_seq,pair_network,,,,,,long,L,0.13793103448275862,7381,44,145,teacher-fit
esm,83055d2d681a8d88fd4f3e38a917aeaa,145,sparsa,single_seq,pair_network,,,,,,long,L/2,0.2222222222222222,7381,44,72,teacher-fit
esm,83055d2d681a8d88fd4f3e38a917aeaa,145,sparsa,single_seq,pair_network,,,,,,long,L/5,0.41379310344827586,7381,44,29,teacher-fit
esm,83055d2d681a8d88fd4f3e38a917aeaa,145,sparsa,single_seq,pair_network,,,,,,long,R,0.2727272727272727,7381,44,44,teacher-fit
esm,83055d2d681a8d88fd4f3e38a917aeaa,145,sparsa,single_seq,pair_network,,,,,,long,AUC,0.9619162526174928,7381,44,7381,teacher-fit
esm,830ae5132c41475f7a82f515c4227504,156,sparsa,single_seq,pair_network,,,,,,all,L,0.14743589743589744,11325,75,156,teacher-fit
esm,830ae5132c41475f7a82f515c4227504,156,sparsa,single_seq,pair_network,,,,,,all,L/2,0.19230769230769232,11325,75,78,teacher-fit
esm,830ae5132c41475f7a82f515c4227504,156,sparsa,single_seq,pair_network,,,,,,all,L/5,0.22580645161290322,11325,75,31,teacher-fit
esm,830ae5132c41475f7a82f515c4227504,156,sparsa,single_seq,pair_network,,,,,,all,R,0.2,11325,75,75,teacher-fit
esm,830ae5132c41475f7a82f515c4227504,156,sparsa,single_seq,pair_network,,,,,,all,AUC,0.9108272592592592,11325,75,11325,teacher-fit
esm,830ae5132c41475f7a82f515c4227504,156,sparsa,single_seq,pair_network,,,,,,short,L,0.0641025641025641,885,11,156,teacher-fit
esm,830ae5132c41475f7a82f515c4227504,156,sparsa,single_seq,pair_network,,,,,,short,L/2,0.07692307692307693,885,11,78,teacher-fit
esm,830ae5132c41475f7a82f515c4227504,156,sparsa,single_seq,pair_network,,,,,,short,L/5,0.06451612903225806,885,11,31,teacher-fit
esm,830ae5132c41475f7a82f515c4227504,156,sparsa,single_seq,pair_network,,,,,,short,R,0.18181818181818182,885,11,11,teacher-fit
esm,830ae5132c41475f7a82f515c4227504,156,sparsa,single_seq,pair_network,,,,,,short,AUC,0.8958289993759101,885,11,885,teacher-fit
esm,830ae5132c41475f7a82f515c4227504,156,sparsa,single_seq,pair_network,,,,,,medium,L,0.07051282051282051,1662,21,156,teacher-fit
esm,830ae5132c41475f7a82f515c4227504,156,sparsa,single_seq,pair_network,,,,,,medium,L/2,0.08974358974358974,1662,21,78,teacher-fit
esm,830ae5132c41475f7a82f515c4227504,156,sparsa,single_seq,pair_network,,,,,,medium,L/5,0.22580645161290322,1662,21,31,teacher-fit
esm,830ae5132c41475f7a82f515c4227504,156,sparsa,single_seq,pair_network,,,,,,medium,R,0.3333333333333333,1662,21,21,teacher-fit
esm,830ae5132c41475f7a82f515c4227504,156,sparsa,single_seq,pair_network,,,,,,medium,AUC,0.897449290502307,1662,21,1662,teacher-fit
esm,830ae5132c41475f7a82f515c4227504,156,sparsa,single_seq,pair_network,,,,,,long,L,0.1346153846153846,8778,43,156,teacher-fit
esm,830ae5132c41475f7a82f515c4227504,156,sparsa,single_seq,pair_network,,,,,,long,L/2,0.19230769230769232,8778,43,78,teacher-fit
esm,830ae5132c41475f7a82f515c4227504,156,sparsa,single_seq,pair_network,,,,,,long,L/5,0.1935483870967742,8778,43,31,teacher-fit
esm,830ae5132c41475f7a82f515c4227504,156,sparsa,single_seq,pair_network,,,,,,long,R,0.23255813953488372,8778,43,43,teacher-fit
esm,830ae5132c41475f7a82f515c4227504,156,sparsa,single_seq,pair_network,,,,,,long,AUC,0.902023402244379,8778,43,8778,teacher-fit
esm,63635b6af61622a148418976fcf59777,162,sparsa,single_seq,pair_network,,,,,,all,L,0.24691358024691357,12246,85,162,teacher-fit
esm,63635b6af61622a148418976fcf59777,162,sparsa,single_seq,pair_network,,,,,,all,L/2,0.38271604938271603,12246,85,81,teacher-fit
esm,63635b6af61622a148418976fcf59777,162,sparsa,single_seq,pair_network,,,,,,all,L/5,0.59375,12246,85,32,teacher-fit
esm,63635b6af61622a148418976fcf59777,162,sparsa,single_seq,pair_network,,,,,,all,R,0.36470588235294116,12246,85,85,teacher-fit
esm,63635b6af61622a148418976fcf59777,162,sparsa,single_seq,pair_network,,,,,,all,AUC,0.9565975127819404,12246,85,12246,teacher-fit
esm,63635b6af61622a148418976fcf59777,162,sparsa,single_seq,pair_network,,,,,,short,L,0.12962962962962962,921,23,162,teacher-fit
esm,63635b6af61622a148418976fcf59777,162,sparsa,single_seq,pair_network,,,,,,short,L/2,0.20987654320987653,921,23,81,teacher-fit
esm,63635b6af61622a148418976fcf59777,162,sparsa,single_seq,pair_network,,,,,,short,L/5,0.375,921,23,32,teacher-fit
esm,63635b6af61622a148418976fcf59777,162,sparsa,single_seq,pair_network,,,,,,short,R,0.4782608695652174,921,23,23,teacher-fit
esm,63635b6af61622a148418976fcf59777,162,sparsa,single_seq,pair_network,,,,,,short,AUC,0.9539314418514573,921,23,921,teacher-fit
esm,63635b6af61622a148418976fcf59777,162,sparsa,single_seq,pair_network,,,,,,medium,L,0.12962962962962962,1734,26,162,teacher-fit
esm,63635b6af61622a148418976fcf59777,162,sparsa,single_seq,pair_network,,,,,,medium,L/2,0.24691358024691357,1734,26,81,teacher-fit
esm,63635b6af61622a148418976fcf59777,162,sparsa,single_seq,pair_network,,,,,,medium,L/5,0.40625,1734,26,32,teacher-fit
esm,63635b6af61622a148418976fcf59777,162,sparsa,single_seq,pair_network,,,,,,medium,R,0.34615384615384615,1734,26,26,teacher-fit
esm,63635b6af61622a148418976fcf59777,162,sparsa,single_seq,pair_network,,,,,,medium,AUC,0.960862907584219,1734,26,1734,teacher-fit
esm,63635b6af61622a148418976fcf59777,162,sparsa,single_seq,pair_network,,,,,,long,L,0.09876543209876543,9591,36,162,teacher-fit
esm,63635b6af61622a148418976fcf59777,162,sparsa,single_seq,pair_network,,,,,,long,L/2,0.1111111111111111,9591,36,81,teacher-fit
esm,63635b6af61622a148418976fcf59777,162,sparsa,single_seq,pair_network,,,,,,long,L/5,0.21875,9591,36,32,teacher-fit
esm,63635b6af61622a148418976fcf59777,162,sparsa,single_seq,pair_network,,,,,,long,R,0.19444444444444445,9591,36,36,teacher-fit
esm,63635b6af61622a148418976fcf59777,162,sparsa,single_seq,pair_network,,,,,,long,AUC,0.9384193848479563,9591,36,9591,teacher-fit
esm,6368f53bd204729efecff65981c3c1bc,800,sparsa,single_seq,pair_network,,,,,,all,L,0.18375,315615,838,800,teacher-fit
esm,6368f53bd204729efecff65981c3c1bc,800,sparsa,single_seq,pair_network,,,,,,all,L/2,0.255,315615,838,400,teacher-fit
esm,6368f53bd204729efecff65981c3c1bc,800,sparsa,single_seq,pair_network,,,,,,all,L/5,0.375,315615,838,160,teacher-fit
esm,6368f53bd204729efecff65981c3c1bc,800,sparsa,single_seq,pair_network,,,,,,all,R,0.17899761336515513,315615,838,838,teacher-fit
esm,6368f53bd204729efecff65981c3c1bc,800,sparsa,single_seq,pair_network,,,,,,all,AUC,0.9461957547656024,315615,838,315615,teacher-fit
esm,6368f53bd204729efecff65981c3c1bc,800,sparsa,single_seq,pair_network,,,,,,short,L,0.0725,4749,71,800,teacher-fit
esm,6368f53bd204729efecff65981c3c1bc,800,sparsa,single_seq,pair_network,,,,,,short,L/2,0.1275,4749,71,400,teacher-fit
esm,6368f53bd204729efecff65981c3c1bc,800,sparsa,single_seq,pair_network,,,,,,short,L/5,0.2625,4749,71,160,teacher-fit
esm,6368f53bd204729efecff65981c3c1bc,800,sparsa,single_seq,pair_network,,,,,,short,R,0.4507042253521127,4749,71,71,teacher-fit
esm,6368f53bd204729efecff65981c3c1bc,800,sparsa,single_seq,pair_network,,,,,,short,AUC,0.9268632315483323,4749,71,4749,teacher-fit
esm,6368f53bd204729efecff65981c3c1bc,800,sparsa,single_seq,pair_network,,,,,,medium,L,0.0575,9390,67,800,teacher-fit
esm,6368f53bd204729efecff65981c3c1bc,800,sparsa,single_seq,pair_network,,,,,,medium,L/2,0.0825,9390,67,400,teacher-fit
esm,6368f53bd204729efecff65981c3c1bc,800,sparsa,single_seq,pair_network,,,,,,medium,L/5,0.13125,9390,67,160,teacher-fit
esm,6368f53bd204729efecff65981c3c1bc,800,sparsa,single_seq,pair_network,,,,,,medium,R,0.23880597014925373,9390,67,67,teacher-fit
esm,6368f53bd204729efecff65981c3c1bc,800,sparsa,single_seq,pair_network,,,,,,medium,AUC,0.9280418672485475,9390,67,9390,teacher-fit
esm,6368f53bd204729efecff65981c3c1bc,800,sparsa,single_seq,pair_network,,,,,,long,L,0.13625,301476,700,800,teacher-fit
esm,6368f53bd204729efecff65981c3c1bc,800,sparsa,single_seq,pair_network,,,,,,long,L/2,0.1925,301476,700,400,teacher-fit
esm,6368f53bd204729efecff65981c3c1bc,800,sparsa,single_seq,pair_network,,,,,,long,L/5,0.2375,301476,700,160,teacher-fit
esm,6368f53bd204729efecff65981c3c1bc,800,sparsa,single_seq,pair_network,,,,,,long,R,0.14857142857142858,301476,700,700,teacher-fit
esm,6368f53bd204729efecff65981c3c1bc,800,sparsa,single_seq,pair_network,,,,,,long,AUC,0.9454089991982643,301476,700,301476,teacher-fit
esm,635d5e09b94df34ae7aa9374e7857e6b,185,sparsa,single_seq,pair_network,,,,,,all,L,0.10810810810810811,16110,151,185,teacher-fit
esm,635d5e09b94df34ae7aa9374e7857e6b,185,sparsa,single_seq,pair_network,,,,,,all,L/2,0.15217391304347827,16110,151,92,teacher-fit
esm,635d5e09b94df34ae7aa9374e7857e6b,185,sparsa,single_seq,pair_network,,,,,,all,L/5,0.2972972972972973,16110,151,37,teacher-fit
esm,635d5e09b94df34ae7aa9374e7857e6b,185,sparsa,single_seq,pair_network,,,,,,all,R,0.11920529801324503,16110,151,151,teacher-fit
esm,635d5e09b94df34ae7aa9374e7857e6b,185,sparsa,single_seq,pair_network,,,,,,all,AUC,0.8223684947645229,16110,151,16110,teacher-fit
esm,635d5e09b94df34ae7aa9374e7857e6b,185,sparsa,single_seq,pair_network,,,,,,short,L,0.07027027027027027,1059,19,185,teacher-fit
esm,635d5e09b94df34ae7aa9374e7857e6b,185,sparsa,single_seq,pair_network,,,,,,short,L/2,0.10869565217391304,1059,19,92,teacher-fit
esm,635d5e09b94df34ae7aa9374e7857e6b,185,sparsa,single_seq,pair_network,,,,,,short,L/5,0.13513513513513514,1059,19,37,teacher-fit
esm,635d5e09b94df34ae7aa9374e7857e6b,185,sparsa,single_seq,pair_network,,,,,,short,R,0.10526315789473684,1059,19,19,teacher-fit
esm,635d5e09b94df34ae7aa9374e7857e6b,185,sparsa,single_seq,pair_network,,,,,,short,AUC,0.8872975708502023,1059,19,1059,teacher-fit
esm,635d5e09b94df34ae7aa9374e7857e6b,185,sparsa,single_seq,pair_network,,,,,,medium,L,0.12972972972972974,2010,30,185,teacher-fit
esm,635d5e09b94df34ae7aa9374e7857e6b,185,sparsa,single_seq,pair_network,,,,,,medium,L/2,0.15217391304347827,2010,30,92,teacher-fit
esm,635d5e09b94df34ae7aa9374e7857e6b,185,sparsa,single_seq,pair_network,,,,,,medium,L/5,0.16216216216216217,2010,30,37,teacher-fit
esm,635d5e09b94df34ae7aa9374e7857e6b,185,sparsa,single_seq,pair_network,,,,,,medium,R,0.2,2010,30,30,teacher-fit
esm,635d5e09b94df34ae7aa9374e7857e6b,185,sparsa,single_seq,pair_network,,,,,,medium,AUC,0.9379377104377105,2010,30,2010,teacher-fit
esm,635d5e09b94df34ae7aa9374e7857e6b,185,sparsa,single_seq,pair_network,,,,,,long,L,0.05945945945945946,13041,102,185,teacher-fit
esm,635d5e09b94df34ae7aa9374e7857e6b,185,sparsa,single_seq,pair_network,,,,,,long,L/2,0.09782608695652174,13041,102,92,teacher-fit
esm,635d5e09b94df34ae7aa9374e7857e6b,185,sparsa,single_seq,pair_network,,,,,,long,L/5,0.21621621621621623,13041,102,37,teacher-fit
esm,635d5e09b94df34ae7aa9374e7857e6b,185,sparsa,single_seq,pair_network,,,,,,long,R,0.09803921568627451,13041,102,102,teacher-fit
esm,635d5e09b94df34ae7aa9374e7857e6b,185,sparsa,single_seq,pair_network,,,,,,long,AUC,0.768030683948361,13041,102,13041,teacher-fit
esm,635f16e432ae36233f0c99250368fb16,663,sparsa,single_seq,pair_network,,,,,,all,L,0.2684766214177979,216153,660,663,teacher-fit
esm,635f16e432ae36233f0c99250368fb16,663,sparsa,single_seq,pair_network,,,,,,all,L/2,0.36555891238670696,216153,660,331,teacher-fit
esm,635f16e432ae36233f0c99250368fb16,663,sparsa,single_seq,pair_network,,,,,,all,L/5,0.5378787878787878,216153,660,132,teacher-fit
esm,635f16e432ae36233f0c99250368fb16,663,sparsa,single_seq,pair_network,,,,,,all,R,0.2681818181818182,216153,660,660,teacher-fit
esm,635f16e432ae36233f0c99250368fb16,663,sparsa,single_seq,pair_network,,,,,,all,AUC,0.9162685520685548,216153,660,216153,teacher-fit
esm,635f16e432ae36233f0c99250368fb16,663,sparsa,single_seq,pair_network,,,,,,short,L,0.11161387631975868,3927,92,663,teacher-fit
esm,635f16e432ae36233f0c99250368fb16,663,sparsa,single_seq,pair_network,,,,,,short,L/2,0.19637462235649547,3927,92,331,teacher-fit
esm,635f16e432ae36233f0c99250368fb16,663,sparsa,single_seq,pair_network,,,,,,short,L/5,0.3787878787878788,3927,92,132,teacher-fit
esm,635f16e432ae36233f0c99250368fb16,663,sparsa,single_seq,pair_network,,,,,,short,R,0.42391304347826086,3927,92,92,teacher-fit
esm,635f16e432ae36233f0c99250368fb16,663,sparsa,single_seq,pair_network,,,,,,short,AUC,0.9225384048523327,3927,92,3927,teacher-fit
esm,635f16e432ae36233f0c99250368fb16,663,sparsa,single_seq,pair_network,,,,,,medium,L,0.13122171945701358,7746,134,663,teacher-fit
esm,635f16e432ae36233f0c99250368fb16,663,sparsa,single_seq,pair_network,,,,,,medium,L/2,0.229607250755287,7746,134,331,teacher-fit
esm,635f16e432ae36233f0c99250368fb16,663,sparsa,single_seq,pair_network,,,,,,medium,L/5,0.3712121212121212,7746,134,132,teacher-fit
esm,635f16e432ae36233f0c99250368fb16,663,sparsa,single_seq,pair_network,,,,,,medium,R,0.3656716417910448,7746,134,134,teacher-fit
esm,635f16e432ae36233f0c99250368fb16,663,sparsa,single_seq,pair_network,,,,,,medium,AUC,0.9111703045466311,7746,134,7746,teacher-fit
esm,635f16e432ae36233f0c99250368fb16,663,sparsa,single_seq,pair_network,,,,,,long,L,0.1493212669683258,204480,434,663,teacher-fit
esm,635f16e432ae36233f0c99250368fb16,663,sparsa,single_seq,pair_network,,,,,,long,L/2,0.21450151057401812,204480,434,331,teacher-fit
esm,635f16e432ae36233f0c99250368fb16,663,sparsa,single_seq,pair_network,,,,,,long,L/5,0.30303030303030304,204480,434,132,teacher-fit
esm,635f16e432ae36233f0c99250368fb16,663,sparsa,single_seq,pair_network,,,,,,long,R,0.17972350230414746,204480,434,434,teacher-fit
esm,635f16e432ae36233f0c99250368fb16,663,sparsa,single_seq,pair_network,,,,,,long,AUC,0.8916932404462335,204480,434,204480,teacher-fit
esm,635a9b123a1f3eca7effce95c0e5069a,163,sparsa,single_seq,pair_network,,,,,,all,L,0.22699386503067484,12403,136,163,teacher-fit
esm,635a9b123a1f3eca7effce95c0e5069a,163,sparsa,single_seq,pair_network,,,,,,all,L/2,0.30864197530864196,12403,136,81,teacher-fit
esm,635a9b123a1f3eca7effce95c0e5069a,163,sparsa,single_seq,pair_network,,,,,,all,L/5,0.46875,12403,136,32,teacher-fit
esm,635a9b123a1f3eca7effce95c0e5069a,163,sparsa,single_seq,pair_network,,,,,,all,R,0.2647058823529412,12403,136,136,teacher-fit
esm,635a9b123a1f3eca7effce95c0e5069a,163,sparsa,single_seq,pair_network,,,,,,all,AUC,0.912235840777984,12403,136,12403,teacher-fit
esm,635a9b123a1f3eca7effce95c0e5069a,163,sparsa,single_seq,pair_network,,,,,,short,L,0.07975460122699386,927,13,163,teacher-fit
esm,635a9b123a1f3eca7effce95c0e5069a,163,sparsa,single_seq,pair_network,,,,,,short,L/2,0.12345679012345678,927,13,81,teacher-fit
esm,635a9b123a1f3eca7effce95c0e5069a,163,sparsa,single_seq,pair_network,,,,,,short,L/5,0.125,927,13,32,teacher-fit
esm,635a9b123a1f3eca7effce95c0e5069a,163,sparsa,single_seq,pair_network,,,,,,short,R,0.07692307692307693,927,13,13,teacher-fit
esm,635a9b123a1f3eca7effce95c0e5069a,163,sparsa,single_seq,pair_network,,,,,,short,AUC,0.9419289681871739,927,13,927,teacher-fit
esm,635a9b123a1f3eca7effce95c0e5069a,163,sparsa,single_seq,pair_network,,,,,,medium,L,0.1411042944785276,1746,34,163,teacher-fit
esm,635a9b123a1f3eca7effce95c0e5069a,163,sparsa,single_seq,pair_network,,,,,,medium,L/2,0.16049382716049382,1746,34,81,teacher-fit
esm,635a9b123a1f3eca7effce95c0e5069a,163,sparsa,single_seq,pair_network,,,,,,medium,L/5,0.21875,1746,34,32,teacher-fit
esm,635a9b123a1f3eca7effce95c0e5069a,163,sparsa,single_seq,pair_network,,,,,,medium,R,0.20588235294117646,1746,34,34,teacher-fit
esm,635a9b123a1f3eca7effce95c0e5069a,163,sparsa,single_seq,pair_network,,,,,,medium,AUC,0.925774807586586,1746,34,1746,teacher-fit
esm,635a9b123a1f3eca7effce95c0e5069a,163,sparsa,single_seq,pair_network,,,,,,long,L,0.19631901840490798,9730,89,163,teacher-fit
esm,635a9b123a1f3eca7effce95c0e5069a,163,sparsa,single_seq,pair_network,,,,,,long,L/2,0.32098765432098764,9730,89,81,teacher-fit
esm,635a9b123a1f3eca7effce95c0e5069a,163,sparsa,single_seq,pair_network,,,,,,long,L/5,0.53125,9730,89,32,teacher-fit
esm,635a9b123a1f3eca7effce95c0e5069a,163,sparsa,single_seq,pair_network,,,,,,long,R,0.30337078651685395,9730,89,89,teacher-fit
esm,635a9b123a1f3eca7effce95c0e5069a,163,sparsa,single_seq,pair_network,,,,,,long,AUC,0.898079829939782,9730,89,9730,teacher-fit
esm,636387e53afdb526d18abcd8488c792a,215,sparsa,single_seq,pair_network,,,,,,all,L,0.3023255813953488,21945,110,215,teacher-fit
esm,636387e53afdb526d18abcd8488c792a,215,sparsa,single_seq,pair_network,,,,,,all,L/2,0.3644859813084112,21945,110,107,teacher-fit
esm,636387e53afdb526d18abcd8488c792a,215,sparsa,single_seq,pair_network,,,,,,all,L/5,0.4186046511627907,21945,110,43,teacher-fit
esm,636387e53afdb526d18abcd8488c792a,215,sparsa,single_seq,pair_network,,,,,,all,R,0.36363636363636365,21945,110,110,teacher-fit
esm,636387e53afdb526d18abcd8488c792a,215,sparsa,single_seq,pair_network,,,,,,all,AUC,0.9897970314549202,21945,110,21945,teacher-fit
esm,636387e53afdb526d18abcd8488c792a,215,sparsa,single_seq,pair_network,,,,,,short,L,0.07906976744186046,1239,17,215,teacher-fit
esm,636387e53afdb526d18abcd8488c792a,215,sparsa,single_seq,pair_network,,,,,,short,L/2,0.14953271028037382,1239,17,107,teacher-fit
esm,636387e53afdb526d18abcd8488c792a,215,sparsa,single_seq,pair_network,,,,,,short,L/5,0.32558139534883723,1239,17,43,teacher-fit
esm,636387e53afdb526d18abcd8488c792a,215,sparsa,single_seq,pair_network,,,,,,short,R,0.47058823529411764,1239,17,17,teacher-fit
esm,636387e53afdb526d18abcd8488c792a,215,sparsa,single_seq,pair_network,,,,,,short,AUC,0.9839222104553769,1239,17,1239,teacher-fit
esm,636387e53afdb526d18abcd8488c792a,215,sparsa,single_seq,pair_network,,,,,,medium,L,0.19069767441860466,2370,44,215,teacher-fit
esm,636387e53afdb526d18abcd8488c792a,215,sparsa,single_seq,pair_network,,,,,,medium,L/2,0.29906542056074764,2370,44,107,teacher-fit
esm,636387e53afdb526d18abcd8488c792a,215,sparsa,single_seq,pair_network,,,,,,medium,L/5,0.3953488372093023,2370,44,43,teacher-fit
esm,636387e53afdb526d18abcd8488c792a,215,sparsa,single_seq,pair_network,,,,,,medium,R,0.38636363636363635,2370,44,44,teacher-fit
esm,636387e53afdb526d18abcd8488c792a,215,sparsa,single_seq,pair_network,,,,,,medium,AUC,0.975743570702728,2370,44,2370,teacher-fit
esm,636387e53afdb526d18abcd8488c792a,215,sparsa,single_seq,pair_network,,,,,,long,L,0.16744186046511628,18336,49,215,teacher-fit
esm,636387e53afdb526d18abcd8488c792a,215,sparsa,single_seq,pair_network,,,,,,long,L/2,0.21495327102803738,18336,49,107,teacher-fit
esm,636387e53afdb526d18abcd8488c792a,215,sparsa,single_seq,pair_network,,,,,,long,L/5,0.27906976744186046,18336,49,43,teacher-fit
esm,636387e53afdb526d18abcd8488c792a,215,sparsa,single_seq,pair_network,,,,,,long,R,0.30612244897959184,18336,49,49,teacher-fit
esm,636387e53afdb526d18abcd8488c792a,215,sparsa,single_seq,pair_network,,,,,,long,AUC,0.9913493805681073,18336,49,18336,teacher-fit
esm,63589049235d100004fc815bd27cee27,540,sparsa,single_seq,pair_network,,,,,,all,L,0.13703703703703704,142845,562,540,teacher-fit
esm,63589049235d100004fc815bd27cee27,540,sparsa,single_seq,pair_network,,,,,,all,L/2,0.1962962962962963,142845,562,270,teacher-fit
esm,63589049235d100004fc815bd27cee27,540,sparsa,single_seq,pair_network,,,,,,all,L/5,0.32407407407407407,142845,562,108,teacher-fit
esm,63589049235d100004fc815bd27cee27,540,sparsa,single_seq,pair_network,,,,,,all,R,0.13701067615658363,142845,562,562,teacher-fit
esm,63589049235d100004fc815bd27cee27,540,sparsa,single_seq,pair_network,,,,,,all,AUC,0.8803424521872265,142845,562,142845,teacher-fit
esm,63589049235d100004fc815bd27cee27,540,sparsa,single_seq,pair_network,,,,,,short,L,0.09074074074074075,3189,64,540,teacher-fit
esm,63589049235d100004fc815bd27cee27,540,sparsa,single_seq,pair_network,,,,,,short,L/2,0.12962962962962962,3189,64,270,teacher-fit
esm,63589049235d100004fc815bd27cee27,540,sparsa,single_seq,pair_network,,,,,,short,L/5,0.18518518518518517,3189,64,108,teacher-fit
esm,63589049235d100004fc815bd27cee27,540,sparsa,single_seq,pair_network,,,,,,short,R,0.25,3189,64,64,teacher-fit
esm,63589049235d100004fc815bd27cee27,540,sparsa,single_seq,pair_network,,,,,,short,AUC,0.8898225,3189,64,3189,teacher-fit
esm,63589049235d100004fc815bd27cee27,540,sparsa,single_seq,pair_network,,,,,,medium,L,0.08333333333333333,6270,74,540,teacher-fit
esm,63589049235d100004fc815bd27cee27,540,sparsa,single_seq,pair_network,,,,,,medium,L/2,0.1111111111111111,6270,74,270,teacher-fit
esm,63589049235d100004fc815bd27cee27,540,sparsa,single_seq,pair_network,,,,,,medium,L/5,0.18518518518518517,6270,74,108,teacher-fit
esm,63589049235d100004fc815bd27cee27,540,sparsa,single_seq,pair_network,,,,,,medium,R,0.21621621621621623,6270,74,74,teacher-fit
esm,63589049235d100004fc815bd27cee27,540,sparsa,single_seq,pair_network,,,,,,medium,AUC,0.8672759670580845,6270,74,6270,teacher-fit
esm,63589049235d100004fc815bd27cee27,540,sparsa,single_seq,pair_network,,,,,,long,L,0.08148148148148149,133386,424,540,teacher-fit
esm,63589049235d100004fc815bd27cee27,540,sparsa,single_seq,pair_network,,,,,,long,L/2,0.1,133386,424,270,teacher-fit
esm,63589049235d100004fc815bd27cee27,540,sparsa,single_seq,pair_network,,,,,,long,L/5,0.1574074074074074,133386,424,108,teacher-fit
esm,63589049235d100004fc815bd27cee27,540,sparsa,single_seq,pair_network,,,,,,long,R,0.09198113207547169,133386,424,424,teacher-fit
esm,63589049235d100004fc815bd27cee27,540,sparsa,single_seq,pair_network,,,,,,long,AUC,0.8666828804541402,133386,424,133386,teacher-fit
esm,6362d8edf9dad877ccf78cbc25c1a398,220,sparsa,single_seq,pair_network,,,,,,all,L,0.14545454545454545,23005,101,220,teacher-fit
esm,6362d8edf9dad877ccf78cbc25c1a398,220,sparsa,single_seq,pair_network,,,,,,all,L/2,0.18181818181818182,23005,101,110,teacher-fit
esm,6362d8edf9dad877ccf78cbc25c1a398,220,sparsa,single_seq,pair_network,,,,,,all,L/5,0.2727272727272727,23005,101,44,teacher-fit
esm,6362d8edf9dad877ccf78cbc25c1a398,220,sparsa,single_seq,pair_network,,,,,,all,R,0.19801980198019803,23005,101,101,teacher-fit
esm,6362d8edf9dad877ccf78cbc25c1a398,220,sparsa,single_seq,pair_network,,,,,,all,AUC,0.9184011267001657,23005,101,23005,teacher-fit
esm,6362d8edf9dad877ccf78cbc25c1a398,220,sparsa,single_seq,pair_network,,,,,,short,L,0.10454545454545454,1269,25,220,teacher-fit
esm,6362d8edf9dad877ccf78cbc25c1a398,220,sparsa,single_seq,pair_network,,,,,,short,L/2,0.13636363636363635,1269,25,110,teacher-fit
esm,6362d8edf9dad877ccf78cbc25c1a398,220,sparsa,single_seq,pair_network,,,,,,short,L/5,0.20454545454545456,1269,25,44,teacher-fit
esm,6362d8edf9dad877ccf78cbc25c1a398,220,sparsa,single_seq,pair_network,,,,,,short,R,0.32,1269,25,25,teacher-fit
esm,6362d8edf9dad877ccf78cbc25c1a398,220,sparsa,single_seq,pair_network,,,,,,short,AUC,0.9291157556270098,1269,25,1269,teacher-fit
esm,6362d8edf9dad877ccf78cbc25c1a398,220,sparsa,single_seq,pair_network,,,,,,medium,L,0.10454545454545454,2430,35,220,teacher-fit
esm,6362d8edf9dad877ccf78cbc25c1a398,220,sparsa,single_seq,pair_network,,,,,,medium,L/2,0.16363636363636364,2430,35,110,teacher-fit
esm,6362d8edf9dad877ccf78cbc25c1a398,220,sparsa,single_seq,pair_network,,,,,,medium,L/5,0.20454545454545456,2430,35,44,teacher-fit
esm,6362d8edf9dad877ccf78cbc25c1a398,220,sparsa,single_seq,pair_network,,,,,,medium,R,0.22857142857142856,2430,35,35,teacher-fit
esm,6362d8edf9dad877ccf78cbc25c1a398,220,sparsa,single_seq,pair_network,,,,,,medium,AUC,0.9031792424694304,2430,35,2430,teacher-fit
esm,6362d8edf9dad877ccf78cbc25c1a398,220,sparsa,single_seq,pair_network,,,,,,long,L,0.031818181818181815,19306,41,220,teacher-fit
esm,6362d8edf9dad877ccf78cbc25c1a398,220,sparsa,single_seq,pair_network,,,,,,long,L/2,0.05454545454545454,19306,41,110,teacher-fit
esm,6362d8edf9dad877ccf78cbc25c1a398,220,sparsa,single_seq,pair_network,,,,,,long,L/5,0.06818181818181818,19306,41,44,teacher-fit
esm,6362d8edf9dad877ccf78cbc25c1a398,220,sparsa,single_seq,pair_network,,,,,,long,R,0.07317073170731707,19306,41,41,teacher-fit
esm,6362d8edf9dad877ccf78cbc25c1a398,220,sparsa,single_seq,pair_network,,,,,,long,AUC,0.8696872250321257,19306,41,19306,teacher-fit
esm,6361a74fcf217bc21f70d92d9f3c005f,218,sparsa,single_seq,pair_network,,,,,,all,L,0.3486238532110092,22578,139,218,teacher-fit
esm,6361a74fcf217bc21f70d92d9f3c005f,218,sparsa,single_seq,pair_network,,,,,,all,L/2,0.41284403669724773,22578,139,109,teacher-fit
esm,6361a74fcf217bc21f70d92d9f3c005f,218,sparsa,single_seq,pair_network,,,,,,all,L/5,0.4883720930232558,22578,139,43,teacher-fit
esm,6361a74fcf217bc21f70d92d9f3c005f,218,sparsa,single_seq,pair_network,,,,,,all,R,0.4028776978417266,22578,139,139,teacher-fit
esm,6361a74fcf217bc21f70d92d9f3c005f,218,sparsa,single_seq,pair_network,,,,,,all,AUC,0.976458478477702,22578,139,22578,teacher-fit
esm,6361a74fcf217bc21f70d92d9f3c005f,218,sparsa,single_seq,pair_network,,,,,,short,L,0.08256880733944955,1257,18,218,teacher-fit
esm,6361a74fcf217bc21f70d92d9f3c005f,218,sparsa,single_seq,pair_network,,,,,,short,L/2,0.1651376146788991,1257,18,109,teacher-fit
esm,6361a74fcf217bc21f70d92d9f3c005f,218,sparsa,single_seq,pair_network,,,,,,short,L/5,0.32558139534883723,1257,18,43,teacher-fit
esm,6361a74fcf217bc21f70d92d9f3c005f,218,sparsa,single_seq,pair_network,,,,,,short,R,0.4444444444444444,1257,18,18,teacher-fit
esm,6361a74fcf217bc21f70d92d9f3c005f,218,sparsa,single_seq,pair_network,,,,,,short,AUC,0.9850910232266165,1257,18,1257,teacher-fit
esm,6361a74fcf217bc21f70d92d9f3c005f,218,sparsa,single_seq,pair_network,,,,,,medium,L,0.06422018348623854,2406,21,218,teacher-fit
esm,6361a74fcf217bc21f70d92d9f3c005f,218,sparsa,single_seq,pair_network,,,,,,medium,L/2,0.12844036697247707,2406,21,109,teacher-fit
esm,6361a74fcf217bc21f70d92d9f3c005f,218,sparsa,single_seq,pair_network,,,,,,medium,L/5,0.3023255813953488,2406,21,43,teacher-fit
esm,6361a74fcf217bc21f70d92d9f3c005f,218,sparsa,single_seq,pair_network,,,,,,medium,R,0.47619047619047616,2406,21,21,teacher-fit
esm,6361a74fcf217bc21f70d92d9f3c005f,218,sparsa,single_seq,pair_network,,,,,,medium,AUC,0.9489368074273735,2406,21,2406,teacher-fit
esm,6361a74fcf217bc21f70d92d9f3c005f,218,sparsa,single_seq,pair_network,,,,,,long,L,0.2798165137614679,18915,100,218,teacher-fit
esm,6361a74fcf217bc21f70d92d9f3c005f,218,sparsa,single_seq,pair_network,,,,,,long,L/2,0.3944954128440367,18915,100,109,teacher-fit
esm,6361a74fcf217bc21f70d92d9f3c005f,218,sparsa,single_seq,pair_network,,,,,,long,L/5,0.37209302325581395,18915,100,43,teacher-fit
esm,6361a74fcf217bc21f70d92d9f3c005f,218,sparsa,single_seq,pair_network,,,,,,long,R,0.39,18915,100,100,teacher-fit
esm,6361a74fcf217bc21f70d92d9f3c005f,218,sparsa,single_seq,pair_network,,,,,,long,AUC,0.9796524049960138,18915,100,18915,teacher-fit
esm,635eb35aeba0179d4a1e5f905189b8d0,290,sparsa,single_seq,pair_network,,,,,,all,L,0.2482758620689655,40470,308,290,teacher-fit
esm,635eb35aeba0179d4a1e5f905189b8d0,290,sparsa,single_seq,pair_network,,,,,,all,L/2,0.3586206896551724,40470,308,145,teacher-fit
esm,635eb35aeba0179d4a1e5f905189b8d0,290,sparsa,single_seq,pair_network,,,,,,all,L/5,0.4827586206896552,40470,308,58,teacher-fit
esm,635eb35aeba0179d4a1e5f905189b8d0,290,sparsa,single_seq,pair_network,,,,,,all,R,0.2435064935064935,40470,308,308,teacher-fit
esm,635eb35aeba0179d4a1e5f905189b8d0,290,sparsa,single_seq,pair_network,,,,,,all,AUC,0.8960068459750996,40470,308,40470,teacher-fit
esm,635eb35aeba0179d4a1e5f905189b8d0,290,sparsa,single_seq,pair_network,,,,,,short,L,0.13448275862068965,1689,44,290,teacher-fit
esm,635eb35aeba0179d4a1e5f905189b8d0,290,sparsa,single_seq,pair_network,,,,,,short,L/2,0.23448275862068965,1689,44,145,teacher-fit
esm,635eb35aeba0179d4a1e5f905189b8d0,290,sparsa,single_seq,pair_network,,,,,,short,L/5,0.39655172413793105,1689,44,58,teacher-fit
esm,635eb35aeba0179d4a1e5f905189b8d0,290,sparsa,single_seq,pair_network,,,,,,short,R,0.4772727272727273,1689,44,44,teacher-fit
esm,635eb35aeba0179d4a1e5f905189b8d0,290,sparsa,single_seq,pair_network,,,,,,short,AUC,0.9451851340149212,1689,44,1689,teacher-fit
esm,635eb35aeba0179d4a1e5f905189b8d0,290,sparsa,single_seq,pair_network,,,,,,medium,L,0.05862068965517241,3270,36,290,teacher-fit
esm,635eb35aeba0179d4a1e5f905189b8d0,290,sparsa,single_seq,pair_network,,,,,,medium,L/2,0.11724137931034483,3270,36,145,teacher-fit
esm,635eb35aeba0179d4a1e5f905189b8d0,290,sparsa,single_seq,pair_network,,,,,,medium,L/5,0.1896551724137931,3270,36,58,teacher-fit
esm,635eb35aeba0179d4a1e5f905189b8d0,290,sparsa,single_seq,pair_network,,,,,,medium,R,0.25,3270,36,36,teacher-fit
esm,635eb35aeba0179d4a1e5f905189b8d0,290,sparsa,single_seq,pair_network,,,,,,medium,AUC,0.8240869580155294,3270,36,3270,teacher-fit
esm,635eb35aeba0179d4a1e5f905189b8d0,290,sparsa,single_seq,pair_network,,,,,,long,L,0.18275862068965518,35511,228,290,teacher-fit
esm,635eb35aeba0179d4a1e5f905189b8d0,290,sparsa,single_seq,pair_network,,,,,,long,L/2,0.2413793103448276,35511,228,145,teacher-fit
esm,635eb35aeba0179d4a1e5f905189b8d0,290,sparsa,single_seq,pair_network,,,,,,long,L/5,0.39655172413793105,35511,228,58,teacher-fit
esm,635eb35aeba0179d4a1e5f905189b8d0,290,sparsa,single_seq,pair_network,,,,,,long,R,0.2149122807017544,35511,228,228,teacher-fit
esm,635eb35aeba0179d4a1e5f905189b8d0,290,sparsa,single_seq,pair_network,,,,,,long,AUC,0.8928775027583982,35511,228,35511,teacher-fit
esm,63569fc92908a2ba44cf10853e079477,270,sparsa,single_seq,pair_network,,,,,,all,L,0.2740740740740741,34980,191,270,teacher-fit
esm,63569fc92908a2ba44cf10853e079477,270,sparsa,single_seq,pair_network,,,,,,all,L/2,0.37037037037037035,34980,191,135,teacher-fit
esm,63569fc92908a2ba44cf10853e079477,270,sparsa,single_seq,pair_network,,,,,,all,L/5,0.48148148148148145,34980,191,54,teacher-fit
esm,63569fc92908a2ba44cf10853e079477,270,sparsa,single_seq,pair_network,,,,,,all,R,0.3036649214659686,34980,191,191,teacher-fit
esm,63569fc92908a2ba44cf10853e079477,270,sparsa,single_seq,pair_network,,,,,,all,AUC,0.9563263136524318,34980,191,34980,teacher-fit
esm,63569fc92908a2ba44cf10853e079477,270,sparsa,single_seq,pair_network,,,,,,short,L,0.07037037037037037,1569,21,270,teacher-fit
esm,63569fc92908a2ba44cf10853e079477,270,sparsa,single_seq,pair_network,,,,,,short,L/2,0.1259259259259259,1569,21,135,teacher-fit
esm,63569fc92908a2ba44cf10853e079477,270,sparsa,single_seq,pair_network,,,,,,short,L/5,0.2222222222222222,1569,21,54,teacher-fit
esm,63569fc92908a2ba44cf10853e079477,270,sparsa,single_seq,pair_network,,,,,,short,R,0.47619047619047616,1569,21,21,teacher-fit
esm,63569fc92908a2ba44cf10853e079477,270,sparsa,single_seq,pair_network,,,,,,short,AUC,0.9509351544235265,1569,21,1569,teacher-fit
esm,63569fc92908a2ba44cf10853e079477,270,sparsa,single_seq,pair_network,,,,,,medium,L,0.06666666666666667,3030,23,270,teacher-fit
esm,63569fc92908a2ba44cf10853e079477,270,sparsa,single_seq,pair_network,,,,,,medium,L/2,0.13333333333333333,3030,23,135,teacher-fit
esm,63569fc92908a2ba44cf10853e079477,270,sparsa,single_seq,pair_network,,,,,,medium,L/5,0.2777777777777778,3030,23,54,teacher-fit
esm,63569fc92908a2ba44cf10853e079477,270,sparsa,single_seq,pair_network,,,,,,medium,R,0.30434782608695654,3030,23,23,teacher-fit
esm,63569fc92908a2ba44cf10853e079477,270,sparsa,single_seq,pair_network,,,,,,medium,AUC,0.9609317389858447,3030,23,3030,teacher-fit
esm,63569fc92908a2ba44cf10853e079477,270,sparsa,single_seq,pair_network,,,,,,long,L,0.23703703703703705,30381,147,270,teacher-fit
esm,63569fc92908a2ba44cf10853e079477,270,sparsa,single_seq,pair_network,,,,,,long,L/2,0.3037037037037037,30381,147,135,teacher-fit
esm,63569fc92908a2ba44cf10853e079477,270,sparsa,single_seq,pair_network,,,,,,long,L/5,0.4444444444444444,30381,147,54,teacher-fit
esm,63569fc92908a2ba44cf10853e079477,270,sparsa,single_seq,pair_network,,,,,,long,R,0.2925170068027211,30381,147,147,teacher-fit
esm,63569fc92908a2ba44cf10853e079477,270,sparsa,single_seq,pair_network,,,,,,long,AUC,0.9553848462716436,30381,147,30381,teacher-fit
esm,635c501c87431a0d27366495613b314e,96,sparsa,single_seq,pair_network,,,,,,all,L,0.1875,4095,87,96,teacher-fit
esm,635c501c87431a0d27366495613b314e,96,sparsa,single_seq,pair_network,,,,,,all,L/2,0.22916666666666666,4095,87,48,teacher-fit
esm,635c501c87431a0d27366495613b314e,96,sparsa,single_seq,pair_network,,,,,,all,L/5,0.3684210526315789,4095,87,19,teacher-fit
esm,635c501c87431a0d27366495613b314e,96,sparsa,single_seq,pair_network,,,,,,all,R,0.20689655172413793,4095,87,87,teacher-fit
esm,635c501c87431a0d27366495613b314e,96,sparsa,single_seq,pair_network,,,,,,all,AUC,0.8612186546447335,4095,87,4095,teacher-fit
esm,635c501c87431a0d27366495613b314e,96,sparsa,single_seq,pair_network,,,,,,short,L,0.14583333333333334,525,16,96,teacher-fit
esm,635c501c87431a0d27366495613b314e,96,sparsa,single_seq,pair_network,,,,,,short,L/2,0.20833333333333334,525,16,48,teacher-fit
esm,635c501c87431a0d27366495613b314e,96,sparsa,single_seq,pair_network,,,,,,short,L/5,0.3157894736842105,525,16,19,teacher-fit
esm,635c501c87431a0d27366495613b314e,96,sparsa,single_seq,pair_network,,,,,,short,R,0.375,525,16,16,teacher-fit
esm,635c501c87431a0d27366495613b314e,96,sparsa,single_seq,pair_network,,,,,,short,AUC,0.9040397838899804,525,16,525,teacher-fit
esm,635c501c87431a0d27366495613b314e,96,sparsa,single_seq,pair_network,,,,,,medium,L,0.0625,942,29,96,teacher-fit
esm,635c501c87431a0d27366495613b314e,96,sparsa,single_seq,pair_network,,,,,,medium,L/2,0.08333333333333333,942,29,48,teacher-fit
esm,635c501c87431a0d27366495613b314e,96,sparsa,single_seq,pair_network,,,,,,medium,L/5,0.10526315789473684,942,29,19,teacher-fit
esm,635c501c87431a0d27366495613b314e,96,sparsa,single_seq,pair_network,,,,,,medium,R,0.13793103448275862,942,29,29,teacher-fit
esm,635c501c87431a0d27366495613b314e,96,sparsa,single_seq,pair_network,,,,,,medium,AUC,0.7595837897042717,942,29,942,teacher-fit
esm,635c501c87431a0d27366495613b314e,96,sparsa,single_seq,pair_network,,,,,,long,L,0.22916666666666666,2628,42,96,teacher-fit
esm,635c501c87431a0d27366495613b314e,96,sparsa,single_seq,pair_network,,,,,,long,L/2,0.2916666666666667,2628,42,48,teacher-fit
esm,635c501c87431a0d27366495613b314e,96,sparsa,single_seq,pair_network,,,,,,long,L/5,0.42105263157894735,2628,42,19,teacher-fit
esm,635c501c87431a0d27366495613b314e,96,sparsa,single_seq,pair_network,,,,,,long,R,0.30952380952380953,2628,42,42,teacher-fit
esm,635c501c87431a0d27366495613b314e,96,sparsa,single_seq,pair_network,,,,,,long,AUC,0.8846674400618716,2628,42,2628,teacher-fit
esm,636002cc76c7327086864fc3415ee1dd,114,sparsa,single_seq,pair_network,,,,,,all,L,0.2631578947368421,5886,46,114,teacher-fit
esm,636002cc76c7327086864fc3415ee1dd,114,sparsa,single_seq,pair_network,,,,,,all,L/2,0.3684210526315789,5886,46,57,teacher-fit
esm,636002cc76c7327086864fc3415ee1dd,114,sparsa,single_seq,pair_network,,,,,,all,L/5,0.5454545454545454,5886,46,22,teacher-fit
esm,636002cc76c7327086864fc3415ee1dd,114,sparsa,single_seq,pair_network,,,,,,all,R,0.41304347826086957,5886,46,46,teacher-fit
esm,636002cc76c7327086864fc3415ee1dd,114,sparsa,single_seq,pair_network,,,,,,all,AUC,0.9669892793329362,5886,46,5886,teacher-fit
esm,636002cc76c7327086864fc3415ee1dd,114,sparsa,single_seq,pair_network,,,,,,short,L,0.02631578947368421,633,3,114,teacher-fit
esm,636002cc76c7327086864fc3415ee1dd,114,sparsa,single_seq,pair_network,,,,,,short,L/2,0.05263157894736842,633,3,57,teacher-fit
esm,636002cc76c7327086864fc3415ee1dd,114,sparsa,single_seq,pair_network,,,,,,short,L/5,0.13636363636363635,633,3,22,teacher-fit
esm,636002cc76c7327086864fc3415ee1dd,114,sparsa,single_seq,pair_network,,,,,,short,R,0.3333333333333333,633,3,3,teacher-fit
esm,636002cc76c7327086864fc3415ee1dd,114,sparsa,single_seq,pair_network,,,,,,short,AUC,0.98994708994709,633,3,633,teacher-fit
esm,636002cc76c7327086864fc3415ee1dd,114,sparsa,single_seq,pair_network,,,,,,medium,L,0.08771929824561403,1158,10,114,teacher-fit
esm,636002cc76c7327086864fc3415ee1dd,114,sparsa,single_seq,pair_network,,,,,,medium,L/2,0.12280701754385964,1158,10,57,teacher-fit
esm,636002cc76c7327086864fc3415ee1dd,114,sparsa,single_seq,pair_network,,,,,,medium,L/5,0.3181818181818182,1158,10,22,teacher-fit
esm,636002cc76c7327086864fc3415ee1dd,114,sparsa,single_seq,pair_network,,,,,,medium,R,0.4,1158,10,10,teacher-fit
esm,636002cc76c7327086864fc3415ee1dd,114,sparsa,single_seq,pair_network,,,,,,medium,AUC,0.9762195121951219,1158,10,1158,teacher-fit
esm,636002cc76c7327086864fc3415ee1dd,114,sparsa,single_seq,pair_network,,,,,,long,L,0.20175438596491227,4095,33,114,teacher-fit
esm,636002cc76c7327086864fc3415ee1dd,114,sparsa,single_seq,pair_network,,,,,,long,L/2,0.3157894736842105,4095,33,57,teacher-fit
esm,636002cc76c7327086864fc3415ee1dd,114,sparsa,single_seq,pair_network,,,,,,long,L/5,0.4090909090909091,4095,33,22,teacher-fit
esm,636002cc76c7327086864fc3415ee1dd,114,sparsa,single_seq,pair_network,,,,,,long,R,0.3939393939393939,4095,33,33,teacher-fit
esm,636002cc76c7327086864fc3415ee1dd,114,sparsa,single_seq,pair_network,,,,,,long,AUC,0.9646464646464648,4095,33,4095,teacher-fit
esm,63685ca0096ccc532ea1d8d8dbe718aa,305,sparsa,single_seq,pair_network,,,,,,all,L,0.18360655737704917,44850,267,305,teacher-fit
esm,63685ca0096ccc532ea1d8d8dbe718aa,305,sparsa,single_seq,pair_network,,,,,,all,L/2,0.21052631578947367,44850,267,152,teacher-fit
esm,63685ca0096ccc532ea1d8d8dbe718aa,305,sparsa,single_seq,pair_network,,,,,,all,L/5,0.2786885245901639,44850,267,61,teacher-fit
esm,63685ca0096ccc532ea1d8d8dbe718aa,305,sparsa,single_seq,pair_network,,,,,,all,R,0.19101123595505617,44850,267,267,teacher-fit
esm,63685ca0096ccc532ea1d8d8dbe718aa,305,sparsa,single_seq,pair_network,,,,,,all,AUC,0.8630549878730586,44850,267,44850,teacher-fit
esm,63685ca0096ccc532ea1d8d8dbe718aa,305,sparsa,single_seq,pair_network,,,,,,short,L,0.10163934426229508,1779,37,305,teacher-fit
esm,63685ca0096ccc532ea1d8d8dbe718aa,305,sparsa,single_seq,pair_network,,,,,,short,L/2,0.17105263157894737,1779,37,152,teacher-fit
esm,63685ca0096ccc532ea1d8d8dbe718aa,305,sparsa,single_seq,pair_network,,,,,,short,L/5,0.3114754098360656,1779,37,61,teacher-fit
esm,63685ca0096ccc532ea1d8d8dbe718aa,305,sparsa,single_seq,pair_network,,,,,,short,R,0.35135135135135137,1779,37,37,teacher-fit
esm,63685ca0096ccc532ea1d8d8dbe718aa,305,sparsa,single_seq,pair_network,,,,,,short,AUC,0.915839203152636,1779,37,1779,teacher-fit
esm,63685ca0096ccc532ea1d8d8dbe718aa,305,sparsa,single_seq,pair_network,,,,,,medium,L,0.07213114754098361,3450,46,305,teacher-fit
esm,63685ca0096ccc532ea1d8d8dbe718aa,305,sparsa,single_seq,pair_network,,,,,,medium,L/2,0.1118421052631579,3450,46,152,teacher-fit
esm,63685ca0096ccc532ea1d8d8dbe718aa,305,sparsa,single_seq,pair_network,,,,,,medium,L/5,0.13114754098360656,3450,46,61,teacher-fit
esm,63685ca0096ccc532ea1d8d8dbe718aa,305,sparsa,single_seq,pair_network,,,,,,medium,R,0.08695652173913043,3450,46,46,teacher-fit
esm,63685ca0096ccc532ea1d8d8dbe718aa,305,sparsa,single_seq,pair_network,,,,,,medium,AUC,0.8570607469473254,3450,46,3450,teacher-fit
esm,63685ca0096ccc532ea1d8d8dbe718aa,305,sparsa,single_seq,pair_network,,,,,,long,L,0.11147540983606558,39621,184,305,teacher-fit
esm,63685ca0096ccc532ea1d8d8dbe718aa,305,sparsa,single_seq,pair_network,,,,,,long,L/2,0.15789473684210525,39621,184,152,teacher-fit
esm,63685ca0096ccc532ea1d8d8dbe718aa,305,sparsa,single_seq,pair_network,,,,,,long,L/5,0.13114754098360656,39621,184,61,teacher-fit
esm,63685ca0096ccc532ea1d8d8dbe718aa,305,sparsa,single_seq,pair_network,,,,,,long,R,0.15217391304347827,39621,184,184,teacher-fit
esm,63685ca0096ccc532ea1d8d8dbe718aa,305,sparsa,single_seq,pair_network,,,,,,long,AUC,0.8388363774473542,39621,184,39621,teacher-fit
esm,635da84d36acfe925770dde0de107840,326,sparsa,single_seq,pair_network,,,,,,all,L,0.450920245398773,51360,381,326,teacher-fit
esm,635da84d36acfe925770dde0de107840,326,sparsa,single_seq,pair_network,,,,,,all,L/2,0.5644171779141104,51360,381,163,teacher-fit
esm,635da84d36acfe925770dde0de107840,326,sparsa,single_seq,pair_network,,,,,,all,L/5,0.7692307692307693,51360,381,65,teacher-fit
esm,635da84d36acfe925770dde0de107840,326,sparsa,single_seq,pair_network,,,,,,all,R,0.3989501312335958,51360,381,381,teacher-fit
esm,635da84d36acfe925770dde0de107840,326,sparsa,single_seq,pair_network,,,,,,all,AUC,0.9646381333799172,51360,381,51360,teacher-fit
esm,635da84d36acfe925770dde0de107840,326,sparsa,single_seq,pair_network,,,,,,short,L,0.1411042944785276,1905,50,326,teacher-fit
esm,635da84d36acfe925770dde0de107840,326,sparsa,single_seq,pair_network,,,,,,short,L/2,0.22085889570552147,1905,50,163,teacher-fit
esm,635da84d36acfe925770dde0de107840,326,sparsa,single_seq,pair_network,,,,,,short,L/5,0.4,1905,50,65,teacher-fit
esm,635da84d36acfe925770dde0de107840,326,sparsa,single_seq,pair_network,,,,,,short,R,0.42,1905,50,50,teacher-fit
esm,635da84d36acfe925770dde0de107840,326,sparsa,single_seq,pair_network,,,,,,short,AUC,0.94622102425876,1905,50,1905,teacher-fit
esm,635da84d36acfe925770dde0de107840,326,sparsa,single_seq,pair_network,,,,,,medium,L,0.2147239263803681,3702,105,326,teacher-fit
esm,635da84d36acfe925770dde0de107840,326,sparsa,single_seq,pair_network,,,,,,medium,L/2,0.3006134969325153,3702,105,163,teacher-fit
esm,635da84d36acfe925770dde0de107840,326,sparsa,single_seq,pair_network,,,,,,medium,L/5,0.5384615384615384,3702,105,65,teacher-fit
esm,635da84d36acfe925770dde0de107840,326,sparsa,single_seq,pair_network,,,,,,medium,R,0.38095238095238093,3702,105,105,teacher-fit
esm,635da84d36acfe925770dde0de107840,326,sparsa,single_seq,pair_network,,,,,,medium,AUC,0.9315064140752214,3702,105,3702,teacher-fit
esm,635da84d36acfe925770dde0de107840,326,sparsa,single_seq,pair_network,,,,,,long,L,0.3128834355828221,45753,226,326,teacher-fit
esm,635da84d36acfe925770dde0de107840,326,sparsa,single_seq,pair_network,,,,,,long,L/2,0.48466257668711654,45753,226,163,teacher-fit
esm,635da84d36acfe925770dde0de107840,326,sparsa,single_seq,pair_network,,,,,,long,L/5,0.7076923076923077,45753,226,65,teacher-fit
esm,635da84d36acfe925770dde0de107840,326,sparsa,single_seq,pair_network,,,,,,long,R,0.40707964601769914,45753,226,226,teacher-fit
esm,635da84d36acfe925770dde0de107840,326,sparsa,single_seq,pair_network,,,,,,long,AUC,0.962981803465453,45753,226,45753,teacher-fit
esm,636172f98f839c6e824fd35d3dea582e,228,sparsa,single_seq,pair_network,,,,,,all,L,0.16666666666666666,24753,178,228,teacher-fit
esm,636172f98f839c6e824fd35d3dea582e,228,sparsa,single_seq,pair_network,,,,,,all,L/2,0.21929824561403508,24753,178,114,teacher-fit
esm,636172f98f839c6e824fd35d3dea582e,228,sparsa,single_seq,pair_network,,,,,,all,L/5,0.26666666666666666,24753,178,45,teacher-fit
esm,636172f98f839c6e824fd35d3dea582e,228,sparsa,single_seq,pair_network,,,,,,all,R,0.1853932584269663,24753,178,178,teacher-fit
esm,636172f98f839c6e824fd35d3dea582e,228,sparsa,single_seq,pair_network,,,,,,all,AUC,0.8989125241464446,24753,178,24753,teacher-fit
esm,636172f98f839c6e824fd35d3dea582e,228,sparsa,single_seq,pair_network,,,,,,short,L,0.10087719298245613,1317,25,228,teacher-fit
esm,636172f98f839c6e824fd35d3dea582e,228,sparsa,single_seq,pair_network,,,,,,short,L/2,0.14912280701754385,1317,25,114,teacher-fit
esm,636172f98f839c6e824fd35d3dea582e,228,sparsa,single_seq,pair_network,,,,,,short,L/5,0.24444444444444444,1317,25,45,teacher-fit
esm,636172f98f839c6e824fd35d3dea582e,228,sparsa,single_seq,pair_network,,,,,,short,R,0.32,1317,25,25,teacher-fit
esm,636172f98f839c6e824fd35d3dea582e,228,sparsa,single_seq,pair_network,,,,,,short,AUC,0.9409442724458205,1317,25,1317,teacher-fit
esm,636172f98f839c6e824fd35d3dea582e,228,sparsa,single_seq,pair_network,,,,,,medium,L,0.10964912280701754,2526,39,228,teacher-fit
esm,636172f98f839c6e824fd35d3dea582e,228,sparsa,single_seq,pair_network,,,,,,medium,L/2,0.17543859649122806,2526,39,114,teacher-fit
esm,636172f98f839c6e824fd35d3dea582e,228,sparsa,single_seq,pair_network,,,,,,medium,L/5,0.26666666666666666,2526,39,45,teacher-fit
esm,636172f98f839c6e824fd35d3dea582e,228,sparsa,single_seq,pair_network,,,,,,medium,R,0.2564102564102564,2526,39,39,teacher-fit
esm,636172f98f839c6e824fd35d3dea582e,228,sparsa,single_seq,pair_network,,,,,,medium,AUC,0.9104574556926789,2526,39,2526,teacher-fit
esm,636172f98f839c6e824fd35d3dea582e,228,sparsa,single_seq,pair_network,,,,,,long,L,0.07894736842105263,20910,114,228,teacher-fit
esm,636172f98f839c6e824fd35d3dea582e,228,sparsa,single_seq,pair_network,,,,,,long,L/2,0.09649122807017543,20910,114,114,teacher-fit
esm,636172f98f839c6e824fd35d3dea582e,228,sparsa,single_seq,pair_network,,,,,,long,L/5,0.06666666666666667,20910,114,45,teacher-fit
esm,636172f98f839c6e824fd35d3dea582e,228,sparsa,single_seq,pair_network,,,,,,long,R,0.09649122807017543,20910,114,114,teacher-fit
esm,636172f98f839c6e824fd35d3dea582e,228,sparsa,single_seq,pair_network,,,,,,long,AUC,0.8803080383204598,20910,114,20910,teacher-fit
esm,63658ed6ad154751e4db1e300e7cd399,160,sparsa,single_seq,pair_network,,,,,,all,L,0.30625,11935,113,160,teacher-fit
esm,63658ed6ad154751e4db1e300e7cd399,160,sparsa,single_seq,pair_network,,,,,,all,L/2,0.4,11935,113,80,teacher-fit
esm,63658ed6ad154751e4db1e300e7cd399,160,sparsa,single_seq,pair_network,,,,,,all,L/5,0.34375,11935,113,32,teacher-fit
esm,63658ed6ad154751e4db1e300e7cd399,160,sparsa,single_seq,pair_network,,,,,,all,R,0.36283185840707965,11935,113,113,teacher-fit
esm,63658ed6ad154751e4db1e300e7cd399,160,sparsa,single_seq,pair_network,,,,,,all,AUC,0.9618915835632681,11935,113,11935,teacher-fit
esm,63658ed6ad154751e4db1e300e7cd399,160,sparsa,single_seq,pair_network,,,,,,short,L,0.13125,909,22,160,teacher-fit
esm,63658ed6ad154751e4db1e300e7cd399,160,sparsa,single_seq,pair_network,,,,,,short,L/2,0.2375,909,22,80,teacher-fit
esm,63658ed6ad154751e4db1e300e7cd399,160,sparsa,single_seq,pair_network,,,,,,short,L/5,0.46875,909,22,32,teacher-fit
esm,63658ed6ad154751e4db1e300e7cd399,160,sparsa,single_seq,pair_network,,,,,,short,R,0.6363636363636364,909,22,22,teacher-fit
esm,63658ed6ad154751e4db1e300e7cd399,160,sparsa,single_seq,pair_network,,,,,,short,AUC,0.9721225786614739,909,22,909,teacher-fit
esm,63658ed6ad154751e4db1e300e7cd399,160,sparsa,single_seq,pair_network,,,,,,medium,L,0.2,1710,37,160,teacher-fit
esm,63658ed6ad154751e4db1e300e7cd399,160,sparsa,single_seq,pair_network,,,,,,medium,L/2,0.3625,1710,37,80,teacher-fit
esm,63658ed6ad154751e4db1e300e7cd399,160,sparsa,single_seq,pair_network,,,,,,medium,L/5,0.4375,1710,37,32,teacher-fit
esm,63658ed6ad154751e4db1e300e7cd399,160,sparsa,single_seq,pair_network,,,,,,medium,R,0.4594594594594595,1710,37,37,teacher-fit
esm,63658ed6ad154751e4db1e300e7cd399,160,sparsa,single_seq,pair_network,,,,,,medium,AUC,0.9671087704560508,1710,37,1710,teacher-fit
esm,63658ed6ad154751e4db1e300e7cd399,160,sparsa,single_seq,pair_network,,,,,,long,L,0.1375,9316,54,160,teacher-fit
esm,63658ed6ad154751e4db1e300e7cd399,160,sparsa,single_seq,pair_network,,,,,,long,L/2,0.2125,9316,54,80,teacher-fit
esm,63658ed6ad154751e4db1e300e7cd399,160,sparsa,single_seq,pair_network,,,,,,long,L/5,0.25,9316,54,32,teacher-fit
esm,63658ed6ad154751e4db1e300e7cd399,160,sparsa,single_seq,pair_network,,,,,,long,R,0.2222222222222222,9316,54,54,teacher-fit
esm,63658ed6ad154751e4db1e300e7cd399,160,sparsa,single_seq,pair_network,,,,,,long,AUC,0.9488161504194759,9316,54,9316,teacher-fit
esm,636551c3dc594ad719fadb9605c1e2d9,120,sparsa,single_seq,pair_network,,,,,,all,L,0.2916666666666667,6555,109,120,teacher-fit
esm,636551c3dc594ad719fadb9605c1e2d9,120,sparsa,single_seq,pair_network,,,,,,all,L/2,0.35,6555,109,60,teacher-fit
esm,636551c3dc594ad719fadb9605c1e2d9,120,sparsa,single_seq,pair_network,,,,,,all,L/5,0.4166666666666667,6555,109,24,teacher-fit
esm,636551c3dc594ad719fadb9605c1e2d9,120,sparsa,single_seq,pair_network,,,,,,all,R,0.30275229357798167,6555,109,109,teacher-fit
esm,636551c3dc594ad719fadb9605c1e2d9,120,sparsa,single_seq,pair_network,,,,,,all,AUC,0.9162434850429966,6555,109,6555,teacher-fit
esm,636551c3dc594ad719fadb9605c1e2d9,120,sparsa,single_seq,pair_network,,,,,,short,L,0.14166666666666666,669,20,120,teacher-fit
esm,636551c3dc594ad719fadb9605c1e2d9,120,sparsa,single_seq,pair_network,,,,,,short,L/2,0.21666666666666667,669,20,60,teacher-fit
esm,636551c3dc594ad719fadb9605c1e2d9,120,sparsa,single_seq,pair_network,,,,,,short,L/5,0.4166666666666667,669,20,24,teacher-fit
esm,636551c3dc594ad719fadb9605c1e2d9,120,sparsa,single_seq,pair_network,,,,,,short,R,0.4,669,20,20,teacher-fit
esm,636551c3dc594ad719fadb9605c1e2d9,120,sparsa,single_seq,pair_network,,,,,,short,AUC,0.9302388289676424,669,20,669,teacher-fit
esm,636551c3dc594ad719fadb9605c1e2d9,120,sparsa,single_seq,pair_network,,,,,,medium,L,0.14166666666666666,1230,21,120,teacher-fit
esm,636551c3dc594ad719fadb9605c1e2d9,120,sparsa,single_seq,pair_network,,,,,,medium,L/2,0.18333333333333332,1230,21,60,teacher-fit
esm,636551c3dc594ad719fadb9605c1e2d9,120,sparsa,single_seq,pair_network,,,,,,medium,L/5,0.20833333333333334,1230,21,24,teacher-fit
esm,636551c3dc594ad719fadb9605c1e2d9,120,sparsa,single_seq,pair_network,,,,,,medium,R,0.23809523809523808,1230,21,21,teacher-fit
esm,636551c3dc594ad719fadb9605c1e2d9,120,sparsa,single_seq,pair_network,,,,,,medium,AUC,0.9474378667927055,1230,21,1230,teacher-fit
esm,636551c3dc594ad719fadb9605c1e2d9,120,sparsa,single_seq,pair_network,,,,,,long,L,0.20833333333333334,4656,68,120,teacher-fit
esm,636551c3dc594ad719fadb9605c1e2d9,120,sparsa,single_seq,pair_network,,,,,,long,L/2,0.2833333333333333,4656,68,60,teacher-fit
esm,636551c3dc594ad719fadb9605c1e2d9,120,sparsa,single_seq,pair_network,,,,,,long,L/5,0.4583333333333333,4656,68,24,teacher-fit
esm,636551c3dc594ad719fadb9605c1e2d9,120,sparsa,single_seq,pair_network,,,,,,long,R,0.2647058823529412,4656,68,68,teacher-fit
esm,636551c3dc594ad719fadb9605c1e2d9,120,sparsa,single_seq,pair_network,,,,,,long,AUC,0.9067323965331556,4656,68,4656,teacher-fit
esm,63597a66f6536dfcb058a86a261af69f,342,sparsa,single_seq,pair_network,,,,,,all,L,0.1871345029239766,56616,332,342,teacher-fit
esm,63597a66f6536dfcb058a86a261af69f,342,sparsa,single_seq,pair_network,,,,,,all,L/2,0.2222222222222222,56616,332,171,teacher-fit
esm,63597a66f6536dfcb058a86a261af69f,342,sparsa,single_seq,pair_network,,,,,,all,L/5,0.35294117647058826,56616,332,68,teacher-fit
esm,63597a66f6536dfcb058a86a261af69f,342,sparsa,single_seq,pair_network,,,,,,all,R,0.18674698795180722,56616,332,332,teacher-fit
esm,63597a66f6536dfcb058a86a261af69f,342,sparsa,single_seq,pair_network,,,,,,all,AUC,0.8978510338703974,56616,332,56616,teacher-fit
esm,63597a66f6536dfcb058a86a261af69f,342,sparsa,single_seq,pair_network,,,,,,short,L,0.08771929824561403,2001,38,342,teacher-fit
esm,63597a66f6536dfcb058a86a261af69f,342,sparsa,single_seq,pair_network,,,,,,short,L/2,0.1286549707602339,2001,38,171,teacher-fit
esm,63597a66f6536dfcb058a86a261af69f,342,sparsa,single_seq,pair_network,,,,,,short,L/5,0.20588235294117646,2001,38,68,teacher-fit
esm,63597a66f6536dfcb058a86a261af69f,342,sparsa,single_seq,pair_network,,,,,,short,R,0.3157894736842105,2001,38,38,teacher-fit
esm,63597a66f6536dfcb058a86a261af69f,342,sparsa,single_seq,pair_network,,,,,,short,AUC,0.9013861704694748,2001,38,2001,teacher-fit
esm,63597a66f6536dfcb058a86a261af69f,342,sparsa,single_seq,pair_network,,,,,,medium,L,0.08187134502923976,3894,46,342,teacher-fit
esm,63597a66f6536dfcb058a86a261af69f,342,sparsa,single_seq,pair_network,,,,,,medium,L/2,0.13450292397660818,3894,46,171,teacher-fit
esm,63597a66f6536dfcb058a86a261af69f,342,sparsa,single_seq,pair_network,,,,,,medium,L/5,0.17647058823529413,3894,46,68,teacher-fit
esm,63597a66f6536dfcb058a86a261af69f,342,sparsa,single_seq,pair_network,,,,,,medium,R,0.15217391304347827,3894,46,46,teacher-fit
esm,63597a66f6536dfcb058a86a261af69f,342,sparsa,single_seq,pair_network,,,,,,medium,AUC,0.9062612989243425,3894,46,3894,teacher-fit
esm,63597a66f6536dfcb058a86a261af69f,342,sparsa,single_seq,pair_network,,,,,,long,L,0.12573099415204678,50721,248,342,teacher-fit
esm,63597a66f6536dfcb058a86a261af69f,342,sparsa,single_seq,pair_network,,,,,,long,L/2,0.1871345029239766,50721,248,171,teacher-fit
esm,63597a66f6536dfcb058a86a261af69f,342,sparsa,single_seq,pair_network,,,,,,long,L/5,0.2647058823529412,50721,248,68,teacher-fit
esm,63597a66f6536dfcb058a86a261af69f,342,sparsa,single_seq,pair_network,,,,,,long,R,0.1532258064516129,50721,248,248,teacher-fit
esm,63597a66f6536dfcb058a86a261af69f,342,sparsa,single_seq,pair_network,,,,,,long,AUC,0.8881662536916894,50721,248,50721,teacher-fit
esm,6366d25a54f21e8f26e672162584e9fe,64,sparsa,single_seq,pair_network,,,,,,all,L,0.125,1711,46,64,teacher-fit
esm,6366d25a54f21e8f26e672162584e9fe,64,sparsa,single_seq,pair_network,,,,,,all,L/2,0.1875,1711,46,32,teacher-fit
esm,6366d25a54f21e8f26e672162584e9fe,64,sparsa,single_seq,pair_network,,,,,,all,L/5,0.4166666666666667,1711,46,12,teacher-fit
esm,6366d25a54f21e8f26e672162584e9fe,64,sparsa,single_seq,pair_network,,,,,,all,R,0.13043478260869565,1711,46,46,teacher-fit
esm,6366d25a54f21e8f26e672162584e9fe,64,sparsa,single_seq,pair_network,,,,,,all,AUC,0.791735213474344,1711,46,1711,teacher-fit
esm,6366d25a54f21e8f26e672162584e9fe,64,sparsa,single_seq,pair_network,,,,,,short,L,0.140625,333,9,64,teacher-fit
esm,6366d25a54f21e8f26e672162584e9fe,64,sparsa,single_seq,pair_network,,,,,,short,L/2,0.25,333,9,32,teacher-fit
esm,6366d25a54f21e8f26e672162584e9fe,64,sparsa,single_seq,pair_network,,,,,,short,L/5,0.5,333,9,12,teacher-fit
esm,6366d25a54f21e8f26e672162584e9fe,64,sparsa,single_seq,pair_network,,,,,,short,R,0.5555555555555556,333,9,9,teacher-fit
esm,6366d25a54f21e8f26e672162584e9fe,64,sparsa,single_seq,pair_network,,,,,,short,AUC,0.9758230452674896,333,9,333,teacher-fit
esm,6366d25a54f21e8f26e672162584e9fe,64,sparsa,single_seq,pair_network,,,,,,medium,L,0.125,558,17,64,teacher-fit
esm,6366d25a54f21e8f26e672162584e9fe,64,sparsa,single_seq,pair_network,,,,,,medium,L/2,0.03125,558,17,32,teacher-fit
esm,6366d25a54f21e8f26e672162584e9fe,64,sparsa,single_seq,pair_network,,,,,,medium,L/5,0.0,558,17,12,teacher-fit
esm,6366d25a54f21e8f26e672162584e9fe,64,sparsa,single_seq,pair_network,,,,,,medium,R,0.0,558,17,17,teacher-fit
esm,6366d25a54f21e8f26e672162584e9fe,64,sparsa,single_seq,pair_network,,,,,,medium,AUC,0.8247254539523758,558,17,558,teacher-fit
esm,6366d25a54f21e8f26e672162584e9fe,64,sparsa,single_seq,pair_network,,,,,,long,L,0.03125,820,20,64,teacher-fit
esm,6366d25a54f21e8f26e672162584e9fe,64,sparsa,single_seq,pair_network,,,,,,long,L/2,0.03125,820,20,32,teacher-fit
esm,6366d25a54f21e8f26e672162584e9fe,64,sparsa,single_seq,pair_network,,,,,,long,L/5,0.0,820,20,12,teacher-fit
esm,6366d25a54f21e8f26e672162584e9fe,64,sparsa,single_seq,pair_network,,,,,,long,R,0.0,820,20,20,teacher-fit
esm,6366d25a54f21e8f26e672162584e9fe,64,sparsa,single_seq,pair_network,,,,,,long,AUC,0.67271875,820,20,820,teacher-fit
