dataset,stem,n_residues,model,mode,predictor,neff_tier,fold_verdict,seq_leakage,msa_neff,length,range,cut,precision,n_candidate,n_true,n_top,eval_set
foldbench_monomer,5sbj_A,30,sparsa-scale-main-20260911-long-step-2000,single_seq,pair_network,,,,,,all,L,0.5,219,17,30,eval-denovo
foldbench_monomer,5sbj_A,30,sparsa-scale-main-20260911-long-step-2000,single_seq,pair_network,,,,,,all,L/2,0.8,219,17,15,eval-denovo
foldbench_monomer,5sbj_A,30,sparsa-scale-main-20260911-long-step-2000,single_seq,pair_network,,,,,,all,L/5,1.0,219,17,6,eval-denovo
foldbench_monomer,5sbj_A,30,sparsa-scale-main-20260911-long-step-2000,single_seq,pair_network,,,,,,all,R,0.7647058823529411,219,17,17,eval-denovo
foldbench_monomer,5sbj_A,30,sparsa-scale-main-20260911-long-step-2000,single_seq,pair_network,,,,,,all,AUC,0.9807804309842749,219,17,219,eval-denovo
foldbench_monomer,5sbj_A,30,sparsa-scale-main-20260911-long-step-2000,single_seq,pair_network,,,,,,short,L,0.13333333333333333,102,4,30,eval-denovo
foldbench_monomer,5sbj_A,30,sparsa-scale-main-20260911-long-step-2000,single_seq,pair_network,,,,,,short,L/2,0.26666666666666666,102,4,15,eval-denovo
foldbench_monomer,5sbj_A,30,sparsa-scale-main-20260911-long-step-2000,single_seq,pair_network,,,,,,short,L/5,0.3333333333333333,102,4,6,eval-denovo
foldbench_monomer,5sbj_A,30,sparsa-scale-main-20260911-long-step-2000,single_seq,pair_network,,,,,,short,R,0.5,102,4,4,eval-denovo
foldbench_monomer,5sbj_A,30,sparsa-scale-main-20260911-long-step-2000,single_seq,pair_network,,,,,,short,AUC,0.9744897959183674,102,4,102,eval-denovo
foldbench_monomer,5sbj_A,30,sparsa-scale-main-20260911-long-step-2000,single_seq,pair_network,,,,,,medium,L,0.3,107,9,30,eval-denovo
foldbench_monomer,5sbj_A,30,sparsa-scale-main-20260911-long-step-2000,single_seq,pair_network,,,,,,medium,L/2,0.5333333333333333,107,9,15,eval-denovo
foldbench_monomer,5sbj_A,30,sparsa-scale-main-20260911-long-step-2000,single_seq,pair_network,,,,,,medium,L/5,1.0,107,9,6,eval-denovo
foldbench_monomer,5sbj_A,30,sparsa-scale-main-20260911-long-step-2000,single_seq,pair_network,,,,,,medium,R,0.8888888888888888,107,9,9,eval-denovo
foldbench_monomer,5sbj_A,30,sparsa-scale-main-20260911-long-step-2000,single_seq,pair_network,,,,,,medium,AUC,0.9909297052154196,107,9,107,eval-denovo
foldbench_monomer,5sbj_A,30,sparsa-scale-main-20260911-long-step-2000,single_seq,pair_network,,,,,,long,L,0.4,10,4,10,eval-denovo
foldbench_monomer,5sbj_A,30,sparsa-scale-main-20260911-long-step-2000,single_seq,pair_network,,,,,,long,L/2,0.4,10,4,10,eval-denovo
foldbench_monomer,5sbj_A,30,sparsa-scale-main-20260911-long-step-2000,single_seq,pair_network,,,,,,long,L/5,0.6666666666666666,10,4,6,eval-denovo
foldbench_monomer,5sbj_A,30,sparsa-scale-main-20260911-long-step-2000,single_seq,pair_network,,,,,,long,R,0.75,10,4,4,eval-denovo
foldbench_monomer,5sbj_A,30,sparsa-scale-main-20260911-long-step-2000,single_seq,pair_network,,,,,,long,AUC,0.9166666666666667,10,4,10,eval-denovo
foldbench_monomer,7ur7_A,70,sparsa-scale-main-20260911-long-step-2000,single_seq,pair_network,,,,,,all,L,0.7142857142857143,1653,60,70,eval-denovo
foldbench_monomer,7ur7_A,70,sparsa-scale-main-20260911-long-step-2000,single_seq,pair_network,,,,,,all,L/2,0.8857142857142857,1653,60,35,eval-denovo
foldbench_monomer,7ur7_A,70,sparsa-scale-main-20260911-long-step-2000,single_seq,pair_network,,,,,,all,L/5,0.9285714285714286,1653,60,14,eval-denovo
foldbench_monomer,7ur7_A,70,sparsa-scale-main-20260911-long-step-2000,single_seq,pair_network,,,,,,all,R,0.7666666666666667,1653,60,60,eval-denovo
foldbench_monomer,7ur7_A,70,sparsa-scale-main-20260911-long-step-2000,single_seq,pair_network,,,,,,all,AUC,0.9926292111320361,1653,60,1653,eval-denovo
foldbench_monomer,7ur7_A,70,sparsa-scale-main-20260911-long-step-2000,single_seq,pair_network,,,,,,short,L,0.21428571428571427,327,15,70,eval-denovo
foldbench_monomer,7ur7_A,70,sparsa-scale-main-20260911-long-step-2000,single_seq,pair_network,,,,,,short,L/2,0.42857142857142855,327,15,35,eval-denovo
foldbench_monomer,7ur7_A,70,sparsa-scale-main-20260911-long-step-2000,single_seq,pair_network,,,,,,short,L/5,0.9285714285714286,327,15,14,eval-denovo
foldbench_monomer,7ur7_A,70,sparsa-scale-main-20260911-long-step-2000,single_seq,pair_network,,,,,,short,R,0.9333333333333333,327,15,15,eval-denovo
foldbench_monomer,7ur7_A,70,sparsa-scale-main-20260911-long-step-2000,single_seq,pair_network,,,,,,short,AUC,0.9993589743589743,327,15,327,eval-denovo
foldbench_monomer,7ur7_A,70,sparsa-scale-main-20260911-long-step-2000,single_seq,pair_network,,,,,,medium,L,0.2,546,14,70,eval-denovo
foldbench_monomer,7ur7_A,70,sparsa-scale-main-20260911-long-step-2000,single_seq,pair_network,,,,,,medium,L/2,0.4,546,14,35,eval-denovo
foldbench_monomer,7ur7_A,70,sparsa-scale-main-20260911-long-step-2000,single_seq,pair_network,,,,,,medium,L/5,0.7142857142857143,546,14,14,eval-denovo
foldbench_monomer,7ur7_A,70,sparsa-scale-main-20260911-long-step-2000,single_seq,pair_network,,,,,,medium,R,0.7142857142857143,546,14,14,eval-denovo
foldbench_monomer,7ur7_A,70,sparsa-scale-main-20260911-long-step-2000,single_seq,pair_network,,,,,,medium,AUC,0.992749731471536,546,14,546,eval-denovo
foldbench_monomer,7ur7_A,70,sparsa-scale-main-20260911-long-step-2000,single_seq,pair_network,,,,,,long,L,0.42857142857142855,780,31,70,eval-denovo
foldbench_monomer,7ur7_A,70,sparsa-scale-main-20260911-long-step-2000,single_seq,pair_network,,,,,,long,L/2,0.7428571428571429,780,31,35,eval-denovo
foldbench_monomer,7ur7_A,70,sparsa-scale-main-20260911-long-step-2000,single_seq,pair_network,,,,,,long,L/5,0.9285714285714286,780,31,14,eval-denovo
foldbench_monomer,7ur7_A,70,sparsa-scale-main-20260911-long-step-2000,single_seq,pair_network,,,,,,long,R,0.7741935483870968,780,31,31,eval-denovo
foldbench_monomer,7ur7_A,70,sparsa-scale-main-20260911-long-step-2000,single_seq,pair_network,,,,,,long,AUC,0.9888668762651277,780,31,780,eval-denovo
foldbench_monomer,8ah9_A,120,sparsa-scale-main-20260911-long-step-2000,single_seq,pair_network,,,,,,all,L,0.7166666666666667,5995,132,120,eval-denovo
foldbench_monomer,8ah9_A,120,sparsa-scale-main-20260911-long-step-2000,single_seq,pair_network,,,,,,all,L/2,0.9333333333333333,5995,132,60,eval-denovo
foldbench_monomer,8ah9_A,120,sparsa-scale-main-20260911-long-step-2000,single_seq,pair_network,,,,,,all,L/5,1.0,5995,132,24,eval-denovo
foldbench_monomer,8ah9_A,120,sparsa-scale-main-20260911-long-step-2000,single_seq,pair_network,,,,,,all,R,0.6590909090909091,5995,132,132,eval-denovo
foldbench_monomer,8ah9_A,120,sparsa-scale-main-20260911-long-step-2000,single_seq,pair_network,,,,,,all,AUC,0.9781933698230816,5995,132,5995,eval-denovo
foldbench_monomer,8ah9_A,120,sparsa-scale-main-20260911-long-step-2000,single_seq,pair_network,,,,,,short,L,0.25,639,31,120,eval-denovo
foldbench_monomer,8ah9_A,120,sparsa-scale-main-20260911-long-step-2000,single_seq,pair_network,,,,,,short,L/2,0.4666666666666667,639,31,60,eval-denovo
foldbench_monomer,8ah9_A,120,sparsa-scale-main-20260911-long-step-2000,single_seq,pair_network,,,,,,short,L/5,0.875,639,31,24,eval-denovo
foldbench_monomer,8ah9_A,120,sparsa-scale-main-20260911-long-step-2000,single_seq,pair_network,,,,,,short,R,0.7096774193548387,639,31,31,eval-denovo
foldbench_monomer,8ah9_A,120,sparsa-scale-main-20260911-long-step-2000,single_seq,pair_network,,,,,,short,AUC,0.975249363327674,639,31,639,eval-denovo
foldbench_monomer,8ah9_A,120,sparsa-scale-main-20260911-long-step-2000,single_seq,pair_network,,,,,,medium,L,0.4166666666666667,1170,58,120,eval-denovo
foldbench_monomer,8ah9_A,120,sparsa-scale-main-20260911-long-step-2000,single_seq,pair_network,,,,,,medium,L/2,0.6833333333333333,1170,58,60,eval-denovo
foldbench_monomer,8ah9_A,120,sparsa-scale-main-20260911-long-step-2000,single_seq,pair_network,,,,,,medium,L/5,1.0,1170,58,24,eval-denovo
foldbench_monomer,8ah9_A,120,sparsa-scale-main-20260911-long-step-2000,single_seq,pair_network,,,,,,medium,R,0.7068965517241379,1170,58,58,eval-denovo
foldbench_monomer,8ah9_A,120,sparsa-scale-main-20260911-long-step-2000,single_seq,pair_network,,,,,,medium,AUC,0.9764093897295956,1170,58,1170,eval-denovo
foldbench_monomer,8ah9_A,120,sparsa-scale-main-20260911-long-step-2000,single_seq,pair_network,,,,,,long,L,0.275,4186,43,120,eval-denovo
foldbench_monomer,8ah9_A,120,sparsa-scale-main-20260911-long-step-2000,single_seq,pair_network,,,,,,long,L/2,0.45,4186,43,60,eval-denovo
foldbench_monomer,8ah9_A,120,sparsa-scale-main-20260911-long-step-2000,single_seq,pair_network,,,,,,long,L/5,0.8333333333333334,4186,43,24,eval-denovo
foldbench_monomer,8ah9_A,120,sparsa-scale-main-20260911-long-step-2000,single_seq,pair_network,,,,,,long,R,0.5581395348837209,4186,43,43,eval-denovo
foldbench_monomer,8ah9_A,120,sparsa-scale-main-20260911-long-step-2000,single_seq,pair_network,,,,,,long,AUC,0.980858719386581,4186,43,4186,eval-denovo
foldbench_monomer,8eov_A,146,sparsa-scale-main-20260911-long-step-2000,single_seq,pair_network,,,,,,all,L,0.4246575342465753,8911,145,146,eval-denovo
foldbench_monomer,8eov_A,146,sparsa-scale-main-20260911-long-step-2000,single_seq,pair_network,,,,,,all,L/2,0.6438356164383562,8911,145,73,eval-denovo
foldbench_monomer,8eov_A,146,sparsa-scale-main-20260911-long-step-2000,single_seq,pair_network,,,,,,all,L/5,0.9310344827586207,8911,145,29,eval-denovo
foldbench_monomer,8eov_A,146,sparsa-scale-main-20260911-long-step-2000,single_seq,pair_network,,,,,,all,R,0.42758620689655175,8911,145,145,eval-denovo
foldbench_monomer,8eov_A,146,sparsa-scale-main-20260911-long-step-2000,single_seq,pair_network,,,,,,all,AUC,0.9580770531914056,8911,145,8911,eval-denovo
foldbench_monomer,8eov_A,146,sparsa-scale-main-20260911-long-step-2000,single_seq,pair_network,,,,,,short,L,0.1095890410958904,783,16,146,eval-denovo
foldbench_monomer,8eov_A,146,sparsa-scale-main-20260911-long-step-2000,single_seq,pair_network,,,,,,short,L/2,0.2191780821917808,783,16,73,eval-denovo
foldbench_monomer,8eov_A,146,sparsa-scale-main-20260911-long-step-2000,single_seq,pair_network,,,,,,short,L/5,0.4482758620689655,783,16,29,eval-denovo
foldbench_monomer,8eov_A,146,sparsa-scale-main-20260911-long-step-2000,single_seq,pair_network,,,,,,short,R,0.625,783,16,16,eval-denovo
foldbench_monomer,8eov_A,146,sparsa-scale-main-20260911-long-step-2000,single_seq,pair_network,,,,,,short,AUC,0.989406779661017,783,16,783,eval-denovo
foldbench_monomer,8eov_A,146,sparsa-scale-main-20260911-long-step-2000,single_seq,pair_network,,,,,,medium,L,0.14383561643835616,1458,23,146,eval-denovo
foldbench_monomer,8eov_A,146,sparsa-scale-main-20260911-long-step-2000,single_seq,pair_network,,,,,,medium,L/2,0.2465753424657534,1458,23,73,eval-denovo
foldbench_monomer,8eov_A,146,sparsa-scale-main-20260911-long-step-2000,single_seq,pair_network,,,,,,medium,L/5,0.27586206896551724,1458,23,29,eval-denovo
foldbench_monomer,8eov_A,146,sparsa-scale-main-20260911-long-step-2000,single_seq,pair_network,,,,,,medium,R,0.34782608695652173,1458,23,23,eval-denovo
foldbench_monomer,8eov_A,146,sparsa-scale-main-20260911-long-step-2000,single_seq,pair_network,,,,,,medium,AUC,0.9742160278745645,1458,23,1458,eval-denovo
foldbench_monomer,8eov_A,146,sparsa-scale-main-20260911-long-step-2000,single_seq,pair_network,,,,,,long,L,0.3493150684931507,6670,106,146,eval-denovo
foldbench_monomer,8eov_A,146,sparsa-scale-main-20260911-long-step-2000,single_seq,pair_network,,,,,,long,L/2,0.5205479452054794,6670,106,73,eval-denovo
foldbench_monomer,8eov_A,146,sparsa-scale-main-20260911-long-step-2000,single_seq,pair_network,,,,,,long,L/5,0.6896551724137931,6670,106,29,eval-denovo
foldbench_monomer,8eov_A,146,sparsa-scale-main-20260911-long-step-2000,single_seq,pair_network,,,,,,long,R,0.41509433962264153,6670,106,106,eval-denovo
foldbench_monomer,8eov_A,146,sparsa-scale-main-20260911-long-step-2000,single_seq,pair_network,,,,,,long,AUC,0.9498314131971992,6670,106,6670,eval-denovo
foldbench_monomer,8fjf_A,134,sparsa-scale-main-20260911-long-step-2000,single_seq,pair_network,,,,,,all,L,0.44776119402985076,7381,95,134,eval-denovo
foldbench_monomer,8fjf_A,134,sparsa-scale-main-20260911-long-step-2000,single_seq,pair_network,,,,,,all,L/2,0.6417910447761194,7381,95,67,eval-denovo
foldbench_monomer,8fjf_A,134,sparsa-scale-main-20260911-long-step-2000,single_seq,pair_network,,,,,,all,L/5,0.8461538461538461,7381,95,26,eval-denovo
foldbench_monomer,8fjf_A,134,sparsa-scale-main-20260911-long-step-2000,single_seq,pair_network,,,,,,all,R,0.5368421052631579,7381,95,95,eval-denovo
foldbench_monomer,8fjf_A,134,sparsa-scale-main-20260911-long-step-2000,single_seq,pair_network,,,,,,all,AUC,0.949172891052776,7381,95,7381,eval-denovo
foldbench_monomer,8fjf_A,134,sparsa-scale-main-20260911-long-step-2000,single_seq,pair_network,,,,,,short,L,0.20149253731343283,711,27,134,eval-denovo
foldbench_monomer,8fjf_A,134,sparsa-scale-main-20260911-long-step-2000,single_seq,pair_network,,,,,,short,L/2,0.3880597014925373,711,27,67,eval-denovo
foldbench_monomer,8fjf_A,134,sparsa-scale-main-20260911-long-step-2000,single_seq,pair_network,,,,,,short,L/5,0.6923076923076923,711,27,26,eval-denovo
foldbench_monomer,8fjf_A,134,sparsa-scale-main-20260911-long-step-2000,single_seq,pair_network,,,,,,short,R,0.6666666666666666,711,27,27,eval-denovo
foldbench_monomer,8fjf_A,134,sparsa-scale-main-20260911-long-step-2000,single_seq,pair_network,,,,,,short,AUC,0.9848386398094001,711,27,711,eval-denovo
foldbench_monomer,8fjf_A,134,sparsa-scale-main-20260911-long-step-2000,single_seq,pair_network,,,,,,medium,L,0.2537313432835821,1314,34,134,eval-denovo
foldbench_monomer,8fjf_A,134,sparsa-scale-main-20260911-long-step-2000,single_seq,pair_network,,,,,,medium,L/2,0.4626865671641791,1314,34,67,eval-denovo
foldbench_monomer,8fjf_A,134,sparsa-scale-main-20260911-long-step-2000,single_seq,pair_network,,,,,,medium,L/5,0.8461538461538461,1314,34,26,eval-denovo
foldbench_monomer,8fjf_A,134,sparsa-scale-main-20260911-long-step-2000,single_seq,pair_network,,,,,,medium,R,0.7058823529411765,1314,34,34,eval-denovo
foldbench_monomer,8fjf_A,134,sparsa-scale-main-20260911-long-step-2000,single_seq,pair_network,,,,,,medium,AUC,0.9924172794117647,1314,34,1314,eval-denovo
foldbench_monomer,8fjf_A,134,sparsa-scale-main-20260911-long-step-2000,single_seq,pair_network,,,,,,long,L,0.1044776119402985,5356,34,134,eval-denovo
foldbench_monomer,8fjf_A,134,sparsa-scale-main-20260911-long-step-2000,single_seq,pair_network,,,,,,long,L/2,0.16417910447761194,5356,34,67,eval-denovo
foldbench_monomer,8fjf_A,134,sparsa-scale-main-20260911-long-step-2000,single_seq,pair_network,,,,,,long,L/5,0.23076923076923078,5356,34,26,eval-denovo
foldbench_monomer,8fjf_A,134,sparsa-scale-main-20260911-long-step-2000,single_seq,pair_network,,,,,,long,R,0.23529411764705882,5356,34,34,eval-denovo
foldbench_monomer,8fjf_A,134,sparsa-scale-main-20260911-long-step-2000,single_seq,pair_network,,,,,,long,AUC,0.8763512169241994,5356,34,5356,eval-denovo
foldbench_monomer,8gac_A,106,sparsa-scale-main-20260911-long-step-2000,single_seq,pair_network,,,,,,all,L,0.6226415094339622,4753,79,106,eval-denovo
foldbench_monomer,8gac_A,106,sparsa-scale-main-20260911-long-step-2000,single_seq,pair_network,,,,,,all,L/2,0.7358490566037735,4753,79,53,eval-denovo
foldbench_monomer,8gac_A,106,sparsa-scale-main-20260911-long-step-2000,single_seq,pair_network,,,,,,all,L/5,0.8095238095238095,4753,79,21,eval-denovo
foldbench_monomer,8gac_A,106,sparsa-scale-main-20260911-long-step-2000,single_seq,pair_network,,,,,,all,R,0.6962025316455697,4753,79,79,eval-denovo
foldbench_monomer,8gac_A,106,sparsa-scale-main-20260911-long-step-2000,single_seq,pair_network,,,,,,all,AUC,0.9934447495707468,4753,79,4753,eval-denovo
foldbench_monomer,8gac_A,106,sparsa-scale-main-20260911-long-step-2000,single_seq,pair_network,,,,,,short,L,0.0660377358490566,567,7,106,eval-denovo
foldbench_monomer,8gac_A,106,sparsa-scale-main-20260911-long-step-2000,single_seq,pair_network,,,,,,short,L/2,0.11320754716981132,567,7,53,eval-denovo
foldbench_monomer,8gac_A,106,sparsa-scale-main-20260911-long-step-2000,single_seq,pair_network,,,,,,short,L/5,0.2857142857142857,567,7,21,eval-denovo
foldbench_monomer,8gac_A,106,sparsa-scale-main-20260911-long-step-2000,single_seq,pair_network,,,,,,short,R,0.5714285714285714,567,7,7,eval-denovo
foldbench_monomer,8gac_A,106,sparsa-scale-main-20260911-long-step-2000,single_seq,pair_network,,,,,,short,AUC,0.9840561224489797,567,7,567,eval-denovo
foldbench_monomer,8gac_A,106,sparsa-scale-main-20260911-long-step-2000,single_seq,pair_network,,,,,,medium,L,0.1509433962264151,1026,16,106,eval-denovo
foldbench_monomer,8gac_A,106,sparsa-scale-main-20260911-long-step-2000,single_seq,pair_network,,,,,,medium,L/2,0.3018867924528302,1026,16,53,eval-denovo
foldbench_monomer,8gac_A,106,sparsa-scale-main-20260911-long-step-2000,single_seq,pair_network,,,,,,medium,L/5,0.6190476190476191,1026,16,21,eval-denovo
foldbench_monomer,8gac_A,106,sparsa-scale-main-20260911-long-step-2000,single_seq,pair_network,,,,,,medium,R,0.6875,1026,16,16,eval-denovo
foldbench_monomer,8gac_A,106,sparsa-scale-main-20260911-long-step-2000,single_seq,pair_network,,,,,,medium,AUC,0.9962561881188119,1026,16,1026,eval-denovo
foldbench_monomer,8gac_A,106,sparsa-scale-main-20260911-long-step-2000,single_seq,pair_network,,,,,,long,L,0.4811320754716981,3160,56,106,eval-denovo
foldbench_monomer,8gac_A,106,sparsa-scale-main-20260911-long-step-2000,single_seq,pair_network,,,,,,long,L/2,0.7547169811320755,3160,56,53,eval-denovo
foldbench_monomer,8gac_A,106,sparsa-scale-main-20260911-long-step-2000,single_seq,pair_network,,,,,,long,L/5,0.8571428571428571,3160,56,21,eval-denovo
foldbench_monomer,8gac_A,106,sparsa-scale-main-20260911-long-step-2000,single_seq,pair_network,,,,,,long,R,0.7142857142857143,3160,56,56,eval-denovo
foldbench_monomer,8gac_A,106,sparsa-scale-main-20260911-long-step-2000,single_seq,pair_network,,,,,,long,AUC,0.9947964607879234,3160,56,3160,eval-denovo
foldbench_monomer,8ju8_A,139,sparsa-scale-main-20260911-long-step-2000,single_seq,pair_network,,,,,,all,L,0.49640287769784175,8911,93,139,eval-denovo
foldbench_monomer,8ju8_A,139,sparsa-scale-main-20260911-long-step-2000,single_seq,pair_network,,,,,,all,L/2,0.7681159420289855,8911,93,69,eval-denovo
foldbench_monomer,8ju8_A,139,sparsa-scale-main-20260911-long-step-2000,single_seq,pair_network,,,,,,all,L/5,0.9629629629629629,8911,93,27,eval-denovo
foldbench_monomer,8ju8_A,139,sparsa-scale-main-20260911-long-step-2000,single_seq,pair_network,,,,,,all,R,0.6774193548387096,8911,93,93,eval-denovo
foldbench_monomer,8ju8_A,139,sparsa-scale-main-20260911-long-step-2000,single_seq,pair_network,,,,,,all,AUC,0.9922945978045884,8911,93,8911,eval-denovo
foldbench_monomer,8ju8_A,139,sparsa-scale-main-20260911-long-step-2000,single_seq,pair_network,,,,,,short,L,0.06474820143884892,783,9,139,eval-denovo
foldbench_monomer,8ju8_A,139,sparsa-scale-main-20260911-long-step-2000,single_seq,pair_network,,,,,,short,L/2,0.11594202898550725,783,9,69,eval-denovo
foldbench_monomer,8ju8_A,139,sparsa-scale-main-20260911-long-step-2000,single_seq,pair_network,,,,,,short,L/5,0.2962962962962963,783,9,27,eval-denovo
foldbench_monomer,8ju8_A,139,sparsa-scale-main-20260911-long-step-2000,single_seq,pair_network,,,,,,short,R,0.6666666666666666,783,9,9,eval-denovo
foldbench_monomer,8ju8_A,139,sparsa-scale-main-20260911-long-step-2000,single_seq,pair_network,,,,,,short,AUC,0.9834912431811658,783,9,783,eval-denovo
foldbench_monomer,8ju8_A,139,sparsa-scale-main-20260911-long-step-2000,single_seq,pair_network,,,,,,medium,L,0.14388489208633093,1458,20,139,eval-denovo
foldbench_monomer,8ju8_A,139,sparsa-scale-main-20260911-long-step-2000,single_seq,pair_network,,,,,,medium,L/2,0.2753623188405797,1458,20,69,eval-denovo
foldbench_monomer,8ju8_A,139,sparsa-scale-main-20260911-long-step-2000,single_seq,pair_network,,,,,,medium,L/5,0.5555555555555556,1458,20,27,eval-denovo
foldbench_monomer,8ju8_A,139,sparsa-scale-main-20260911-long-step-2000,single_seq,pair_network,,,,,,medium,R,0.65,1458,20,20,eval-denovo
foldbench_monomer,8ju8_A,139,sparsa-scale-main-20260911-long-step-2000,single_seq,pair_network,,,,,,medium,AUC,0.9933240611961057,1458,20,1458,eval-denovo
foldbench_monomer,8ju8_A,139,sparsa-scale-main-20260911-long-step-2000,single_seq,pair_network,,,,,,long,L,0.38848920863309355,6670,64,139,eval-denovo
foldbench_monomer,8ju8_A,139,sparsa-scale-main-20260911-long-step-2000,single_seq,pair_network,,,,,,long,L/2,0.6521739130434783,6670,64,69,eval-denovo
foldbench_monomer,8ju8_A,139,sparsa-scale-main-20260911-long-step-2000,single_seq,pair_network,,,,,,long,L/5,0.9259259259259259,6670,64,27,eval-denovo
foldbench_monomer,8ju8_A,139,sparsa-scale-main-20260911-long-step-2000,single_seq,pair_network,,,,,,long,R,0.671875,6670,64,64,eval-denovo
foldbench_monomer,8ju8_A,139,sparsa-scale-main-20260911-long-step-2000,single_seq,pair_network,,,,,,long,AUC,0.9930614687405389,6670,64,6670,eval-denovo
foldbench_monomer,8k7o_A,233,sparsa-scale-main-20260911-long-step-2000,single_seq,pair_network,,,,,,all,L,0.5150214592274678,25878,204,233,eval-denovo
foldbench_monomer,8k7o_A,233,sparsa-scale-main-20260911-long-step-2000,single_seq,pair_network,,,,,,all,L/2,0.7068965517241379,25878,204,116,eval-denovo
foldbench_monomer,8k7o_A,233,sparsa-scale-main-20260911-long-step-2000,single_seq,pair_network,,,,,,all,L/5,0.8260869565217391,25878,204,46,eval-denovo
foldbench_monomer,8k7o_A,233,sparsa-scale-main-20260911-long-step-2000,single_seq,pair_network,,,,,,all,R,0.5637254901960784,25878,204,204,eval-denovo
foldbench_monomer,8k7o_A,233,sparsa-scale-main-20260911-long-step-2000,single_seq,pair_network,,,,,,all,AUC,0.9883418526715819,25878,204,25878,eval-denovo
foldbench_monomer,8k7o_A,233,sparsa-scale-main-20260911-long-step-2000,single_seq,pair_network,,,,,,short,L,0.11158798283261803,1347,26,233,eval-denovo
foldbench_monomer,8k7o_A,233,sparsa-scale-main-20260911-long-step-2000,single_seq,pair_network,,,,,,short,L/2,0.21551724137931033,1347,26,116,eval-denovo
foldbench_monomer,8k7o_A,233,sparsa-scale-main-20260911-long-step-2000,single_seq,pair_network,,,,,,short,L/5,0.391304347826087,1347,26,46,eval-denovo
foldbench_monomer,8k7o_A,233,sparsa-scale-main-20260911-long-step-2000,single_seq,pair_network,,,,,,short,R,0.5384615384615384,1347,26,26,eval-denovo
foldbench_monomer,8k7o_A,233,sparsa-scale-main-20260911-long-step-2000,single_seq,pair_network,,,,,,short,AUC,0.9822832353112444,1347,26,1347,eval-denovo
foldbench_monomer,8k7o_A,233,sparsa-scale-main-20260911-long-step-2000,single_seq,pair_network,,,,,,medium,L,0.15021459227467812,2586,36,233,eval-denovo
foldbench_monomer,8k7o_A,233,sparsa-scale-main-20260911-long-step-2000,single_seq,pair_network,,,,,,medium,L/2,0.29310344827586204,2586,36,116,eval-denovo
foldbench_monomer,8k7o_A,233,sparsa-scale-main-20260911-long-step-2000,single_seq,pair_network,,,,,,medium,L/5,0.6304347826086957,2586,36,46,eval-denovo
foldbench_monomer,8k7o_A,233,sparsa-scale-main-20260911-long-step-2000,single_seq,pair_network,,,,,,medium,R,0.75,2586,36,36,eval-denovo
foldbench_monomer,8k7o_A,233,sparsa-scale-main-20260911-long-step-2000,single_seq,pair_network,,,,,,medium,AUC,0.992619825708061,2586,36,2586,eval-denovo
foldbench_monomer,8k7o_A,233,sparsa-scale-main-20260911-long-step-2000,single_seq,pair_network,,,,,,long,L,0.3648068669527897,21945,142,233,eval-denovo
foldbench_monomer,8k7o_A,233,sparsa-scale-main-20260911-long-step-2000,single_seq,pair_network,,,,,,long,L/2,0.5431034482758621,21945,142,116,eval-denovo
foldbench_monomer,8k7o_A,233,sparsa-scale-main-20260911-long-step-2000,single_seq,pair_network,,,,,,long,L/5,0.7608695652173914,21945,142,46,eval-denovo
foldbench_monomer,8k7o_A,233,sparsa-scale-main-20260911-long-step-2000,single_seq,pair_network,,,,,,long,R,0.5140845070422535,21945,142,142,eval-denovo
foldbench_monomer,8k7o_A,233,sparsa-scale-main-20260911-long-step-2000,single_seq,pair_network,,,,,,long,AUC,0.9883523264985501,21945,142,21945,eval-denovo
foldbench_monomer,8k7z_A,180,sparsa-scale-main-20260911-long-step-2000,single_seq,pair_network,,,,,,all,L,0.16111111111111112,13861,91,180,eval-denovo
foldbench_monomer,8k7z_A,180,sparsa-scale-main-20260911-long-step-2000,single_seq,pair_network,,,,,,all,L/2,0.23333333333333334,13861,91,90,eval-denovo
foldbench_monomer,8k7z_A,180,sparsa-scale-main-20260911-long-step-2000,single_seq,pair_network,,,,,,all,L/5,0.4444444444444444,13861,91,36,eval-denovo
foldbench_monomer,8k7z_A,180,sparsa-scale-main-20260911-long-step-2000,single_seq,pair_network,,,,,,all,R,0.23076923076923078,13861,91,91,eval-denovo
foldbench_monomer,8k7z_A,180,sparsa-scale-main-20260911-long-step-2000,single_seq,pair_network,,,,,,all,AUC,0.935459710949907,13861,91,13861,eval-denovo
foldbench_monomer,8k7z_A,180,sparsa-scale-main-20260911-long-step-2000,single_seq,pair_network,,,,,,short,L,0.044444444444444446,981,8,180,eval-denovo
foldbench_monomer,8k7z_A,180,sparsa-scale-main-20260911-long-step-2000,single_seq,pair_network,,,,,,short,L/2,0.08888888888888889,981,8,90,eval-denovo
foldbench_monomer,8k7z_A,180,sparsa-scale-main-20260911-long-step-2000,single_seq,pair_network,,,,,,short,L/5,0.19444444444444445,981,8,36,eval-denovo
foldbench_monomer,8k7z_A,180,sparsa-scale-main-20260911-long-step-2000,single_seq,pair_network,,,,,,short,R,0.625,981,8,8,eval-denovo
foldbench_monomer,8k7z_A,180,sparsa-scale-main-20260911-long-step-2000,single_seq,pair_network,,,,,,short,AUC,0.9888232271325796,981,8,981,eval-denovo
foldbench_monomer,8k7z_A,180,sparsa-scale-main-20260911-long-step-2000,single_seq,pair_network,,,,,,medium,L,0.03888888888888889,1854,8,180,eval-denovo
foldbench_monomer,8k7z_A,180,sparsa-scale-main-20260911-long-step-2000,single_seq,pair_network,,,,,,medium,L/2,0.07777777777777778,1854,8,90,eval-denovo
foldbench_monomer,8k7z_A,180,sparsa-scale-main-20260911-long-step-2000,single_seq,pair_network,,,,,,medium,L/5,0.19444444444444445,1854,8,36,eval-denovo
foldbench_monomer,8k7z_A,180,sparsa-scale-main-20260911-long-step-2000,single_seq,pair_network,,,,,,medium,R,0.625,1854,8,8,eval-denovo
foldbench_monomer,8k7z_A,180,sparsa-scale-main-20260911-long-step-2000,single_seq,pair_network,,,,,,medium,AUC,0.9724404117009752,1854,8,1854,eval-denovo
foldbench_monomer,8k7z_A,180,sparsa-scale-main-20260911-long-step-2000,single_seq,pair_network,,,,,,long,L,0.1388888888888889,11026,75,180,eval-denovo
foldbench_monomer,8k7z_A,180,sparsa-scale-main-20260911-long-step-2000,single_seq,pair_network,,,,,,long,L/2,0.15555555555555556,11026,75,90,eval-denovo
foldbench_monomer,8k7z_A,180,sparsa-scale-main-20260911-long-step-2000,single_seq,pair_network,,,,,,long,L/5,0.2222222222222222,11026,75,36,eval-denovo
foldbench_monomer,8k7z_A,180,sparsa-scale-main-20260911-long-step-2000,single_seq,pair_network,,,,,,long,R,0.17333333333333334,11026,75,75,eval-denovo
foldbench_monomer,8k7z_A,180,sparsa-scale-main-20260911-long-step-2000,single_seq,pair_network,,,,,,long,AUC,0.9287669314826652,11026,75,11026,eval-denovo
foldbench_monomer,8k83_A,181,sparsa-scale-main-20260911-long-step-2000,single_seq,pair_network,,,,,,all,L,0.5303867403314917,14196,122,181,eval-denovo
foldbench_monomer,8k83_A,181,sparsa-scale-main-20260911-long-step-2000,single_seq,pair_network,,,,,,all,L/2,0.7,14196,122,90,eval-denovo
foldbench_monomer,8k83_A,181,sparsa-scale-main-20260911-long-step-2000,single_seq,pair_network,,,,,,all,L/5,1.0,14196,122,36,eval-denovo
foldbench_monomer,8k83_A,181,sparsa-scale-main-20260911-long-step-2000,single_seq,pair_network,,,,,,all,R,0.6229508196721312,14196,122,122,eval-denovo
foldbench_monomer,8k83_A,181,sparsa-scale-main-20260911-long-step-2000,single_seq,pair_network,,,,,,all,AUC,0.9954488220343524,14196,122,14196,eval-denovo
foldbench_monomer,8k83_A,181,sparsa-scale-main-20260911-long-step-2000,single_seq,pair_network,,,,,,short,L,0.06077348066298342,993,11,181,eval-denovo
foldbench_monomer,8k83_A,181,sparsa-scale-main-20260911-long-step-2000,single_seq,pair_network,,,,,,short,L/2,0.12222222222222222,993,11,90,eval-denovo
foldbench_monomer,8k83_A,181,sparsa-scale-main-20260911-long-step-2000,single_seq,pair_network,,,,,,short,L/5,0.2777777777777778,993,11,36,eval-denovo
foldbench_monomer,8k83_A,181,sparsa-scale-main-20260911-long-step-2000,single_seq,pair_network,,,,,,short,R,0.45454545454545453,993,11,11,eval-denovo
foldbench_monomer,8k83_A,181,sparsa-scale-main-20260911-long-step-2000,single_seq,pair_network,,,,,,short,AUC,0.988520644325125,993,11,993,eval-denovo
foldbench_monomer,8k83_A,181,sparsa-scale-main-20260911-long-step-2000,single_seq,pair_network,,,,,,medium,L,0.08287292817679558,1878,15,181,eval-denovo
foldbench_monomer,8k83_A,181,sparsa-scale-main-20260911-long-step-2000,single_seq,pair_network,,,,,,medium,L/2,0.16666666666666666,1878,15,90,eval-denovo
foldbench_monomer,8k83_A,181,sparsa-scale-main-20260911-long-step-2000,single_seq,pair_network,,,,,,medium,L/5,0.4166666666666667,1878,15,36,eval-denovo
foldbench_monomer,8k83_A,181,sparsa-scale-main-20260911-long-step-2000,single_seq,pair_network,,,,,,medium,R,0.8666666666666667,1878,15,15,eval-denovo
foldbench_monomer,8k83_A,181,sparsa-scale-main-20260911-long-step-2000,single_seq,pair_network,,,,,,medium,AUC,0.9989264626945786,1878,15,1878,eval-denovo
foldbench_monomer,8k83_A,181,sparsa-scale-main-20260911-long-step-2000,single_seq,pair_network,,,,,,long,L,0.4585635359116022,11325,96,181,eval-denovo
foldbench_monomer,8k83_A,181,sparsa-scale-main-20260911-long-step-2000,single_seq,pair_network,,,,,,long,L/2,0.6444444444444445,11325,96,90,eval-denovo
foldbench_monomer,8k83_A,181,sparsa-scale-main-20260911-long-step-2000,single_seq,pair_network,,,,,,long,L/5,0.9444444444444444,11325,96,36,eval-denovo
foldbench_monomer,8k83_A,181,sparsa-scale-main-20260911-long-step-2000,single_seq,pair_network,,,,,,long,R,0.6145833333333334,11325,96,96,eval-denovo
foldbench_monomer,8k83_A,181,sparsa-scale-main-20260911-long-step-2000,single_seq,pair_network,,,,,,long,AUC,0.9954182993439604,11325,96,11325,eval-denovo
foldbench_monomer,8k84_A,177,sparsa-scale-main-20260911-long-step-2000,single_seq,pair_network,,,,,,all,L,0.2598870056497175,14028,136,177,eval-denovo
foldbench_monomer,8k84_A,177,sparsa-scale-main-20260911-long-step-2000,single_seq,pair_network,,,,,,all,L/2,0.3409090909090909,14028,136,88,eval-denovo
foldbench_monomer,8k84_A,177,sparsa-scale-main-20260911-long-step-2000,single_seq,pair_network,,,,,,all,L/5,0.45714285714285713,14028,136,35,eval-denovo
foldbench_monomer,8k84_A,177,sparsa-scale-main-20260911-long-step-2000,single_seq,pair_network,,,,,,all,R,0.29411764705882354,14028,136,136,eval-denovo
foldbench_monomer,8k84_A,177,sparsa-scale-main-20260911-long-step-2000,single_seq,pair_network,,,,,,all,AUC,0.957261426381667,14028,136,14028,eval-denovo
foldbench_monomer,8k84_A,177,sparsa-scale-main-20260911-long-step-2000,single_seq,pair_network,,,,,,short,L,0.0847457627118644,987,15,177,eval-denovo
foldbench_monomer,8k84_A,177,sparsa-scale-main-20260911-long-step-2000,single_seq,pair_network,,,,,,short,L/2,0.17045454545454544,987,15,88,eval-denovo
foldbench_monomer,8k84_A,177,sparsa-scale-main-20260911-long-step-2000,single_seq,pair_network,,,,,,short,L/5,0.2857142857142857,987,15,35,eval-denovo
foldbench_monomer,8k84_A,177,sparsa-scale-main-20260911-long-step-2000,single_seq,pair_network,,,,,,short,R,0.5333333333333333,987,15,15,eval-denovo
foldbench_monomer,8k84_A,177,sparsa-scale-main-20260911-long-step-2000,single_seq,pair_network,,,,,,short,AUC,0.9789094650205761,987,15,987,eval-denovo
foldbench_monomer,8k84_A,177,sparsa-scale-main-20260911-long-step-2000,single_seq,pair_network,,,,,,medium,L,0.1016949152542373,1866,19,177,eval-denovo
foldbench_monomer,8k84_A,177,sparsa-scale-main-20260911-long-step-2000,single_seq,pair_network,,,,,,medium,L/2,0.14772727272727273,1866,19,88,eval-denovo
foldbench_monomer,8k84_A,177,sparsa-scale-main-20260911-long-step-2000,single_seq,pair_network,,,,,,medium,L/5,0.2571428571428571,1866,19,35,eval-denovo
foldbench_monomer,8k84_A,177,sparsa-scale-main-20260911-long-step-2000,single_seq,pair_network,,,,,,medium,R,0.3157894736842105,1866,19,19,eval-denovo
foldbench_monomer,8k84_A,177,sparsa-scale-main-20260911-long-step-2000,single_seq,pair_network,,,,,,medium,AUC,0.9710056136551449,1866,19,1866,eval-denovo
foldbench_monomer,8k84_A,177,sparsa-scale-main-20260911-long-step-2000,single_seq,pair_network,,,,,,long,L,0.21468926553672316,11175,102,177,eval-denovo
foldbench_monomer,8k84_A,177,sparsa-scale-main-20260911-long-step-2000,single_seq,pair_network,,,,,,long,L/2,0.26136363636363635,11175,102,88,eval-denovo
foldbench_monomer,8k84_A,177,sparsa-scale-main-20260911-long-step-2000,single_seq,pair_network,,,,,,long,L/5,0.34285714285714286,11175,102,35,eval-denovo
foldbench_monomer,8k84_A,177,sparsa-scale-main-20260911-long-step-2000,single_seq,pair_network,,,,,,long,R,0.2549019607843137,11175,102,102,eval-denovo
foldbench_monomer,8k84_A,177,sparsa-scale-main-20260911-long-step-2000,single_seq,pair_network,,,,,,long,AUC,0.9513425165966323,11175,102,11175,eval-denovo
foldbench_monomer,8kcj_A,181,sparsa-scale-main-20260911-long-step-2000,single_seq,pair_network,,,,,,all,L,0.3756906077348066,15051,122,181,eval-denovo
foldbench_monomer,8kcj_A,181,sparsa-scale-main-20260911-long-step-2000,single_seq,pair_network,,,,,,all,L/2,0.5222222222222223,15051,122,90,eval-denovo
foldbench_monomer,8kcj_A,181,sparsa-scale-main-20260911-long-step-2000,single_seq,pair_network,,,,,,all,L/5,0.6666666666666666,15051,122,36,eval-denovo
foldbench_monomer,8kcj_A,181,sparsa-scale-main-20260911-long-step-2000,single_seq,pair_network,,,,,,all,R,0.47540983606557374,15051,122,122,eval-denovo
foldbench_monomer,8kcj_A,181,sparsa-scale-main-20260911-long-step-2000,single_seq,pair_network,,,,,,all,AUC,0.9792968136611655,15051,122,15051,eval-denovo
foldbench_monomer,8kcj_A,181,sparsa-scale-main-20260911-long-step-2000,single_seq,pair_network,,,,,,short,L,0.09944751381215469,1023,18,181,eval-denovo
foldbench_monomer,8kcj_A,181,sparsa-scale-main-20260911-long-step-2000,single_seq,pair_network,,,,,,short,L/2,0.2,1023,18,90,eval-denovo
foldbench_monomer,8kcj_A,181,sparsa-scale-main-20260911-long-step-2000,single_seq,pair_network,,,,,,short,L/5,0.3333333333333333,1023,18,36,eval-denovo
foldbench_monomer,8kcj_A,181,sparsa-scale-main-20260911-long-step-2000,single_seq,pair_network,,,,,,short,R,0.5,1023,18,18,eval-denovo
foldbench_monomer,8kcj_A,181,sparsa-scale-main-20260911-long-step-2000,single_seq,pair_network,,,,,,short,AUC,0.9804864566058595,1023,18,1023,eval-denovo
foldbench_monomer,8kcj_A,181,sparsa-scale-main-20260911-long-step-2000,single_seq,pair_network,,,,,,medium,L,0.09944751381215469,1938,20,181,eval-denovo
foldbench_monomer,8kcj_A,181,sparsa-scale-main-20260911-long-step-2000,single_seq,pair_network,,,,,,medium,L/2,0.2,1938,20,90,eval-denovo
foldbench_monomer,8kcj_A,181,sparsa-scale-main-20260911-long-step-2000,single_seq,pair_network,,,,,,medium,L/5,0.4444444444444444,1938,20,36,eval-denovo
foldbench_monomer,8kcj_A,181,sparsa-scale-main-20260911-long-step-2000,single_seq,pair_network,,,,,,medium,R,0.7,1938,20,20,eval-denovo
foldbench_monomer,8kcj_A,181,sparsa-scale-main-20260911-long-step-2000,single_seq,pair_network,,,,,,medium,AUC,0.9857794577685088,1938,20,1938,eval-denovo
foldbench_monomer,8kcj_A,181,sparsa-scale-main-20260911-long-step-2000,single_seq,pair_network,,,,,,long,L,0.287292817679558,12090,84,181,eval-denovo
foldbench_monomer,8kcj_A,181,sparsa-scale-main-20260911-long-step-2000,single_seq,pair_network,,,,,,long,L/2,0.4111111111111111,12090,84,90,eval-denovo
foldbench_monomer,8kcj_A,181,sparsa-scale-main-20260911-long-step-2000,single_seq,pair_network,,,,,,long,L/5,0.5555555555555556,12090,84,36,eval-denovo
foldbench_monomer,8kcj_A,181,sparsa-scale-main-20260911-long-step-2000,single_seq,pair_network,,,,,,long,R,0.44047619047619047,12090,84,84,eval-denovo
foldbench_monomer,8kcj_A,181,sparsa-scale-main-20260911-long-step-2000,single_seq,pair_network,,,,,,long,AUC,0.9768002903310249,12090,84,12090,eval-denovo
foldbench_monomer,8ka7_A,124,sparsa-scale-main-20260911-long-step-2000,single_seq,pair_network,,,,,,all,L,0.41935483870967744,5995,87,124,eval-denovo
foldbench_monomer,8ka7_A,124,sparsa-scale-main-20260911-long-step-2000,single_seq,pair_network,,,,,,all,L/2,0.5967741935483871,5995,87,62,eval-denovo
foldbench_monomer,8ka7_A,124,sparsa-scale-main-20260911-long-step-2000,single_seq,pair_network,,,,,,all,L/5,0.5833333333333334,5995,87,24,eval-denovo
foldbench_monomer,8ka7_A,124,sparsa-scale-main-20260911-long-step-2000,single_seq,pair_network,,,,,,all,R,0.4942528735632184,5995,87,87,eval-denovo
foldbench_monomer,8ka7_A,124,sparsa-scale-main-20260911-long-step-2000,single_seq,pair_network,,,,,,all,AUC,0.9772926248453296,5995,87,5995,eval-denovo
foldbench_monomer,8ka7_A,124,sparsa-scale-main-20260911-long-step-2000,single_seq,pair_network,,,,,,short,L,0.12096774193548387,639,15,124,eval-denovo
foldbench_monomer,8ka7_A,124,sparsa-scale-main-20260911-long-step-2000,single_seq,pair_network,,,,,,short,L/2,0.24193548387096775,639,15,62,eval-denovo
foldbench_monomer,8ka7_A,124,sparsa-scale-main-20260911-long-step-2000,single_seq,pair_network,,,,,,short,L/5,0.5833333333333334,639,15,24,eval-denovo
foldbench_monomer,8ka7_A,124,sparsa-scale-main-20260911-long-step-2000,single_seq,pair_network,,,,,,short,R,0.6,639,15,15,eval-denovo
foldbench_monomer,8ka7_A,124,sparsa-scale-main-20260911-long-step-2000,single_seq,pair_network,,,,,,short,AUC,0.9913461538461538,639,15,639,eval-denovo
foldbench_monomer,8ka7_A,124,sparsa-scale-main-20260911-long-step-2000,single_seq,pair_network,,,,,,medium,L,0.1693548387096774,1170,21,124,eval-denovo
foldbench_monomer,8ka7_A,124,sparsa-scale-main-20260911-long-step-2000,single_seq,pair_network,,,,,,medium,L/2,0.3064516129032258,1170,21,62,eval-denovo
foldbench_monomer,8ka7_A,124,sparsa-scale-main-20260911-long-step-2000,single_seq,pair_network,,,,,,medium,L/5,0.4583333333333333,1170,21,24,eval-denovo
foldbench_monomer,8ka7_A,124,sparsa-scale-main-20260911-long-step-2000,single_seq,pair_network,,,,,,medium,R,0.47619047619047616,1170,21,21,eval-denovo
foldbench_monomer,8ka7_A,124,sparsa-scale-main-20260911-long-step-2000,single_seq,pair_network,,,,,,medium,AUC,0.9849558622404576,1170,21,1170,eval-denovo
foldbench_monomer,8ka7_A,124,sparsa-scale-main-20260911-long-step-2000,single_seq,pair_network,,,,,,long,L,0.24193548387096775,4186,51,124,eval-denovo
foldbench_monomer,8ka7_A,124,sparsa-scale-main-20260911-long-step-2000,single_seq,pair_network,,,,,,long,L/2,0.3548387096774194,4186,51,62,eval-denovo
foldbench_monomer,8ka7_A,124,sparsa-scale-main-20260911-long-step-2000,single_seq,pair_network,,,,,,long,L/5,0.5416666666666666,4186,51,24,eval-denovo
foldbench_monomer,8ka7_A,124,sparsa-scale-main-20260911-long-step-2000,single_seq,pair_network,,,,,,long,R,0.37254901960784315,4186,51,51,eval-denovo
foldbench_monomer,8ka7_A,124,sparsa-scale-main-20260911-long-step-2000,single_seq,pair_network,,,,,,long,AUC,0.9680038883751809,4186,51,4186,eval-denovo
foldbench_monomer,8kac_A,129,sparsa-scale-main-20260911-long-step-2000,single_seq,pair_network,,,,,,all,L,0.4186046511627907,6675,104,129,eval-denovo
foldbench_monomer,8kac_A,129,sparsa-scale-main-20260911-long-step-2000,single_seq,pair_network,,,,,,all,L/2,0.53125,6675,104,64,eval-denovo
foldbench_monomer,8kac_A,129,sparsa-scale-main-20260911-long-step-2000,single_seq,pair_network,,,,,,all,L/5,0.6,6675,104,25,eval-denovo
foldbench_monomer,8kac_A,129,sparsa-scale-main-20260911-long-step-2000,single_seq,pair_network,,,,,,all,R,0.4423076923076923,6675,104,104,eval-denovo
foldbench_monomer,8kac_A,129,sparsa-scale-main-20260911-long-step-2000,single_seq,pair_network,,,,,,all,AUC,0.9771358416351569,6675,104,6675,eval-denovo
foldbench_monomer,8kac_A,129,sparsa-scale-main-20260911-long-step-2000,single_seq,pair_network,,,,,,short,L,0.07751937984496124,669,10,129,eval-denovo
foldbench_monomer,8kac_A,129,sparsa-scale-main-20260911-long-step-2000,single_seq,pair_network,,,,,,short,L/2,0.15625,669,10,64,eval-denovo
foldbench_monomer,8kac_A,129,sparsa-scale-main-20260911-long-step-2000,single_seq,pair_network,,,,,,short,L/5,0.36,669,10,25,eval-denovo
foldbench_monomer,8kac_A,129,sparsa-scale-main-20260911-long-step-2000,single_seq,pair_network,,,,,,short,R,0.6,669,10,10,eval-denovo
foldbench_monomer,8kac_A,129,sparsa-scale-main-20260911-long-step-2000,single_seq,pair_network,,,,,,short,AUC,0.9915022761760243,669,10,669,eval-denovo
foldbench_monomer,8kac_A,129,sparsa-scale-main-20260911-long-step-2000,single_seq,pair_network,,,,,,medium,L,0.20155038759689922,1230,28,129,eval-denovo
foldbench_monomer,8kac_A,129,sparsa-scale-main-20260911-long-step-2000,single_seq,pair_network,,,,,,medium,L/2,0.328125,1230,28,64,eval-denovo
foldbench_monomer,8kac_A,129,sparsa-scale-main-20260911-long-step-2000,single_seq,pair_network,,,,,,medium,L/5,0.56,1230,28,25,eval-denovo
foldbench_monomer,8kac_A,129,sparsa-scale-main-20260911-long-step-2000,single_seq,pair_network,,,,,,medium,R,0.5714285714285714,1230,28,28,eval-denovo
foldbench_monomer,8kac_A,129,sparsa-scale-main-20260911-long-step-2000,single_seq,pair_network,,,,,,medium,AUC,0.9789784882338959,1230,28,1230,eval-denovo
foldbench_monomer,8kac_A,129,sparsa-scale-main-20260911-long-step-2000,single_seq,pair_network,,,,,,long,L,0.3178294573643411,4776,66,129,eval-denovo
foldbench_monomer,8kac_A,129,sparsa-scale-main-20260911-long-step-2000,single_seq,pair_network,,,,,,long,L/2,0.390625,4776,66,64,eval-denovo
foldbench_monomer,8kac_A,129,sparsa-scale-main-20260911-long-step-2000,single_seq,pair_network,,,,,,long,L/5,0.44,4776,66,25,eval-denovo
foldbench_monomer,8kac_A,129,sparsa-scale-main-20260911-long-step-2000,single_seq,pair_network,,,,,,long,R,0.3787878787878788,4776,66,66,eval-denovo
foldbench_monomer,8kac_A,129,sparsa-scale-main-20260911-long-step-2000,single_seq,pair_network,,,,,,long,AUC,0.9740558450749534,4776,66,4776,eval-denovo
foldbench_monomer,8oys_A,190,sparsa-scale-main-20260911-long-step-2000,single_seq,pair_network,,,,,,all,L,0.47368421052631576,17020,148,190,eval-denovo
foldbench_monomer,8oys_A,190,sparsa-scale-main-20260911-long-step-2000,single_seq,pair_network,,,,,,all,L/2,0.6631578947368421,17020,148,95,eval-denovo
foldbench_monomer,8oys_A,190,sparsa-scale-main-20260911-long-step-2000,single_seq,pair_network,,,,,,all,L/5,0.8947368421052632,17020,148,38,eval-denovo
foldbench_monomer,8oys_A,190,sparsa-scale-main-20260911-long-step-2000,single_seq,pair_network,,,,,,all,R,0.5608108108108109,17020,148,148,eval-denovo
foldbench_monomer,8oys_A,190,sparsa-scale-main-20260911-long-step-2000,single_seq,pair_network,,,,,,all,AUC,0.9863757560903721,17020,148,17020,eval-denovo
foldbench_monomer,8oys_A,190,sparsa-scale-main-20260911-long-step-2000,single_seq,pair_network,,,,,,short,L,0.12631578947368421,1089,24,190,eval-denovo
foldbench_monomer,8oys_A,190,sparsa-scale-main-20260911-long-step-2000,single_seq,pair_network,,,,,,short,L/2,0.25263157894736843,1089,24,95,eval-denovo
foldbench_monomer,8oys_A,190,sparsa-scale-main-20260911-long-step-2000,single_seq,pair_network,,,,,,short,L/5,0.6052631578947368,1089,24,38,eval-denovo
foldbench_monomer,8oys_A,190,sparsa-scale-main-20260911-long-step-2000,single_seq,pair_network,,,,,,short,R,0.7916666666666666,1089,24,24,eval-denovo
foldbench_monomer,8oys_A,190,sparsa-scale-main-20260911-long-step-2000,single_seq,pair_network,,,,,,short,AUC,0.995735524256651,1089,24,1089,eval-denovo
foldbench_monomer,8oys_A,190,sparsa-scale-main-20260911-long-step-2000,single_seq,pair_network,,,,,,medium,L,0.17894736842105263,2070,35,190,eval-denovo
foldbench_monomer,8oys_A,190,sparsa-scale-main-20260911-long-step-2000,single_seq,pair_network,,,,,,medium,L/2,0.3368421052631579,2070,35,95,eval-denovo
foldbench_monomer,8oys_A,190,sparsa-scale-main-20260911-long-step-2000,single_seq,pair_network,,,,,,medium,L/5,0.6052631578947368,2070,35,38,eval-denovo
foldbench_monomer,8oys_A,190,sparsa-scale-main-20260911-long-step-2000,single_seq,pair_network,,,,,,medium,R,0.6,2070,35,35,eval-denovo
foldbench_monomer,8oys_A,190,sparsa-scale-main-20260911-long-step-2000,single_seq,pair_network,,,,,,medium,AUC,0.9862548262548263,2070,35,2070,eval-denovo
foldbench_monomer,8oys_A,190,sparsa-scale-main-20260911-long-step-2000,single_seq,pair_network,,,,,,long,L,0.32105263157894737,13861,89,190,eval-denovo
foldbench_monomer,8oys_A,190,sparsa-scale-main-20260911-long-step-2000,single_seq,pair_network,,,,,,long,L/2,0.47368421052631576,13861,89,95,eval-denovo
foldbench_monomer,8oys_A,190,sparsa-scale-main-20260911-long-step-2000,single_seq,pair_network,,,,,,long,L/5,0.6842105263157895,13861,89,38,eval-denovo
foldbench_monomer,8oys_A,190,sparsa-scale-main-20260911-long-step-2000,single_seq,pair_network,,,,,,long,R,0.4943820224719101,13861,89,89,eval-denovo
foldbench_monomer,8oys_A,190,sparsa-scale-main-20260911-long-step-2000,single_seq,pair_network,,,,,,long,AUC,0.9853594820299778,13861,89,13861,eval-denovo
foldbench_monomer,8oyy_A,242,sparsa-scale-main-20260911-long-step-2000,single_seq,pair_network,,,,,,all,L,0.45041322314049587,25878,239,242,eval-denovo
foldbench_monomer,8oyy_A,242,sparsa-scale-main-20260911-long-step-2000,single_seq,pair_network,,,,,,all,L/2,0.6528925619834711,25878,239,121,eval-denovo
foldbench_monomer,8oyy_A,242,sparsa-scale-main-20260911-long-step-2000,single_seq,pair_network,,,,,,all,L/5,0.9583333333333334,25878,239,48,eval-denovo
foldbench_monomer,8oyy_A,242,sparsa-scale-main-20260911-long-step-2000,single_seq,pair_network,,,,,,all,R,0.45188284518828453,25878,239,239,eval-denovo
foldbench_monomer,8oyy_A,242,sparsa-scale-main-20260911-long-step-2000,single_seq,pair_network,,,,,,all,AUC,0.975187512616844,25878,239,25878,eval-denovo
foldbench_monomer,8oyy_A,242,sparsa-scale-main-20260911-long-step-2000,single_seq,pair_network,,,,,,short,L,0.09090909090909091,1347,22,242,eval-denovo
foldbench_monomer,8oyy_A,242,sparsa-scale-main-20260911-long-step-2000,single_seq,pair_network,,,,,,short,L/2,0.17355371900826447,1347,22,121,eval-denovo
foldbench_monomer,8oyy_A,242,sparsa-scale-main-20260911-long-step-2000,single_seq,pair_network,,,,,,short,L/5,0.3541666666666667,1347,22,48,eval-denovo
foldbench_monomer,8oyy_A,242,sparsa-scale-main-20260911-long-step-2000,single_seq,pair_network,,,,,,short,R,0.5,1347,22,22,eval-denovo
foldbench_monomer,8oyy_A,242,sparsa-scale-main-20260911-long-step-2000,single_seq,pair_network,,,,,,short,AUC,0.9852315608919382,1347,22,1347,eval-denovo
foldbench_monomer,8oyy_A,242,sparsa-scale-main-20260911-long-step-2000,single_seq,pair_network,,,,,,medium,L,0.16115702479338842,2586,39,242,eval-denovo
foldbench_monomer,8oyy_A,242,sparsa-scale-main-20260911-long-step-2000,single_seq,pair_network,,,,,,medium,L/2,0.3140495867768595,2586,39,121,eval-denovo
foldbench_monomer,8oyy_A,242,sparsa-scale-main-20260911-long-step-2000,single_seq,pair_network,,,,,,medium,L/5,0.5833333333333334,2586,39,48,eval-denovo
foldbench_monomer,8oyy_A,242,sparsa-scale-main-20260911-long-step-2000,single_seq,pair_network,,,,,,medium,R,0.6153846153846154,2586,39,39,eval-denovo
foldbench_monomer,8oyy_A,242,sparsa-scale-main-20260911-long-step-2000,single_seq,pair_network,,,,,,medium,AUC,0.993154339444092,2586,39,2586,eval-denovo
foldbench_monomer,8oyy_A,242,sparsa-scale-main-20260911-long-step-2000,single_seq,pair_network,,,,,,long,L,0.32231404958677684,21945,178,242,eval-denovo
foldbench_monomer,8oyy_A,242,sparsa-scale-main-20260911-long-step-2000,single_seq,pair_network,,,,,,long,L/2,0.48760330578512395,21945,178,121,eval-denovo
foldbench_monomer,8oyy_A,242,sparsa-scale-main-20260911-long-step-2000,single_seq,pair_network,,,,,,long,L/5,0.7708333333333334,21945,178,48,eval-denovo
foldbench_monomer,8oyy_A,242,sparsa-scale-main-20260911-long-step-2000,single_seq,pair_network,,,,,,long,R,0.38764044943820225,21945,178,178,eval-denovo
foldbench_monomer,8oyy_A,242,sparsa-scale-main-20260911-long-step-2000,single_seq,pair_network,,,,,,long,AUC,0.9689293606495349,21945,178,21945,eval-denovo
foldbench_monomer,8qkd_A,284,sparsa-scale-main-20260911-long-step-2000,single_seq,pair_network,,,,,,all,L,0.27816901408450706,37950,239,284,eval-denovo
foldbench_monomer,8qkd_A,284,sparsa-scale-main-20260911-long-step-2000,single_seq,pair_network,,,,,,all,L/2,0.38028169014084506,37950,239,142,eval-denovo
foldbench_monomer,8qkd_A,284,sparsa-scale-main-20260911-long-step-2000,single_seq,pair_network,,,,,,all,L/5,0.5892857142857143,37950,239,56,eval-denovo
foldbench_monomer,8qkd_A,284,sparsa-scale-main-20260911-long-step-2000,single_seq,pair_network,,,,,,all,R,0.29707112970711297,37950,239,239,eval-denovo
foldbench_monomer,8qkd_A,284,sparsa-scale-main-20260911-long-step-2000,single_seq,pair_network,,,,,,all,AUC,0.9580944219132315,37950,239,37950,eval-denovo
foldbench_monomer,8qkd_A,284,sparsa-scale-main-20260911-long-step-2000,single_seq,pair_network,,,,,,short,L,0.04929577464788732,1635,16,284,eval-denovo
foldbench_monomer,8qkd_A,284,sparsa-scale-main-20260911-long-step-2000,single_seq,pair_network,,,,,,short,L/2,0.09154929577464789,1635,16,142,eval-denovo
foldbench_monomer,8qkd_A,284,sparsa-scale-main-20260911-long-step-2000,single_seq,pair_network,,,,,,short,L/5,0.14285714285714285,1635,16,56,eval-denovo
foldbench_monomer,8qkd_A,284,sparsa-scale-main-20260911-long-step-2000,single_seq,pair_network,,,,,,short,R,0.25,1635,16,16,eval-denovo
foldbench_monomer,8qkd_A,284,sparsa-scale-main-20260911-long-step-2000,single_seq,pair_network,,,,,,short,AUC,0.9426343421865349,1635,16,1635,eval-denovo
foldbench_monomer,8qkd_A,284,sparsa-scale-main-20260911-long-step-2000,single_seq,pair_network,,,,,,medium,L,0.1056338028169014,3162,30,284,eval-denovo
foldbench_monomer,8qkd_A,284,sparsa-scale-main-20260911-long-step-2000,single_seq,pair_network,,,,,,medium,L/2,0.20422535211267606,3162,30,142,eval-denovo
foldbench_monomer,8qkd_A,284,sparsa-scale-main-20260911-long-step-2000,single_seq,pair_network,,,,,,medium,L/5,0.35714285714285715,3162,30,56,eval-denovo
foldbench_monomer,8qkd_A,284,sparsa-scale-main-20260911-long-step-2000,single_seq,pair_network,,,,,,medium,R,0.4666666666666667,3162,30,30,eval-denovo
foldbench_monomer,8qkd_A,284,sparsa-scale-main-20260911-long-step-2000,single_seq,pair_network,,,,,,medium,AUC,0.9892826734780759,3162,30,3162,eval-denovo
foldbench_monomer,8qkd_A,284,sparsa-scale-main-20260911-long-step-2000,single_seq,pair_network,,,,,,long,L,0.22183098591549297,33153,193,284,eval-denovo
foldbench_monomer,8qkd_A,284,sparsa-scale-main-20260911-long-step-2000,single_seq,pair_network,,,,,,long,L/2,0.31690140845070425,33153,193,142,eval-denovo
foldbench_monomer,8qkd_A,284,sparsa-scale-main-20260911-long-step-2000,single_seq,pair_network,,,,,,long,L/5,0.5535714285714286,33153,193,56,eval-denovo
foldbench_monomer,8qkd_A,284,sparsa-scale-main-20260911-long-step-2000,single_seq,pair_network,,,,,,long,R,0.26424870466321243,33153,193,193,eval-denovo
foldbench_monomer,8qkd_A,284,sparsa-scale-main-20260911-long-step-2000,single_seq,pair_network,,,,,,long,AUC,0.9537674021580562,33153,193,33153,eval-denovo
foldbench_monomer,8qup_A,124,sparsa-scale-main-20260911-long-step-2000,single_seq,pair_network,,,,,,all,L,0.6370967741935484,5901,93,124,eval-denovo
foldbench_monomer,8qup_A,124,sparsa-scale-main-20260911-long-step-2000,single_seq,pair_network,,,,,,all,L/2,0.9032258064516129,5901,93,62,eval-denovo
foldbench_monomer,8qup_A,124,sparsa-scale-main-20260911-long-step-2000,single_seq,pair_network,,,,,,all,L/5,0.9583333333333334,5901,93,24,eval-denovo
foldbench_monomer,8qup_A,124,sparsa-scale-main-20260911-long-step-2000,single_seq,pair_network,,,,,,all,R,0.7526881720430108,5901,93,93,eval-denovo
foldbench_monomer,8qup_A,124,sparsa-scale-main-20260911-long-step-2000,single_seq,pair_network,,,,,,all,AUC,0.9956807814212506,5901,93,5901,eval-denovo
foldbench_monomer,8qup_A,124,sparsa-scale-main-20260911-long-step-2000,single_seq,pair_network,,,,,,short,L,0.04032258064516129,592,5,124,eval-denovo
foldbench_monomer,8qup_A,124,sparsa-scale-main-20260911-long-step-2000,single_seq,pair_network,,,,,,short,L/2,0.08064516129032258,592,5,62,eval-denovo
foldbench_monomer,8qup_A,124,sparsa-scale-main-20260911-long-step-2000,single_seq,pair_network,,,,,,short,L/5,0.16666666666666666,592,5,24,eval-denovo
foldbench_monomer,8qup_A,124,sparsa-scale-main-20260911-long-step-2000,single_seq,pair_network,,,,,,short,R,0.6,592,5,5,eval-denovo
foldbench_monomer,8qup_A,124,sparsa-scale-main-20260911-long-step-2000,single_seq,pair_network,,,,,,short,AUC,0.9831345826235094,592,5,592,eval-denovo
foldbench_monomer,8qup_A,124,sparsa-scale-main-20260911-long-step-2000,single_seq,pair_network,,,,,,medium,L,0.12903225806451613,1074,16,124,eval-denovo
foldbench_monomer,8qup_A,124,sparsa-scale-main-20260911-long-step-2000,single_seq,pair_network,,,,,,medium,L/2,0.25806451612903225,1074,16,62,eval-denovo
foldbench_monomer,8qup_A,124,sparsa-scale-main-20260911-long-step-2000,single_seq,pair_network,,,,,,medium,L/5,0.625,1074,16,24,eval-denovo
foldbench_monomer,8qup_A,124,sparsa-scale-main-20260911-long-step-2000,single_seq,pair_network,,,,,,medium,R,0.8125,1074,16,16,eval-denovo
foldbench_monomer,8qup_A,124,sparsa-scale-main-20260911-long-step-2000,single_seq,pair_network,,,,,,medium,AUC,0.9972235349716446,1074,16,1074,eval-denovo
foldbench_monomer,8qup_A,124,sparsa-scale-main-20260911-long-step-2000,single_seq,pair_network,,,,,,long,L,0.5241935483870968,4235,72,124,eval-denovo
foldbench_monomer,8qup_A,124,sparsa-scale-main-20260911-long-step-2000,single_seq,pair_network,,,,,,long,L/2,0.8387096774193549,4235,72,62,eval-denovo
foldbench_monomer,8qup_A,124,sparsa-scale-main-20260911-long-step-2000,single_seq,pair_network,,,,,,long,L/5,0.9583333333333334,4235,72,24,eval-denovo
foldbench_monomer,8qup_A,124,sparsa-scale-main-20260911-long-step-2000,single_seq,pair_network,,,,,,long,R,0.7638888888888888,4235,72,72,eval-denovo
foldbench_monomer,8qup_A,124,sparsa-scale-main-20260911-long-step-2000,single_seq,pair_network,,,,,,long,AUC,0.9964351963060827,4235,72,4235,eval-denovo
foldbench_monomer,8vc8_A,204,sparsa-scale-main-20260911-long-step-2000,single_seq,pair_network,,,,,,all,L,0.20588235294117646,18336,147,204,eval-denovo
foldbench_monomer,8vc8_A,204,sparsa-scale-main-20260911-long-step-2000,single_seq,pair_network,,,,,,all,L/2,0.3137254901960784,18336,147,102,eval-denovo
foldbench_monomer,8vc8_A,204,sparsa-scale-main-20260911-long-step-2000,single_seq,pair_network,,,,,,all,L/5,0.525,18336,147,40,eval-denovo
foldbench_monomer,8vc8_A,204,sparsa-scale-main-20260911-long-step-2000,single_seq,pair_network,,,,,,all,R,0.2585034013605442,18336,147,147,eval-denovo
foldbench_monomer,8vc8_A,204,sparsa-scale-main-20260911-long-step-2000,single_seq,pair_network,,,,,,all,AUC,0.9016393626558326,18336,147,18336,eval-denovo
foldbench_monomer,8vc8_A,204,sparsa-scale-main-20260911-long-step-2000,single_seq,pair_network,,,,,,short,L,0.10294117647058823,1131,21,204,eval-denovo
foldbench_monomer,8vc8_A,204,sparsa-scale-main-20260911-long-step-2000,single_seq,pair_network,,,,,,short,L/2,0.20588235294117646,1131,21,102,eval-denovo
foldbench_monomer,8vc8_A,204,sparsa-scale-main-20260911-long-step-2000,single_seq,pair_network,,,,,,short,L/5,0.4,1131,21,40,eval-denovo
foldbench_monomer,8vc8_A,204,sparsa-scale-main-20260911-long-step-2000,single_seq,pair_network,,,,,,short,R,0.5238095238095238,1131,21,21,eval-denovo
foldbench_monomer,8vc8_A,204,sparsa-scale-main-20260911-long-step-2000,single_seq,pair_network,,,,,,short,AUC,0.9865722865722866,1131,21,1131,eval-denovo
foldbench_monomer,8vc8_A,204,sparsa-scale-main-20260911-long-step-2000,single_seq,pair_network,,,,,,medium,L,0.11274509803921569,2154,31,204,eval-denovo
foldbench_monomer,8vc8_A,204,sparsa-scale-main-20260911-long-step-2000,single_seq,pair_network,,,,,,medium,L/2,0.16666666666666666,2154,31,102,eval-denovo
foldbench_monomer,8vc8_A,204,sparsa-scale-main-20260911-long-step-2000,single_seq,pair_network,,,,,,medium,L/5,0.375,2154,31,40,eval-denovo
foldbench_monomer,8vc8_A,204,sparsa-scale-main-20260911-long-step-2000,single_seq,pair_network,,,,,,medium,R,0.45161290322580644,2154,31,31,eval-denovo
foldbench_monomer,8vc8_A,204,sparsa-scale-main-20260911-long-step-2000,single_seq,pair_network,,,,,,medium,AUC,0.9397383495661952,2154,31,2154,eval-denovo
foldbench_monomer,8vc8_A,204,sparsa-scale-main-20260911-long-step-2000,single_seq,pair_network,,,,,,long,L,0.06862745098039216,15051,95,204,eval-denovo
foldbench_monomer,8vc8_A,204,sparsa-scale-main-20260911-long-step-2000,single_seq,pair_network,,,,,,long,L/2,0.0784313725490196,15051,95,102,eval-denovo
foldbench_monomer,8vc8_A,204,sparsa-scale-main-20260911-long-step-2000,single_seq,pair_network,,,,,,long,L/5,0.1,15051,95,40,eval-denovo
foldbench_monomer,8vc8_A,204,sparsa-scale-main-20260911-long-step-2000,single_seq,pair_network,,,,,,long,R,0.08421052631578947,15051,95,95,eval-denovo
foldbench_monomer,8vc8_A,204,sparsa-scale-main-20260911-long-step-2000,single_seq,pair_network,,,,,,long,AUC,0.8704631832322179,15051,95,15051,eval-denovo
foldbench_monomer,8es6_A,488,sparsa-scale-main-20260911-long-step-2000,single_seq,pair_network,,,,,,all,L,0.06762295081967214,89711,460,488,eval-test
foldbench_monomer,8es6_A,488,sparsa-scale-main-20260911-long-step-2000,single_seq,pair_network,,,,,,all,L/2,0.09836065573770492,89711,460,244,eval-test
foldbench_monomer,8es6_A,488,sparsa-scale-main-20260911-long-step-2000,single_seq,pair_network,,,,,,all,L/5,0.15463917525773196,89711,460,97,eval-test
foldbench_monomer,8es6_A,488,sparsa-scale-main-20260911-long-step-2000,single_seq,pair_network,,,,,,all,R,0.06956521739130435,89711,460,460,eval-test
foldbench_monomer,8es6_A,488,sparsa-scale-main-20260911-long-step-2000,single_seq,pair_network,,,,,,all,AUC,0.8461530208162326,89711,460,89711,eval-test
foldbench_monomer,8es6_A,488,sparsa-scale-main-20260911-long-step-2000,single_seq,pair_network,,,,,,short,L,0.05942622950819672,2425,43,488,eval-test
foldbench_monomer,8es6_A,488,sparsa-scale-main-20260911-long-step-2000,single_seq,pair_network,,,,,,short,L/2,0.0860655737704918,2425,43,244,eval-test
foldbench_monomer,8es6_A,488,sparsa-scale-main-20260911-long-step-2000,single_seq,pair_network,,,,,,short,L/5,0.16494845360824742,2425,43,97,eval-test
foldbench_monomer,8es6_A,488,sparsa-scale-main-20260911-long-step-2000,single_seq,pair_network,,,,,,short,R,0.23255813953488372,2425,43,43,eval-test
foldbench_monomer,8es6_A,488,sparsa-scale-main-20260911-long-step-2000,single_seq,pair_network,,,,,,short,AUC,0.8479194735711635,2425,43,2425,eval-test
foldbench_monomer,8es6_A,488,sparsa-scale-main-20260911-long-step-2000,single_seq,pair_network,,,,,,medium,L,0.0430327868852459,4632,48,488,eval-test
foldbench_monomer,8es6_A,488,sparsa-scale-main-20260911-long-step-2000,single_seq,pair_network,,,,,,medium,L/2,0.040983606557377046,4632,48,244,eval-test
foldbench_monomer,8es6_A,488,sparsa-scale-main-20260911-long-step-2000,single_seq,pair_network,,,,,,medium,L/5,0.061855670103092786,4632,48,97,eval-test
foldbench_monomer,8es6_A,488,sparsa-scale-main-20260911-long-step-2000,single_seq,pair_network,,,,,,medium,R,0.08333333333333333,4632,48,48,eval-test
foldbench_monomer,8es6_A,488,sparsa-scale-main-20260911-long-step-2000,single_seq,pair_network,,,,,,medium,AUC,0.8033104275741711,4632,48,4632,eval-test
foldbench_monomer,8es6_A,488,sparsa-scale-main-20260911-long-step-2000,single_seq,pair_network,,,,,,long,L,0.05122950819672131,82654,369,488,eval-test
foldbench_monomer,8es6_A,488,sparsa-scale-main-20260911-long-step-2000,single_seq,pair_network,,,,,,long,L/2,0.06557377049180328,82654,369,244,eval-test
foldbench_monomer,8es6_A,488,sparsa-scale-main-20260911-long-step-2000,single_seq,pair_network,,,,,,long,L/5,0.041237113402061855,82654,369,97,eval-test
foldbench_monomer,8es6_A,488,sparsa-scale-main-20260911-long-step-2000,single_seq,pair_network,,,,,,long,R,0.05962059620596206,82654,369,369,eval-test
foldbench_monomer,8es6_A,488,sparsa-scale-main-20260911-long-step-2000,single_seq,pair_network,,,,,,long,AUC,0.840213709605043,82654,369,82654,eval-test
foldbench_monomer,8ev4_A,125,sparsa-scale-main-20260911-long-step-2000,single_seq,pair_network,,,,,,all,L,0.12,5995,95,125,eval-test
foldbench_monomer,8ev4_A,125,sparsa-scale-main-20260911-long-step-2000,single_seq,pair_network,,,,,,all,L/2,0.16129032258064516,5995,95,62,eval-test
foldbench_monomer,8ev4_A,125,sparsa-scale-main-20260911-long-step-2000,single_seq,pair_network,,,,,,all,L/5,0.28,5995,95,25,eval-test
foldbench_monomer,8ev4_A,125,sparsa-scale-main-20260911-long-step-2000,single_seq,pair_network,,,,,,all,R,0.14736842105263157,5995,95,95,eval-test
foldbench_monomer,8ev4_A,125,sparsa-scale-main-20260911-long-step-2000,single_seq,pair_network,,,,,,all,AUC,0.813328278322926,5995,95,5995,eval-test
foldbench_monomer,8ev4_A,125,sparsa-scale-main-20260911-long-step-2000,single_seq,pair_network,,,,,,short,L,0.088,639,15,125,eval-test
foldbench_monomer,8ev4_A,125,sparsa-scale-main-20260911-long-step-2000,single_seq,pair_network,,,,,,short,L/2,0.12903225806451613,639,15,62,eval-test
foldbench_monomer,8ev4_A,125,sparsa-scale-main-20260911-long-step-2000,single_seq,pair_network,,,,,,short,L/5,0.2,639,15,25,eval-test
foldbench_monomer,8ev4_A,125,sparsa-scale-main-20260911-long-step-2000,single_seq,pair_network,,,,,,short,R,0.3333333333333333,639,15,15,eval-test
foldbench_monomer,8ev4_A,125,sparsa-scale-main-20260911-long-step-2000,single_seq,pair_network,,,,,,short,AUC,0.8994123931623932,639,15,639,eval-test
foldbench_monomer,8ev4_A,125,sparsa-scale-main-20260911-long-step-2000,single_seq,pair_network,,,,,,medium,L,0.112,1170,25,125,eval-test
foldbench_monomer,8ev4_A,125,sparsa-scale-main-20260911-long-step-2000,single_seq,pair_network,,,,,,medium,L/2,0.16129032258064516,1170,25,62,eval-test
foldbench_monomer,8ev4_A,125,sparsa-scale-main-20260911-long-step-2000,single_seq,pair_network,,,,,,medium,L/5,0.24,1170,25,25,eval-test
foldbench_monomer,8ev4_A,125,sparsa-scale-main-20260911-long-step-2000,single_seq,pair_network,,,,,,medium,R,0.24,1170,25,25,eval-test
foldbench_monomer,8ev4_A,125,sparsa-scale-main-20260911-long-step-2000,single_seq,pair_network,,,,,,medium,AUC,0.8999301310043668,1170,25,1170,eval-test
foldbench_monomer,8ev4_A,125,sparsa-scale-main-20260911-long-step-2000,single_seq,pair_network,,,,,,long,L,0.024,4186,55,125,eval-test
foldbench_monomer,8ev4_A,125,sparsa-scale-main-20260911-long-step-2000,single_seq,pair_network,,,,,,long,L/2,0.03225806451612903,4186,55,62,eval-test
foldbench_monomer,8ev4_A,125,sparsa-scale-main-20260911-long-step-2000,single_seq,pair_network,,,,,,long,L/5,0.04,4186,55,25,eval-test
foldbench_monomer,8ev4_A,125,sparsa-scale-main-20260911-long-step-2000,single_seq,pair_network,,,,,,long,R,0.01818181818181818,4186,55,55,eval-test
foldbench_monomer,8ev4_A,125,sparsa-scale-main-20260911-long-step-2000,single_seq,pair_network,,,,,,long,AUC,0.7478092471556523,4186,55,4186,eval-test
foldbench_monomer,8ew1_A,267,sparsa-scale-main-20260911-long-step-2000,single_seq,pair_network,,,,,,all,L,0.21348314606741572,33411,363,267,eval-test
foldbench_monomer,8ew1_A,267,sparsa-scale-main-20260911-long-step-2000,single_seq,pair_network,,,,,,all,L/2,0.3157894736842105,33411,363,133,eval-test
foldbench_monomer,8ew1_A,267,sparsa-scale-main-20260911-long-step-2000,single_seq,pair_network,,,,,,all,L/5,0.41509433962264153,33411,363,53,eval-test
foldbench_monomer,8ew1_A,267,sparsa-scale-main-20260911-long-step-2000,single_seq,pair_network,,,,,,all,R,0.1763085399449036,33411,363,363,eval-test
foldbench_monomer,8ew1_A,267,sparsa-scale-main-20260911-long-step-2000,single_seq,pair_network,,,,,,all,AUC,0.8311026269161543,33411,363,33411,eval-test
foldbench_monomer,8ew1_A,267,sparsa-scale-main-20260911-long-step-2000,single_seq,pair_network,,,,,,short,L,0.10861423220973783,1533,43,267,eval-test
foldbench_monomer,8ew1_A,267,sparsa-scale-main-20260911-long-step-2000,single_seq,pair_network,,,,,,short,L/2,0.15037593984962405,1533,43,133,eval-test
foldbench_monomer,8ew1_A,267,sparsa-scale-main-20260911-long-step-2000,single_seq,pair_network,,,,,,short,L/5,0.2641509433962264,1533,43,53,eval-test
foldbench_monomer,8ew1_A,267,sparsa-scale-main-20260911-long-step-2000,single_seq,pair_network,,,,,,short,R,0.32558139534883723,1533,43,43,eval-test
foldbench_monomer,8ew1_A,267,sparsa-scale-main-20260911-long-step-2000,single_seq,pair_network,,,,,,short,AUC,0.8581083190260652,1533,43,1533,eval-test
foldbench_monomer,8ew1_A,267,sparsa-scale-main-20260911-long-step-2000,single_seq,pair_network,,,,,,medium,L,0.12734082397003746,2958,54,267,eval-test
foldbench_monomer,8ew1_A,267,sparsa-scale-main-20260911-long-step-2000,single_seq,pair_network,,,,,,medium,L/2,0.19548872180451127,2958,54,133,eval-test
foldbench_monomer,8ew1_A,267,sparsa-scale-main-20260911-long-step-2000,single_seq,pair_network,,,,,,medium,L/5,0.32075471698113206,2958,54,53,eval-test
foldbench_monomer,8ew1_A,267,sparsa-scale-main-20260911-long-step-2000,single_seq,pair_network,,,,,,medium,R,0.3148148148148148,2958,54,54,eval-test
foldbench_monomer,8ew1_A,267,sparsa-scale-main-20260911-long-step-2000,single_seq,pair_network,,,,,,medium,AUC,0.8936046066727885,2958,54,2958,eval-test
foldbench_monomer,8ew1_A,267,sparsa-scale-main-20260911-long-step-2000,single_seq,pair_network,,,,,,long,L,0.11235955056179775,28920,266,267,eval-test
foldbench_monomer,8ew1_A,267,sparsa-scale-main-20260911-long-step-2000,single_seq,pair_network,,,,,,long,L/2,0.15789473684210525,28920,266,133,eval-test
foldbench_monomer,8ew1_A,267,sparsa-scale-main-20260911-long-step-2000,single_seq,pair_network,,,,,,long,L/5,0.22641509433962265,28920,266,53,eval-test
foldbench_monomer,8ew1_A,267,sparsa-scale-main-20260911-long-step-2000,single_seq,pair_network,,,,,,long,R,0.11278195488721804,28920,266,266,eval-test
foldbench_monomer,8ew1_A,267,sparsa-scale-main-20260911-long-step-2000,single_seq,pair_network,,,,,,long,AUC,0.8071651217455238,28920,266,28920,eval-test
foldbench_monomer,8ew9_A,248,sparsa-scale-main-20260911-long-step-2000,single_seq,pair_network,,,,,,all,L,0.15725806451612903,27730,231,248,eval-test
foldbench_monomer,8ew9_A,248,sparsa-scale-main-20260911-long-step-2000,single_seq,pair_network,,,,,,all,L/2,0.22580645161290322,27730,231,124,eval-test
foldbench_monomer,8ew9_A,248,sparsa-scale-main-20260911-long-step-2000,single_seq,pair_network,,,,,,all,L/5,0.40816326530612246,27730,231,49,eval-test
foldbench_monomer,8ew9_A,248,sparsa-scale-main-20260911-long-step-2000,single_seq,pair_network,,,,,,all,R,0.16883116883116883,27730,231,231,eval-test
foldbench_monomer,8ew9_A,248,sparsa-scale-main-20260911-long-step-2000,single_seq,pair_network,,,,,,all,AUC,0.867383371201692,27730,231,27730,eval-test
foldbench_monomer,8ew9_A,248,sparsa-scale-main-20260911-long-step-2000,single_seq,pair_network,,,,,,short,L,0.08064516129032258,1395,31,248,eval-test
foldbench_monomer,8ew9_A,248,sparsa-scale-main-20260911-long-step-2000,single_seq,pair_network,,,,,,short,L/2,0.13709677419354838,1395,31,124,eval-test
foldbench_monomer,8ew9_A,248,sparsa-scale-main-20260911-long-step-2000,single_seq,pair_network,,,,,,short,L/5,0.24489795918367346,1395,31,49,eval-test
foldbench_monomer,8ew9_A,248,sparsa-scale-main-20260911-long-step-2000,single_seq,pair_network,,,,,,short,R,0.3870967741935484,1395,31,31,eval-test
foldbench_monomer,8ew9_A,248,sparsa-scale-main-20260911-long-step-2000,single_seq,pair_network,,,,,,short,AUC,0.8388633998675622,1395,31,1395,eval-test
foldbench_monomer,8ew9_A,248,sparsa-scale-main-20260911-long-step-2000,single_seq,pair_network,,,,,,medium,L,0.0846774193548387,2682,36,248,eval-test
foldbench_monomer,8ew9_A,248,sparsa-scale-main-20260911-long-step-2000,single_seq,pair_network,,,,,,medium,L/2,0.14516129032258066,2682,36,124,eval-test
foldbench_monomer,8ew9_A,248,sparsa-scale-main-20260911-long-step-2000,single_seq,pair_network,,,,,,medium,L/5,0.2653061224489796,2682,36,49,eval-test
foldbench_monomer,8ew9_A,248,sparsa-scale-main-20260911-long-step-2000,single_seq,pair_network,,,,,,medium,R,0.3611111111111111,2682,36,36,eval-test
foldbench_monomer,8ew9_A,248,sparsa-scale-main-20260911-long-step-2000,single_seq,pair_network,,,,,,medium,AUC,0.8920487948265726,2682,36,2682,eval-test
foldbench_monomer,8ew9_A,248,sparsa-scale-main-20260911-long-step-2000,single_seq,pair_network,,,,,,long,L,0.10483870967741936,23653,164,248,eval-test
foldbench_monomer,8ew9_A,248,sparsa-scale-main-20260911-long-step-2000,single_seq,pair_network,,,,,,long,L/2,0.11290322580645161,23653,164,124,eval-test
foldbench_monomer,8ew9_A,248,sparsa-scale-main-20260911-long-step-2000,single_seq,pair_network,,,,,,long,L/5,0.16326530612244897,23653,164,49,eval-test
foldbench_monomer,8ew9_A,248,sparsa-scale-main-20260911-long-step-2000,single_seq,pair_network,,,,,,long,R,0.10975609756097561,23653,164,164,eval-test
foldbench_monomer,8ew9_A,248,sparsa-scale-main-20260911-long-step-2000,single_seq,pair_network,,,,,,long,AUC,0.8619052613106915,23653,164,23653,eval-test
foldbench_monomer,8ey3_A,65,sparsa-scale-main-20260911-long-step-2000,single_seq,pair_network,,,,,,all,L,0.3384615384615385,1485,39,65,eval-test
foldbench_monomer,8ey3_A,65,sparsa-scale-main-20260911-long-step-2000,single_seq,pair_network,,,,,,all,L/2,0.53125,1485,39,32,eval-test
foldbench_monomer,8ey3_A,65,sparsa-scale-main-20260911-long-step-2000,single_seq,pair_network,,,,,,all,L/5,0.7692307692307693,1485,39,13,eval-test
foldbench_monomer,8ey3_A,65,sparsa-scale-main-20260911-long-step-2000,single_seq,pair_network,,,,,,all,R,0.4358974358974359,1485,39,39,eval-test
foldbench_monomer,8ey3_A,65,sparsa-scale-main-20260911-long-step-2000,single_seq,pair_network,,,,,,all,AUC,0.9234049721601589,1485,39,1485,eval-test
foldbench_monomer,8ey3_A,65,sparsa-scale-main-20260911-long-step-2000,single_seq,pair_network,,,,,,short,L,0.2,309,15,65,eval-test
foldbench_monomer,8ey3_A,65,sparsa-scale-main-20260911-long-step-2000,single_seq,pair_network,,,,,,short,L/2,0.3125,309,15,32,eval-test
foldbench_monomer,8ey3_A,65,sparsa-scale-main-20260911-long-step-2000,single_seq,pair_network,,,,,,short,L/5,0.5384615384615384,309,15,13,eval-test
foldbench_monomer,8ey3_A,65,sparsa-scale-main-20260911-long-step-2000,single_seq,pair_network,,,,,,short,R,0.4666666666666667,309,15,15,eval-test
foldbench_monomer,8ey3_A,65,sparsa-scale-main-20260911-long-step-2000,single_seq,pair_network,,,,,,short,AUC,0.9326530612244899,309,15,309,eval-test
foldbench_monomer,8ey3_A,65,sparsa-scale-main-20260911-long-step-2000,single_seq,pair_network,,,,,,medium,L,0.2153846153846154,510,19,65,eval-test
foldbench_monomer,8ey3_A,65,sparsa-scale-main-20260911-long-step-2000,single_seq,pair_network,,,,,,medium,L/2,0.40625,510,19,32,eval-test
foldbench_monomer,8ey3_A,65,sparsa-scale-main-20260911-long-step-2000,single_seq,pair_network,,,,,,medium,L/5,0.6153846153846154,510,19,13,eval-test
foldbench_monomer,8ey3_A,65,sparsa-scale-main-20260911-long-step-2000,single_seq,pair_network,,,,,,medium,R,0.5263157894736842,510,19,19,eval-test
foldbench_monomer,8ey3_A,65,sparsa-scale-main-20260911-long-step-2000,single_seq,pair_network,,,,,,medium,AUC,0.910922928502519,510,19,510,eval-test
foldbench_monomer,8ey3_A,65,sparsa-scale-main-20260911-long-step-2000,single_seq,pair_network,,,,,,long,L,0.03076923076923077,666,5,65,eval-test
foldbench_monomer,8ey3_A,65,sparsa-scale-main-20260911-long-step-2000,single_seq,pair_network,,,,,,long,L/2,0.03125,666,5,32,eval-test
foldbench_monomer,8ey3_A,65,sparsa-scale-main-20260911-long-step-2000,single_seq,pair_network,,,,,,long,L/5,0.0,666,5,13,eval-test
foldbench_monomer,8ey3_A,65,sparsa-scale-main-20260911-long-step-2000,single_seq,pair_network,,,,,,long,R,0.0,666,5,5,eval-test
foldbench_monomer,8ey3_A,65,sparsa-scale-main-20260911-long-step-2000,single_seq,pair_network,,,,,,long,AUC,0.8649016641452345,666,5,666,eval-test
foldbench_monomer,8ez6_A,72,sparsa-scale-main-20260911-long-step-2000,single_seq,pair_network,,,,,,all,L,0.3888888888888889,1770,42,72,eval-test
foldbench_monomer,8ez6_A,72,sparsa-scale-main-20260911-long-step-2000,single_seq,pair_network,,,,,,all,L/2,0.6388888888888888,1770,42,36,eval-test
foldbench_monomer,8ez6_A,72,sparsa-scale-main-20260911-long-step-2000,single_seq,pair_network,,,,,,all,L/5,0.7857142857142857,1770,42,14,eval-test
foldbench_monomer,8ez6_A,72,sparsa-scale-main-20260911-long-step-2000,single_seq,pair_network,,,,,,all,R,0.5714285714285714,1770,42,42,eval-test
foldbench_monomer,8ez6_A,72,sparsa-scale-main-20260911-long-step-2000,single_seq,pair_network,,,,,,all,AUC,0.9697282848324514,1770,42,1770,eval-test
foldbench_monomer,8ez6_A,72,sparsa-scale-main-20260911-long-step-2000,single_seq,pair_network,,,,,,short,L,0.16666666666666666,339,12,72,eval-test
foldbench_monomer,8ez6_A,72,sparsa-scale-main-20260911-long-step-2000,single_seq,pair_network,,,,,,short,L/2,0.2777777777777778,339,12,36,eval-test
foldbench_monomer,8ez6_A,72,sparsa-scale-main-20260911-long-step-2000,single_seq,pair_network,,,,,,short,L/5,0.5,339,12,14,eval-test
foldbench_monomer,8ez6_A,72,sparsa-scale-main-20260911-long-step-2000,single_seq,pair_network,,,,,,short,R,0.5833333333333334,339,12,12,eval-test
foldbench_monomer,8ez6_A,72,sparsa-scale-main-20260911-long-step-2000,single_seq,pair_network,,,,,,short,AUC,0.9663608562691132,339,12,339,eval-test
foldbench_monomer,8ez6_A,72,sparsa-scale-main-20260911-long-step-2000,single_seq,pair_network,,,,,,medium,L,0.125,570,9,72,eval-test
foldbench_monomer,8ez6_A,72,sparsa-scale-main-20260911-long-step-2000,single_seq,pair_network,,,,,,medium,L/2,0.19444444444444445,570,9,36,eval-test
foldbench_monomer,8ez6_A,72,sparsa-scale-main-20260911-long-step-2000,single_seq,pair_network,,,,,,medium,L/5,0.42857142857142855,570,9,14,eval-test
foldbench_monomer,8ez6_A,72,sparsa-scale-main-20260911-long-step-2000,single_seq,pair_network,,,,,,medium,R,0.6666666666666666,570,9,9,eval-test
foldbench_monomer,8ez6_A,72,sparsa-scale-main-20260911-long-step-2000,single_seq,pair_network,,,,,,medium,AUC,0.9770251534957418,570,9,570,eval-test
foldbench_monomer,8ez6_A,72,sparsa-scale-main-20260911-long-step-2000,single_seq,pair_network,,,,,,long,L,0.25,861,21,72,eval-test
foldbench_monomer,8ez6_A,72,sparsa-scale-main-20260911-long-step-2000,single_seq,pair_network,,,,,,long,L/2,0.4166666666666667,861,21,36,eval-test
foldbench_monomer,8ez6_A,72,sparsa-scale-main-20260911-long-step-2000,single_seq,pair_network,,,,,,long,L/5,0.7142857142857143,861,21,14,eval-test
foldbench_monomer,8ez6_A,72,sparsa-scale-main-20260911-long-step-2000,single_seq,pair_network,,,,,,long,R,0.6190476190476191,861,21,21,eval-test
foldbench_monomer,8ez6_A,72,sparsa-scale-main-20260911-long-step-2000,single_seq,pair_network,,,,,,long,AUC,0.9699546485260772,861,21,861,eval-test
foldbench_monomer,8ezw_A,160,sparsa-scale-main-20260911-long-step-2000,single_seq,pair_network,,,,,,all,L,0.3,8016,118,160,eval-test
foldbench_monomer,8ezw_A,160,sparsa-scale-main-20260911-long-step-2000,single_seq,pair_network,,,,,,all,L/2,0.3875,8016,118,80,eval-test
foldbench_monomer,8ezw_A,160,sparsa-scale-main-20260911-long-step-2000,single_seq,pair_network,,,,,,all,L/5,0.5625,8016,118,32,eval-test
foldbench_monomer,8ezw_A,160,sparsa-scale-main-20260911-long-step-2000,single_seq,pair_network,,,,,,all,R,0.3389830508474576,8016,118,118,eval-test
foldbench_monomer,8ezw_A,160,sparsa-scale-main-20260911-long-step-2000,single_seq,pair_network,,,,,,all,AUC,0.9201106480507831,8016,118,8016,eval-test
foldbench_monomer,8ezw_A,160,sparsa-scale-main-20260911-long-step-2000,single_seq,pair_network,,,,,,short,L,0.09375,690,17,160,eval-test
foldbench_monomer,8ezw_A,160,sparsa-scale-main-20260911-long-step-2000,single_seq,pair_network,,,,,,short,L/2,0.1625,690,17,80,eval-test
foldbench_monomer,8ezw_A,160,sparsa-scale-main-20260911-long-step-2000,single_seq,pair_network,,,,,,short,L/5,0.34375,690,17,32,eval-test
foldbench_monomer,8ezw_A,160,sparsa-scale-main-20260911-long-step-2000,single_seq,pair_network,,,,,,short,R,0.47058823529411764,690,17,17,eval-test
foldbench_monomer,8ezw_A,160,sparsa-scale-main-20260911-long-step-2000,single_seq,pair_network,,,,,,short,AUC,0.912813565247793,690,17,690,eval-test
foldbench_monomer,8ezw_A,160,sparsa-scale-main-20260911-long-step-2000,single_seq,pair_network,,,,,,medium,L,0.08125,1242,21,160,eval-test
foldbench_monomer,8ezw_A,160,sparsa-scale-main-20260911-long-step-2000,single_seq,pair_network,,,,,,medium,L/2,0.15,1242,21,80,eval-test
foldbench_monomer,8ezw_A,160,sparsa-scale-main-20260911-long-step-2000,single_seq,pair_network,,,,,,medium,L/5,0.28125,1242,21,32,eval-test
foldbench_monomer,8ezw_A,160,sparsa-scale-main-20260911-long-step-2000,single_seq,pair_network,,,,,,medium,R,0.38095238095238093,1242,21,21,eval-test
foldbench_monomer,8ezw_A,160,sparsa-scale-main-20260911-long-step-2000,single_seq,pair_network,,,,,,medium,AUC,0.8823758823758824,1242,21,1242,eval-test
foldbench_monomer,8ezw_A,160,sparsa-scale-main-20260911-long-step-2000,single_seq,pair_network,,,,,,long,L,0.20625,6084,80,160,eval-test
foldbench_monomer,8ezw_A,160,sparsa-scale-main-20260911-long-step-2000,single_seq,pair_network,,,,,,long,L/2,0.3125,6084,80,80,eval-test
foldbench_monomer,8ezw_A,160,sparsa-scale-main-20260911-long-step-2000,single_seq,pair_network,,,,,,long,L/5,0.375,6084,80,32,eval-test
foldbench_monomer,8ezw_A,160,sparsa-scale-main-20260911-long-step-2000,single_seq,pair_network,,,,,,long,R,0.3125,6084,80,80,eval-test
foldbench_monomer,8ezw_A,160,sparsa-scale-main-20260911-long-step-2000,single_seq,pair_network,,,,,,long,AUC,0.9326417804796803,6084,80,6084,eval-test
foldbench_monomer,8f8n_A,220,sparsa-scale-main-20260911-long-step-2000,single_seq,pair_network,,,,,,all,L,0.22272727272727272,10153,109,220,eval-test
foldbench_monomer,8f8n_A,220,sparsa-scale-main-20260911-long-step-2000,single_seq,pair_network,,,,,,all,L/2,0.2727272727272727,10153,109,110,eval-test
foldbench_monomer,8f8n_A,220,sparsa-scale-main-20260911-long-step-2000,single_seq,pair_network,,,,,,all,L/5,0.2727272727272727,10153,109,44,eval-test
foldbench_monomer,8f8n_A,220,sparsa-scale-main-20260911-long-step-2000,single_seq,pair_network,,,,,,all,R,0.26605504587155965,10153,109,109,eval-test
foldbench_monomer,8f8n_A,220,sparsa-scale-main-20260911-long-step-2000,single_seq,pair_network,,,,,,all,AUC,0.9604780251297959,10153,109,10153,eval-test
foldbench_monomer,8f8n_A,220,sparsa-scale-main-20260911-long-step-2000,single_seq,pair_network,,,,,,short,L,0.03636363636363636,837,8,220,eval-test
foldbench_monomer,8f8n_A,220,sparsa-scale-main-20260911-long-step-2000,single_seq,pair_network,,,,,,short,L/2,0.07272727272727272,837,8,110,eval-test
foldbench_monomer,8f8n_A,220,sparsa-scale-main-20260911-long-step-2000,single_seq,pair_network,,,,,,short,L/5,0.18181818181818182,837,8,44,eval-test
foldbench_monomer,8f8n_A,220,sparsa-scale-main-20260911-long-step-2000,single_seq,pair_network,,,,,,short,R,0.5,837,8,8,eval-test
foldbench_monomer,8f8n_A,220,sparsa-scale-main-20260911-long-step-2000,single_seq,pair_network,,,,,,short,AUC,0.9892943305186972,837,8,837,eval-test
foldbench_monomer,8f8n_A,220,sparsa-scale-main-20260911-long-step-2000,single_seq,pair_network,,,,,,medium,L,0.06818181818181818,1566,16,220,eval-test
foldbench_monomer,8f8n_A,220,sparsa-scale-main-20260911-long-step-2000,single_seq,pair_network,,,,,,medium,L/2,0.11818181818181818,1566,16,110,eval-test
foldbench_monomer,8f8n_A,220,sparsa-scale-main-20260911-long-step-2000,single_seq,pair_network,,,,,,medium,L/5,0.25,1566,16,44,eval-test
foldbench_monomer,8f8n_A,220,sparsa-scale-main-20260911-long-step-2000,single_seq,pair_network,,,,,,medium,R,0.4375,1566,16,16,eval-test
foldbench_monomer,8f8n_A,220,sparsa-scale-main-20260911-long-step-2000,single_seq,pair_network,,,,,,medium,AUC,0.9647983870967742,1566,16,1566,eval-test
foldbench_monomer,8f8n_A,220,sparsa-scale-main-20260911-long-step-2000,single_seq,pair_network,,,,,,long,L,0.22272727272727272,7750,85,220,eval-test
foldbench_monomer,8f8n_A,220,sparsa-scale-main-20260911-long-step-2000,single_seq,pair_network,,,,,,long,L/2,0.2636363636363636,7750,85,110,eval-test
foldbench_monomer,8f8n_A,220,sparsa-scale-main-20260911-long-step-2000,single_seq,pair_network,,,,,,long,L/5,0.25,7750,85,44,eval-test
foldbench_monomer,8f8n_A,220,sparsa-scale-main-20260911-long-step-2000,single_seq,pair_network,,,,,,long,R,0.25882352941176473,7750,85,85,eval-test
foldbench_monomer,8f8n_A,220,sparsa-scale-main-20260911-long-step-2000,single_seq,pair_network,,,,,,long,AUC,0.959320824220099,7750,85,7750,eval-test
foldbench_monomer,8f9o_A,496,sparsa-scale-main-20260911-long-step-2000,single_seq,pair_network,,,,,,all,L,0.15725806451612903,115921,590,496,eval-test
foldbench_monomer,8f9o_A,496,sparsa-scale-main-20260911-long-step-2000,single_seq,pair_network,,,,,,all,L/2,0.23387096774193547,115921,590,248,eval-test
foldbench_monomer,8f9o_A,496,sparsa-scale-main-20260911-long-step-2000,single_seq,pair_network,,,,,,all,L/5,0.36363636363636365,115921,590,99,eval-test
foldbench_monomer,8f9o_A,496,sparsa-scale-main-20260911-long-step-2000,single_seq,pair_network,,,,,,all,R,0.1423728813559322,115921,590,590,eval-test
foldbench_monomer,8f9o_A,496,sparsa-scale-main-20260911-long-step-2000,single_seq,pair_network,,,,,,all,AUC,0.8934421324385567,115921,590,115921,eval-test
foldbench_monomer,8f9o_A,496,sparsa-scale-main-20260911-long-step-2000,single_seq,pair_network,,,,,,short,L,0.08064516129032258,2871,65,496,eval-test
foldbench_monomer,8f9o_A,496,sparsa-scale-main-20260911-long-step-2000,single_seq,pair_network,,,,,,short,L/2,0.0967741935483871,2871,65,248,eval-test
foldbench_monomer,8f9o_A,496,sparsa-scale-main-20260911-long-step-2000,single_seq,pair_network,,,,,,short,L/5,0.16161616161616163,2871,65,99,eval-test
foldbench_monomer,8f9o_A,496,sparsa-scale-main-20260911-long-step-2000,single_seq,pair_network,,,,,,short,R,0.2,2871,65,65,eval-test
foldbench_monomer,8f9o_A,496,sparsa-scale-main-20260911-long-step-2000,single_seq,pair_network,,,,,,short,AUC,0.830327868852459,2871,65,2871,eval-test
foldbench_monomer,8f9o_A,496,sparsa-scale-main-20260911-long-step-2000,single_seq,pair_network,,,,,,medium,L,0.0907258064516129,5634,97,496,eval-test
foldbench_monomer,8f9o_A,496,sparsa-scale-main-20260911-long-step-2000,single_seq,pair_network,,,,,,medium,L/2,0.13709677419354838,5634,97,248,eval-test
foldbench_monomer,8f9o_A,496,sparsa-scale-main-20260911-long-step-2000,single_seq,pair_network,,,,,,medium,L/5,0.1717171717171717,5634,97,99,eval-test
foldbench_monomer,8f9o_A,496,sparsa-scale-main-20260911-long-step-2000,single_seq,pair_network,,,,,,medium,R,0.17525773195876287,5634,97,97,eval-test
foldbench_monomer,8f9o_A,496,sparsa-scale-main-20260911-long-step-2000,single_seq,pair_network,,,,,,medium,AUC,0.8640579121895998,5634,97,5634,eval-test
foldbench_monomer,8f9o_A,496,sparsa-scale-main-20260911-long-step-2000,single_seq,pair_network,,,,,,long,L,0.10483870967741936,107416,428,496,eval-test
foldbench_monomer,8f9o_A,496,sparsa-scale-main-20260911-long-step-2000,single_seq,pair_network,,,,,,long,L/2,0.15725806451612903,107416,428,248,eval-test
foldbench_monomer,8f9o_A,496,sparsa-scale-main-20260911-long-step-2000,single_seq,pair_network,,,,,,long,L/5,0.30303030303030304,107416,428,99,eval-test
foldbench_monomer,8f9o_A,496,sparsa-scale-main-20260911-long-step-2000,single_seq,pair_network,,,,,,long,R,0.11448598130841121,107416,428,428,eval-test
foldbench_monomer,8f9o_A,496,sparsa-scale-main-20260911-long-step-2000,single_seq,pair_network,,,,,,long,AUC,0.8842333593006675,107416,428,107416,eval-test
foldbench_monomer,8fbc_A,395,sparsa-scale-main-20260911-long-step-2000,single_seq,pair_network,,,,,,all,L,0.14430379746835442,75078,426,395,eval-test
foldbench_monomer,8fbc_A,395,sparsa-scale-main-20260911-long-step-2000,single_seq,pair_network,,,,,,all,L/2,0.19289340101522842,75078,426,197,eval-test
foldbench_monomer,8fbc_A,395,sparsa-scale-main-20260911-long-step-2000,single_seq,pair_network,,,,,,all,L/5,0.3291139240506329,75078,426,79,eval-test
foldbench_monomer,8fbc_A,395,sparsa-scale-main-20260911-long-step-2000,single_seq,pair_network,,,,,,all,R,0.14553990610328638,75078,426,426,eval-test
foldbench_monomer,8fbc_A,395,sparsa-scale-main-20260911-long-step-2000,single_seq,pair_network,,,,,,all,AUC,0.8442511909406751,75078,426,75078,eval-test
foldbench_monomer,8fbc_A,395,sparsa-scale-main-20260911-long-step-2000,single_seq,pair_network,,,,,,short,L,0.08354430379746836,2307,42,395,eval-test
foldbench_monomer,8fbc_A,395,sparsa-scale-main-20260911-long-step-2000,single_seq,pair_network,,,,,,short,L/2,0.13705583756345177,2307,42,197,eval-test
foldbench_monomer,8fbc_A,395,sparsa-scale-main-20260911-long-step-2000,single_seq,pair_network,,,,,,short,L/5,0.24050632911392406,2307,42,79,eval-test
foldbench_monomer,8fbc_A,395,sparsa-scale-main-20260911-long-step-2000,single_seq,pair_network,,,,,,short,R,0.38095238095238093,2307,42,42,eval-test
foldbench_monomer,8fbc_A,395,sparsa-scale-main-20260911-long-step-2000,single_seq,pair_network,,,,,,short,AUC,0.9119047619047619,2307,42,2307,eval-test
foldbench_monomer,8fbc_A,395,sparsa-scale-main-20260911-long-step-2000,single_seq,pair_network,,,,,,medium,L,0.09113924050632911,4506,69,395,eval-test
foldbench_monomer,8fbc_A,395,sparsa-scale-main-20260911-long-step-2000,single_seq,pair_network,,,,,,medium,L/2,0.1319796954314721,4506,69,197,eval-test
foldbench_monomer,8fbc_A,395,sparsa-scale-main-20260911-long-step-2000,single_seq,pair_network,,,,,,medium,L/5,0.17721518987341772,4506,69,79,eval-test
foldbench_monomer,8fbc_A,395,sparsa-scale-main-20260911-long-step-2000,single_seq,pair_network,,,,,,medium,R,0.2028985507246377,4506,69,69,eval-test
foldbench_monomer,8fbc_A,395,sparsa-scale-main-20260911-long-step-2000,single_seq,pair_network,,,,,,medium,AUC,0.8729965082818069,4506,69,4506,eval-test
foldbench_monomer,8fbc_A,395,sparsa-scale-main-20260911-long-step-2000,single_seq,pair_network,,,,,,long,L,0.07341772151898734,68265,315,395,eval-test
foldbench_monomer,8fbc_A,395,sparsa-scale-main-20260911-long-step-2000,single_seq,pair_network,,,,,,long,L/2,0.1116751269035533,68265,315,197,eval-test
foldbench_monomer,8fbc_A,395,sparsa-scale-main-20260911-long-step-2000,single_seq,pair_network,,,,,,long,L/5,0.08860759493670886,68265,315,79,eval-test
foldbench_monomer,8fbc_A,395,sparsa-scale-main-20260911-long-step-2000,single_seq,pair_network,,,,,,long,R,0.08253968253968254,68265,315,315,eval-test
foldbench_monomer,8fbc_A,395,sparsa-scale-main-20260911-long-step-2000,single_seq,pair_network,,,,,,long,AUC,0.8194001424950653,68265,315,68265,eval-test
foldbench_monomer,8jjq_A,331,sparsa-scale-main-20260911-long-step-2000,single_seq,pair_network,,,,,,all,L,0.4984894259818731,49785,346,331,eval-test
foldbench_monomer,8jjq_A,331,sparsa-scale-main-20260911-long-step-2000,single_seq,pair_network,,,,,,all,L/2,0.6484848484848484,49785,346,165,eval-test
foldbench_monomer,8jjq_A,331,sparsa-scale-main-20260911-long-step-2000,single_seq,pair_network,,,,,,all,L/5,0.7424242424242424,49785,346,66,eval-test
foldbench_monomer,8jjq_A,331,sparsa-scale-main-20260911-long-step-2000,single_seq,pair_network,,,,,,all,R,0.49421965317919075,49785,346,346,eval-test
foldbench_monomer,8jjq_A,331,sparsa-scale-main-20260911-long-step-2000,single_seq,pair_network,,,,,,all,AUC,0.988267844989569,49785,346,49785,eval-test
foldbench_monomer,8jjq_A,331,sparsa-scale-main-20260911-long-step-2000,single_seq,pair_network,,,,,,short,L,0.12386706948640483,1845,43,331,eval-test
foldbench_monomer,8jjq_A,331,sparsa-scale-main-20260911-long-step-2000,single_seq,pair_network,,,,,,short,L/2,0.23636363636363636,1845,43,165,eval-test
foldbench_monomer,8jjq_A,331,sparsa-scale-main-20260911-long-step-2000,single_seq,pair_network,,,,,,short,L/5,0.4696969696969697,1845,43,66,eval-test
foldbench_monomer,8jjq_A,331,sparsa-scale-main-20260911-long-step-2000,single_seq,pair_network,,,,,,short,R,0.627906976744186,1845,43,43,eval-test
foldbench_monomer,8jjq_A,331,sparsa-scale-main-20260911-long-step-2000,single_seq,pair_network,,,,,,short,AUC,0.9752277830833957,1845,43,1845,eval-test
foldbench_monomer,8jjq_A,331,sparsa-scale-main-20260911-long-step-2000,single_seq,pair_network,,,,,,medium,L,0.1510574018126888,3582,55,331,eval-test
foldbench_monomer,8jjq_A,331,sparsa-scale-main-20260911-long-step-2000,single_seq,pair_network,,,,,,medium,L/2,0.24848484848484848,3582,55,165,eval-test
foldbench_monomer,8jjq_A,331,sparsa-scale-main-20260911-long-step-2000,single_seq,pair_network,,,,,,medium,L/5,0.3939393939393939,3582,55,66,eval-test
foldbench_monomer,8jjq_A,331,sparsa-scale-main-20260911-long-step-2000,single_seq,pair_network,,,,,,medium,R,0.43636363636363634,3582,55,55,eval-test
foldbench_monomer,8jjq_A,331,sparsa-scale-main-20260911-long-step-2000,single_seq,pair_network,,,,,,medium,AUC,0.97468360955744,3582,55,3582,eval-test
foldbench_monomer,8jjq_A,331,sparsa-scale-main-20260911-long-step-2000,single_seq,pair_network,,,,,,long,L,0.4169184290030212,44358,248,331,eval-test
foldbench_monomer,8jjq_A,331,sparsa-scale-main-20260911-long-step-2000,single_seq,pair_network,,,,,,long,L/2,0.5515151515151515,44358,248,165,eval-test
foldbench_monomer,8jjq_A,331,sparsa-scale-main-20260911-long-step-2000,single_seq,pair_network,,,,,,long,L/5,0.7272727272727273,44358,248,66,eval-test
foldbench_monomer,8jjq_A,331,sparsa-scale-main-20260911-long-step-2000,single_seq,pair_network,,,,,,long,R,0.4879032258064516,44358,248,248,eval-test
foldbench_monomer,8jjq_A,331,sparsa-scale-main-20260911-long-step-2000,single_seq,pair_network,,,,,,long,AUC,0.9897295343020748,44358,248,44358,eval-test
foldbench_monomer,8fib_A,441,sparsa-scale-main-20260911-long-step-2000,single_seq,pair_network,,,,,,all,L,0.1292517006802721,85078,404,441,eval-test
foldbench_monomer,8fib_A,441,sparsa-scale-main-20260911-long-step-2000,single_seq,pair_network,,,,,,all,L/2,0.15454545454545454,85078,404,220,eval-test
foldbench_monomer,8fib_A,441,sparsa-scale-main-20260911-long-step-2000,single_seq,pair_network,,,,,,all,L/5,0.22727272727272727,85078,404,88,eval-test
foldbench_monomer,8fib_A,441,sparsa-scale-main-20260911-long-step-2000,single_seq,pair_network,,,,,,all,R,0.13366336633663367,85078,404,404,eval-test
foldbench_monomer,8fib_A,441,sparsa-scale-main-20260911-long-step-2000,single_seq,pair_network,,,,,,all,AUC,0.8626550121058354,85078,404,85078,eval-test
foldbench_monomer,8fib_A,441,sparsa-scale-main-20260911-long-step-2000,single_seq,pair_network,,,,,,short,L,0.1111111111111111,2457,59,441,eval-test
foldbench_monomer,8fib_A,441,sparsa-scale-main-20260911-long-step-2000,single_seq,pair_network,,,,,,short,L/2,0.18181818181818182,2457,59,220,eval-test
foldbench_monomer,8fib_A,441,sparsa-scale-main-20260911-long-step-2000,single_seq,pair_network,,,,,,short,L/5,0.2840909090909091,2457,59,88,eval-test
foldbench_monomer,8fib_A,441,sparsa-scale-main-20260911-long-step-2000,single_seq,pair_network,,,,,,short,R,0.3559322033898305,2457,59,59,eval-test
foldbench_monomer,8fib_A,441,sparsa-scale-main-20260911-long-step-2000,single_seq,pair_network,,,,,,short,AUC,0.918703439306767,2457,59,2457,eval-test
foldbench_monomer,8fib_A,441,sparsa-scale-main-20260911-long-step-2000,single_seq,pair_network,,,,,,medium,L,0.06802721088435375,4806,47,441,eval-test
foldbench_monomer,8fib_A,441,sparsa-scale-main-20260911-long-step-2000,single_seq,pair_network,,,,,,medium,L/2,0.09090909090909091,4806,47,220,eval-test
foldbench_monomer,8fib_A,441,sparsa-scale-main-20260911-long-step-2000,single_seq,pair_network,,,,,,medium,L/5,0.10227272727272728,4806,47,88,eval-test
foldbench_monomer,8fib_A,441,sparsa-scale-main-20260911-long-step-2000,single_seq,pair_network,,,,,,medium,R,0.14893617021276595,4806,47,47,eval-test
foldbench_monomer,8fib_A,441,sparsa-scale-main-20260911-long-step-2000,single_seq,pair_network,,,,,,medium,AUC,0.9113929709888989,4806,47,4806,eval-test
foldbench_monomer,8fib_A,441,sparsa-scale-main-20260911-long-step-2000,single_seq,pair_network,,,,,,long,L,0.05895691609977324,77815,298,441,eval-test
foldbench_monomer,8fib_A,441,sparsa-scale-main-20260911-long-step-2000,single_seq,pair_network,,,,,,long,L/2,0.07727272727272727,77815,298,220,eval-test
foldbench_monomer,8fib_A,441,sparsa-scale-main-20260911-long-step-2000,single_seq,pair_network,,,,,,long,L/5,0.03409090909090909,77815,298,88,eval-test
foldbench_monomer,8fib_A,441,sparsa-scale-main-20260911-long-step-2000,single_seq,pair_network,,,,,,long,R,0.06375838926174497,77815,298,298,eval-test
foldbench_monomer,8fib_A,441,sparsa-scale-main-20260911-long-step-2000,single_seq,pair_network,,,,,,long,AUC,0.8358272006668725,77815,298,77815,eval-test
foldbench_monomer,8fr5_A,97,sparsa-scale-main-20260911-long-step-2000,single_seq,pair_network,,,,,,all,L,0.4020618556701031,3755,90,97,eval-test
foldbench_monomer,8fr5_A,97,sparsa-scale-main-20260911-long-step-2000,single_seq,pair_network,,,,,,all,L/2,0.6041666666666666,3755,90,48,eval-test
foldbench_monomer,8fr5_A,97,sparsa-scale-main-20260911-long-step-2000,single_seq,pair_network,,,,,,all,L/5,0.6842105263157895,3755,90,19,eval-test
foldbench_monomer,8fr5_A,97,sparsa-scale-main-20260911-long-step-2000,single_seq,pair_network,,,,,,all,R,0.43333333333333335,3755,90,90,eval-test
foldbench_monomer,8fr5_A,97,sparsa-scale-main-20260911-long-step-2000,single_seq,pair_network,,,,,,all,AUC,0.8877899045020464,3755,90,3755,eval-test
foldbench_monomer,8fr5_A,97,sparsa-scale-main-20260911-long-step-2000,single_seq,pair_network,,,,,,short,L,0.17525773195876287,477,18,97,eval-test
foldbench_monomer,8fr5_A,97,sparsa-scale-main-20260911-long-step-2000,single_seq,pair_network,,,,,,short,L/2,0.3333333333333333,477,18,48,eval-test
foldbench_monomer,8fr5_A,97,sparsa-scale-main-20260911-long-step-2000,single_seq,pair_network,,,,,,short,L/5,0.5789473684210527,477,18,19,eval-test
foldbench_monomer,8fr5_A,97,sparsa-scale-main-20260911-long-step-2000,single_seq,pair_network,,,,,,short,R,0.6111111111111112,477,18,18,eval-test
foldbench_monomer,8fr5_A,97,sparsa-scale-main-20260911-long-step-2000,single_seq,pair_network,,,,,,short,AUC,0.9513435003631081,477,18,477,eval-test
foldbench_monomer,8fr5_A,97,sparsa-scale-main-20260911-long-step-2000,single_seq,pair_network,,,,,,medium,L,0.16494845360824742,846,20,97,eval-test
foldbench_monomer,8fr5_A,97,sparsa-scale-main-20260911-long-step-2000,single_seq,pair_network,,,,,,medium,L/2,0.2916666666666667,846,20,48,eval-test
foldbench_monomer,8fr5_A,97,sparsa-scale-main-20260911-long-step-2000,single_seq,pair_network,,,,,,medium,L/5,0.5789473684210527,846,20,19,eval-test
foldbench_monomer,8fr5_A,97,sparsa-scale-main-20260911-long-step-2000,single_seq,pair_network,,,,,,medium,R,0.55,846,20,20,eval-test
foldbench_monomer,8fr5_A,97,sparsa-scale-main-20260911-long-step-2000,single_seq,pair_network,,,,,,medium,AUC,0.9406476997578692,846,20,846,eval-test
foldbench_monomer,8fr5_A,97,sparsa-scale-main-20260911-long-step-2000,single_seq,pair_network,,,,,,long,L,0.1958762886597938,2432,52,97,eval-test
foldbench_monomer,8fr5_A,97,sparsa-scale-main-20260911-long-step-2000,single_seq,pair_network,,,,,,long,L/2,0.3333333333333333,2432,52,48,eval-test
foldbench_monomer,8fr5_A,97,sparsa-scale-main-20260911-long-step-2000,single_seq,pair_network,,,,,,long,L/5,0.47368421052631576,2432,52,19,eval-test
foldbench_monomer,8fr5_A,97,sparsa-scale-main-20260911-long-step-2000,single_seq,pair_network,,,,,,long,R,0.3269230769230769,2432,52,52,eval-test
foldbench_monomer,8fr5_A,97,sparsa-scale-main-20260911-long-step-2000,single_seq,pair_network,,,,,,long,AUC,0.8420006464124111,2432,52,2432,eval-test
foldbench_monomer,8fty_A,509,sparsa-scale-main-20260911-long-step-2000,single_seq,pair_network,,,,,,all,L,0.32612966601178783,114018,581,509,eval-test
foldbench_monomer,8fty_A,509,sparsa-scale-main-20260911-long-step-2000,single_seq,pair_network,,,,,,all,L/2,0.4645669291338583,114018,581,254,eval-test
foldbench_monomer,8fty_A,509,sparsa-scale-main-20260911-long-step-2000,single_seq,pair_network,,,,,,all,L/5,0.6831683168316832,114018,581,101,eval-test
foldbench_monomer,8fty_A,509,sparsa-scale-main-20260911-long-step-2000,single_seq,pair_network,,,,,,all,R,0.2977624784853701,114018,581,581,eval-test
foldbench_monomer,8fty_A,509,sparsa-scale-main-20260911-long-step-2000,single_seq,pair_network,,,,,,all,AUC,0.9161464998116966,114018,581,114018,eval-test
foldbench_monomer,8fty_A,509,sparsa-scale-main-20260911-long-step-2000,single_seq,pair_network,,,,,,short,L,0.11787819253438114,2796,70,509,eval-test
foldbench_monomer,8fty_A,509,sparsa-scale-main-20260911-long-step-2000,single_seq,pair_network,,,,,,short,L/2,0.2125984251968504,2796,70,254,eval-test
foldbench_monomer,8fty_A,509,sparsa-scale-main-20260911-long-step-2000,single_seq,pair_network,,,,,,short,L/5,0.4158415841584158,2796,70,101,eval-test
foldbench_monomer,8fty_A,509,sparsa-scale-main-20260911-long-step-2000,single_seq,pair_network,,,,,,short,R,0.5714285714285714,2796,70,70,eval-test
foldbench_monomer,8fty_A,509,sparsa-scale-main-20260911-long-step-2000,single_seq,pair_network,,,,,,short,AUC,0.9404360129965412,2796,70,2796,eval-test
foldbench_monomer,8fty_A,509,sparsa-scale-main-20260911-long-step-2000,single_seq,pair_network,,,,,,medium,L,0.1807465618860511,5382,127,509,eval-test
foldbench_monomer,8fty_A,509,sparsa-scale-main-20260911-long-step-2000,single_seq,pair_network,,,,,,medium,L/2,0.2795275590551181,5382,127,254,eval-test
foldbench_monomer,8fty_A,509,sparsa-scale-main-20260911-long-step-2000,single_seq,pair_network,,,,,,medium,L/5,0.4158415841584158,5382,127,101,eval-test
foldbench_monomer,8fty_A,509,sparsa-scale-main-20260911-long-step-2000,single_seq,pair_network,,,,,,medium,R,0.3779527559055118,5382,127,127,eval-test
foldbench_monomer,8fty_A,509,sparsa-scale-main-20260911-long-step-2000,single_seq,pair_network,,,,,,medium,AUC,0.9179124493358406,5382,127,5382,eval-test
foldbench_monomer,8fty_A,509,sparsa-scale-main-20260911-long-step-2000,single_seq,pair_network,,,,,,long,L,0.17485265225933203,105840,384,509,eval-test
foldbench_monomer,8fty_A,509,sparsa-scale-main-20260911-long-step-2000,single_seq,pair_network,,,,,,long,L/2,0.2637795275590551,105840,384,254,eval-test
foldbench_monomer,8fty_A,509,sparsa-scale-main-20260911-long-step-2000,single_seq,pair_network,,,,,,long,L/5,0.4158415841584158,105840,384,101,eval-test
foldbench_monomer,8fty_A,509,sparsa-scale-main-20260911-long-step-2000,single_seq,pair_network,,,,,,long,R,0.203125,105840,384,384,eval-test
foldbench_monomer,8fty_A,509,sparsa-scale-main-20260911-long-step-2000,single_seq,pair_network,,,,,,long,AUC,0.8943533149093776,105840,384,105840,eval-test
foldbench_monomer,8h2f_A,180,sparsa-scale-main-20260911-long-step-2000,single_seq,pair_network,,,,,,all,L,0.1388888888888889,13861,187,180,eval-test
foldbench_monomer,8h2f_A,180,sparsa-scale-main-20260911-long-step-2000,single_seq,pair_network,,,,,,all,L/2,0.18888888888888888,13861,187,90,eval-test
foldbench_monomer,8h2f_A,180,sparsa-scale-main-20260911-long-step-2000,single_seq,pair_network,,,,,,all,L/5,0.2222222222222222,13861,187,36,eval-test
foldbench_monomer,8h2f_A,180,sparsa-scale-main-20260911-long-step-2000,single_seq,pair_network,,,,,,all,R,0.13368983957219252,13861,187,187,eval-test
foldbench_monomer,8h2f_A,180,sparsa-scale-main-20260911-long-step-2000,single_seq,pair_network,,,,,,all,AUC,0.8277452270947869,13861,187,13861,eval-test
foldbench_monomer,8h2f_A,180,sparsa-scale-main-20260911-long-step-2000,single_seq,pair_network,,,,,,short,L,0.07777777777777778,981,23,180,eval-test
foldbench_monomer,8h2f_A,180,sparsa-scale-main-20260911-long-step-2000,single_seq,pair_network,,,,,,short,L/2,0.13333333333333333,981,23,90,eval-test
foldbench_monomer,8h2f_A,180,sparsa-scale-main-20260911-long-step-2000,single_seq,pair_network,,,,,,short,L/5,0.16666666666666666,981,23,36,eval-test
foldbench_monomer,8h2f_A,180,sparsa-scale-main-20260911-long-step-2000,single_seq,pair_network,,,,,,short,R,0.21739130434782608,981,23,23,eval-test
foldbench_monomer,8h2f_A,180,sparsa-scale-main-20260911-long-step-2000,single_seq,pair_network,,,,,,short,AUC,0.783380230552782,981,23,981,eval-test
foldbench_monomer,8h2f_A,180,sparsa-scale-main-20260911-long-step-2000,single_seq,pair_network,,,,,,medium,L,0.11666666666666667,1854,39,180,eval-test
foldbench_monomer,8h2f_A,180,sparsa-scale-main-20260911-long-step-2000,single_seq,pair_network,,,,,,medium,L/2,0.12222222222222222,1854,39,90,eval-test
foldbench_monomer,8h2f_A,180,sparsa-scale-main-20260911-long-step-2000,single_seq,pair_network,,,,,,medium,L/5,0.25,1854,39,36,eval-test
foldbench_monomer,8h2f_A,180,sparsa-scale-main-20260911-long-step-2000,single_seq,pair_network,,,,,,medium,R,0.23076923076923078,1854,39,39,eval-test
foldbench_monomer,8h2f_A,180,sparsa-scale-main-20260911-long-step-2000,single_seq,pair_network,,,,,,medium,AUC,0.8910574274210639,1854,39,1854,eval-test
foldbench_monomer,8h2f_A,180,sparsa-scale-main-20260911-long-step-2000,single_seq,pair_network,,,,,,long,L,0.1111111111111111,11026,125,180,eval-test
foldbench_monomer,8h2f_A,180,sparsa-scale-main-20260911-long-step-2000,single_seq,pair_network,,,,,,long,L/2,0.13333333333333333,11026,125,90,eval-test
foldbench_monomer,8h2f_A,180,sparsa-scale-main-20260911-long-step-2000,single_seq,pair_network,,,,,,long,L/5,0.2222222222222222,11026,125,36,eval-test
foldbench_monomer,8h2f_A,180,sparsa-scale-main-20260911-long-step-2000,single_seq,pair_network,,,,,,long,R,0.136,11026,125,125,eval-test
foldbench_monomer,8h2f_A,180,sparsa-scale-main-20260911-long-step-2000,single_seq,pair_network,,,,,,long,AUC,0.8129903678561601,11026,125,11026,eval-test
foldbench_monomer,8fz8_A,405,sparsa-scale-main-20260911-long-step-2000,single_seq,pair_network,,,,,,all,L,0.15308641975308643,73934,367,405,eval-test
foldbench_monomer,8fz8_A,405,sparsa-scale-main-20260911-long-step-2000,single_seq,pair_network,,,,,,all,L/2,0.2376237623762376,73934,367,202,eval-test
foldbench_monomer,8fz8_A,405,sparsa-scale-main-20260911-long-step-2000,single_seq,pair_network,,,,,,all,L/5,0.345679012345679,73934,367,81,eval-test
foldbench_monomer,8fz8_A,405,sparsa-scale-main-20260911-long-step-2000,single_seq,pair_network,,,,,,all,R,0.16076294277929154,73934,367,367,eval-test
foldbench_monomer,8fz8_A,405,sparsa-scale-main-20260911-long-step-2000,single_seq,pair_network,,,,,,all,AUC,0.8515656769011725,73934,367,73934,eval-test
foldbench_monomer,8fz8_A,405,sparsa-scale-main-20260911-long-step-2000,single_seq,pair_network,,,,,,short,L,0.07407407407407407,2265,43,405,eval-test
foldbench_monomer,8fz8_A,405,sparsa-scale-main-20260911-long-step-2000,single_seq,pair_network,,,,,,short,L/2,0.12871287128712872,2265,43,202,eval-test
foldbench_monomer,8fz8_A,405,sparsa-scale-main-20260911-long-step-2000,single_seq,pair_network,,,,,,short,L/5,0.2345679012345679,2265,43,81,eval-test
foldbench_monomer,8fz8_A,405,sparsa-scale-main-20260911-long-step-2000,single_seq,pair_network,,,,,,short,R,0.3488372093023256,2265,43,43,eval-test
foldbench_monomer,8fz8_A,405,sparsa-scale-main-20260911-long-step-2000,single_seq,pair_network,,,,,,short,AUC,0.871308061038662,2265,43,2265,eval-test
foldbench_monomer,8fz8_A,405,sparsa-scale-main-20260911-long-step-2000,single_seq,pair_network,,,,,,medium,L,0.08888888888888889,4422,49,405,eval-test
foldbench_monomer,8fz8_A,405,sparsa-scale-main-20260911-long-step-2000,single_seq,pair_network,,,,,,medium,L/2,0.15841584158415842,4422,49,202,eval-test
foldbench_monomer,8fz8_A,405,sparsa-scale-main-20260911-long-step-2000,single_seq,pair_network,,,,,,medium,L/5,0.24691358024691357,4422,49,81,eval-test
foldbench_monomer,8fz8_A,405,sparsa-scale-main-20260911-long-step-2000,single_seq,pair_network,,,,,,medium,R,0.30612244897959184,4422,49,49,eval-test
foldbench_monomer,8fz8_A,405,sparsa-scale-main-20260911-long-step-2000,single_seq,pair_network,,,,,,medium,AUC,0.9405022470913817,4422,49,4422,eval-test
foldbench_monomer,8fz8_A,405,sparsa-scale-main-20260911-long-step-2000,single_seq,pair_network,,,,,,long,L,0.04938271604938271,67247,275,405,eval-test
foldbench_monomer,8fz8_A,405,sparsa-scale-main-20260911-long-step-2000,single_seq,pair_network,,,,,,long,L/2,0.07920792079207921,67247,275,202,eval-test
foldbench_monomer,8fz8_A,405,sparsa-scale-main-20260911-long-step-2000,single_seq,pair_network,,,,,,long,L/5,0.12345679012345678,67247,275,81,eval-test
foldbench_monomer,8fz8_A,405,sparsa-scale-main-20260911-long-step-2000,single_seq,pair_network,,,,,,long,R,0.06909090909090909,67247,275,275,eval-test
foldbench_monomer,8fz8_A,405,sparsa-scale-main-20260911-long-step-2000,single_seq,pair_network,,,,,,long,AUC,0.8273606337519616,67247,275,67247,eval-test
foldbench_monomer,8fz9_A,138,sparsa-scale-main-20260911-long-step-2000,single_seq,pair_network,,,,,,all,L,0.36231884057971014,8515,139,138,eval-test
foldbench_monomer,8fz9_A,138,sparsa-scale-main-20260911-long-step-2000,single_seq,pair_network,,,,,,all,L/2,0.4782608695652174,8515,139,69,eval-test
foldbench_monomer,8fz9_A,138,sparsa-scale-main-20260911-long-step-2000,single_seq,pair_network,,,,,,all,L/5,0.6666666666666666,8515,139,27,eval-test
foldbench_monomer,8fz9_A,138,sparsa-scale-main-20260911-long-step-2000,single_seq,pair_network,,,,,,all,R,0.3597122302158273,8515,139,139,eval-test
foldbench_monomer,8fz9_A,138,sparsa-scale-main-20260911-long-step-2000,single_seq,pair_network,,,,,,all,AUC,0.9107333044738993,8515,139,8515,eval-test
foldbench_monomer,8fz9_A,138,sparsa-scale-main-20260911-long-step-2000,single_seq,pair_network,,,,,,short,L,0.10869565217391304,765,20,138,eval-test
foldbench_monomer,8fz9_A,138,sparsa-scale-main-20260911-long-step-2000,single_seq,pair_network,,,,,,short,L/2,0.2028985507246377,765,20,69,eval-test
foldbench_monomer,8fz9_A,138,sparsa-scale-main-20260911-long-step-2000,single_seq,pair_network,,,,,,short,L/5,0.3333333333333333,765,20,27,eval-test
foldbench_monomer,8fz9_A,138,sparsa-scale-main-20260911-long-step-2000,single_seq,pair_network,,,,,,short,R,0.45,765,20,20,eval-test
foldbench_monomer,8fz9_A,138,sparsa-scale-main-20260911-long-step-2000,single_seq,pair_network,,,,,,short,AUC,0.914496644295302,765,20,765,eval-test
foldbench_monomer,8fz9_A,138,sparsa-scale-main-20260911-long-step-2000,single_seq,pair_network,,,,,,medium,L,0.10144927536231885,1422,21,138,eval-test
foldbench_monomer,8fz9_A,138,sparsa-scale-main-20260911-long-step-2000,single_seq,pair_network,,,,,,medium,L/2,0.17391304347826086,1422,21,69,eval-test
foldbench_monomer,8fz9_A,138,sparsa-scale-main-20260911-long-step-2000,single_seq,pair_network,,,,,,medium,L/5,0.37037037037037035,1422,21,27,eval-test
foldbench_monomer,8fz9_A,138,sparsa-scale-main-20260911-long-step-2000,single_seq,pair_network,,,,,,medium,R,0.38095238095238093,1422,21,21,eval-test
foldbench_monomer,8fz9_A,138,sparsa-scale-main-20260911-long-step-2000,single_seq,pair_network,,,,,,medium,AUC,0.9120696101424153,1422,21,1422,eval-test
foldbench_monomer,8fz9_A,138,sparsa-scale-main-20260911-long-step-2000,single_seq,pair_network,,,,,,long,L,0.2826086956521739,6328,98,138,eval-test
foldbench_monomer,8fz9_A,138,sparsa-scale-main-20260911-long-step-2000,single_seq,pair_network,,,,,,long,L/2,0.4057971014492754,6328,98,69,eval-test
foldbench_monomer,8fz9_A,138,sparsa-scale-main-20260911-long-step-2000,single_seq,pair_network,,,,,,long,L/5,0.5555555555555556,6328,98,27,eval-test
foldbench_monomer,8fz9_A,138,sparsa-scale-main-20260911-long-step-2000,single_seq,pair_network,,,,,,long,R,0.3469387755102041,6328,98,98,eval-test
foldbench_monomer,8fz9_A,138,sparsa-scale-main-20260911-long-step-2000,single_seq,pair_network,,,,,,long,AUC,0.9095767681069218,6328,98,6328,eval-test
foldbench_monomer,8g0n_A,247,sparsa-scale-main-20260911-long-step-2000,single_seq,pair_network,,,,,,all,L,0.4291497975708502,27966,263,247,eval-test
foldbench_monomer,8g0n_A,247,sparsa-scale-main-20260911-long-step-2000,single_seq,pair_network,,,,,,all,L/2,0.6260162601626016,27966,263,123,eval-test
foldbench_monomer,8g0n_A,247,sparsa-scale-main-20260911-long-step-2000,single_seq,pair_network,,,,,,all,L/5,0.7755102040816326,27966,263,49,eval-test
foldbench_monomer,8g0n_A,247,sparsa-scale-main-20260911-long-step-2000,single_seq,pair_network,,,,,,all,R,0.42585551330798477,27966,263,263,eval-test
foldbench_monomer,8g0n_A,247,sparsa-scale-main-20260911-long-step-2000,single_seq,pair_network,,,,,,all,AUC,0.9741281400251911,27966,263,27966,eval-test
foldbench_monomer,8g0n_A,247,sparsa-scale-main-20260911-long-step-2000,single_seq,pair_network,,,,,,short,L,0.08502024291497975,1401,22,247,eval-test
foldbench_monomer,8g0n_A,247,sparsa-scale-main-20260911-long-step-2000,single_seq,pair_network,,,,,,short,L/2,0.15447154471544716,1401,22,123,eval-test
foldbench_monomer,8g0n_A,247,sparsa-scale-main-20260911-long-step-2000,single_seq,pair_network,,,,,,short,L/5,0.2857142857142857,1401,22,49,eval-test
foldbench_monomer,8g0n_A,247,sparsa-scale-main-20260911-long-step-2000,single_seq,pair_network,,,,,,short,R,0.45454545454545453,1401,22,22,eval-test
foldbench_monomer,8g0n_A,247,sparsa-scale-main-20260911-long-step-2000,single_seq,pair_network,,,,,,short,AUC,0.9684224405036588,1401,22,1401,eval-test
foldbench_monomer,8g0n_A,247,sparsa-scale-main-20260911-long-step-2000,single_seq,pair_network,,,,,,medium,L,0.12550607287449392,2694,33,247,eval-test
foldbench_monomer,8g0n_A,247,sparsa-scale-main-20260911-long-step-2000,single_seq,pair_network,,,,,,medium,L/2,0.21138211382113822,2694,33,123,eval-test
foldbench_monomer,8g0n_A,247,sparsa-scale-main-20260911-long-step-2000,single_seq,pair_network,,,,,,medium,L/5,0.3469387755102041,2694,33,49,eval-test
foldbench_monomer,8g0n_A,247,sparsa-scale-main-20260911-long-step-2000,single_seq,pair_network,,,,,,medium,R,0.45454545454545453,2694,33,33,eval-test
foldbench_monomer,8g0n_A,247,sparsa-scale-main-20260911-long-step-2000,single_seq,pair_network,,,,,,medium,AUC,0.9594649994875473,2694,33,2694,eval-test
foldbench_monomer,8g0n_A,247,sparsa-scale-main-20260911-long-step-2000,single_seq,pair_network,,,,,,long,L,0.4008097165991903,23871,208,247,eval-test
foldbench_monomer,8g0n_A,247,sparsa-scale-main-20260911-long-step-2000,single_seq,pair_network,,,,,,long,L/2,0.5609756097560976,23871,208,123,eval-test
foldbench_monomer,8g0n_A,247,sparsa-scale-main-20260911-long-step-2000,single_seq,pair_network,,,,,,long,L/5,0.7346938775510204,23871,208,49,eval-test
foldbench_monomer,8g0n_A,247,sparsa-scale-main-20260911-long-step-2000,single_seq,pair_network,,,,,,long,R,0.4230769230769231,23871,208,208,eval-test
foldbench_monomer,8g0n_A,247,sparsa-scale-main-20260911-long-step-2000,single_seq,pair_network,,,,,,long,AUC,0.9768388412289227,23871,208,23871,eval-test
foldbench_monomer,8g1l_A,252,sparsa-scale-main-20260911-long-step-2000,single_seq,pair_network,,,,,,all,L,0.14285714285714285,30381,275,252,eval-test
foldbench_monomer,8g1l_A,252,sparsa-scale-main-20260911-long-step-2000,single_seq,pair_network,,,,,,all,L/2,0.1984126984126984,30381,275,126,eval-test
foldbench_monomer,8g1l_A,252,sparsa-scale-main-20260911-long-step-2000,single_seq,pair_network,,,,,,all,L/5,0.34,30381,275,50,eval-test
foldbench_monomer,8g1l_A,252,sparsa-scale-main-20260911-long-step-2000,single_seq,pair_network,,,,,,all,R,0.13454545454545455,30381,275,275,eval-test
foldbench_monomer,8g1l_A,252,sparsa-scale-main-20260911-long-step-2000,single_seq,pair_network,,,,,,all,AUC,0.8334051200908306,30381,275,30381,eval-test
foldbench_monomer,8g1l_A,252,sparsa-scale-main-20260911-long-step-2000,single_seq,pair_network,,,,,,short,L,0.0992063492063492,1461,36,252,eval-test
foldbench_monomer,8g1l_A,252,sparsa-scale-main-20260911-long-step-2000,single_seq,pair_network,,,,,,short,L/2,0.1349206349206349,1461,36,126,eval-test
foldbench_monomer,8g1l_A,252,sparsa-scale-main-20260911-long-step-2000,single_seq,pair_network,,,,,,short,L/5,0.2,1461,36,50,eval-test
foldbench_monomer,8g1l_A,252,sparsa-scale-main-20260911-long-step-2000,single_seq,pair_network,,,,,,short,R,0.25,1461,36,36,eval-test
foldbench_monomer,8g1l_A,252,sparsa-scale-main-20260911-long-step-2000,single_seq,pair_network,,,,,,short,AUC,0.8724658869395712,1461,36,1461,eval-test
foldbench_monomer,8g1l_A,252,sparsa-scale-main-20260911-long-step-2000,single_seq,pair_network,,,,,,medium,L,0.11904761904761904,2814,53,252,eval-test
foldbench_monomer,8g1l_A,252,sparsa-scale-main-20260911-long-step-2000,single_seq,pair_network,,,,,,medium,L/2,0.15079365079365079,2814,53,126,eval-test
foldbench_monomer,8g1l_A,252,sparsa-scale-main-20260911-long-step-2000,single_seq,pair_network,,,,,,medium,L/5,0.28,2814,53,50,eval-test
foldbench_monomer,8g1l_A,252,sparsa-scale-main-20260911-long-step-2000,single_seq,pair_network,,,,,,medium,R,0.2641509433962264,2814,53,53,eval-test
foldbench_monomer,8g1l_A,252,sparsa-scale-main-20260911-long-step-2000,single_seq,pair_network,,,,,,medium,AUC,0.8989496559217675,2814,53,2814,eval-test
foldbench_monomer,8g1l_A,252,sparsa-scale-main-20260911-long-step-2000,single_seq,pair_network,,,,,,long,L,0.05952380952380952,26106,186,252,eval-test
foldbench_monomer,8g1l_A,252,sparsa-scale-main-20260911-long-step-2000,single_seq,pair_network,,,,,,long,L/2,0.05555555555555555,26106,186,126,eval-test
foldbench_monomer,8g1l_A,252,sparsa-scale-main-20260911-long-step-2000,single_seq,pair_network,,,,,,long,L/5,0.04,26106,186,50,eval-test
foldbench_monomer,8g1l_A,252,sparsa-scale-main-20260911-long-step-2000,single_seq,pair_network,,,,,,long,R,0.05913978494623656,26106,186,186,eval-test
foldbench_monomer,8g1l_A,252,sparsa-scale-main-20260911-long-step-2000,single_seq,pair_network,,,,,,long,AUC,0.7985699381056683,26106,186,26106,eval-test
foldbench_monomer,8g1y_A,497,sparsa-scale-main-20260911-long-step-2000,single_seq,pair_network,,,,,,all,L,0.1790744466800805,120295,476,497,eval-test
foldbench_monomer,8g1y_A,497,sparsa-scale-main-20260911-long-step-2000,single_seq,pair_network,,,,,,all,L/2,0.2217741935483871,120295,476,248,eval-test
foldbench_monomer,8g1y_A,497,sparsa-scale-main-20260911-long-step-2000,single_seq,pair_network,,,,,,all,L/5,0.35353535353535354,120295,476,99,eval-test
foldbench_monomer,8g1y_A,497,sparsa-scale-main-20260911-long-step-2000,single_seq,pair_network,,,,,,all,R,0.1869747899159664,120295,476,476,eval-test
foldbench_monomer,8g1y_A,497,sparsa-scale-main-20260911-long-step-2000,single_seq,pair_network,,,,,,all,AUC,0.8816915707101909,120295,476,120295,eval-test
foldbench_monomer,8g1y_A,497,sparsa-scale-main-20260911-long-step-2000,single_seq,pair_network,,,,,,short,L,0.10462776659959759,2925,61,497,eval-test
foldbench_monomer,8g1y_A,497,sparsa-scale-main-20260911-long-step-2000,single_seq,pair_network,,,,,,short,L/2,0.1693548387096774,2925,61,248,eval-test
foldbench_monomer,8g1y_A,497,sparsa-scale-main-20260911-long-step-2000,single_seq,pair_network,,,,,,short,L/5,0.25252525252525254,2925,61,99,eval-test
foldbench_monomer,8g1y_A,497,sparsa-scale-main-20260911-long-step-2000,single_seq,pair_network,,,,,,short,R,0.32786885245901637,2925,61,61,eval-test
foldbench_monomer,8g1y_A,497,sparsa-scale-main-20260911-long-step-2000,single_seq,pair_network,,,,,,short,AUC,0.9216760921329792,2925,61,2925,eval-test
foldbench_monomer,8g1y_A,497,sparsa-scale-main-20260911-long-step-2000,single_seq,pair_network,,,,,,medium,L,0.06841046277665996,5742,59,497,eval-test
foldbench_monomer,8g1y_A,497,sparsa-scale-main-20260911-long-step-2000,single_seq,pair_network,,,,,,medium,L/2,0.0967741935483871,5742,59,248,eval-test
foldbench_monomer,8g1y_A,497,sparsa-scale-main-20260911-long-step-2000,single_seq,pair_network,,,,,,medium,L/5,0.1717171717171717,5742,59,99,eval-test
foldbench_monomer,8g1y_A,497,sparsa-scale-main-20260911-long-step-2000,single_seq,pair_network,,,,,,medium,R,0.2033898305084746,5742,59,59,eval-test
foldbench_monomer,8g1y_A,497,sparsa-scale-main-20260911-long-step-2000,single_seq,pair_network,,,,,,medium,AUC,0.8811590917902635,5742,59,5742,eval-test
foldbench_monomer,8g1y_A,497,sparsa-scale-main-20260911-long-step-2000,single_seq,pair_network,,,,,,long,L,0.11871227364185111,111628,356,497,eval-test
foldbench_monomer,8g1y_A,497,sparsa-scale-main-20260911-long-step-2000,single_seq,pair_network,,,,,,long,L/2,0.16532258064516128,111628,356,248,eval-test
foldbench_monomer,8g1y_A,497,sparsa-scale-main-20260911-long-step-2000,single_seq,pair_network,,,,,,long,L/5,0.2222222222222222,111628,356,99,eval-test
foldbench_monomer,8g1y_A,497,sparsa-scale-main-20260911-long-step-2000,single_seq,pair_network,,,,,,long,R,0.14325842696629212,111628,356,356,eval-test
foldbench_monomer,8g1y_A,497,sparsa-scale-main-20260911-long-step-2000,single_seq,pair_network,,,,,,long,AUC,0.8630248652759793,111628,356,111628,eval-test
foldbench_monomer,8g32_A,362,sparsa-scale-main-20260911-long-step-2000,single_seq,pair_network,,,,,,all,L,0.06077348066298342,51696,335,362,eval-test
foldbench_monomer,8g32_A,362,sparsa-scale-main-20260911-long-step-2000,single_seq,pair_network,,,,,,all,L/2,0.055248618784530384,51696,335,181,eval-test
foldbench_monomer,8g32_A,362,sparsa-scale-main-20260911-long-step-2000,single_seq,pair_network,,,,,,all,L/5,0.05555555555555555,51696,335,72,eval-test
foldbench_monomer,8g32_A,362,sparsa-scale-main-20260911-long-step-2000,single_seq,pair_network,,,,,,all,R,0.06567164179104477,51696,335,335,eval-test
foldbench_monomer,8g32_A,362,sparsa-scale-main-20260911-long-step-2000,single_seq,pair_network,,,,,,all,AUC,0.7817566729154795,51696,335,51696,eval-test
foldbench_monomer,8g32_A,362,sparsa-scale-main-20260911-long-step-2000,single_seq,pair_network,,,,,,short,L,0.055248618784530384,1860,33,362,eval-test
foldbench_monomer,8g32_A,362,sparsa-scale-main-20260911-long-step-2000,single_seq,pair_network,,,,,,short,L/2,0.07734806629834254,1860,33,181,eval-test
foldbench_monomer,8g32_A,362,sparsa-scale-main-20260911-long-step-2000,single_seq,pair_network,,,,,,short,L/5,0.08333333333333333,1860,33,72,eval-test
foldbench_monomer,8g32_A,362,sparsa-scale-main-20260911-long-step-2000,single_seq,pair_network,,,,,,short,R,0.12121212121212122,1860,33,33,eval-test
foldbench_monomer,8g32_A,362,sparsa-scale-main-20260911-long-step-2000,single_seq,pair_network,,,,,,short,AUC,0.7986847124778159,1860,33,1860,eval-test
foldbench_monomer,8g32_A,362,sparsa-scale-main-20260911-long-step-2000,single_seq,pair_network,,,,,,medium,L,0.04696132596685083,3519,40,362,eval-test
foldbench_monomer,8g32_A,362,sparsa-scale-main-20260911-long-step-2000,single_seq,pair_network,,,,,,medium,L/2,0.06629834254143646,3519,40,181,eval-test
foldbench_monomer,8g32_A,362,sparsa-scale-main-20260911-long-step-2000,single_seq,pair_network,,,,,,medium,L/5,0.05555555555555555,3519,40,72,eval-test
foldbench_monomer,8g32_A,362,sparsa-scale-main-20260911-long-step-2000,single_seq,pair_network,,,,,,medium,R,0.1,3519,40,40,eval-test
foldbench_monomer,8g32_A,362,sparsa-scale-main-20260911-long-step-2000,single_seq,pair_network,,,,,,medium,AUC,0.8140845070422535,3519,40,3519,eval-test
foldbench_monomer,8g32_A,362,sparsa-scale-main-20260911-long-step-2000,single_seq,pair_network,,,,,,long,L,0.024861878453038673,46317,262,362,eval-test
foldbench_monomer,8g32_A,362,sparsa-scale-main-20260911-long-step-2000,single_seq,pair_network,,,,,,long,L/2,0.027624309392265192,46317,262,181,eval-test
foldbench_monomer,8g32_A,362,sparsa-scale-main-20260911-long-step-2000,single_seq,pair_network,,,,,,long,L/5,0.013888888888888888,46317,262,72,eval-test
foldbench_monomer,8g32_A,362,sparsa-scale-main-20260911-long-step-2000,single_seq,pair_network,,,,,,long,R,0.030534351145038167,46317,262,262,eval-test
foldbench_monomer,8g32_A,362,sparsa-scale-main-20260911-long-step-2000,single_seq,pair_network,,,,,,long,AUC,0.7670956398796328,46317,262,46317,eval-test
foldbench_monomer,8g52_A,329,sparsa-scale-main-20260911-long-step-2000,single_seq,pair_network,,,,,,all,L,0.3525835866261398,37401,256,329,eval-test
foldbench_monomer,8g52_A,329,sparsa-scale-main-20260911-long-step-2000,single_seq,pair_network,,,,,,all,L/2,0.4695121951219512,37401,256,164,eval-test
foldbench_monomer,8g52_A,329,sparsa-scale-main-20260911-long-step-2000,single_seq,pair_network,,,,,,all,L/5,0.6461538461538462,37401,256,65,eval-test
foldbench_monomer,8g52_A,329,sparsa-scale-main-20260911-long-step-2000,single_seq,pair_network,,,,,,all,R,0.41015625,37401,256,256,eval-test
foldbench_monomer,8g52_A,329,sparsa-scale-main-20260911-long-step-2000,single_seq,pair_network,,,,,,all,AUC,0.9732087722102571,37401,256,37401,eval-test
foldbench_monomer,8g52_A,329,sparsa-scale-main-20260911-long-step-2000,single_seq,pair_network,,,,,,short,L,0.0851063829787234,1623,30,329,eval-test
foldbench_monomer,8g52_A,329,sparsa-scale-main-20260911-long-step-2000,single_seq,pair_network,,,,,,short,L/2,0.1524390243902439,1623,30,164,eval-test
foldbench_monomer,8g52_A,329,sparsa-scale-main-20260911-long-step-2000,single_seq,pair_network,,,,,,short,L/5,0.24615384615384617,1623,30,65,eval-test
foldbench_monomer,8g52_A,329,sparsa-scale-main-20260911-long-step-2000,single_seq,pair_network,,,,,,short,R,0.36666666666666664,1623,30,30,eval-test
foldbench_monomer,8g52_A,329,sparsa-scale-main-20260911-long-step-2000,single_seq,pair_network,,,,,,short,AUC,0.9542059008160703,1623,30,1623,eval-test
foldbench_monomer,8g52_A,329,sparsa-scale-main-20260911-long-step-2000,single_seq,pair_network,,,,,,medium,L,0.1519756838905775,3138,51,329,eval-test
foldbench_monomer,8g52_A,329,sparsa-scale-main-20260911-long-step-2000,single_seq,pair_network,,,,,,medium,L/2,0.2621951219512195,3138,51,164,eval-test
foldbench_monomer,8g52_A,329,sparsa-scale-main-20260911-long-step-2000,single_seq,pair_network,,,,,,medium,L/5,0.4307692307692308,3138,51,65,eval-test
foldbench_monomer,8g52_A,329,sparsa-scale-main-20260911-long-step-2000,single_seq,pair_network,,,,,,medium,R,0.45098039215686275,3138,51,51,eval-test
foldbench_monomer,8g52_A,329,sparsa-scale-main-20260911-long-step-2000,single_seq,pair_network,,,,,,medium,AUC,0.9824532987798293,3138,51,3138,eval-test
foldbench_monomer,8g52_A,329,sparsa-scale-main-20260911-long-step-2000,single_seq,pair_network,,,,,,long,L,0.2765957446808511,32640,175,329,eval-test
foldbench_monomer,8g52_A,329,sparsa-scale-main-20260911-long-step-2000,single_seq,pair_network,,,,,,long,L/2,0.3902439024390244,32640,175,164,eval-test
foldbench_monomer,8g52_A,329,sparsa-scale-main-20260911-long-step-2000,single_seq,pair_network,,,,,,long,L/5,0.5076923076923077,32640,175,65,eval-test
foldbench_monomer,8g52_A,329,sparsa-scale-main-20260911-long-step-2000,single_seq,pair_network,,,,,,long,R,0.38285714285714284,32640,175,175,eval-test
foldbench_monomer,8g52_A,329,sparsa-scale-main-20260911-long-step-2000,single_seq,pair_network,,,,,,long,AUC,0.9698321269058987,32640,175,32640,eval-test
foldbench_monomer,8g53_A,218,sparsa-scale-main-20260911-long-step-2000,single_seq,pair_network,,,,,,all,L,0.29357798165137616,15931,150,218,eval-test
foldbench_monomer,8g53_A,218,sparsa-scale-main-20260911-long-step-2000,single_seq,pair_network,,,,,,all,L/2,0.3577981651376147,15931,150,109,eval-test
foldbench_monomer,8g53_A,218,sparsa-scale-main-20260911-long-step-2000,single_seq,pair_network,,,,,,all,L/5,0.5348837209302325,15931,150,43,eval-test
foldbench_monomer,8g53_A,218,sparsa-scale-main-20260911-long-step-2000,single_seq,pair_network,,,,,,all,R,0.3466666666666667,15931,150,150,eval-test
foldbench_monomer,8g53_A,218,sparsa-scale-main-20260911-long-step-2000,single_seq,pair_network,,,,,,all,AUC,0.9590042878567053,15931,150,15931,eval-test
foldbench_monomer,8g53_A,218,sparsa-scale-main-20260911-long-step-2000,single_seq,pair_network,,,,,,short,L,0.10550458715596331,1053,26,218,eval-test
foldbench_monomer,8g53_A,218,sparsa-scale-main-20260911-long-step-2000,single_seq,pair_network,,,,,,short,L/2,0.2018348623853211,1053,26,109,eval-test
foldbench_monomer,8g53_A,218,sparsa-scale-main-20260911-long-step-2000,single_seq,pair_network,,,,,,short,L/5,0.37209302325581395,1053,26,43,eval-test
foldbench_monomer,8g53_A,218,sparsa-scale-main-20260911-long-step-2000,single_seq,pair_network,,,,,,short,R,0.5,1053,26,26,eval-test
foldbench_monomer,8g53_A,218,sparsa-scale-main-20260911-long-step-2000,single_seq,pair_network,,,,,,short,AUC,0.9439742341397648,1053,26,1053,eval-test
foldbench_monomer,8g53_A,218,sparsa-scale-main-20260911-long-step-2000,single_seq,pair_network,,,,,,medium,L,0.16055045871559634,1998,36,218,eval-test
foldbench_monomer,8g53_A,218,sparsa-scale-main-20260911-long-step-2000,single_seq,pair_network,,,,,,medium,L/2,0.26605504587155965,1998,36,109,eval-test
foldbench_monomer,8g53_A,218,sparsa-scale-main-20260911-long-step-2000,single_seq,pair_network,,,,,,medium,L/5,0.37209302325581395,1998,36,43,eval-test
foldbench_monomer,8g53_A,218,sparsa-scale-main-20260911-long-step-2000,single_seq,pair_network,,,,,,medium,R,0.3888888888888889,1998,36,36,eval-test
foldbench_monomer,8g53_A,218,sparsa-scale-main-20260911-long-step-2000,single_seq,pair_network,,,,,,medium,AUC,0.973595537433458,1998,36,1998,eval-test
foldbench_monomer,8g53_A,218,sparsa-scale-main-20260911-long-step-2000,single_seq,pair_network,,,,,,long,L,0.1834862385321101,12880,88,218,eval-test
foldbench_monomer,8g53_A,218,sparsa-scale-main-20260911-long-step-2000,single_seq,pair_network,,,,,,long,L/2,0.26605504587155965,12880,88,109,eval-test
foldbench_monomer,8g53_A,218,sparsa-scale-main-20260911-long-step-2000,single_seq,pair_network,,,,,,long,L/5,0.3023255813953488,12880,88,43,eval-test
foldbench_monomer,8g53_A,218,sparsa-scale-main-20260911-long-step-2000,single_seq,pair_network,,,,,,long,R,0.2840909090909091,12880,88,88,eval-test
foldbench_monomer,8g53_A,218,sparsa-scale-main-20260911-long-step-2000,single_seq,pair_network,,,,,,long,AUC,0.9525182642560691,12880,88,12880,eval-test
foldbench_monomer,8g5u_A,489,sparsa-scale-main-20260911-long-step-2000,single_seq,pair_network,,,,,,all,L,0.19222903885480572,113050,535,489,eval-test
foldbench_monomer,8g5u_A,489,sparsa-scale-main-20260911-long-step-2000,single_seq,pair_network,,,,,,all,L/2,0.21721311475409835,113050,535,244,eval-test
foldbench_monomer,8g5u_A,489,sparsa-scale-main-20260911-long-step-2000,single_seq,pair_network,,,,,,all,L/5,0.30927835051546393,113050,535,97,eval-test
foldbench_monomer,8g5u_A,489,sparsa-scale-main-20260911-long-step-2000,single_seq,pair_network,,,,,,all,R,0.18691588785046728,113050,535,535,eval-test
foldbench_monomer,8g5u_A,489,sparsa-scale-main-20260911-long-step-2000,single_seq,pair_network,,,,,,all,AUC,0.9140167479227068,113050,535,113050,eval-test
foldbench_monomer,8g5u_A,489,sparsa-scale-main-20260911-long-step-2000,single_seq,pair_network,,,,,,short,L,0.10429447852760736,2835,57,489,eval-test
foldbench_monomer,8g5u_A,489,sparsa-scale-main-20260911-long-step-2000,single_seq,pair_network,,,,,,short,L/2,0.1598360655737705,2835,57,244,eval-test
foldbench_monomer,8g5u_A,489,sparsa-scale-main-20260911-long-step-2000,single_seq,pair_network,,,,,,short,L/5,0.21649484536082475,2835,57,97,eval-test
foldbench_monomer,8g5u_A,489,sparsa-scale-main-20260911-long-step-2000,single_seq,pair_network,,,,,,short,R,0.22807017543859648,2835,57,57,eval-test
foldbench_monomer,8g5u_A,489,sparsa-scale-main-20260911-long-step-2000,single_seq,pair_network,,,,,,short,AUC,0.9245039344220883,2835,57,2835,eval-test
foldbench_monomer,8g5u_A,489,sparsa-scale-main-20260911-long-step-2000,single_seq,pair_network,,,,,,medium,L,0.09202453987730061,5562,67,489,eval-test
foldbench_monomer,8g5u_A,489,sparsa-scale-main-20260911-long-step-2000,single_seq,pair_network,,,,,,medium,L/2,0.12704918032786885,5562,67,244,eval-test
foldbench_monomer,8g5u_A,489,sparsa-scale-main-20260911-long-step-2000,single_seq,pair_network,,,,,,medium,L/5,0.1958762886597938,5562,67,97,eval-test
foldbench_monomer,8g5u_A,489,sparsa-scale-main-20260911-long-step-2000,single_seq,pair_network,,,,,,medium,R,0.22388059701492538,5562,67,67,eval-test
foldbench_monomer,8g5u_A,489,sparsa-scale-main-20260911-long-step-2000,single_seq,pair_network,,,,,,medium,AUC,0.922746594597531,5562,67,5562,eval-test
foldbench_monomer,8g5u_A,489,sparsa-scale-main-20260911-long-step-2000,single_seq,pair_network,,,,,,long,L,0.1329243353783231,104653,411,489,eval-test
foldbench_monomer,8g5u_A,489,sparsa-scale-main-20260911-long-step-2000,single_seq,pair_network,,,,,,long,L/2,0.19262295081967212,104653,411,244,eval-test
foldbench_monomer,8g5u_A,489,sparsa-scale-main-20260911-long-step-2000,single_seq,pair_network,,,,,,long,L/5,0.23711340206185566,104653,411,97,eval-test
foldbench_monomer,8g5u_A,489,sparsa-scale-main-20260911-long-step-2000,single_seq,pair_network,,,,,,long,R,0.14841849148418493,104653,411,411,eval-test
foldbench_monomer,8g5u_A,489,sparsa-scale-main-20260911-long-step-2000,single_seq,pair_network,,,,,,long,AUC,0.9032794081860144,104653,411,104653,eval-test
foldbench_monomer,8g64_A,172,sparsa-scale-main-20260911-long-step-2000,single_seq,pair_network,,,,,,all,L,0.3953488372093023,13366,150,172,eval-test
foldbench_monomer,8g64_A,172,sparsa-scale-main-20260911-long-step-2000,single_seq,pair_network,,,,,,all,L/2,0.6046511627906976,13366,150,86,eval-test
foldbench_monomer,8g64_A,172,sparsa-scale-main-20260911-long-step-2000,single_seq,pair_network,,,,,,all,L/5,0.7058823529411765,13366,150,34,eval-test
foldbench_monomer,8g64_A,172,sparsa-scale-main-20260911-long-step-2000,single_seq,pair_network,,,,,,all,R,0.4066666666666667,13366,150,150,eval-test
foldbench_monomer,8g64_A,172,sparsa-scale-main-20260911-long-step-2000,single_seq,pair_network,,,,,,all,AUC,0.965283242534302,13366,150,13366,eval-test
foldbench_monomer,8g64_A,172,sparsa-scale-main-20260911-long-step-2000,single_seq,pair_network,,,,,,short,L,0.08139534883720931,963,17,172,eval-test
foldbench_monomer,8g64_A,172,sparsa-scale-main-20260911-long-step-2000,single_seq,pair_network,,,,,,short,L/2,0.1511627906976744,963,17,86,eval-test
foldbench_monomer,8g64_A,172,sparsa-scale-main-20260911-long-step-2000,single_seq,pair_network,,,,,,short,L/5,0.23529411764705882,963,17,34,eval-test
foldbench_monomer,8g64_A,172,sparsa-scale-main-20260911-long-step-2000,single_seq,pair_network,,,,,,short,R,0.35294117647058826,963,17,17,eval-test
foldbench_monomer,8g64_A,172,sparsa-scale-main-20260911-long-step-2000,single_seq,pair_network,,,,,,short,AUC,0.9320669071011067,963,17,963,eval-test
foldbench_monomer,8g64_A,172,sparsa-scale-main-20260911-long-step-2000,single_seq,pair_network,,,,,,medium,L,0.08139534883720931,1818,15,172,eval-test
foldbench_monomer,8g64_A,172,sparsa-scale-main-20260911-long-step-2000,single_seq,pair_network,,,,,,medium,L/2,0.13953488372093023,1818,15,86,eval-test
foldbench_monomer,8g64_A,172,sparsa-scale-main-20260911-long-step-2000,single_seq,pair_network,,,,,,medium,L/5,0.20588235294117646,1818,15,34,eval-test
foldbench_monomer,8g64_A,172,sparsa-scale-main-20260911-long-step-2000,single_seq,pair_network,,,,,,medium,R,0.4,1818,15,15,eval-test
foldbench_monomer,8g64_A,172,sparsa-scale-main-20260911-long-step-2000,single_seq,pair_network,,,,,,medium,AUC,0.9670179330745056,1818,15,1818,eval-test
foldbench_monomer,8g64_A,172,sparsa-scale-main-20260911-long-step-2000,single_seq,pair_network,,,,,,long,L,0.38953488372093026,10585,118,172,eval-test
foldbench_monomer,8g64_A,172,sparsa-scale-main-20260911-long-step-2000,single_seq,pair_network,,,,,,long,L/2,0.5116279069767442,10585,118,86,eval-test
foldbench_monomer,8g64_A,172,sparsa-scale-main-20260911-long-step-2000,single_seq,pair_network,,,,,,long,L/5,0.7058823529411765,10585,118,34,eval-test
foldbench_monomer,8g64_A,172,sparsa-scale-main-20260911-long-step-2000,single_seq,pair_network,,,,,,long,R,0.4406779661016949,10585,118,118,eval-test
foldbench_monomer,8g64_A,172,sparsa-scale-main-20260911-long-step-2000,single_seq,pair_network,,,,,,long,AUC,0.968726570836835,10585,118,10585,eval-test
foldbench_monomer,8gbe_A,207,sparsa-scale-main-20260911-long-step-2000,single_seq,pair_network,,,,,,all,L,0.11594202898550725,19900,200,207,eval-test
foldbench_monomer,8gbe_A,207,sparsa-scale-main-20260911-long-step-2000,single_seq,pair_network,,,,,,all,L/2,0.1650485436893204,19900,200,103,eval-test
foldbench_monomer,8gbe_A,207,sparsa-scale-main-20260911-long-step-2000,single_seq,pair_network,,,,,,all,L/5,0.2682926829268293,19900,200,41,eval-test
foldbench_monomer,8gbe_A,207,sparsa-scale-main-20260911-long-step-2000,single_seq,pair_network,,,,,,all,R,0.12,19900,200,200,eval-test
foldbench_monomer,8gbe_A,207,sparsa-scale-main-20260911-long-step-2000,single_seq,pair_network,,,,,,all,AUC,0.776219416243655,19900,200,19900,eval-test
foldbench_monomer,8gbe_A,207,sparsa-scale-main-20260911-long-step-2000,single_seq,pair_network,,,,,,short,L,0.10628019323671498,1179,25,207,eval-test
foldbench_monomer,8gbe_A,207,sparsa-scale-main-20260911-long-step-2000,single_seq,pair_network,,,,,,short,L/2,0.1553398058252427,1179,25,103,eval-test
foldbench_monomer,8gbe_A,207,sparsa-scale-main-20260911-long-step-2000,single_seq,pair_network,,,,,,short,L/5,0.2926829268292683,1179,25,41,eval-test
foldbench_monomer,8gbe_A,207,sparsa-scale-main-20260911-long-step-2000,single_seq,pair_network,,,,,,short,R,0.4,1179,25,25,eval-test
foldbench_monomer,8gbe_A,207,sparsa-scale-main-20260911-long-step-2000,single_seq,pair_network,,,,,,short,AUC,0.8850779896013865,1179,25,1179,eval-test
foldbench_monomer,8gbe_A,207,sparsa-scale-main-20260911-long-step-2000,single_seq,pair_network,,,,,,medium,L,0.043478260869565216,2250,24,207,eval-test
foldbench_monomer,8gbe_A,207,sparsa-scale-main-20260911-long-step-2000,single_seq,pair_network,,,,,,medium,L/2,0.07766990291262135,2250,24,103,eval-test
foldbench_monomer,8gbe_A,207,sparsa-scale-main-20260911-long-step-2000,single_seq,pair_network,,,,,,medium,L/5,0.0975609756097561,2250,24,41,eval-test
foldbench_monomer,8gbe_A,207,sparsa-scale-main-20260911-long-step-2000,single_seq,pair_network,,,,,,medium,R,0.08333333333333333,2250,24,24,eval-test
foldbench_monomer,8gbe_A,207,sparsa-scale-main-20260911-long-step-2000,single_seq,pair_network,,,,,,medium,AUC,0.7153994459418987,2250,24,2250,eval-test
foldbench_monomer,8gbe_A,207,sparsa-scale-main-20260911-long-step-2000,single_seq,pair_network,,,,,,long,L,0.057971014492753624,16471,151,207,eval-test
foldbench_monomer,8gbe_A,207,sparsa-scale-main-20260911-long-step-2000,single_seq,pair_network,,,,,,long,L/2,0.06796116504854369,16471,151,103,eval-test
foldbench_monomer,8gbe_A,207,sparsa-scale-main-20260911-long-step-2000,single_seq,pair_network,,,,,,long,L/5,0.07317073170731707,16471,151,41,eval-test
foldbench_monomer,8gbe_A,207,sparsa-scale-main-20260911-long-step-2000,single_seq,pair_network,,,,,,long,R,0.052980132450331126,16471,151,151,eval-test
foldbench_monomer,8gbe_A,207,sparsa-scale-main-20260911-long-step-2000,single_seq,pair_network,,,,,,long,AUC,0.7702625876509545,16471,151,16471,eval-test
foldbench_monomer,8gdl_A,361,sparsa-scale-main-20260911-long-step-2000,single_seq,pair_network,,,,,,all,L,0.14958448753462603,61075,398,361,eval-test
foldbench_monomer,8gdl_A,361,sparsa-scale-main-20260911-long-step-2000,single_seq,pair_network,,,,,,all,L/2,0.2222222222222222,61075,398,180,eval-test
foldbench_monomer,8gdl_A,361,sparsa-scale-main-20260911-long-step-2000,single_seq,pair_network,,,,,,all,L/5,0.3055555555555556,61075,398,72,eval-test
foldbench_monomer,8gdl_A,361,sparsa-scale-main-20260911-long-step-2000,single_seq,pair_network,,,,,,all,R,0.14321608040201006,61075,398,398,eval-test
foldbench_monomer,8gdl_A,361,sparsa-scale-main-20260911-long-step-2000,single_seq,pair_network,,,,,,all,AUC,0.8453698689402648,61075,398,61075,eval-test
foldbench_monomer,8gdl_A,361,sparsa-scale-main-20260911-long-step-2000,single_seq,pair_network,,,,,,short,L,0.09695290858725762,2079,48,361,eval-test
foldbench_monomer,8gdl_A,361,sparsa-scale-main-20260911-long-step-2000,single_seq,pair_network,,,,,,short,L/2,0.1388888888888889,2079,48,180,eval-test
foldbench_monomer,8gdl_A,361,sparsa-scale-main-20260911-long-step-2000,single_seq,pair_network,,,,,,short,L/5,0.2361111111111111,2079,48,72,eval-test
foldbench_monomer,8gdl_A,361,sparsa-scale-main-20260911-long-step-2000,single_seq,pair_network,,,,,,short,R,0.2916666666666667,2079,48,48,eval-test
foldbench_monomer,8gdl_A,361,sparsa-scale-main-20260911-long-step-2000,single_seq,pair_network,,,,,,short,AUC,0.880472468406368,2079,48,2079,eval-test
foldbench_monomer,8gdl_A,361,sparsa-scale-main-20260911-long-step-2000,single_seq,pair_network,,,,,,medium,L,0.08310249307479224,4050,42,361,eval-test
foldbench_monomer,8gdl_A,361,sparsa-scale-main-20260911-long-step-2000,single_seq,pair_network,,,,,,medium,L/2,0.14444444444444443,4050,42,180,eval-test
foldbench_monomer,8gdl_A,361,sparsa-scale-main-20260911-long-step-2000,single_seq,pair_network,,,,,,medium,L/5,0.2361111111111111,4050,42,72,eval-test
foldbench_monomer,8gdl_A,361,sparsa-scale-main-20260911-long-step-2000,single_seq,pair_network,,,,,,medium,R,0.2619047619047619,4050,42,42,eval-test
foldbench_monomer,8gdl_A,361,sparsa-scale-main-20260911-long-step-2000,single_seq,pair_network,,,,,,medium,AUC,0.9150062969299496,4050,42,4050,eval-test
foldbench_monomer,8gdl_A,361,sparsa-scale-main-20260911-long-step-2000,single_seq,pair_network,,,,,,long,L,0.08310249307479224,54946,308,361,eval-test
foldbench_monomer,8gdl_A,361,sparsa-scale-main-20260911-long-step-2000,single_seq,pair_network,,,,,,long,L/2,0.1111111111111111,54946,308,180,eval-test
foldbench_monomer,8gdl_A,361,sparsa-scale-main-20260911-long-step-2000,single_seq,pair_network,,,,,,long,L/5,0.1527777777777778,54946,308,72,eval-test
foldbench_monomer,8gdl_A,361,sparsa-scale-main-20260911-long-step-2000,single_seq,pair_network,,,,,,long,R,0.08441558441558442,54946,308,308,eval-test
foldbench_monomer,8gdl_A,361,sparsa-scale-main-20260911-long-step-2000,single_seq,pair_network,,,,,,long,AUC,0.8275114056484165,54946,308,54946,eval-test
foldbench_monomer,8gj9_A,65,sparsa-scale-main-20260911-long-step-2000,single_seq,pair_network,,,,,,all,L,0.3384615384615385,1596,36,65,eval-test
foldbench_monomer,8gj9_A,65,sparsa-scale-main-20260911-long-step-2000,single_seq,pair_network,,,,,,all,L/2,0.40625,1596,36,32,eval-test
foldbench_monomer,8gj9_A,65,sparsa-scale-main-20260911-long-step-2000,single_seq,pair_network,,,,,,all,L/5,0.38461538461538464,1596,36,13,eval-test
foldbench_monomer,8gj9_A,65,sparsa-scale-main-20260911-long-step-2000,single_seq,pair_network,,,,,,all,R,0.4444444444444444,1596,36,36,eval-test
foldbench_monomer,8gj9_A,65,sparsa-scale-main-20260911-long-step-2000,single_seq,pair_network,,,,,,all,AUC,0.9601139601139601,1596,36,1596,eval-test
foldbench_monomer,8gj9_A,65,sparsa-scale-main-20260911-long-step-2000,single_seq,pair_network,,,,,,short,L,0.1076923076923077,321,7,65,eval-test
foldbench_monomer,8gj9_A,65,sparsa-scale-main-20260911-long-step-2000,single_seq,pair_network,,,,,,short,L/2,0.21875,321,7,32,eval-test
foldbench_monomer,8gj9_A,65,sparsa-scale-main-20260911-long-step-2000,single_seq,pair_network,,,,,,short,L/5,0.3076923076923077,321,7,13,eval-test
foldbench_monomer,8gj9_A,65,sparsa-scale-main-20260911-long-step-2000,single_seq,pair_network,,,,,,short,R,0.2857142857142857,321,7,7,eval-test
foldbench_monomer,8gj9_A,65,sparsa-scale-main-20260911-long-step-2000,single_seq,pair_network,,,,,,short,AUC,0.973839854413103,321,7,321,eval-test
foldbench_monomer,8gj9_A,65,sparsa-scale-main-20260911-long-step-2000,single_seq,pair_network,,,,,,medium,L,0.16923076923076924,534,12,65,eval-test
foldbench_monomer,8gj9_A,65,sparsa-scale-main-20260911-long-step-2000,single_seq,pair_network,,,,,,medium,L/2,0.1875,534,12,32,eval-test
foldbench_monomer,8gj9_A,65,sparsa-scale-main-20260911-long-step-2000,single_seq,pair_network,,,,,,medium,L/5,0.38461538461538464,534,12,13,eval-test
foldbench_monomer,8gj9_A,65,sparsa-scale-main-20260911-long-step-2000,single_seq,pair_network,,,,,,medium,R,0.4166666666666667,534,12,12,eval-test
foldbench_monomer,8gj9_A,65,sparsa-scale-main-20260911-long-step-2000,single_seq,pair_network,,,,,,medium,AUC,0.9508301404853129,534,12,534,eval-test
foldbench_monomer,8gj9_A,65,sparsa-scale-main-20260911-long-step-2000,single_seq,pair_network,,,,,,long,L,0.23076923076923078,741,17,65,eval-test
foldbench_monomer,8gj9_A,65,sparsa-scale-main-20260911-long-step-2000,single_seq,pair_network,,,,,,long,L/2,0.375,741,17,32,eval-test
foldbench_monomer,8gj9_A,65,sparsa-scale-main-20260911-long-step-2000,single_seq,pair_network,,,,,,long,L/5,0.6923076923076923,741,17,13,eval-test
foldbench_monomer,8gj9_A,65,sparsa-scale-main-20260911-long-step-2000,single_seq,pair_network,,,,,,long,R,0.5294117647058824,741,17,17,eval-test
foldbench_monomer,8gj9_A,65,sparsa-scale-main-20260911-long-step-2000,single_seq,pair_network,,,,,,long,AUC,0.976559961000975,741,17,741,eval-test
foldbench_monomer,8gjw_A,355,sparsa-scale-main-20260911-long-step-2000,single_seq,pair_network,,,,,,all,L,0.14084507042253522,57970,426,355,eval-test
foldbench_monomer,8gjw_A,355,sparsa-scale-main-20260911-long-step-2000,single_seq,pair_network,,,,,,all,L/2,0.1751412429378531,57970,426,177,eval-test
foldbench_monomer,8gjw_A,355,sparsa-scale-main-20260911-long-step-2000,single_seq,pair_network,,,,,,all,L/5,0.16901408450704225,57970,426,71,eval-test
foldbench_monomer,8gjw_A,355,sparsa-scale-main-20260911-long-step-2000,single_seq,pair_network,,,,,,all,R,0.12910798122065728,57970,426,426,eval-test
foldbench_monomer,8gjw_A,355,sparsa-scale-main-20260911-long-step-2000,single_seq,pair_network,,,,,,all,AUC,0.8660850623225892,57970,426,57970,eval-test
foldbench_monomer,8gjw_A,355,sparsa-scale-main-20260911-long-step-2000,single_seq,pair_network,,,,,,short,L,0.10422535211267606,2025,50,355,eval-test
foldbench_monomer,8gjw_A,355,sparsa-scale-main-20260911-long-step-2000,single_seq,pair_network,,,,,,short,L/2,0.14124293785310735,2025,50,177,eval-test
foldbench_monomer,8gjw_A,355,sparsa-scale-main-20260911-long-step-2000,single_seq,pair_network,,,,,,short,L/5,0.23943661971830985,2025,50,71,eval-test
foldbench_monomer,8gjw_A,355,sparsa-scale-main-20260911-long-step-2000,single_seq,pair_network,,,,,,short,R,0.32,2025,50,50,eval-test
foldbench_monomer,8gjw_A,355,sparsa-scale-main-20260911-long-step-2000,single_seq,pair_network,,,,,,short,AUC,0.8741721518987342,2025,50,2025,eval-test
foldbench_monomer,8gjw_A,355,sparsa-scale-main-20260911-long-step-2000,single_seq,pair_network,,,,,,medium,L,0.08732394366197183,3942,73,355,eval-test
foldbench_monomer,8gjw_A,355,sparsa-scale-main-20260911-long-step-2000,single_seq,pair_network,,,,,,medium,L/2,0.11864406779661017,3942,73,177,eval-test
foldbench_monomer,8gjw_A,355,sparsa-scale-main-20260911-long-step-2000,single_seq,pair_network,,,,,,medium,L/5,0.14084507042253522,3942,73,71,eval-test
foldbench_monomer,8gjw_A,355,sparsa-scale-main-20260911-long-step-2000,single_seq,pair_network,,,,,,medium,R,0.136986301369863,3942,73,73,eval-test
foldbench_monomer,8gjw_A,355,sparsa-scale-main-20260911-long-step-2000,single_seq,pair_network,,,,,,medium,AUC,0.8662037905798461,3942,73,3942,eval-test
foldbench_monomer,8gjw_A,355,sparsa-scale-main-20260911-long-step-2000,single_seq,pair_network,,,,,,long,L,0.08450704225352113,52003,303,355,eval-test
foldbench_monomer,8gjw_A,355,sparsa-scale-main-20260911-long-step-2000,single_seq,pair_network,,,,,,long,L/2,0.1016949152542373,52003,303,177,eval-test
foldbench_monomer,8gjw_A,355,sparsa-scale-main-20260911-long-step-2000,single_seq,pair_network,,,,,,long,L/5,0.08450704225352113,52003,303,71,eval-test
foldbench_monomer,8gjw_A,355,sparsa-scale-main-20260911-long-step-2000,single_seq,pair_network,,,,,,long,R,0.0858085808580858,52003,303,303,eval-test
foldbench_monomer,8gjw_A,355,sparsa-scale-main-20260911-long-step-2000,single_seq,pair_network,,,,,,long,AUC,0.8468365347173016,52003,303,52003,eval-test
foldbench_monomer,8gjy_A,376,sparsa-scale-main-20260911-long-step-2000,single_seq,pair_network,,,,,,all,L,0.1702127659574468,57336,423,376,eval-test
foldbench_monomer,8gjy_A,376,sparsa-scale-main-20260911-long-step-2000,single_seq,pair_network,,,,,,all,L/2,0.2393617021276596,57336,423,188,eval-test
foldbench_monomer,8gjy_A,376,sparsa-scale-main-20260911-long-step-2000,single_seq,pair_network,,,,,,all,L/5,0.30666666666666664,57336,423,75,eval-test
foldbench_monomer,8gjy_A,376,sparsa-scale-main-20260911-long-step-2000,single_seq,pair_network,,,,,,all,R,0.1607565011820331,57336,423,423,eval-test
foldbench_monomer,8gjy_A,376,sparsa-scale-main-20260911-long-step-2000,single_seq,pair_network,,,,,,all,AUC,0.8484939208153924,57336,423,57336,eval-test
foldbench_monomer,8gjy_A,376,sparsa-scale-main-20260911-long-step-2000,single_seq,pair_network,,,,,,short,L,0.1196808510638298,1880,52,376,eval-test
foldbench_monomer,8gjy_A,376,sparsa-scale-main-20260911-long-step-2000,single_seq,pair_network,,,,,,short,L/2,0.19680851063829788,1880,52,188,eval-test
foldbench_monomer,8gjy_A,376,sparsa-scale-main-20260911-long-step-2000,single_seq,pair_network,,,,,,short,L/5,0.3333333333333333,1880,52,75,eval-test
foldbench_monomer,8gjy_A,376,sparsa-scale-main-20260911-long-step-2000,single_seq,pair_network,,,,,,short,R,0.38461538461538464,1880,52,52,eval-test
foldbench_monomer,8gjy_A,376,sparsa-scale-main-20260911-long-step-2000,single_seq,pair_network,,,,,,short,AUC,0.9100477613196432,1880,52,1880,eval-test
foldbench_monomer,8gjy_A,376,sparsa-scale-main-20260911-long-step-2000,single_seq,pair_network,,,,,,medium,L,0.09042553191489362,3633,65,376,eval-test
foldbench_monomer,8gjy_A,376,sparsa-scale-main-20260911-long-step-2000,single_seq,pair_network,,,,,,medium,L/2,0.1276595744680851,3633,65,188,eval-test
foldbench_monomer,8gjy_A,376,sparsa-scale-main-20260911-long-step-2000,single_seq,pair_network,,,,,,medium,L/5,0.17333333333333334,3633,65,75,eval-test
foldbench_monomer,8gjy_A,376,sparsa-scale-main-20260911-long-step-2000,single_seq,pair_network,,,,,,medium,R,0.16923076923076924,3633,65,65,eval-test
foldbench_monomer,8gjy_A,376,sparsa-scale-main-20260911-long-step-2000,single_seq,pair_network,,,,,,medium,AUC,0.8367368057951018,3633,65,3633,eval-test
foldbench_monomer,8gjy_A,376,sparsa-scale-main-20260911-long-step-2000,single_seq,pair_network,,,,,,long,L,0.09840425531914894,51823,306,376,eval-test
foldbench_monomer,8gjy_A,376,sparsa-scale-main-20260911-long-step-2000,single_seq,pair_network,,,,,,long,L/2,0.11702127659574468,51823,306,188,eval-test
foldbench_monomer,8gjy_A,376,sparsa-scale-main-20260911-long-step-2000,single_seq,pair_network,,,,,,long,L/5,0.14666666666666667,51823,306,75,eval-test
foldbench_monomer,8gjy_A,376,sparsa-scale-main-20260911-long-step-2000,single_seq,pair_network,,,,,,long,R,0.10457516339869281,51823,306,306,eval-test
foldbench_monomer,8gjy_A,376,sparsa-scale-main-20260911-long-step-2000,single_seq,pair_network,,,,,,long,AUC,0.827160011017367,51823,306,51823,eval-test
foldbench_monomer,8gkd_A,358,sparsa-scale-main-20260911-long-step-2000,single_seq,pair_network,,,,,,all,L,0.3743016759776536,60378,455,358,eval-test
foldbench_monomer,8gkd_A,358,sparsa-scale-main-20260911-long-step-2000,single_seq,pair_network,,,,,,all,L/2,0.5251396648044693,60378,455,179,eval-test
foldbench_monomer,8gkd_A,358,sparsa-scale-main-20260911-long-step-2000,single_seq,pair_network,,,,,,all,L/5,0.647887323943662,60378,455,71,eval-test
foldbench_monomer,8gkd_A,358,sparsa-scale-main-20260911-long-step-2000,single_seq,pair_network,,,,,,all,R,0.3208791208791209,60378,455,455,eval-test
foldbench_monomer,8gkd_A,358,sparsa-scale-main-20260911-long-step-2000,single_seq,pair_network,,,,,,all,AUC,0.938487909300452,60378,455,60378,eval-test
foldbench_monomer,8gkd_A,358,sparsa-scale-main-20260911-long-step-2000,single_seq,pair_network,,,,,,short,L,0.10335195530726257,2067,49,358,eval-test
foldbench_monomer,8gkd_A,358,sparsa-scale-main-20260911-long-step-2000,single_seq,pair_network,,,,,,short,L/2,0.1564245810055866,2067,49,179,eval-test
foldbench_monomer,8gkd_A,358,sparsa-scale-main-20260911-long-step-2000,single_seq,pair_network,,,,,,short,L/5,0.2676056338028169,2067,49,71,eval-test
foldbench_monomer,8gkd_A,358,sparsa-scale-main-20260911-long-step-2000,single_seq,pair_network,,,,,,short,R,0.3469387755102041,2067,49,49,eval-test
foldbench_monomer,8gkd_A,358,sparsa-scale-main-20260911-long-step-2000,single_seq,pair_network,,,,,,short,AUC,0.8999160615683339,2067,49,2067,eval-test
foldbench_monomer,8gkd_A,358,sparsa-scale-main-20260911-long-step-2000,single_seq,pair_network,,,,,,medium,L,0.1424581005586592,4026,65,358,eval-test
foldbench_monomer,8gkd_A,358,sparsa-scale-main-20260911-long-step-2000,single_seq,pair_network,,,,,,medium,L/2,0.2346368715083799,4026,65,179,eval-test
foldbench_monomer,8gkd_A,358,sparsa-scale-main-20260911-long-step-2000,single_seq,pair_network,,,,,,medium,L/5,0.43661971830985913,4026,65,71,eval-test
foldbench_monomer,8gkd_A,358,sparsa-scale-main-20260911-long-step-2000,single_seq,pair_network,,,,,,medium,R,0.4307692307692308,4026,65,65,eval-test
foldbench_monomer,8gkd_A,358,sparsa-scale-main-20260911-long-step-2000,single_seq,pair_network,,,,,,medium,AUC,0.944404093760317,4026,65,4026,eval-test
foldbench_monomer,8gkd_A,358,sparsa-scale-main-20260911-long-step-2000,single_seq,pair_network,,,,,,long,L,0.28212290502793297,54285,341,358,eval-test
foldbench_monomer,8gkd_A,358,sparsa-scale-main-20260911-long-step-2000,single_seq,pair_network,,,,,,long,L/2,0.4301675977653631,54285,341,179,eval-test
foldbench_monomer,8gkd_A,358,sparsa-scale-main-20260911-long-step-2000,single_seq,pair_network,,,,,,long,L/5,0.5774647887323944,54285,341,71,eval-test
foldbench_monomer,8gkd_A,358,sparsa-scale-main-20260911-long-step-2000,single_seq,pair_network,,,,,,long,R,0.2903225806451613,54285,341,341,eval-test
foldbench_monomer,8gkd_A,358,sparsa-scale-main-20260911-long-step-2000,single_seq,pair_network,,,,,,long,AUC,0.9354844961408878,54285,341,54285,eval-test
foldbench_monomer,8gok_A,273,sparsa-scale-main-20260911-long-step-2000,single_seq,pair_network,,,,,,all,L,0.14285714285714285,35778,274,273,eval-test
foldbench_monomer,8gok_A,273,sparsa-scale-main-20260911-long-step-2000,single_seq,pair_network,,,,,,all,L/2,0.20588235294117646,35778,274,136,eval-test
foldbench_monomer,8gok_A,273,sparsa-scale-main-20260911-long-step-2000,single_seq,pair_network,,,,,,all,L/5,0.3148148148148148,35778,274,54,eval-test
foldbench_monomer,8gok_A,273,sparsa-scale-main-20260911-long-step-2000,single_seq,pair_network,,,,,,all,R,0.14233576642335766,35778,274,274,eval-test
foldbench_monomer,8gok_A,273,sparsa-scale-main-20260911-long-step-2000,single_seq,pair_network,,,,,,all,AUC,0.8315785535011168,35778,274,35778,eval-test
foldbench_monomer,8gok_A,273,sparsa-scale-main-20260911-long-step-2000,single_seq,pair_network,,,,,,short,L,0.12087912087912088,1587,43,273,eval-test
foldbench_monomer,8gok_A,273,sparsa-scale-main-20260911-long-step-2000,single_seq,pair_network,,,,,,short,L/2,0.19117647058823528,1587,43,136,eval-test
foldbench_monomer,8gok_A,273,sparsa-scale-main-20260911-long-step-2000,single_seq,pair_network,,,,,,short,L/5,0.2777777777777778,1587,43,54,eval-test
foldbench_monomer,8gok_A,273,sparsa-scale-main-20260911-long-step-2000,single_seq,pair_network,,,,,,short,R,0.32558139534883723,1587,43,43,eval-test
foldbench_monomer,8gok_A,273,sparsa-scale-main-20260911-long-step-2000,single_seq,pair_network,,,,,,short,AUC,0.8996867092420774,1587,43,1587,eval-test
foldbench_monomer,8gok_A,273,sparsa-scale-main-20260911-long-step-2000,single_seq,pair_network,,,,,,medium,L,0.12087912087912088,3066,52,273,eval-test
foldbench_monomer,8gok_A,273,sparsa-scale-main-20260911-long-step-2000,single_seq,pair_network,,,,,,medium,L/2,0.15441176470588236,3066,52,136,eval-test
foldbench_monomer,8gok_A,273,sparsa-scale-main-20260911-long-step-2000,single_seq,pair_network,,,,,,medium,L/5,0.18518518518518517,3066,52,54,eval-test
foldbench_monomer,8gok_A,273,sparsa-scale-main-20260911-long-step-2000,single_seq,pair_network,,,,,,medium,R,0.19230769230769232,3066,52,52,eval-test
foldbench_monomer,8gok_A,273,sparsa-scale-main-20260911-long-step-2000,single_seq,pair_network,,,,,,medium,AUC,0.9199568679495688,3066,52,3066,eval-test
foldbench_monomer,8gok_A,273,sparsa-scale-main-20260911-long-step-2000,single_seq,pair_network,,,,,,long,L,0.040293040293040296,31125,179,273,eval-test
foldbench_monomer,8gok_A,273,sparsa-scale-main-20260911-long-step-2000,single_seq,pair_network,,,,,,long,L/2,0.04411764705882353,31125,179,136,eval-test
foldbench_monomer,8gok_A,273,sparsa-scale-main-20260911-long-step-2000,single_seq,pair_network,,,,,,long,L/5,0.05555555555555555,31125,179,54,eval-test
foldbench_monomer,8gok_A,273,sparsa-scale-main-20260911-long-step-2000,single_seq,pair_network,,,,,,long,R,0.03910614525139665,31125,179,179,eval-test
foldbench_monomer,8gok_A,273,sparsa-scale-main-20260911-long-step-2000,single_seq,pair_network,,,,,,long,AUC,0.7779462296369926,31125,179,31125,eval-test
foldbench_monomer,8gr7_A,343,sparsa-scale-main-20260911-long-step-2000,single_seq,pair_network,,,,,,all,L,0.14868804664723032,51360,356,343,eval-test
foldbench_monomer,8gr7_A,343,sparsa-scale-main-20260911-long-step-2000,single_seq,pair_network,,,,,,all,L/2,0.16374269005847952,51360,356,171,eval-test
foldbench_monomer,8gr7_A,343,sparsa-scale-main-20260911-long-step-2000,single_seq,pair_network,,,,,,all,L/5,0.23529411764705882,51360,356,68,eval-test
foldbench_monomer,8gr7_A,343,sparsa-scale-main-20260911-long-step-2000,single_seq,pair_network,,,,,,all,R,0.14325842696629212,51360,356,356,eval-test
foldbench_monomer,8gr7_A,343,sparsa-scale-main-20260911-long-step-2000,single_seq,pair_network,,,,,,all,AUC,0.8846417586547519,51360,356,51360,eval-test
foldbench_monomer,8gr7_A,343,sparsa-scale-main-20260911-long-step-2000,single_seq,pair_network,,,,,,short,L,0.08163265306122448,1905,34,343,eval-test
foldbench_monomer,8gr7_A,343,sparsa-scale-main-20260911-long-step-2000,single_seq,pair_network,,,,,,short,L/2,0.1286549707602339,1905,34,171,eval-test
foldbench_monomer,8gr7_A,343,sparsa-scale-main-20260911-long-step-2000,single_seq,pair_network,,,,,,short,L/5,0.25,1905,34,68,eval-test
foldbench_monomer,8gr7_A,343,sparsa-scale-main-20260911-long-step-2000,single_seq,pair_network,,,,,,short,R,0.29411764705882354,1905,34,34,eval-test
foldbench_monomer,8gr7_A,343,sparsa-scale-main-20260911-long-step-2000,single_seq,pair_network,,,,,,short,AUC,0.9226113748545918,1905,34,1905,eval-test
foldbench_monomer,8gr7_A,343,sparsa-scale-main-20260911-long-step-2000,single_seq,pair_network,,,,,,medium,L,0.07580174927113703,3702,44,343,eval-test
foldbench_monomer,8gr7_A,343,sparsa-scale-main-20260911-long-step-2000,single_seq,pair_network,,,,,,medium,L/2,0.10526315789473684,3702,44,171,eval-test
foldbench_monomer,8gr7_A,343,sparsa-scale-main-20260911-long-step-2000,single_seq,pair_network,,,,,,medium,L/5,0.08823529411764706,3702,44,68,eval-test
foldbench_monomer,8gr7_A,343,sparsa-scale-main-20260911-long-step-2000,single_seq,pair_network,,,,,,medium,R,0.11363636363636363,3702,44,44,eval-test
foldbench_monomer,8gr7_A,343,sparsa-scale-main-20260911-long-step-2000,single_seq,pair_network,,,,,,medium,AUC,0.8977521248571003,3702,44,3702,eval-test
foldbench_monomer,8gr7_A,343,sparsa-scale-main-20260911-long-step-2000,single_seq,pair_network,,,,,,long,L,0.11661807580174927,45753,278,343,eval-test
foldbench_monomer,8gr7_A,343,sparsa-scale-main-20260911-long-step-2000,single_seq,pair_network,,,,,,long,L/2,0.13450292397660818,45753,278,171,eval-test
foldbench_monomer,8gr7_A,343,sparsa-scale-main-20260911-long-step-2000,single_seq,pair_network,,,,,,long,L/5,0.17647058823529413,45753,278,68,eval-test
foldbench_monomer,8gr7_A,343,sparsa-scale-main-20260911-long-step-2000,single_seq,pair_network,,,,,,long,R,0.11870503597122302,45753,278,278,eval-test
foldbench_monomer,8gr7_A,343,sparsa-scale-main-20260911-long-step-2000,single_seq,pair_network,,,,,,long,AUC,0.8756243647193296,45753,278,45753,eval-test
foldbench_monomer,8gsy_A,144,sparsa-scale-main-20260911-long-step-2000,single_seq,pair_network,,,,,,all,L,0.5347222222222222,7260,123,144,eval-test
foldbench_monomer,8gsy_A,144,sparsa-scale-main-20260911-long-step-2000,single_seq,pair_network,,,,,,all,L/2,0.6805555555555556,7260,123,72,eval-test
foldbench_monomer,8gsy_A,144,sparsa-scale-main-20260911-long-step-2000,single_seq,pair_network,,,,,,all,L/5,0.8571428571428571,7260,123,28,eval-test
foldbench_monomer,8gsy_A,144,sparsa-scale-main-20260911-long-step-2000,single_seq,pair_network,,,,,,all,R,0.5853658536585366,7260,123,123,eval-test
foldbench_monomer,8gsy_A,144,sparsa-scale-main-20260911-long-step-2000,single_seq,pair_network,,,,,,all,AUC,0.9652987807725912,7260,123,7260,eval-test
foldbench_monomer,8gsy_A,144,sparsa-scale-main-20260911-long-step-2000,single_seq,pair_network,,,,,,short,L,0.10416666666666667,705,15,144,eval-test
foldbench_monomer,8gsy_A,144,sparsa-scale-main-20260911-long-step-2000,single_seq,pair_network,,,,,,short,L/2,0.19444444444444445,705,15,72,eval-test
foldbench_monomer,8gsy_A,144,sparsa-scale-main-20260911-long-step-2000,single_seq,pair_network,,,,,,short,L/5,0.4642857142857143,705,15,28,eval-test
foldbench_monomer,8gsy_A,144,sparsa-scale-main-20260911-long-step-2000,single_seq,pair_network,,,,,,short,R,0.6666666666666666,705,15,15,eval-test
foldbench_monomer,8gsy_A,144,sparsa-scale-main-20260911-long-step-2000,single_seq,pair_network,,,,,,short,AUC,0.9831884057971015,705,15,705,eval-test
foldbench_monomer,8gsy_A,144,sparsa-scale-main-20260911-long-step-2000,single_seq,pair_network,,,,,,medium,L,0.19444444444444445,1302,28,144,eval-test
foldbench_monomer,8gsy_A,144,sparsa-scale-main-20260911-long-step-2000,single_seq,pair_network,,,,,,medium,L/2,0.3333333333333333,1302,28,72,eval-test
foldbench_monomer,8gsy_A,144,sparsa-scale-main-20260911-long-step-2000,single_seq,pair_network,,,,,,medium,L/5,0.6071428571428571,1302,28,28,eval-test
foldbench_monomer,8gsy_A,144,sparsa-scale-main-20260911-long-step-2000,single_seq,pair_network,,,,,,medium,R,0.6071428571428571,1302,28,28,eval-test
foldbench_monomer,8gsy_A,144,sparsa-scale-main-20260911-long-step-2000,single_seq,pair_network,,,,,,medium,AUC,0.9852825745682888,1302,28,1302,eval-test
foldbench_monomer,8gsy_A,144,sparsa-scale-main-20260911-long-step-2000,single_seq,pair_network,,,,,,long,L,0.3333333333333333,5253,80,144,eval-test
foldbench_monomer,8gsy_A,144,sparsa-scale-main-20260911-long-step-2000,single_seq,pair_network,,,,,,long,L/2,0.5833333333333334,5253,80,72,eval-test
foldbench_monomer,8gsy_A,144,sparsa-scale-main-20260911-long-step-2000,single_seq,pair_network,,,,,,long,L/5,0.75,5253,80,28,eval-test
foldbench_monomer,8gsy_A,144,sparsa-scale-main-20260911-long-step-2000,single_seq,pair_network,,,,,,long,R,0.5625,5253,80,80,eval-test
foldbench_monomer,8gsy_A,144,sparsa-scale-main-20260911-long-step-2000,single_seq,pair_network,,,,,,long,AUC,0.9536535859269283,5253,80,5253,eval-test
foldbench_monomer,8gqq_A,99,sparsa-scale-main-20260911-long-step-2000,single_seq,pair_network,,,,,,all,L,0.5151515151515151,4371,99,99,eval-test
foldbench_monomer,8gqq_A,99,sparsa-scale-main-20260911-long-step-2000,single_seq,pair_network,,,,,,all,L/2,0.7346938775510204,4371,99,49,eval-test
foldbench_monomer,8gqq_A,99,sparsa-scale-main-20260911-long-step-2000,single_seq,pair_network,,,,,,all,L/5,0.9473684210526315,4371,99,19,eval-test
foldbench_monomer,8gqq_A,99,sparsa-scale-main-20260911-long-step-2000,single_seq,pair_network,,,,,,all,R,0.5151515151515151,4371,99,99,eval-test
foldbench_monomer,8gqq_A,99,sparsa-scale-main-20260911-long-step-2000,single_seq,pair_network,,,,,,all,AUC,0.9562336851662694,4371,99,4371,eval-test
foldbench_monomer,8gqq_A,99,sparsa-scale-main-20260911-long-step-2000,single_seq,pair_network,,,,,,short,L,0.18181818181818182,543,19,99,eval-test
foldbench_monomer,8gqq_A,99,sparsa-scale-main-20260911-long-step-2000,single_seq,pair_network,,,,,,short,L/2,0.3469387755102041,543,19,49,eval-test
foldbench_monomer,8gqq_A,99,sparsa-scale-main-20260911-long-step-2000,single_seq,pair_network,,,,,,short,L/5,0.631578947368421,543,19,19,eval-test
foldbench_monomer,8gqq_A,99,sparsa-scale-main-20260911-long-step-2000,single_seq,pair_network,,,,,,short,R,0.631578947368421,543,19,19,eval-test
foldbench_monomer,8gqq_A,99,sparsa-scale-main-20260911-long-step-2000,single_seq,pair_network,,,,,,short,AUC,0.9723784652470873,543,19,543,eval-test
foldbench_monomer,8gqq_A,99,sparsa-scale-main-20260911-long-step-2000,single_seq,pair_network,,,,,,medium,L,0.26262626262626265,978,30,99,eval-test
foldbench_monomer,8gqq_A,99,sparsa-scale-main-20260911-long-step-2000,single_seq,pair_network,,,,,,medium,L/2,0.4897959183673469,978,30,49,eval-test
foldbench_monomer,8gqq_A,99,sparsa-scale-main-20260911-long-step-2000,single_seq,pair_network,,,,,,medium,L/5,0.8947368421052632,978,30,19,eval-test
foldbench_monomer,8gqq_A,99,sparsa-scale-main-20260911-long-step-2000,single_seq,pair_network,,,,,,medium,R,0.7333333333333333,978,30,30,eval-test
foldbench_monomer,8gqq_A,99,sparsa-scale-main-20260911-long-step-2000,single_seq,pair_network,,,,,,medium,AUC,0.9805379746835442,978,30,978,eval-test
foldbench_monomer,8gqq_A,99,sparsa-scale-main-20260911-long-step-2000,single_seq,pair_network,,,,,,long,L,0.2727272727272727,2850,50,99,eval-test
foldbench_monomer,8gqq_A,99,sparsa-scale-main-20260911-long-step-2000,single_seq,pair_network,,,,,,long,L/2,0.40816326530612246,2850,50,49,eval-test
foldbench_monomer,8gqq_A,99,sparsa-scale-main-20260911-long-step-2000,single_seq,pair_network,,,,,,long,L/5,0.5789473684210527,2850,50,19,eval-test
foldbench_monomer,8gqq_A,99,sparsa-scale-main-20260911-long-step-2000,single_seq,pair_network,,,,,,long,R,0.4,2850,50,50,eval-test
foldbench_monomer,8gqq_A,99,sparsa-scale-main-20260911-long-step-2000,single_seq,pair_network,,,,,,long,AUC,0.9356142857142857,2850,50,2850,eval-test
foldbench_monomer,8gtz_A,483,sparsa-scale-main-20260911-long-step-2000,single_seq,pair_network,,,,,,all,L,0.21325051759834368,104225,472,483,eval-test
foldbench_monomer,8gtz_A,483,sparsa-scale-main-20260911-long-step-2000,single_seq,pair_network,,,,,,all,L/2,0.3112033195020747,104225,472,241,eval-test
foldbench_monomer,8gtz_A,483,sparsa-scale-main-20260911-long-step-2000,single_seq,pair_network,,,,,,all,L/5,0.4895833333333333,104225,472,96,eval-test
foldbench_monomer,8gtz_A,483,sparsa-scale-main-20260911-long-step-2000,single_seq,pair_network,,,,,,all,R,0.21398305084745764,104225,472,472,eval-test
foldbench_monomer,8gtz_A,483,sparsa-scale-main-20260911-long-step-2000,single_seq,pair_network,,,,,,all,AUC,0.9273703562094264,104225,472,104225,eval-test
foldbench_monomer,8gtz_A,483,sparsa-scale-main-20260911-long-step-2000,single_seq,pair_network,,,,,,short,L,0.10766045548654245,2646,66,483,eval-test
foldbench_monomer,8gtz_A,483,sparsa-scale-main-20260911-long-step-2000,single_seq,pair_network,,,,,,short,L/2,0.17427385892116182,2646,66,241,eval-test
foldbench_monomer,8gtz_A,483,sparsa-scale-main-20260911-long-step-2000,single_seq,pair_network,,,,,,short,L/5,0.3229166666666667,2646,66,96,eval-test
foldbench_monomer,8gtz_A,483,sparsa-scale-main-20260911-long-step-2000,single_seq,pair_network,,,,,,short,R,0.42424242424242425,2646,66,66,eval-test
foldbench_monomer,8gtz_A,483,sparsa-scale-main-20260911-long-step-2000,single_seq,pair_network,,,,,,short,AUC,0.9170483908856002,2646,66,2646,eval-test
foldbench_monomer,8gtz_A,483,sparsa-scale-main-20260911-long-step-2000,single_seq,pair_network,,,,,,medium,L,0.08695652173913043,5112,73,483,eval-test
foldbench_monomer,8gtz_A,483,sparsa-scale-main-20260911-long-step-2000,single_seq,pair_network,,,,,,medium,L/2,0.14522821576763487,5112,73,241,eval-test
foldbench_monomer,8gtz_A,483,sparsa-scale-main-20260911-long-step-2000,single_seq,pair_network,,,,,,medium,L/5,0.20833333333333334,5112,73,96,eval-test
foldbench_monomer,8gtz_A,483,sparsa-scale-main-20260911-long-step-2000,single_seq,pair_network,,,,,,medium,R,0.2465753424657534,5112,73,73,eval-test
foldbench_monomer,8gtz_A,483,sparsa-scale-main-20260911-long-step-2000,single_seq,pair_network,,,,,,medium,AUC,0.895581586909775,5112,73,5112,eval-test
foldbench_monomer,8gtz_A,483,sparsa-scale-main-20260911-long-step-2000,single_seq,pair_network,,,,,,long,L,0.13664596273291926,96467,333,483,eval-test
foldbench_monomer,8gtz_A,483,sparsa-scale-main-20260911-long-step-2000,single_seq,pair_network,,,,,,long,L/2,0.1991701244813278,96467,333,241,eval-test
foldbench_monomer,8gtz_A,483,sparsa-scale-main-20260911-long-step-2000,single_seq,pair_network,,,,,,long,L/5,0.28125,96467,333,96,eval-test
foldbench_monomer,8gtz_A,483,sparsa-scale-main-20260911-long-step-2000,single_seq,pair_network,,,,,,long,R,0.16216216216216217,96467,333,333,eval-test
foldbench_monomer,8gtz_A,483,sparsa-scale-main-20260911-long-step-2000,single_seq,pair_network,,,,,,long,AUC,0.918576632054694,96467,333,96467,eval-test
foldbench_monomer,8q79_A,236,sparsa-scale-main-20260911-long-step-2000,single_seq,pair_network,,,,,,all,L,0.2923728813559322,21748,263,236,eval-test
foldbench_monomer,8q79_A,236,sparsa-scale-main-20260911-long-step-2000,single_seq,pair_network,,,,,,all,L/2,0.3559322033898305,21748,263,118,eval-test
foldbench_monomer,8q79_A,236,sparsa-scale-main-20260911-long-step-2000,single_seq,pair_network,,,,,,all,L/5,0.5531914893617021,21748,263,47,eval-test
foldbench_monomer,8q79_A,236,sparsa-scale-main-20260911-long-step-2000,single_seq,pair_network,,,,,,all,R,0.28517110266159695,21748,263,263,eval-test
foldbench_monomer,8q79_A,236,sparsa-scale-main-20260911-long-step-2000,single_seq,pair_network,,,,,,all,AUC,0.86161509798595,21748,263,21748,eval-test
foldbench_monomer,8q79_A,236,sparsa-scale-main-20260911-long-step-2000,single_seq,pair_network,,,,,,short,L,0.13983050847457626,1215,40,236,eval-test
foldbench_monomer,8q79_A,236,sparsa-scale-main-20260911-long-step-2000,single_seq,pair_network,,,,,,short,L/2,0.2457627118644068,1215,40,118,eval-test
foldbench_monomer,8q79_A,236,sparsa-scale-main-20260911-long-step-2000,single_seq,pair_network,,,,,,short,L/5,0.2978723404255319,1215,40,47,eval-test
foldbench_monomer,8q79_A,236,sparsa-scale-main-20260911-long-step-2000,single_seq,pair_network,,,,,,short,R,0.275,1215,40,40,eval-test
foldbench_monomer,8q79_A,236,sparsa-scale-main-20260911-long-step-2000,single_seq,pair_network,,,,,,short,AUC,0.8993297872340427,1215,40,1215,eval-test
foldbench_monomer,8q79_A,236,sparsa-scale-main-20260911-long-step-2000,single_seq,pair_network,,,,,,medium,L,0.1652542372881356,2322,53,236,eval-test
foldbench_monomer,8q79_A,236,sparsa-scale-main-20260911-long-step-2000,single_seq,pair_network,,,,,,medium,L/2,0.2711864406779661,2322,53,118,eval-test
foldbench_monomer,8q79_A,236,sparsa-scale-main-20260911-long-step-2000,single_seq,pair_network,,,,,,medium,L/5,0.46808510638297873,2322,53,47,eval-test
foldbench_monomer,8q79_A,236,sparsa-scale-main-20260911-long-step-2000,single_seq,pair_network,,,,,,medium,R,0.4339622641509434,2322,53,53,eval-test
foldbench_monomer,8q79_A,236,sparsa-scale-main-20260911-long-step-2000,single_seq,pair_network,,,,,,medium,AUC,0.9155974288399013,2322,53,2322,eval-test
foldbench_monomer,8q79_A,236,sparsa-scale-main-20260911-long-step-2000,single_seq,pair_network,,,,,,long,L,0.1440677966101695,18211,170,236,eval-test
foldbench_monomer,8q79_A,236,sparsa-scale-main-20260911-long-step-2000,single_seq,pair_network,,,,,,long,L/2,0.19491525423728814,18211,170,118,eval-test
foldbench_monomer,8q79_A,236,sparsa-scale-main-20260911-long-step-2000,single_seq,pair_network,,,,,,long,L/5,0.2978723404255319,18211,170,47,eval-test
foldbench_monomer,8q79_A,236,sparsa-scale-main-20260911-long-step-2000,single_seq,pair_network,,,,,,long,R,0.16470588235294117,18211,170,170,eval-test
foldbench_monomer,8q79_A,236,sparsa-scale-main-20260911-long-step-2000,single_seq,pair_network,,,,,,long,AUC,0.8317287094428704,18211,170,18211,eval-test
foldbench_monomer,8h02_A,84,sparsa-scale-main-20260911-long-step-2000,single_seq,pair_network,,,,,,all,L,0.40476190476190477,2701,54,84,eval-test
foldbench_monomer,8h02_A,84,sparsa-scale-main-20260911-long-step-2000,single_seq,pair_network,,,,,,all,L/2,0.7380952380952381,2701,54,42,eval-test
foldbench_monomer,8h02_A,84,sparsa-scale-main-20260911-long-step-2000,single_seq,pair_network,,,,,,all,L/5,0.9375,2701,54,16,eval-test
foldbench_monomer,8h02_A,84,sparsa-scale-main-20260911-long-step-2000,single_seq,pair_network,,,,,,all,R,0.5925925925925926,2701,54,54,eval-test
foldbench_monomer,8h02_A,84,sparsa-scale-main-20260911-long-step-2000,single_seq,pair_network,,,,,,all,AUC,0.9718374400089549,2701,54,2701,eval-test
foldbench_monomer,8h02_A,84,sparsa-scale-main-20260911-long-step-2000,single_seq,pair_network,,,,,,short,L,0.08333333333333333,423,7,84,eval-test
foldbench_monomer,8h02_A,84,sparsa-scale-main-20260911-long-step-2000,single_seq,pair_network,,,,,,short,L/2,0.16666666666666666,423,7,42,eval-test
foldbench_monomer,8h02_A,84,sparsa-scale-main-20260911-long-step-2000,single_seq,pair_network,,,,,,short,L/5,0.4375,423,7,16,eval-test
foldbench_monomer,8h02_A,84,sparsa-scale-main-20260911-long-step-2000,single_seq,pair_network,,,,,,short,R,0.7142857142857143,423,7,7,eval-test
foldbench_monomer,8h02_A,84,sparsa-scale-main-20260911-long-step-2000,single_seq,pair_network,,,,,,short,AUC,0.9969093406593406,423,7,423,eval-test
foldbench_monomer,8h02_A,84,sparsa-scale-main-20260911-long-step-2000,single_seq,pair_network,,,,,,medium,L,0.10714285714285714,738,15,84,eval-test
foldbench_monomer,8h02_A,84,sparsa-scale-main-20260911-long-step-2000,single_seq,pair_network,,,,,,medium,L/2,0.21428571428571427,738,15,42,eval-test
foldbench_monomer,8h02_A,84,sparsa-scale-main-20260911-long-step-2000,single_seq,pair_network,,,,,,medium,L/5,0.5625,738,15,16,eval-test
foldbench_monomer,8h02_A,84,sparsa-scale-main-20260911-long-step-2000,single_seq,pair_network,,,,,,medium,R,0.6,738,15,15,eval-test
foldbench_monomer,8h02_A,84,sparsa-scale-main-20260911-long-step-2000,single_seq,pair_network,,,,,,medium,AUC,0.9394190871369295,738,15,738,eval-test
foldbench_monomer,8h02_A,84,sparsa-scale-main-20260911-long-step-2000,single_seq,pair_network,,,,,,long,L,0.3333333333333333,1540,32,84,eval-test
foldbench_monomer,8h02_A,84,sparsa-scale-main-20260911-long-step-2000,single_seq,pair_network,,,,,,long,L/2,0.5,1540,32,42,eval-test
foldbench_monomer,8h02_A,84,sparsa-scale-main-20260911-long-step-2000,single_seq,pair_network,,,,,,long,L/5,0.8125,1540,32,16,eval-test
foldbench_monomer,8h02_A,84,sparsa-scale-main-20260911-long-step-2000,single_seq,pair_network,,,,,,long,R,0.53125,1540,32,32,eval-test
foldbench_monomer,8h02_A,84,sparsa-scale-main-20260911-long-step-2000,single_seq,pair_network,,,,,,long,AUC,0.9798574270557029,1540,32,1540,eval-test
foldbench_monomer,8h5s_A,260,sparsa-scale-main-20260911-long-step-2000,single_seq,pair_network,,,,,,all,L,0.21153846153846154,29161,191,260,eval-test
foldbench_monomer,8h5s_A,260,sparsa-scale-main-20260911-long-step-2000,single_seq,pair_network,,,,,,all,L/2,0.2692307692307692,29161,191,130,eval-test
foldbench_monomer,8h5s_A,260,sparsa-scale-main-20260911-long-step-2000,single_seq,pair_network,,,,,,all,L/5,0.23076923076923078,29161,191,52,eval-test
foldbench_monomer,8h5s_A,260,sparsa-scale-main-20260911-long-step-2000,single_seq,pair_network,,,,,,all,R,0.2513089005235602,29161,191,191,eval-test
foldbench_monomer,8h5s_A,260,sparsa-scale-main-20260911-long-step-2000,single_seq,pair_network,,,,,,all,AUC,0.933598396608154,29161,191,29161,eval-test
foldbench_monomer,8h5s_A,260,sparsa-scale-main-20260911-long-step-2000,single_seq,pair_network,,,,,,short,L,0.09230769230769231,1431,27,260,eval-test
foldbench_monomer,8h5s_A,260,sparsa-scale-main-20260911-long-step-2000,single_seq,pair_network,,,,,,short,L/2,0.14615384615384616,1431,27,130,eval-test
foldbench_monomer,8h5s_A,260,sparsa-scale-main-20260911-long-step-2000,single_seq,pair_network,,,,,,short,L/5,0.21153846153846154,1431,27,52,eval-test
foldbench_monomer,8h5s_A,260,sparsa-scale-main-20260911-long-step-2000,single_seq,pair_network,,,,,,short,R,0.2962962962962963,1431,27,27,eval-test
foldbench_monomer,8h5s_A,260,sparsa-scale-main-20260911-long-step-2000,single_seq,pair_network,,,,,,short,AUC,0.9400786113749076,1431,27,1431,eval-test
foldbench_monomer,8h5s_A,260,sparsa-scale-main-20260911-long-step-2000,single_seq,pair_network,,,,,,medium,L,0.11153846153846154,2754,47,260,eval-test
foldbench_monomer,8h5s_A,260,sparsa-scale-main-20260911-long-step-2000,single_seq,pair_network,,,,,,medium,L/2,0.12307692307692308,2754,47,130,eval-test
foldbench_monomer,8h5s_A,260,sparsa-scale-main-20260911-long-step-2000,single_seq,pair_network,,,,,,medium,L/5,0.23076923076923078,2754,47,52,eval-test
foldbench_monomer,8h5s_A,260,sparsa-scale-main-20260911-long-step-2000,single_seq,pair_network,,,,,,medium,R,0.2553191489361702,2754,47,47,eval-test
foldbench_monomer,8h5s_A,260,sparsa-scale-main-20260911-long-step-2000,single_seq,pair_network,,,,,,medium,AUC,0.8915891817117166,2754,47,2754,eval-test
foldbench_monomer,8h5s_A,260,sparsa-scale-main-20260911-long-step-2000,single_seq,pair_network,,,,,,long,L,0.16923076923076924,24976,117,260,eval-test
foldbench_monomer,8h5s_A,260,sparsa-scale-main-20260911-long-step-2000,single_seq,pair_network,,,,,,long,L/2,0.23846153846153847,24976,117,130,eval-test
foldbench_monomer,8h5s_A,260,sparsa-scale-main-20260911-long-step-2000,single_seq,pair_network,,,,,,long,L/5,0.28846153846153844,24976,117,52,eval-test
foldbench_monomer,8h5s_A,260,sparsa-scale-main-20260911-long-step-2000,single_seq,pair_network,,,,,,long,R,0.24786324786324787,24976,117,117,eval-test
foldbench_monomer,8h5s_A,260,sparsa-scale-main-20260911-long-step-2000,single_seq,pair_network,,,,,,long,AUC,0.9272947285940569,24976,117,24976,eval-test
foldbench_monomer,8hbt_A,446,sparsa-scale-main-20260911-long-step-2000,single_seq,pair_network,,,,,,all,L,0.06950672645739911,90560,475,446,eval-test
foldbench_monomer,8hbt_A,446,sparsa-scale-main-20260911-long-step-2000,single_seq,pair_network,,,,,,all,L/2,0.1031390134529148,90560,475,223,eval-test
foldbench_monomer,8hbt_A,446,sparsa-scale-main-20260911-long-step-2000,single_seq,pair_network,,,,,,all,L/5,0.21348314606741572,90560,475,89,eval-test
foldbench_monomer,8hbt_A,446,sparsa-scale-main-20260911-long-step-2000,single_seq,pair_network,,,,,,all,R,0.06947368421052631,90560,475,475,eval-test
foldbench_monomer,8hbt_A,446,sparsa-scale-main-20260911-long-step-2000,single_seq,pair_network,,,,,,all,AUC,0.8010085796163273,90560,475,90560,eval-test
foldbench_monomer,8hbt_A,446,sparsa-scale-main-20260911-long-step-2000,single_seq,pair_network,,,,,,short,L,0.06278026905829596,2463,38,446,eval-test
foldbench_monomer,8hbt_A,446,sparsa-scale-main-20260911-long-step-2000,single_seq,pair_network,,,,,,short,L/2,0.08071748878923767,2463,38,223,eval-test
foldbench_monomer,8hbt_A,446,sparsa-scale-main-20260911-long-step-2000,single_seq,pair_network,,,,,,short,L/5,0.12359550561797752,2463,38,89,eval-test
foldbench_monomer,8hbt_A,446,sparsa-scale-main-20260911-long-step-2000,single_seq,pair_network,,,,,,short,R,0.18421052631578946,2463,38,38,eval-test
foldbench_monomer,8hbt_A,446,sparsa-scale-main-20260911-long-step-2000,single_seq,pair_network,,,,,,short,AUC,0.8681063483450895,2463,38,2463,eval-test
foldbench_monomer,8hbt_A,446,sparsa-scale-main-20260911-long-step-2000,single_seq,pair_network,,,,,,medium,L,0.0515695067264574,4845,45,446,eval-test
foldbench_monomer,8hbt_A,446,sparsa-scale-main-20260911-long-step-2000,single_seq,pair_network,,,,,,medium,L/2,0.08520179372197309,4845,45,223,eval-test
foldbench_monomer,8hbt_A,446,sparsa-scale-main-20260911-long-step-2000,single_seq,pair_network,,,,,,medium,L/5,0.12359550561797752,4845,45,89,eval-test
foldbench_monomer,8hbt_A,446,sparsa-scale-main-20260911-long-step-2000,single_seq,pair_network,,,,,,medium,R,0.2222222222222222,4845,45,45,eval-test
foldbench_monomer,8hbt_A,446,sparsa-scale-main-20260911-long-step-2000,single_seq,pair_network,,,,,,medium,AUC,0.8849259259259259,4845,45,4845,eval-test
foldbench_monomer,8hbt_A,446,sparsa-scale-main-20260911-long-step-2000,single_seq,pair_network,,,,,,long,L,0.026905829596412557,83252,392,446,eval-test
foldbench_monomer,8hbt_A,446,sparsa-scale-main-20260911-long-step-2000,single_seq,pair_network,,,,,,long,L/2,0.017937219730941704,83252,392,223,eval-test
foldbench_monomer,8hbt_A,446,sparsa-scale-main-20260911-long-step-2000,single_seq,pair_network,,,,,,long,L/5,0.02247191011235955,83252,392,89,eval-test
foldbench_monomer,8hbt_A,446,sparsa-scale-main-20260911-long-step-2000,single_seq,pair_network,,,,,,long,R,0.02806122448979592,83252,392,392,eval-test
foldbench_monomer,8hbt_A,446,sparsa-scale-main-20260911-long-step-2000,single_seq,pair_network,,,,,,long,AUC,0.7841365999694592,83252,392,83252,eval-test
foldbench_monomer,8hd2_A,354,sparsa-scale-main-20260911-long-step-2000,single_seq,pair_network,,,,,,all,L,0.4124293785310734,47601,365,354,eval-test
foldbench_monomer,8hd2_A,354,sparsa-scale-main-20260911-long-step-2000,single_seq,pair_network,,,,,,all,L/2,0.5480225988700564,47601,365,177,eval-test
foldbench_monomer,8hd2_A,354,sparsa-scale-main-20260911-long-step-2000,single_seq,pair_network,,,,,,all,L/5,0.6857142857142857,47601,365,70,eval-test
foldbench_monomer,8hd2_A,354,sparsa-scale-main-20260911-long-step-2000,single_seq,pair_network,,,,,,all,R,0.4,47601,365,365,eval-test
foldbench_monomer,8hd2_A,354,sparsa-scale-main-20260911-long-step-2000,single_seq,pair_network,,,,,,all,AUC,0.9634140781874052,47601,365,47601,eval-test
foldbench_monomer,8hd2_A,354,sparsa-scale-main-20260911-long-step-2000,single_seq,pair_network,,,,,,short,L,0.1384180790960452,1782,52,354,eval-test
foldbench_monomer,8hd2_A,354,sparsa-scale-main-20260911-long-step-2000,single_seq,pair_network,,,,,,short,L/2,0.24293785310734464,1782,52,177,eval-test
foldbench_monomer,8hd2_A,354,sparsa-scale-main-20260911-long-step-2000,single_seq,pair_network,,,,,,short,L/5,0.45714285714285713,1782,52,70,eval-test
foldbench_monomer,8hd2_A,354,sparsa-scale-main-20260911-long-step-2000,single_seq,pair_network,,,,,,short,R,0.5192307692307693,1782,52,52,eval-test
foldbench_monomer,8hd2_A,354,sparsa-scale-main-20260911-long-step-2000,single_seq,pair_network,,,,,,short,AUC,0.9563528234771008,1782,52,1782,eval-test
foldbench_monomer,8hd2_A,354,sparsa-scale-main-20260911-long-step-2000,single_seq,pair_network,,,,,,medium,L,0.1384180790960452,3358,54,354,eval-test
foldbench_monomer,8hd2_A,354,sparsa-scale-main-20260911-long-step-2000,single_seq,pair_network,,,,,,medium,L/2,0.22598870056497175,3358,54,177,eval-test
foldbench_monomer,8hd2_A,354,sparsa-scale-main-20260911-long-step-2000,single_seq,pair_network,,,,,,medium,L/5,0.4142857142857143,3358,54,70,eval-test
foldbench_monomer,8hd2_A,354,sparsa-scale-main-20260911-long-step-2000,single_seq,pair_network,,,,,,medium,R,0.46296296296296297,3358,54,54,eval-test
foldbench_monomer,8hd2_A,354,sparsa-scale-main-20260911-long-step-2000,single_seq,pair_network,,,,,,medium,AUC,0.968251165814725,3358,54,3358,eval-test
foldbench_monomer,8hd2_A,354,sparsa-scale-main-20260911-long-step-2000,single_seq,pair_network,,,,,,long,L,0.3135593220338983,42461,259,354,eval-test
foldbench_monomer,8hd2_A,354,sparsa-scale-main-20260911-long-step-2000,single_seq,pair_network,,,,,,long,L/2,0.4406779661016949,42461,259,177,eval-test
foldbench_monomer,8hd2_A,354,sparsa-scale-main-20260911-long-step-2000,single_seq,pair_network,,,,,,long,L/5,0.6,42461,259,70,eval-test
foldbench_monomer,8hd2_A,354,sparsa-scale-main-20260911-long-step-2000,single_seq,pair_network,,,,,,long,R,0.3745173745173745,42461,259,259,eval-test
foldbench_monomer,8hd2_A,354,sparsa-scale-main-20260911-long-step-2000,single_seq,pair_network,,,,,,long,AUC,0.9608678356841951,42461,259,42461,eval-test
foldbench_monomer,8he1_A,280,sparsa-scale-main-20260911-long-step-2000,single_seq,pair_network,,,,,,all,L,0.21785714285714286,24090,252,280,eval-test
foldbench_monomer,8he1_A,280,sparsa-scale-main-20260911-long-step-2000,single_seq,pair_network,,,,,,all,L/2,0.2785714285714286,24090,252,140,eval-test
foldbench_monomer,8he1_A,280,sparsa-scale-main-20260911-long-step-2000,single_seq,pair_network,,,,,,all,L/5,0.44642857142857145,24090,252,56,eval-test
foldbench_monomer,8he1_A,280,sparsa-scale-main-20260911-long-step-2000,single_seq,pair_network,,,,,,all,R,0.2222222222222222,24090,252,252,eval-test
foldbench_monomer,8he1_A,280,sparsa-scale-main-20260911-long-step-2000,single_seq,pair_network,,,,,,all,AUC,0.8697497792640002,24090,252,24090,eval-test
foldbench_monomer,8he1_A,280,sparsa-scale-main-20260911-long-step-2000,single_seq,pair_network,,,,,,short,L,0.08571428571428572,1299,29,280,eval-test
foldbench_monomer,8he1_A,280,sparsa-scale-main-20260911-long-step-2000,single_seq,pair_network,,,,,,short,L/2,0.15714285714285714,1299,29,140,eval-test
foldbench_monomer,8he1_A,280,sparsa-scale-main-20260911-long-step-2000,single_seq,pair_network,,,,,,short,L/5,0.32142857142857145,1299,29,56,eval-test
foldbench_monomer,8he1_A,280,sparsa-scale-main-20260911-long-step-2000,single_seq,pair_network,,,,,,short,R,0.4827586206896552,1299,29,29,eval-test
foldbench_monomer,8he1_A,280,sparsa-scale-main-20260911-long-step-2000,single_seq,pair_network,,,,,,short,AUC,0.9231061634537061,1299,29,1299,eval-test
foldbench_monomer,8he1_A,280,sparsa-scale-main-20260911-long-step-2000,single_seq,pair_network,,,,,,medium,L,0.075,2490,29,280,eval-test
foldbench_monomer,8he1_A,280,sparsa-scale-main-20260911-long-step-2000,single_seq,pair_network,,,,,,medium,L/2,0.12857142857142856,2490,29,140,eval-test
foldbench_monomer,8he1_A,280,sparsa-scale-main-20260911-long-step-2000,single_seq,pair_network,,,,,,medium,L/5,0.21428571428571427,2490,29,56,eval-test
foldbench_monomer,8he1_A,280,sparsa-scale-main-20260911-long-step-2000,single_seq,pair_network,,,,,,medium,R,0.27586206896551724,2490,29,29,eval-test
foldbench_monomer,8he1_A,280,sparsa-scale-main-20260911-long-step-2000,single_seq,pair_network,,,,,,medium,AUC,0.9173380599419916,2490,29,2490,eval-test
foldbench_monomer,8he1_A,280,sparsa-scale-main-20260911-long-step-2000,single_seq,pair_network,,,,,,long,L,0.15,20301,194,280,eval-test
foldbench_monomer,8he1_A,280,sparsa-scale-main-20260911-long-step-2000,single_seq,pair_network,,,,,,long,L/2,0.18571428571428572,20301,194,140,eval-test
foldbench_monomer,8he1_A,280,sparsa-scale-main-20260911-long-step-2000,single_seq,pair_network,,,,,,long,L/5,0.2857142857142857,20301,194,56,eval-test
foldbench_monomer,8he1_A,280,sparsa-scale-main-20260911-long-step-2000,single_seq,pair_network,,,,,,long,R,0.17010309278350516,20301,194,194,eval-test
foldbench_monomer,8he1_A,280,sparsa-scale-main-20260911-long-step-2000,single_seq,pair_network,,,,,,long,AUC,0.8571494309567524,20301,194,20301,eval-test
foldbench_monomer,8axs_A,578,sparsa-scale-main-20260911-long-step-2000,single_seq,pair_network,,,,,,all,L,0.42387543252595156,161028,722,578,eval-test
foldbench_monomer,8axs_A,578,sparsa-scale-main-20260911-long-step-2000,single_seq,pair_network,,,,,,all,L/2,0.5951557093425606,161028,722,289,eval-test
foldbench_monomer,8axs_A,578,sparsa-scale-main-20260911-long-step-2000,single_seq,pair_network,,,,,,all,L/5,0.7565217391304347,161028,722,115,eval-test
foldbench_monomer,8axs_A,578,sparsa-scale-main-20260911-long-step-2000,single_seq,pair_network,,,,,,all,R,0.3656509695290859,161028,722,722,eval-test
foldbench_monomer,8axs_A,578,sparsa-scale-main-20260911-long-step-2000,single_seq,pair_network,,,,,,all,AUC,0.9534706312888512,161028,722,161028,eval-test
foldbench_monomer,8axs_A,578,sparsa-scale-main-20260911-long-step-2000,single_seq,pair_network,,,,,,short,L,0.17474048442906576,3387,113,578,eval-test
foldbench_monomer,8axs_A,578,sparsa-scale-main-20260911-long-step-2000,single_seq,pair_network,,,,,,short,L/2,0.3079584775086505,3387,113,289,eval-test
foldbench_monomer,8axs_A,578,sparsa-scale-main-20260911-long-step-2000,single_seq,pair_network,,,,,,short,L/5,0.591304347826087,3387,113,115,eval-test
foldbench_monomer,8axs_A,578,sparsa-scale-main-20260911-long-step-2000,single_seq,pair_network,,,,,,short,R,0.584070796460177,3387,113,113,eval-test
foldbench_monomer,8axs_A,578,sparsa-scale-main-20260911-long-step-2000,single_seq,pair_network,,,,,,short,AUC,0.9542885485536352,3387,113,3387,eval-test
foldbench_monomer,8axs_A,578,sparsa-scale-main-20260911-long-step-2000,single_seq,pair_network,,,,,,medium,L,0.21453287197231835,6666,158,578,eval-test
foldbench_monomer,8axs_A,578,sparsa-scale-main-20260911-long-step-2000,single_seq,pair_network,,,,,,medium,L/2,0.3460207612456747,6666,158,289,eval-test
foldbench_monomer,8axs_A,578,sparsa-scale-main-20260911-long-step-2000,single_seq,pair_network,,,,,,medium,L/5,0.5304347826086957,6666,158,115,eval-test
foldbench_monomer,8axs_A,578,sparsa-scale-main-20260911-long-step-2000,single_seq,pair_network,,,,,,medium,R,0.4810126582278481,6666,158,158,eval-test
foldbench_monomer,8axs_A,578,sparsa-scale-main-20260911-long-step-2000,single_seq,pair_network,,,,,,medium,AUC,0.9508832362117122,6666,158,6666,eval-test
foldbench_monomer,8axs_A,578,sparsa-scale-main-20260911-long-step-2000,single_seq,pair_network,,,,,,long,L,0.23875432525951557,150975,451,578,eval-test
foldbench_monomer,8axs_A,578,sparsa-scale-main-20260911-long-step-2000,single_seq,pair_network,,,,,,long,L/2,0.33217993079584773,150975,451,289,eval-test
foldbench_monomer,8axs_A,578,sparsa-scale-main-20260911-long-step-2000,single_seq,pair_network,,,,,,long,L/5,0.5391304347826087,150975,451,115,eval-test
foldbench_monomer,8axs_A,578,sparsa-scale-main-20260911-long-step-2000,single_seq,pair_network,,,,,,long,R,0.2682926829268293,150975,451,451,eval-test
foldbench_monomer,8axs_A,578,sparsa-scale-main-20260911-long-step-2000,single_seq,pair_network,,,,,,long,AUC,0.9396154223934705,150975,451,150975,eval-test
foldbench_monomer,8hnq_A,286,sparsa-scale-main-20260911-long-step-2000,single_seq,pair_network,,,,,,all,L,0.3776223776223776,39340,306,286,eval-test
foldbench_monomer,8hnq_A,286,sparsa-scale-main-20260911-long-step-2000,single_seq,pair_network,,,,,,all,L/2,0.46153846153846156,39340,306,143,eval-test
foldbench_monomer,8hnq_A,286,sparsa-scale-main-20260911-long-step-2000,single_seq,pair_network,,,,,,all,L/5,0.6140350877192983,39340,306,57,eval-test
foldbench_monomer,8hnq_A,286,sparsa-scale-main-20260911-long-step-2000,single_seq,pair_network,,,,,,all,R,0.369281045751634,39340,306,306,eval-test
foldbench_monomer,8hnq_A,286,sparsa-scale-main-20260911-long-step-2000,single_seq,pair_network,,,,,,all,AUC,0.9634428390064502,39340,306,39340,eval-test
foldbench_monomer,8hnq_A,286,sparsa-scale-main-20260911-long-step-2000,single_seq,pair_network,,,,,,short,L,0.13286713286713286,1665,44,286,eval-test
foldbench_monomer,8hnq_A,286,sparsa-scale-main-20260911-long-step-2000,single_seq,pair_network,,,,,,short,L/2,0.22377622377622378,1665,44,143,eval-test
foldbench_monomer,8hnq_A,286,sparsa-scale-main-20260911-long-step-2000,single_seq,pair_network,,,,,,short,L/5,0.38596491228070173,1665,44,57,eval-test
foldbench_monomer,8hnq_A,286,sparsa-scale-main-20260911-long-step-2000,single_seq,pair_network,,,,,,short,R,0.4318181818181818,1665,44,44,eval-test
foldbench_monomer,8hnq_A,286,sparsa-scale-main-20260911-long-step-2000,single_seq,pair_network,,,,,,short,AUC,0.9369917559306826,1665,44,1665,eval-test
foldbench_monomer,8hnq_A,286,sparsa-scale-main-20260911-long-step-2000,single_seq,pair_network,,,,,,medium,L,0.1048951048951049,3222,37,286,eval-test
foldbench_monomer,8hnq_A,286,sparsa-scale-main-20260911-long-step-2000,single_seq,pair_network,,,,,,medium,L/2,0.18181818181818182,3222,37,143,eval-test
foldbench_monomer,8hnq_A,286,sparsa-scale-main-20260911-long-step-2000,single_seq,pair_network,,,,,,medium,L/5,0.3508771929824561,3222,37,57,eval-test
foldbench_monomer,8hnq_A,286,sparsa-scale-main-20260911-long-step-2000,single_seq,pair_network,,,,,,medium,R,0.43243243243243246,3222,37,37,eval-test
foldbench_monomer,8hnq_A,286,sparsa-scale-main-20260911-long-step-2000,single_seq,pair_network,,,,,,medium,AUC,0.9432899147184861,3222,37,3222,eval-test
foldbench_monomer,8hnq_A,286,sparsa-scale-main-20260911-long-step-2000,single_seq,pair_network,,,,,,long,L,0.27972027972027974,34453,225,286,eval-test
foldbench_monomer,8hnq_A,286,sparsa-scale-main-20260911-long-step-2000,single_seq,pair_network,,,,,,long,L/2,0.4125874125874126,34453,225,143,eval-test
foldbench_monomer,8hnq_A,286,sparsa-scale-main-20260911-long-step-2000,single_seq,pair_network,,,,,,long,L/5,0.5263157894736842,34453,225,57,eval-test
foldbench_monomer,8hnq_A,286,sparsa-scale-main-20260911-long-step-2000,single_seq,pair_network,,,,,,long,R,0.32,34453,225,225,eval-test
foldbench_monomer,8hnq_A,286,sparsa-scale-main-20260911-long-step-2000,single_seq,pair_network,,,,,,long,AUC,0.9660174256294392,34453,225,34453,eval-test
foldbench_monomer,8hvd_A,614,sparsa-scale-main-20260911-long-step-2000,single_seq,pair_network,,,,,,all,L,0.28013029315960913,177906,711,614,eval-test
foldbench_monomer,8hvd_A,614,sparsa-scale-main-20260911-long-step-2000,single_seq,pair_network,,,,,,all,L/2,0.36807817589576547,177906,711,307,eval-test
foldbench_monomer,8hvd_A,614,sparsa-scale-main-20260911-long-step-2000,single_seq,pair_network,,,,,,all,L/5,0.5327868852459017,177906,711,122,eval-test
foldbench_monomer,8hvd_A,614,sparsa-scale-main-20260911-long-step-2000,single_seq,pair_network,,,,,,all,R,0.26019690576652604,177906,711,711,eval-test
foldbench_monomer,8hvd_A,614,sparsa-scale-main-20260911-long-step-2000,single_seq,pair_network,,,,,,all,AUC,0.9367560605813464,177906,711,177906,eval-test
foldbench_monomer,8hvd_A,614,sparsa-scale-main-20260911-long-step-2000,single_seq,pair_network,,,,,,short,L,0.10912052117263844,3561,83,614,eval-test
foldbench_monomer,8hvd_A,614,sparsa-scale-main-20260911-long-step-2000,single_seq,pair_network,,,,,,short,L/2,0.18566775244299674,3561,83,307,eval-test
foldbench_monomer,8hvd_A,614,sparsa-scale-main-20260911-long-step-2000,single_seq,pair_network,,,,,,short,L/5,0.319672131147541,3561,83,122,eval-test
foldbench_monomer,8hvd_A,614,sparsa-scale-main-20260911-long-step-2000,single_seq,pair_network,,,,,,short,R,0.3253012048192771,3561,83,83,eval-test
foldbench_monomer,8hvd_A,614,sparsa-scale-main-20260911-long-step-2000,single_seq,pair_network,,,,,,short,AUC,0.9115957793220033,3561,83,3561,eval-test
foldbench_monomer,8hvd_A,614,sparsa-scale-main-20260911-long-step-2000,single_seq,pair_network,,,,,,medium,L,0.0993485342019544,7014,115,614,eval-test
foldbench_monomer,8hvd_A,614,sparsa-scale-main-20260911-long-step-2000,single_seq,pair_network,,,,,,medium,L/2,0.16612377850162866,7014,115,307,eval-test
foldbench_monomer,8hvd_A,614,sparsa-scale-main-20260911-long-step-2000,single_seq,pair_network,,,,,,medium,L/5,0.22950819672131148,7014,115,122,eval-test
foldbench_monomer,8hvd_A,614,sparsa-scale-main-20260911-long-step-2000,single_seq,pair_network,,,,,,medium,R,0.22608695652173913,7014,115,115,eval-test
foldbench_monomer,8hvd_A,614,sparsa-scale-main-20260911-long-step-2000,single_seq,pair_network,,,,,,medium,AUC,0.8836390907314859,7014,115,7014,eval-test
foldbench_monomer,8hvd_A,614,sparsa-scale-main-20260911-long-step-2000,single_seq,pair_network,,,,,,long,L,0.20195439739413681,167331,513,614,eval-test
foldbench_monomer,8hvd_A,614,sparsa-scale-main-20260911-long-step-2000,single_seq,pair_network,,,,,,long,L/2,0.30944625407166126,167331,513,307,eval-test
foldbench_monomer,8hvd_A,614,sparsa-scale-main-20260911-long-step-2000,single_seq,pair_network,,,,,,long,L/5,0.48360655737704916,167331,513,122,eval-test
foldbench_monomer,8hvd_A,614,sparsa-scale-main-20260911-long-step-2000,single_seq,pair_network,,,,,,long,R,0.2378167641325536,167331,513,513,eval-test
foldbench_monomer,8hvd_A,614,sparsa-scale-main-20260911-long-step-2000,single_seq,pair_network,,,,,,long,AUC,0.9313981267582135,167331,513,167331,eval-test
foldbench_monomer,7xhz_A,231,sparsa-scale-main-20260911-long-step-2000,single_seq,pair_network,,,,,,all,L,0.22077922077922077,25425,223,231,eval-test
foldbench_monomer,7xhz_A,231,sparsa-scale-main-20260911-long-step-2000,single_seq,pair_network,,,,,,all,L/2,0.24347826086956523,25425,223,115,eval-test
foldbench_monomer,7xhz_A,231,sparsa-scale-main-20260911-long-step-2000,single_seq,pair_network,,,,,,all,L/5,0.2826086956521739,25425,223,46,eval-test
foldbench_monomer,7xhz_A,231,sparsa-scale-main-20260911-long-step-2000,single_seq,pair_network,,,,,,all,R,0.2242152466367713,25425,223,223,eval-test
foldbench_monomer,7xhz_A,231,sparsa-scale-main-20260911-long-step-2000,single_seq,pair_network,,,,,,all,AUC,0.8354140695645551,25425,223,25425,eval-test
foldbench_monomer,7xhz_A,231,sparsa-scale-main-20260911-long-step-2000,single_seq,pair_network,,,,,,short,L,0.1038961038961039,1335,32,231,eval-test
foldbench_monomer,7xhz_A,231,sparsa-scale-main-20260911-long-step-2000,single_seq,pair_network,,,,,,short,L/2,0.1826086956521739,1335,32,115,eval-test
foldbench_monomer,7xhz_A,231,sparsa-scale-main-20260911-long-step-2000,single_seq,pair_network,,,,,,short,L/5,0.3695652173913043,1335,32,46,eval-test
foldbench_monomer,7xhz_A,231,sparsa-scale-main-20260911-long-step-2000,single_seq,pair_network,,,,,,short,R,0.40625,1335,32,32,eval-test
foldbench_monomer,7xhz_A,231,sparsa-scale-main-20260911-long-step-2000,single_seq,pair_network,,,,,,short,AUC,0.8983235801995396,1335,32,1335,eval-test
foldbench_monomer,7xhz_A,231,sparsa-scale-main-20260911-long-step-2000,single_seq,pair_network,,,,,,medium,L,0.09523809523809523,2562,38,231,eval-test
foldbench_monomer,7xhz_A,231,sparsa-scale-main-20260911-long-step-2000,single_seq,pair_network,,,,,,medium,L/2,0.14782608695652175,2562,38,115,eval-test
foldbench_monomer,7xhz_A,231,sparsa-scale-main-20260911-long-step-2000,single_seq,pair_network,,,,,,medium,L/5,0.30434782608695654,2562,38,46,eval-test
foldbench_monomer,7xhz_A,231,sparsa-scale-main-20260911-long-step-2000,single_seq,pair_network,,,,,,medium,R,0.34210526315789475,2562,38,38,eval-test
foldbench_monomer,7xhz_A,231,sparsa-scale-main-20260911-long-step-2000,single_seq,pair_network,,,,,,medium,AUC,0.9036460505463342,2562,38,2562,eval-test
foldbench_monomer,7xhz_A,231,sparsa-scale-main-20260911-long-step-2000,single_seq,pair_network,,,,,,long,L,0.12554112554112554,21528,153,231,eval-test
foldbench_monomer,7xhz_A,231,sparsa-scale-main-20260911-long-step-2000,single_seq,pair_network,,,,,,long,L/2,0.1391304347826087,21528,153,115,eval-test
foldbench_monomer,7xhz_A,231,sparsa-scale-main-20260911-long-step-2000,single_seq,pair_network,,,,,,long,L/5,0.17391304347826086,21528,153,46,eval-test
foldbench_monomer,7xhz_A,231,sparsa-scale-main-20260911-long-step-2000,single_seq,pair_network,,,,,,long,R,0.1437908496732026,21528,153,153,eval-test
foldbench_monomer,7xhz_A,231,sparsa-scale-main-20260911-long-step-2000,single_seq,pair_network,,,,,,long,AUC,0.8005499369338379,21528,153,21528,eval-test
foldbench_monomer,8hw8_A,356,sparsa-scale-main-20260911-long-step-2000,single_seq,pair_network,,,,,,all,L,0.25842696629213485,51360,362,356,eval-test
foldbench_monomer,8hw8_A,356,sparsa-scale-main-20260911-long-step-2000,single_seq,pair_network,,,,,,all,L/2,0.3651685393258427,51360,362,178,eval-test
foldbench_monomer,8hw8_A,356,sparsa-scale-main-20260911-long-step-2000,single_seq,pair_network,,,,,,all,L/5,0.5070422535211268,51360,362,71,eval-test
foldbench_monomer,8hw8_A,356,sparsa-scale-main-20260911-long-step-2000,single_seq,pair_network,,,,,,all,R,0.2569060773480663,51360,362,362,eval-test
foldbench_monomer,8hw8_A,356,sparsa-scale-main-20260911-long-step-2000,single_seq,pair_network,,,,,,all,AUC,0.9235696113313078,51360,362,51360,eval-test
foldbench_monomer,8hw8_A,356,sparsa-scale-main-20260911-long-step-2000,single_seq,pair_network,,,,,,short,L,0.10955056179775281,1905,49,356,eval-test
foldbench_monomer,8hw8_A,356,sparsa-scale-main-20260911-long-step-2000,single_seq,pair_network,,,,,,short,L/2,0.19101123595505617,1905,49,178,eval-test
foldbench_monomer,8hw8_A,356,sparsa-scale-main-20260911-long-step-2000,single_seq,pair_network,,,,,,short,L/5,0.29577464788732394,1905,49,71,eval-test
foldbench_monomer,8hw8_A,356,sparsa-scale-main-20260911-long-step-2000,single_seq,pair_network,,,,,,short,R,0.3673469387755102,1905,49,49,eval-test
foldbench_monomer,8hw8_A,356,sparsa-scale-main-20260911-long-step-2000,single_seq,pair_network,,,,,,short,AUC,0.9015767945109079,1905,49,1905,eval-test
foldbench_monomer,8hw8_A,356,sparsa-scale-main-20260911-long-step-2000,single_seq,pair_network,,,,,,medium,L,0.07584269662921349,3702,52,356,eval-test
foldbench_monomer,8hw8_A,356,sparsa-scale-main-20260911-long-step-2000,single_seq,pair_network,,,,,,medium,L/2,0.11797752808988764,3702,52,178,eval-test
foldbench_monomer,8hw8_A,356,sparsa-scale-main-20260911-long-step-2000,single_seq,pair_network,,,,,,medium,L/5,0.2112676056338028,3702,52,71,eval-test
foldbench_monomer,8hw8_A,356,sparsa-scale-main-20260911-long-step-2000,single_seq,pair_network,,,,,,medium,R,0.2692307692307692,3702,52,52,eval-test
foldbench_monomer,8hw8_A,356,sparsa-scale-main-20260911-long-step-2000,single_seq,pair_network,,,,,,medium,AUC,0.8835221285563751,3702,52,3702,eval-test
foldbench_monomer,8hw8_A,356,sparsa-scale-main-20260911-long-step-2000,single_seq,pair_network,,,,,,long,L,0.1853932584269663,45753,261,356,eval-test
foldbench_monomer,8hw8_A,356,sparsa-scale-main-20260911-long-step-2000,single_seq,pair_network,,,,,,long,L/2,0.29213483146067415,45753,261,178,eval-test
foldbench_monomer,8hw8_A,356,sparsa-scale-main-20260911-long-step-2000,single_seq,pair_network,,,,,,long,L/5,0.4225352112676056,45753,261,71,eval-test
foldbench_monomer,8hw8_A,356,sparsa-scale-main-20260911-long-step-2000,single_seq,pair_network,,,,,,long,R,0.2222222222222222,45753,261,261,eval-test
foldbench_monomer,8hw8_A,356,sparsa-scale-main-20260911-long-step-2000,single_seq,pair_network,,,,,,long,AUC,0.9236834786832968,45753,261,45753,eval-test
foldbench_monomer,8hxs_A,100,sparsa-scale-main-20260911-long-step-2000,single_seq,pair_network,,,,,,all,L,0.54,4465,114,100,eval-test
foldbench_monomer,8hxs_A,100,sparsa-scale-main-20260911-long-step-2000,single_seq,pair_network,,,,,,all,L/2,0.66,4465,114,50,eval-test
foldbench_monomer,8hxs_A,100,sparsa-scale-main-20260911-long-step-2000,single_seq,pair_network,,,,,,all,L/5,0.75,4465,114,20,eval-test
foldbench_monomer,8hxs_A,100,sparsa-scale-main-20260911-long-step-2000,single_seq,pair_network,,,,,,all,R,0.5,4465,114,114,eval-test
foldbench_monomer,8hxs_A,100,sparsa-scale-main-20260911-long-step-2000,single_seq,pair_network,,,,,,all,AUC,0.9510729535859874,4465,114,4465,eval-test
foldbench_monomer,8hxs_A,100,sparsa-scale-main-20260911-long-step-2000,single_seq,pair_network,,,,,,short,L,0.16,549,19,100,eval-test
foldbench_monomer,8hxs_A,100,sparsa-scale-main-20260911-long-step-2000,single_seq,pair_network,,,,,,short,L/2,0.28,549,19,50,eval-test
foldbench_monomer,8hxs_A,100,sparsa-scale-main-20260911-long-step-2000,single_seq,pair_network,,,,,,short,L/5,0.35,549,19,20,eval-test
foldbench_monomer,8hxs_A,100,sparsa-scale-main-20260911-long-step-2000,single_seq,pair_network,,,,,,short,R,0.3157894736842105,549,19,19,eval-test
foldbench_monomer,8hxs_A,100,sparsa-scale-main-20260911-long-step-2000,single_seq,pair_network,,,,,,short,AUC,0.9346077457795432,549,19,549,eval-test
foldbench_monomer,8hxs_A,100,sparsa-scale-main-20260911-long-step-2000,single_seq,pair_network,,,,,,medium,L,0.23,990,28,100,eval-test
foldbench_monomer,8hxs_A,100,sparsa-scale-main-20260911-long-step-2000,single_seq,pair_network,,,,,,medium,L/2,0.34,990,28,50,eval-test
foldbench_monomer,8hxs_A,100,sparsa-scale-main-20260911-long-step-2000,single_seq,pair_network,,,,,,medium,L/5,0.45,990,28,20,eval-test
foldbench_monomer,8hxs_A,100,sparsa-scale-main-20260911-long-step-2000,single_seq,pair_network,,,,,,medium,R,0.42857142857142855,990,28,28,eval-test
foldbench_monomer,8hxs_A,100,sparsa-scale-main-20260911-long-step-2000,single_seq,pair_network,,,,,,medium,AUC,0.9468555093555093,990,28,990,eval-test
foldbench_monomer,8hxs_A,100,sparsa-scale-main-20260911-long-step-2000,single_seq,pair_network,,,,,,long,L,0.43,2926,67,100,eval-test
foldbench_monomer,8hxs_A,100,sparsa-scale-main-20260911-long-step-2000,single_seq,pair_network,,,,,,long,L/2,0.62,2926,67,50,eval-test
foldbench_monomer,8hxs_A,100,sparsa-scale-main-20260911-long-step-2000,single_seq,pair_network,,,,,,long,L/5,0.65,2926,67,20,eval-test
foldbench_monomer,8hxs_A,100,sparsa-scale-main-20260911-long-step-2000,single_seq,pair_network,,,,,,long,R,0.5671641791044776,2926,67,67,eval-test
foldbench_monomer,8hxs_A,100,sparsa-scale-main-20260911-long-step-2000,single_seq,pair_network,,,,,,long,AUC,0.9553517825353818,2926,67,2926,eval-test
foldbench_monomer,8ii8_A,226,sparsa-scale-main-20260911-long-step-2000,single_seq,pair_network,,,,,,all,L,0.22123893805309736,24090,138,226,eval-test
foldbench_monomer,8ii8_A,226,sparsa-scale-main-20260911-long-step-2000,single_seq,pair_network,,,,,,all,L/2,0.2920353982300885,24090,138,113,eval-test
foldbench_monomer,8ii8_A,226,sparsa-scale-main-20260911-long-step-2000,single_seq,pair_network,,,,,,all,L/5,0.4444444444444444,24090,138,45,eval-test
foldbench_monomer,8ii8_A,226,sparsa-scale-main-20260911-long-step-2000,single_seq,pair_network,,,,,,all,R,0.26811594202898553,24090,138,138,eval-test
foldbench_monomer,8ii8_A,226,sparsa-scale-main-20260911-long-step-2000,single_seq,pair_network,,,,,,all,AUC,0.9419869328028038,24090,138,24090,eval-test
foldbench_monomer,8ii8_A,226,sparsa-scale-main-20260911-long-step-2000,single_seq,pair_network,,,,,,short,L,0.05309734513274336,1299,13,226,eval-test
foldbench_monomer,8ii8_A,226,sparsa-scale-main-20260911-long-step-2000,single_seq,pair_network,,,,,,short,L/2,0.09734513274336283,1299,13,113,eval-test
foldbench_monomer,8ii8_A,226,sparsa-scale-main-20260911-long-step-2000,single_seq,pair_network,,,,,,short,L/5,0.2,1299,13,45,eval-test
foldbench_monomer,8ii8_A,226,sparsa-scale-main-20260911-long-step-2000,single_seq,pair_network,,,,,,short,R,0.3076923076923077,1299,13,13,eval-test
foldbench_monomer,8ii8_A,226,sparsa-scale-main-20260911-long-step-2000,single_seq,pair_network,,,,,,short,AUC,0.9558559636320134,1299,13,1299,eval-test
foldbench_monomer,8ii8_A,226,sparsa-scale-main-20260911-long-step-2000,single_seq,pair_network,,,,,,medium,L,0.048672566371681415,2490,14,226,eval-test
foldbench_monomer,8ii8_A,226,sparsa-scale-main-20260911-long-step-2000,single_seq,pair_network,,,,,,medium,L/2,0.07964601769911504,2490,14,113,eval-test
foldbench_monomer,8ii8_A,226,sparsa-scale-main-20260911-long-step-2000,single_seq,pair_network,,,,,,medium,L/5,0.2,2490,14,45,eval-test
foldbench_monomer,8ii8_A,226,sparsa-scale-main-20260911-long-step-2000,single_seq,pair_network,,,,,,medium,R,0.5,2490,14,14,eval-test
foldbench_monomer,8ii8_A,226,sparsa-scale-main-20260911-long-step-2000,single_seq,pair_network,,,,,,medium,AUC,0.9644443803369491,2490,14,2490,eval-test
foldbench_monomer,8ii8_A,226,sparsa-scale-main-20260911-long-step-2000,single_seq,pair_network,,,,,,long,L,0.168141592920354,20301,111,226,eval-test
foldbench_monomer,8ii8_A,226,sparsa-scale-main-20260911-long-step-2000,single_seq,pair_network,,,,,,long,L/2,0.2743362831858407,20301,111,113,eval-test
foldbench_monomer,8ii8_A,226,sparsa-scale-main-20260911-long-step-2000,single_seq,pair_network,,,,,,long,L/5,0.26666666666666666,20301,111,45,eval-test
foldbench_monomer,8ii8_A,226,sparsa-scale-main-20260911-long-step-2000,single_seq,pair_network,,,,,,long,R,0.26126126126126126,20301,111,111,eval-test
foldbench_monomer,8ii8_A,226,sparsa-scale-main-20260911-long-step-2000,single_seq,pair_network,,,,,,long,AUC,0.9369842353497628,20301,111,20301,eval-test
foldbench_monomer,8ikx_A,390,sparsa-scale-main-20260911-long-step-2000,single_seq,pair_network,,,,,,all,L,0.5307692307692308,73920,425,390,eval-test
foldbench_monomer,8ikx_A,390,sparsa-scale-main-20260911-long-step-2000,single_seq,pair_network,,,,,,all,L/2,0.7282051282051282,73920,425,195,eval-test
foldbench_monomer,8ikx_A,390,sparsa-scale-main-20260911-long-step-2000,single_seq,pair_network,,,,,,all,L/5,0.8974358974358975,73920,425,78,eval-test
foldbench_monomer,8ikx_A,390,sparsa-scale-main-20260911-long-step-2000,single_seq,pair_network,,,,,,all,R,0.5129411764705882,73920,425,425,eval-test
foldbench_monomer,8ikx_A,390,sparsa-scale-main-20260911-long-step-2000,single_seq,pair_network,,,,,,all,AUC,0.9773381462524462,73920,425,73920,eval-test
foldbench_monomer,8ikx_A,390,sparsa-scale-main-20260911-long-step-2000,single_seq,pair_network,,,,,,short,L,0.07948717948717948,2289,32,390,eval-test
foldbench_monomer,8ikx_A,390,sparsa-scale-main-20260911-long-step-2000,single_seq,pair_network,,,,,,short,L/2,0.13333333333333333,2289,32,195,eval-test
foldbench_monomer,8ikx_A,390,sparsa-scale-main-20260911-long-step-2000,single_seq,pair_network,,,,,,short,L/5,0.24358974358974358,2289,32,78,eval-test
foldbench_monomer,8ikx_A,390,sparsa-scale-main-20260911-long-step-2000,single_seq,pair_network,,,,,,short,R,0.46875,2289,32,32,eval-test
foldbench_monomer,8ikx_A,390,sparsa-scale-main-20260911-long-step-2000,single_seq,pair_network,,,,,,short,AUC,0.9661054497120071,2289,32,2289,eval-test
foldbench_monomer,8ikx_A,390,sparsa-scale-main-20260911-long-step-2000,single_seq,pair_network,,,,,,medium,L,0.16153846153846155,4470,73,390,eval-test
foldbench_monomer,8ikx_A,390,sparsa-scale-main-20260911-long-step-2000,single_seq,pair_network,,,,,,medium,L/2,0.28205128205128205,4470,73,195,eval-test
foldbench_monomer,8ikx_A,390,sparsa-scale-main-20260911-long-step-2000,single_seq,pair_network,,,,,,medium,L/5,0.5,4470,73,78,eval-test
foldbench_monomer,8ikx_A,390,sparsa-scale-main-20260911-long-step-2000,single_seq,pair_network,,,,,,medium,R,0.5205479452054794,4470,73,73,eval-test
foldbench_monomer,8ikx_A,390,sparsa-scale-main-20260911-long-step-2000,single_seq,pair_network,,,,,,medium,AUC,0.9560690508160918,4470,73,4470,eval-test
foldbench_monomer,8ikx_A,390,sparsa-scale-main-20260911-long-step-2000,single_seq,pair_network,,,,,,long,L,0.45384615384615384,67161,320,390,eval-test
foldbench_monomer,8ikx_A,390,sparsa-scale-main-20260911-long-step-2000,single_seq,pair_network,,,,,,long,L/2,0.6256410256410256,67161,320,195,eval-test
foldbench_monomer,8ikx_A,390,sparsa-scale-main-20260911-long-step-2000,single_seq,pair_network,,,,,,long,L/5,0.7948717948717948,67161,320,78,eval-test
foldbench_monomer,8ikx_A,390,sparsa-scale-main-20260911-long-step-2000,single_seq,pair_network,,,,,,long,R,0.515625,67161,320,320,eval-test
foldbench_monomer,8ikx_A,390,sparsa-scale-main-20260911-long-step-2000,single_seq,pair_network,,,,,,long,AUC,0.9780522293577295,67161,320,67161,eval-test
foldbench_monomer,8ini_A,99,sparsa-scale-main-20260911-long-step-2000,single_seq,pair_network,,,,,,all,L,0.12121212121212122,4005,82,99,eval-test
foldbench_monomer,8ini_A,99,sparsa-scale-main-20260911-long-step-2000,single_seq,pair_network,,,,,,all,L/2,0.14285714285714285,4005,82,49,eval-test
foldbench_monomer,8ini_A,99,sparsa-scale-main-20260911-long-step-2000,single_seq,pair_network,,,,,,all,L/5,0.10526315789473684,4005,82,19,eval-test
foldbench_monomer,8ini_A,99,sparsa-scale-main-20260911-long-step-2000,single_seq,pair_network,,,,,,all,R,0.13414634146341464,4005,82,82,eval-test
foldbench_monomer,8ini_A,99,sparsa-scale-main-20260911-long-step-2000,single_seq,pair_network,,,,,,all,AUC,0.803833551973042,4005,82,4005,eval-test
foldbench_monomer,8ini_A,99,sparsa-scale-main-20260911-long-step-2000,single_seq,pair_network,,,,,,short,L,0.10101010101010101,519,17,99,eval-test
foldbench_monomer,8ini_A,99,sparsa-scale-main-20260911-long-step-2000,single_seq,pair_network,,,,,,short,L/2,0.16326530612244897,519,17,49,eval-test
foldbench_monomer,8ini_A,99,sparsa-scale-main-20260911-long-step-2000,single_seq,pair_network,,,,,,short,L/5,0.10526315789473684,519,17,19,eval-test
foldbench_monomer,8ini_A,99,sparsa-scale-main-20260911-long-step-2000,single_seq,pair_network,,,,,,short,R,0.11764705882352941,519,17,17,eval-test
foldbench_monomer,8ini_A,99,sparsa-scale-main-20260911-long-step-2000,single_seq,pair_network,,,,,,short,AUC,0.8159714084837122,519,17,519,eval-test
foldbench_monomer,8ini_A,99,sparsa-scale-main-20260911-long-step-2000,single_seq,pair_network,,,,,,medium,L,0.08080808080808081,930,18,99,eval-test
foldbench_monomer,8ini_A,99,sparsa-scale-main-20260911-long-step-2000,single_seq,pair_network,,,,,,medium,L/2,0.08163265306122448,930,18,49,eval-test
foldbench_monomer,8ini_A,99,sparsa-scale-main-20260911-long-step-2000,single_seq,pair_network,,,,,,medium,L/5,0.05263157894736842,930,18,19,eval-test
foldbench_monomer,8ini_A,99,sparsa-scale-main-20260911-long-step-2000,single_seq,pair_network,,,,,,medium,R,0.05555555555555555,930,18,18,eval-test
foldbench_monomer,8ini_A,99,sparsa-scale-main-20260911-long-step-2000,single_seq,pair_network,,,,,,medium,AUC,0.8700657894736843,930,18,930,eval-test
foldbench_monomer,8ini_A,99,sparsa-scale-main-20260911-long-step-2000,single_seq,pair_network,,,,,,long,L,0.09090909090909091,2556,47,99,eval-test
foldbench_monomer,8ini_A,99,sparsa-scale-main-20260911-long-step-2000,single_seq,pair_network,,,,,,long,L/2,0.12244897959183673,2556,47,49,eval-test
foldbench_monomer,8ini_A,99,sparsa-scale-main-20260911-long-step-2000,single_seq,pair_network,,,,,,long,L/5,0.05263157894736842,2556,47,19,eval-test
foldbench_monomer,8ini_A,99,sparsa-scale-main-20260911-long-step-2000,single_seq,pair_network,,,,,,long,R,0.1276595744680851,2556,47,47,eval-test
foldbench_monomer,8ini_A,99,sparsa-scale-main-20260911-long-step-2000,single_seq,pair_network,,,,,,long,AUC,0.769035726703018,2556,47,2556,eval-test
foldbench_monomer,8iqc_A,254,sparsa-scale-main-20260911-long-step-2000,single_seq,pair_network,,,,,,all,L,0.2047244094488189,24310,231,254,eval-test
foldbench_monomer,8iqc_A,254,sparsa-scale-main-20260911-long-step-2000,single_seq,pair_network,,,,,,all,L/2,0.33070866141732286,24310,231,127,eval-test
foldbench_monomer,8iqc_A,254,sparsa-scale-main-20260911-long-step-2000,single_seq,pair_network,,,,,,all,L/5,0.5,24310,231,50,eval-test
foldbench_monomer,8iqc_A,254,sparsa-scale-main-20260911-long-step-2000,single_seq,pair_network,,,,,,all,R,0.22077922077922077,24310,231,231,eval-test
foldbench_monomer,8iqc_A,254,sparsa-scale-main-20260911-long-step-2000,single_seq,pair_network,,,,,,all,AUC,0.8196416593359988,24310,231,24310,eval-test
foldbench_monomer,8iqc_A,254,sparsa-scale-main-20260911-long-step-2000,single_seq,pair_network,,,,,,short,L,0.08661417322834646,1305,27,254,eval-test
foldbench_monomer,8iqc_A,254,sparsa-scale-main-20260911-long-step-2000,single_seq,pair_network,,,,,,short,L/2,0.16535433070866143,1305,27,127,eval-test
foldbench_monomer,8iqc_A,254,sparsa-scale-main-20260911-long-step-2000,single_seq,pair_network,,,,,,short,L/5,0.26,1305,27,50,eval-test
foldbench_monomer,8iqc_A,254,sparsa-scale-main-20260911-long-step-2000,single_seq,pair_network,,,,,,short,R,0.4444444444444444,1305,27,27,eval-test
foldbench_monomer,8iqc_A,254,sparsa-scale-main-20260911-long-step-2000,single_seq,pair_network,,,,,,short,AUC,0.8684286790703066,1305,27,1305,eval-test
foldbench_monomer,8iqc_A,254,sparsa-scale-main-20260911-long-step-2000,single_seq,pair_network,,,,,,medium,L,0.08267716535433071,2502,27,254,eval-test
foldbench_monomer,8iqc_A,254,sparsa-scale-main-20260911-long-step-2000,single_seq,pair_network,,,,,,medium,L/2,0.14960629921259844,2502,27,127,eval-test
foldbench_monomer,8iqc_A,254,sparsa-scale-main-20260911-long-step-2000,single_seq,pair_network,,,,,,medium,L/5,0.26,2502,27,50,eval-test
foldbench_monomer,8iqc_A,254,sparsa-scale-main-20260911-long-step-2000,single_seq,pair_network,,,,,,medium,R,0.2962962962962963,2502,27,27,eval-test
foldbench_monomer,8iqc_A,254,sparsa-scale-main-20260911-long-step-2000,single_seq,pair_network,,,,,,medium,AUC,0.9363561541339319,2502,27,2502,eval-test
foldbench_monomer,8iqc_A,254,sparsa-scale-main-20260911-long-step-2000,single_seq,pair_network,,,,,,long,L,0.1062992125984252,20503,177,254,eval-test
foldbench_monomer,8iqc_A,254,sparsa-scale-main-20260911-long-step-2000,single_seq,pair_network,,,,,,long,L/2,0.1889763779527559,20503,177,127,eval-test
foldbench_monomer,8iqc_A,254,sparsa-scale-main-20260911-long-step-2000,single_seq,pair_network,,,,,,long,L/5,0.36,20503,177,50,eval-test
foldbench_monomer,8iqc_A,254,sparsa-scale-main-20260911-long-step-2000,single_seq,pair_network,,,,,,long,R,0.13559322033898305,20503,177,177,eval-test
foldbench_monomer,8iqc_A,254,sparsa-scale-main-20260911-long-step-2000,single_seq,pair_network,,,,,,long,AUC,0.8002316478685562,20503,177,20503,eval-test
foldbench_monomer,8irq_A,165,sparsa-scale-main-20260911-long-step-2000,single_seq,pair_network,,,,,,all,L,0.17575757575757575,10455,134,165,eval-test
foldbench_monomer,8irq_A,165,sparsa-scale-main-20260911-long-step-2000,single_seq,pair_network,,,,,,all,L/2,0.23170731707317074,10455,134,82,eval-test
foldbench_monomer,8irq_A,165,sparsa-scale-main-20260911-long-step-2000,single_seq,pair_network,,,,,,all,L/5,0.30303030303030304,10455,134,33,eval-test
foldbench_monomer,8irq_A,165,sparsa-scale-main-20260911-long-step-2000,single_seq,pair_network,,,,,,all,R,0.20149253731343283,10455,134,134,eval-test
foldbench_monomer,8irq_A,165,sparsa-scale-main-20260911-long-step-2000,single_seq,pair_network,,,,,,all,AUC,0.85748119686424,10455,134,10455,eval-test
foldbench_monomer,8irq_A,165,sparsa-scale-main-20260911-long-step-2000,single_seq,pair_network,,,,,,short,L,0.024242424242424242,798,5,165,eval-test
foldbench_monomer,8irq_A,165,sparsa-scale-main-20260911-long-step-2000,single_seq,pair_network,,,,,,short,L/2,0.04878048780487805,798,5,82,eval-test
foldbench_monomer,8irq_A,165,sparsa-scale-main-20260911-long-step-2000,single_seq,pair_network,,,,,,short,L/5,0.12121212121212122,798,5,33,eval-test
foldbench_monomer,8irq_A,165,sparsa-scale-main-20260911-long-step-2000,single_seq,pair_network,,,,,,short,R,0.4,798,5,5,eval-test
foldbench_monomer,8irq_A,165,sparsa-scale-main-20260911-long-step-2000,single_seq,pair_network,,,,,,short,AUC,0.9307692307692308,798,5,798,eval-test
foldbench_monomer,8irq_A,165,sparsa-scale-main-20260911-long-step-2000,single_seq,pair_network,,,,,,medium,L,0.048484848484848485,1458,8,165,eval-test
foldbench_monomer,8irq_A,165,sparsa-scale-main-20260911-long-step-2000,single_seq,pair_network,,,,,,medium,L/2,0.0975609756097561,1458,8,82,eval-test
foldbench_monomer,8irq_A,165,sparsa-scale-main-20260911-long-step-2000,single_seq,pair_network,,,,,,medium,L/5,0.21212121212121213,1458,8,33,eval-test
foldbench_monomer,8irq_A,165,sparsa-scale-main-20260911-long-step-2000,single_seq,pair_network,,,,,,medium,R,0.375,1458,8,8,eval-test
foldbench_monomer,8irq_A,165,sparsa-scale-main-20260911-long-step-2000,single_seq,pair_network,,,,,,medium,AUC,0.9896551724137931,1458,8,1458,eval-test
foldbench_monomer,8irq_A,165,sparsa-scale-main-20260911-long-step-2000,single_seq,pair_network,,,,,,long,L,0.10909090909090909,8199,121,165,eval-test
foldbench_monomer,8irq_A,165,sparsa-scale-main-20260911-long-step-2000,single_seq,pair_network,,,,,,long,L/2,0.2073170731707317,8199,121,82,eval-test
foldbench_monomer,8irq_A,165,sparsa-scale-main-20260911-long-step-2000,single_seq,pair_network,,,,,,long,L/5,0.30303030303030304,8199,121,33,eval-test
foldbench_monomer,8irq_A,165,sparsa-scale-main-20260911-long-step-2000,single_seq,pair_network,,,,,,long,R,0.1487603305785124,8199,121,121,eval-test
foldbench_monomer,8irq_A,165,sparsa-scale-main-20260911-long-step-2000,single_seq,pair_network,,,,,,long,AUC,0.8444013840264037,8199,121,8199,eval-test
foldbench_monomer,8iym_A,163,sparsa-scale-main-20260911-long-step-2000,single_seq,pair_network,,,,,,all,L,0.6932515337423313,11199,162,163,eval-test
foldbench_monomer,8iym_A,163,sparsa-scale-main-20260911-long-step-2000,single_seq,pair_network,,,,,,all,L/2,0.9135802469135802,11199,162,81,eval-test
foldbench_monomer,8iym_A,163,sparsa-scale-main-20260911-long-step-2000,single_seq,pair_network,,,,,,all,L/5,0.9375,11199,162,32,eval-test
foldbench_monomer,8iym_A,163,sparsa-scale-main-20260911-long-step-2000,single_seq,pair_network,,,,,,all,R,0.691358024691358,11199,162,162,eval-test
foldbench_monomer,8iym_A,163,sparsa-scale-main-20260911-long-step-2000,single_seq,pair_network,,,,,,all,AUC,0.9905880556646164,11199,162,11199,eval-test
foldbench_monomer,8iym_A,163,sparsa-scale-main-20260911-long-step-2000,single_seq,pair_network,,,,,,short,L,0.13496932515337423,837,22,163,eval-test
foldbench_monomer,8iym_A,163,sparsa-scale-main-20260911-long-step-2000,single_seq,pair_network,,,,,,short,L/2,0.24691358024691357,837,22,81,eval-test
foldbench_monomer,8iym_A,163,sparsa-scale-main-20260911-long-step-2000,single_seq,pair_network,,,,,,short,L/5,0.5,837,22,32,eval-test
foldbench_monomer,8iym_A,163,sparsa-scale-main-20260911-long-step-2000,single_seq,pair_network,,,,,,short,R,0.5909090909090909,837,22,22,eval-test
foldbench_monomer,8iym_A,163,sparsa-scale-main-20260911-long-step-2000,single_seq,pair_network,,,,,,short,AUC,0.9786112660345789,837,22,837,eval-test
foldbench_monomer,8iym_A,163,sparsa-scale-main-20260911-long-step-2000,single_seq,pair_network,,,,,,medium,L,0.17177914110429449,1601,28,163,eval-test
foldbench_monomer,8iym_A,163,sparsa-scale-main-20260911-long-step-2000,single_seq,pair_network,,,,,,medium,L/2,0.32098765432098764,1601,28,81,eval-test
foldbench_monomer,8iym_A,163,sparsa-scale-main-20260911-long-step-2000,single_seq,pair_network,,,,,,medium,L/5,0.71875,1601,28,32,eval-test
foldbench_monomer,8iym_A,163,sparsa-scale-main-20260911-long-step-2000,single_seq,pair_network,,,,,,medium,R,0.7857142857142857,1601,28,28,eval-test
foldbench_monomer,8iym_A,163,sparsa-scale-main-20260911-long-step-2000,single_seq,pair_network,,,,,,medium,AUC,0.9941081645627101,1601,28,1601,eval-test
foldbench_monomer,8iym_A,163,sparsa-scale-main-20260911-long-step-2000,single_seq,pair_network,,,,,,long,L,0.5460122699386503,8761,112,163,eval-test
foldbench_monomer,8iym_A,163,sparsa-scale-main-20260911-long-step-2000,single_seq,pair_network,,,,,,long,L/2,0.8765432098765432,8761,112,81,eval-test
foldbench_monomer,8iym_A,163,sparsa-scale-main-20260911-long-step-2000,single_seq,pair_network,,,,,,long,L/5,0.96875,8761,112,32,eval-test
foldbench_monomer,8iym_A,163,sparsa-scale-main-20260911-long-step-2000,single_seq,pair_network,,,,,,long,R,0.6875,8761,112,112,eval-test
foldbench_monomer,8iym_A,163,sparsa-scale-main-20260911-long-step-2000,single_seq,pair_network,,,,,,long,AUC,0.9911013659712932,8761,112,8761,eval-test
foldbench_monomer,8j2n_A,320,sparsa-scale-main-20260911-long-step-2000,single_seq,pair_network,,,,,,all,L,0.2,27296,258,320,eval-test
foldbench_monomer,8j2n_A,320,sparsa-scale-main-20260911-long-step-2000,single_seq,pair_network,,,,,,all,L/2,0.28125,27296,258,160,eval-test
foldbench_monomer,8j2n_A,320,sparsa-scale-main-20260911-long-step-2000,single_seq,pair_network,,,,,,all,L/5,0.40625,27296,258,64,eval-test
foldbench_monomer,8j2n_A,320,sparsa-scale-main-20260911-long-step-2000,single_seq,pair_network,,,,,,all,R,0.2248062015503876,27296,258,258,eval-test
foldbench_monomer,8j2n_A,320,sparsa-scale-main-20260911-long-step-2000,single_seq,pair_network,,,,,,all,AUC,0.8524704105791963,27296,258,27296,eval-test
foldbench_monomer,8j2n_A,320,sparsa-scale-main-20260911-long-step-2000,single_seq,pair_network,,,,,,short,L,0.0625,1275,23,320,eval-test
foldbench_monomer,8j2n_A,320,sparsa-scale-main-20260911-long-step-2000,single_seq,pair_network,,,,,,short,L/2,0.10625,1275,23,160,eval-test
foldbench_monomer,8j2n_A,320,sparsa-scale-main-20260911-long-step-2000,single_seq,pair_network,,,,,,short,L/5,0.21875,1275,23,64,eval-test
foldbench_monomer,8j2n_A,320,sparsa-scale-main-20260911-long-step-2000,single_seq,pair_network,,,,,,short,R,0.391304347826087,1275,23,23,eval-test
foldbench_monomer,8j2n_A,320,sparsa-scale-main-20260911-long-step-2000,single_seq,pair_network,,,,,,short,AUC,0.9247812196138353,1275,23,1275,eval-test
foldbench_monomer,8j2n_A,320,sparsa-scale-main-20260911-long-step-2000,single_seq,pair_network,,,,,,medium,L,0.075,2304,30,320,eval-test
foldbench_monomer,8j2n_A,320,sparsa-scale-main-20260911-long-step-2000,single_seq,pair_network,,,,,,medium,L/2,0.14375,2304,30,160,eval-test
foldbench_monomer,8j2n_A,320,sparsa-scale-main-20260911-long-step-2000,single_seq,pair_network,,,,,,medium,L/5,0.234375,2304,30,64,eval-test
foldbench_monomer,8j2n_A,320,sparsa-scale-main-20260911-long-step-2000,single_seq,pair_network,,,,,,medium,R,0.36666666666666664,2304,30,30,eval-test
foldbench_monomer,8j2n_A,320,sparsa-scale-main-20260911-long-step-2000,single_seq,pair_network,,,,,,medium,AUC,0.9291923189680447,2304,30,2304,eval-test
foldbench_monomer,8j2n_A,320,sparsa-scale-main-20260911-long-step-2000,single_seq,pair_network,,,,,,long,L,0.11875,23717,205,320,eval-test
foldbench_monomer,8j2n_A,320,sparsa-scale-main-20260911-long-step-2000,single_seq,pair_network,,,,,,long,L/2,0.2,23717,205,160,eval-test
foldbench_monomer,8j2n_A,320,sparsa-scale-main-20260911-long-step-2000,single_seq,pair_network,,,,,,long,L/5,0.3125,23717,205,64,eval-test
foldbench_monomer,8j2n_A,320,sparsa-scale-main-20260911-long-step-2000,single_seq,pair_network,,,,,,long,R,0.16585365853658537,23717,205,205,eval-test
foldbench_monomer,8j2n_A,320,sparsa-scale-main-20260911-long-step-2000,single_seq,pair_network,,,,,,long,AUC,0.8372638984555889,23717,205,23717,eval-test
foldbench_monomer,8j2x_A,341,sparsa-scale-main-20260911-long-step-2000,single_seq,pair_network,,,,,,all,L,0.2727272727272727,54960,231,341,eval-test
foldbench_monomer,8j2x_A,341,sparsa-scale-main-20260911-long-step-2000,single_seq,pair_network,,,,,,all,L/2,0.4176470588235294,54960,231,170,eval-test
foldbench_monomer,8j2x_A,341,sparsa-scale-main-20260911-long-step-2000,single_seq,pair_network,,,,,,all,L/5,0.5294117647058824,54960,231,68,eval-test
foldbench_monomer,8j2x_A,341,sparsa-scale-main-20260911-long-step-2000,single_seq,pair_network,,,,,,all,R,0.3463203463203463,54960,231,231,eval-test
foldbench_monomer,8j2x_A,341,sparsa-scale-main-20260911-long-step-2000,single_seq,pair_network,,,,,,all,AUC,0.9688103104481989,54960,231,54960,eval-test
foldbench_monomer,8j2x_A,341,sparsa-scale-main-20260911-long-step-2000,single_seq,pair_network,,,,,,short,L,0.08211143695014662,1947,28,341,eval-test
foldbench_monomer,8j2x_A,341,sparsa-scale-main-20260911-long-step-2000,single_seq,pair_network,,,,,,short,L/2,0.1588235294117647,1947,28,170,eval-test
foldbench_monomer,8j2x_A,341,sparsa-scale-main-20260911-long-step-2000,single_seq,pair_network,,,,,,short,L/5,0.3088235294117647,1947,28,68,eval-test
foldbench_monomer,8j2x_A,341,sparsa-scale-main-20260911-long-step-2000,single_seq,pair_network,,,,,,short,R,0.4642857142857143,1947,28,28,eval-test
foldbench_monomer,8j2x_A,341,sparsa-scale-main-20260911-long-step-2000,single_seq,pair_network,,,,,,short,AUC,0.9803748231966053,1947,28,1947,eval-test
foldbench_monomer,8j2x_A,341,sparsa-scale-main-20260911-long-step-2000,single_seq,pair_network,,,,,,medium,L,0.07624633431085044,3786,27,341,eval-test
foldbench_monomer,8j2x_A,341,sparsa-scale-main-20260911-long-step-2000,single_seq,pair_network,,,,,,medium,L/2,0.14705882352941177,3786,27,170,eval-test
foldbench_monomer,8j2x_A,341,sparsa-scale-main-20260911-long-step-2000,single_seq,pair_network,,,,,,medium,L/5,0.2647058823529412,3786,27,68,eval-test
foldbench_monomer,8j2x_A,341,sparsa-scale-main-20260911-long-step-2000,single_seq,pair_network,,,,,,medium,R,0.48148148148148145,3786,27,27,eval-test
foldbench_monomer,8j2x_A,341,sparsa-scale-main-20260911-long-step-2000,single_seq,pair_network,,,,,,medium,AUC,0.9849743332052457,3786,27,3786,eval-test
foldbench_monomer,8j2x_A,341,sparsa-scale-main-20260911-long-step-2000,single_seq,pair_network,,,,,,long,L,0.19941348973607037,49227,176,341,eval-test
foldbench_monomer,8j2x_A,341,sparsa-scale-main-20260911-long-step-2000,single_seq,pair_network,,,,,,long,L/2,0.2823529411764706,49227,176,170,eval-test
foldbench_monomer,8j2x_A,341,sparsa-scale-main-20260911-long-step-2000,single_seq,pair_network,,,,,,long,L/5,0.4852941176470588,49227,176,68,eval-test
foldbench_monomer,8j2x_A,341,sparsa-scale-main-20260911-long-step-2000,single_seq,pair_network,,,,,,long,R,0.2784090909090909,49227,176,176,eval-test
foldbench_monomer,8j2x_A,341,sparsa-scale-main-20260911-long-step-2000,single_seq,pair_network,,,,,,long,AUC,0.9645105581203979,49227,176,49227,eval-test
foldbench_monomer,8jb3_A,455,sparsa-scale-main-20260911-long-step-2000,single_seq,pair_network,,,,,,all,L,0.1912087912087912,85515,420,455,eval-test
foldbench_monomer,8jb3_A,455,sparsa-scale-main-20260911-long-step-2000,single_seq,pair_network,,,,,,all,L/2,0.2775330396475771,85515,420,227,eval-test
foldbench_monomer,8jb3_A,455,sparsa-scale-main-20260911-long-step-2000,single_seq,pair_network,,,,,,all,L/5,0.3626373626373626,85515,420,91,eval-test
foldbench_monomer,8jb3_A,455,sparsa-scale-main-20260911-long-step-2000,single_seq,pair_network,,,,,,all,R,0.20714285714285716,85515,420,420,eval-test
foldbench_monomer,8jb3_A,455,sparsa-scale-main-20260911-long-step-2000,single_seq,pair_network,,,,,,all,AUC,0.8846820080638167,85515,420,85515,eval-test
foldbench_monomer,8jb3_A,455,sparsa-scale-main-20260911-long-step-2000,single_seq,pair_network,,,,,,short,L,0.11428571428571428,2400,66,455,eval-test
foldbench_monomer,8jb3_A,455,sparsa-scale-main-20260911-long-step-2000,single_seq,pair_network,,,,,,short,L/2,0.17180616740088106,2400,66,227,eval-test
foldbench_monomer,8jb3_A,455,sparsa-scale-main-20260911-long-step-2000,single_seq,pair_network,,,,,,short,L/5,0.3076923076923077,2400,66,91,eval-test
foldbench_monomer,8jb3_A,455,sparsa-scale-main-20260911-long-step-2000,single_seq,pair_network,,,,,,short,R,0.36363636363636365,2400,66,66,eval-test
foldbench_monomer,8jb3_A,455,sparsa-scale-main-20260911-long-step-2000,single_seq,pair_network,,,,,,short,AUC,0.8970099452104594,2400,66,2400,eval-test
foldbench_monomer,8jb3_A,455,sparsa-scale-main-20260911-long-step-2000,single_seq,pair_network,,,,,,medium,L,0.07912087912087912,4620,65,455,eval-test
foldbench_monomer,8jb3_A,455,sparsa-scale-main-20260911-long-step-2000,single_seq,pair_network,,,,,,medium,L/2,0.09691629955947137,4620,65,227,eval-test
foldbench_monomer,8jb3_A,455,sparsa-scale-main-20260911-long-step-2000,single_seq,pair_network,,,,,,medium,L/5,0.21978021978021978,4620,65,91,eval-test
foldbench_monomer,8jb3_A,455,sparsa-scale-main-20260911-long-step-2000,single_seq,pair_network,,,,,,medium,R,0.26153846153846155,4620,65,65,eval-test
foldbench_monomer,8jb3_A,455,sparsa-scale-main-20260911-long-step-2000,single_seq,pair_network,,,,,,medium,AUC,0.8680621464156042,4620,65,4620,eval-test
foldbench_monomer,8jb3_A,455,sparsa-scale-main-20260911-long-step-2000,single_seq,pair_network,,,,,,long,L,0.0945054945054945,78495,289,455,eval-test
foldbench_monomer,8jb3_A,455,sparsa-scale-main-20260911-long-step-2000,single_seq,pair_network,,,,,,long,L/2,0.14096916299559473,78495,289,227,eval-test
foldbench_monomer,8jb3_A,455,sparsa-scale-main-20260911-long-step-2000,single_seq,pair_network,,,,,,long,L/5,0.26373626373626374,78495,289,91,eval-test
foldbench_monomer,8jb3_A,455,sparsa-scale-main-20260911-long-step-2000,single_seq,pair_network,,,,,,long,R,0.12110726643598616,78495,289,289,eval-test
foldbench_monomer,8jb3_A,455,sparsa-scale-main-20260911-long-step-2000,single_seq,pair_network,,,,,,long,AUC,0.8629679737667363,78495,289,78495,eval-test
foldbench_monomer,7wr2_A,161,sparsa-scale-main-20260911-long-step-2000,single_seq,pair_network,,,,,,all,L,0.40372670807453415,8515,136,161,eval-test
foldbench_monomer,7wr2_A,161,sparsa-scale-main-20260911-long-step-2000,single_seq,pair_network,,,,,,all,L/2,0.5875,8515,136,80,eval-test
foldbench_monomer,7wr2_A,161,sparsa-scale-main-20260911-long-step-2000,single_seq,pair_network,,,,,,all,L/5,0.78125,8515,136,32,eval-test
foldbench_monomer,7wr2_A,161,sparsa-scale-main-20260911-long-step-2000,single_seq,pair_network,,,,,,all,R,0.4411764705882353,8515,136,136,eval-test
foldbench_monomer,7wr2_A,161,sparsa-scale-main-20260911-long-step-2000,single_seq,pair_network,,,,,,all,AUC,0.9522506370969441,8515,136,8515,eval-test
foldbench_monomer,7wr2_A,161,sparsa-scale-main-20260911-long-step-2000,single_seq,pair_network,,,,,,short,L,0.14906832298136646,765,25,161,eval-test
foldbench_monomer,7wr2_A,161,sparsa-scale-main-20260911-long-step-2000,single_seq,pair_network,,,,,,short,L/2,0.2375,765,25,80,eval-test
foldbench_monomer,7wr2_A,161,sparsa-scale-main-20260911-long-step-2000,single_seq,pair_network,,,,,,short,L/5,0.4375,765,25,32,eval-test
foldbench_monomer,7wr2_A,161,sparsa-scale-main-20260911-long-step-2000,single_seq,pair_network,,,,,,short,R,0.56,765,25,25,eval-test
foldbench_monomer,7wr2_A,161,sparsa-scale-main-20260911-long-step-2000,single_seq,pair_network,,,,,,short,AUC,0.9524864864864866,765,25,765,eval-test
foldbench_monomer,7wr2_A,161,sparsa-scale-main-20260911-long-step-2000,single_seq,pair_network,,,,,,medium,L,0.13664596273291926,1422,24,161,eval-test
foldbench_monomer,7wr2_A,161,sparsa-scale-main-20260911-long-step-2000,single_seq,pair_network,,,,,,medium,L/2,0.2125,1422,24,80,eval-test
foldbench_monomer,7wr2_A,161,sparsa-scale-main-20260911-long-step-2000,single_seq,pair_network,,,,,,medium,L/5,0.375,1422,24,32,eval-test
foldbench_monomer,7wr2_A,161,sparsa-scale-main-20260911-long-step-2000,single_seq,pair_network,,,,,,medium,R,0.4166666666666667,1422,24,24,eval-test
foldbench_monomer,7wr2_A,161,sparsa-scale-main-20260911-long-step-2000,single_seq,pair_network,,,,,,medium,AUC,0.9649052217453505,1422,24,1422,eval-test
foldbench_monomer,7wr2_A,161,sparsa-scale-main-20260911-long-step-2000,single_seq,pair_network,,,,,,long,L,0.2795031055900621,6328,87,161,eval-test
foldbench_monomer,7wr2_A,161,sparsa-scale-main-20260911-long-step-2000,single_seq,pair_network,,,,,,long,L/2,0.45,6328,87,80,eval-test
foldbench_monomer,7wr2_A,161,sparsa-scale-main-20260911-long-step-2000,single_seq,pair_network,,,,,,long,L/5,0.71875,6328,87,32,eval-test
foldbench_monomer,7wr2_A,161,sparsa-scale-main-20260911-long-step-2000,single_seq,pair_network,,,,,,long,R,0.4367816091954023,6328,87,87,eval-test
foldbench_monomer,7wr2_A,161,sparsa-scale-main-20260911-long-step-2000,single_seq,pair_network,,,,,,long,AUC,0.9490816200616243,6328,87,6328,eval-test
foldbench_monomer,8j8y_A,141,sparsa-scale-main-20260911-long-step-2000,single_seq,pair_network,,,,,,all,L,0.3262411347517731,7626,96,141,eval-test
foldbench_monomer,8j8y_A,141,sparsa-scale-main-20260911-long-step-2000,single_seq,pair_network,,,,,,all,L/2,0.4,7626,96,70,eval-test
foldbench_monomer,8j8y_A,141,sparsa-scale-main-20260911-long-step-2000,single_seq,pair_network,,,,,,all,L/5,0.6071428571428571,7626,96,28,eval-test
foldbench_monomer,8j8y_A,141,sparsa-scale-main-20260911-long-step-2000,single_seq,pair_network,,,,,,all,R,0.40625,7626,96,96,eval-test
foldbench_monomer,8j8y_A,141,sparsa-scale-main-20260911-long-step-2000,single_seq,pair_network,,,,,,all,AUC,0.94514303895529,7626,96,7626,eval-test
foldbench_monomer,8j8y_A,141,sparsa-scale-main-20260911-long-step-2000,single_seq,pair_network,,,,,,short,L,0.07092198581560284,723,11,141,eval-test
foldbench_monomer,8j8y_A,141,sparsa-scale-main-20260911-long-step-2000,single_seq,pair_network,,,,,,short,L/2,0.14285714285714285,723,11,70,eval-test
foldbench_monomer,8j8y_A,141,sparsa-scale-main-20260911-long-step-2000,single_seq,pair_network,,,,,,short,L/5,0.25,723,11,28,eval-test
foldbench_monomer,8j8y_A,141,sparsa-scale-main-20260911-long-step-2000,single_seq,pair_network,,,,,,short,R,0.36363636363636365,723,11,11,eval-test
foldbench_monomer,8j8y_A,141,sparsa-scale-main-20260911-long-step-2000,single_seq,pair_network,,,,,,short,AUC,0.964632277834525,723,11,723,eval-test
foldbench_monomer,8j8y_A,141,sparsa-scale-main-20260911-long-step-2000,single_seq,pair_network,,,,,,medium,L,0.09929078014184398,1338,17,141,eval-test
foldbench_monomer,8j8y_A,141,sparsa-scale-main-20260911-long-step-2000,single_seq,pair_network,,,,,,medium,L/2,0.18571428571428572,1338,17,70,eval-test
foldbench_monomer,8j8y_A,141,sparsa-scale-main-20260911-long-step-2000,single_seq,pair_network,,,,,,medium,L/5,0.35714285714285715,1338,17,28,eval-test
foldbench_monomer,8j8y_A,141,sparsa-scale-main-20260911-long-step-2000,single_seq,pair_network,,,,,,medium,R,0.4117647058823529,1338,17,17,eval-test
foldbench_monomer,8j8y_A,141,sparsa-scale-main-20260911-long-step-2000,single_seq,pair_network,,,,,,medium,AUC,0.9489246114797167,1338,17,1338,eval-test
foldbench_monomer,8j8y_A,141,sparsa-scale-main-20260911-long-step-2000,single_seq,pair_network,,,,,,long,L,0.23404255319148937,5565,68,141,eval-test
foldbench_monomer,8j8y_A,141,sparsa-scale-main-20260911-long-step-2000,single_seq,pair_network,,,,,,long,L/2,0.34285714285714286,5565,68,70,eval-test
foldbench_monomer,8j8y_A,141,sparsa-scale-main-20260911-long-step-2000,single_seq,pair_network,,,,,,long,L/5,0.5714285714285714,5565,68,28,eval-test
foldbench_monomer,8j8y_A,141,sparsa-scale-main-20260911-long-step-2000,single_seq,pair_network,,,,,,long,R,0.35294117647058826,5565,68,68,eval-test
foldbench_monomer,8j8y_A,141,sparsa-scale-main-20260911-long-step-2000,single_seq,pair_network,,,,,,long,AUC,0.9428057015056341,5565,68,5565,eval-test
foldbench_monomer,8j9r_A,74,sparsa-scale-main-20260911-long-step-2000,single_seq,pair_network,,,,,,all,L,0.06756756756756757,2211,51,74,eval-test
foldbench_monomer,8j9r_A,74,sparsa-scale-main-20260911-long-step-2000,single_seq,pair_network,,,,,,all,L/2,0.08108108108108109,2211,51,37,eval-test
foldbench_monomer,8j9r_A,74,sparsa-scale-main-20260911-long-step-2000,single_seq,pair_network,,,,,,all,L/5,0.14285714285714285,2211,51,14,eval-test
foldbench_monomer,8j9r_A,74,sparsa-scale-main-20260911-long-step-2000,single_seq,pair_network,,,,,,all,R,0.09803921568627451,2211,51,51,eval-test
foldbench_monomer,8j9r_A,74,sparsa-scale-main-20260911-long-step-2000,single_seq,pair_network,,,,,,all,AUC,0.7205882352941176,2211,51,2211,eval-test
foldbench_monomer,8j9r_A,74,sparsa-scale-main-20260911-long-step-2000,single_seq,pair_network,,,,,,short,L,0.0,381,6,74,eval-test
foldbench_monomer,8j9r_A,74,sparsa-scale-main-20260911-long-step-2000,single_seq,pair_network,,,,,,short,L/2,0.0,381,6,37,eval-test
foldbench_monomer,8j9r_A,74,sparsa-scale-main-20260911-long-step-2000,single_seq,pair_network,,,,,,short,L/5,0.0,381,6,14,eval-test
foldbench_monomer,8j9r_A,74,sparsa-scale-main-20260911-long-step-2000,single_seq,pair_network,,,,,,short,R,0.0,381,6,6,eval-test
foldbench_monomer,8j9r_A,74,sparsa-scale-main-20260911-long-step-2000,single_seq,pair_network,,,,,,short,AUC,0.538,381,6,381,eval-test
foldbench_monomer,8j9r_A,74,sparsa-scale-main-20260911-long-step-2000,single_seq,pair_network,,,,,,medium,L,0.06756756756756757,654,15,74,eval-test
foldbench_monomer,8j9r_A,74,sparsa-scale-main-20260911-long-step-2000,single_seq,pair_network,,,,,,medium,L/2,0.08108108108108109,654,15,37,eval-test
foldbench_monomer,8j9r_A,74,sparsa-scale-main-20260911-long-step-2000,single_seq,pair_network,,,,,,medium,L/5,0.14285714285714285,654,15,14,eval-test
foldbench_monomer,8j9r_A,74,sparsa-scale-main-20260911-long-step-2000,single_seq,pair_network,,,,,,medium,R,0.13333333333333333,654,15,15,eval-test
foldbench_monomer,8j9r_A,74,sparsa-scale-main-20260911-long-step-2000,single_seq,pair_network,,,,,,medium,AUC,0.7949921752738653,654,15,654,eval-test
foldbench_monomer,8j9r_A,74,sparsa-scale-main-20260911-long-step-2000,single_seq,pair_network,,,,,,long,L,0.10810810810810811,1176,30,74,eval-test
foldbench_monomer,8j9r_A,74,sparsa-scale-main-20260911-long-step-2000,single_seq,pair_network,,,,,,long,L/2,0.13513513513513514,1176,30,37,eval-test
foldbench_monomer,8j9r_A,74,sparsa-scale-main-20260911-long-step-2000,single_seq,pair_network,,,,,,long,L/5,0.14285714285714285,1176,30,14,eval-test
foldbench_monomer,8j9r_A,74,sparsa-scale-main-20260911-long-step-2000,single_seq,pair_network,,,,,,long,R,0.13333333333333333,1176,30,30,eval-test
foldbench_monomer,8j9r_A,74,sparsa-scale-main-20260911-long-step-2000,single_seq,pair_network,,,,,,long,AUC,0.7303228621291449,1176,30,1176,eval-test
foldbench_monomer,8jdg_A,471,sparsa-scale-main-20260911-long-step-2000,single_seq,pair_network,,,,,,all,L,0.18046709129511676,101484,399,471,eval-test
foldbench_monomer,8jdg_A,471,sparsa-scale-main-20260911-long-step-2000,single_seq,pair_network,,,,,,all,L/2,0.28085106382978725,101484,399,235,eval-test
foldbench_monomer,8jdg_A,471,sparsa-scale-main-20260911-long-step-2000,single_seq,pair_network,,,,,,all,L/5,0.44680851063829785,101484,399,94,eval-test
foldbench_monomer,8jdg_A,471,sparsa-scale-main-20260911-long-step-2000,single_seq,pair_network,,,,,,all,R,0.19548872180451127,101484,399,399,eval-test
foldbench_monomer,8jdg_A,471,sparsa-scale-main-20260911-long-step-2000,single_seq,pair_network,,,,,,all,AUC,0.9076621910417335,101484,399,101484,eval-test
foldbench_monomer,8jdg_A,471,sparsa-scale-main-20260911-long-step-2000,single_seq,pair_network,,,,,,short,L,0.09129511677282377,2673,50,471,eval-test
foldbench_monomer,8jdg_A,471,sparsa-scale-main-20260911-long-step-2000,single_seq,pair_network,,,,,,short,L/2,0.15319148936170213,2673,50,235,eval-test
foldbench_monomer,8jdg_A,471,sparsa-scale-main-20260911-long-step-2000,single_seq,pair_network,,,,,,short,L/5,0.2978723404255319,2673,50,94,eval-test
foldbench_monomer,8jdg_A,471,sparsa-scale-main-20260911-long-step-2000,single_seq,pair_network,,,,,,short,R,0.36,2673,50,50,eval-test
foldbench_monomer,8jdg_A,471,sparsa-scale-main-20260911-long-step-2000,single_seq,pair_network,,,,,,short,AUC,0.9265726267632481,2673,50,2673,eval-test
foldbench_monomer,8jdg_A,471,sparsa-scale-main-20260911-long-step-2000,single_seq,pair_network,,,,,,medium,L,0.08280254777070063,5238,67,471,eval-test
foldbench_monomer,8jdg_A,471,sparsa-scale-main-20260911-long-step-2000,single_seq,pair_network,,,,,,medium,L/2,0.0851063829787234,5238,67,235,eval-test
foldbench_monomer,8jdg_A,471,sparsa-scale-main-20260911-long-step-2000,single_seq,pair_network,,,,,,medium,L/5,0.09574468085106383,5238,67,94,eval-test
foldbench_monomer,8jdg_A,471,sparsa-scale-main-20260911-long-step-2000,single_seq,pair_network,,,,,,medium,R,0.11940298507462686,5238,67,67,eval-test
foldbench_monomer,8jdg_A,471,sparsa-scale-main-20260911-long-step-2000,single_seq,pair_network,,,,,,medium,AUC,0.9043214598059788,5238,67,5238,eval-test
foldbench_monomer,8jdg_A,471,sparsa-scale-main-20260911-long-step-2000,single_seq,pair_network,,,,,,long,L,0.13800424628450106,93573,282,471,eval-test
foldbench_monomer,8jdg_A,471,sparsa-scale-main-20260911-long-step-2000,single_seq,pair_network,,,,,,long,L/2,0.18723404255319148,93573,282,235,eval-test
foldbench_monomer,8jdg_A,471,sparsa-scale-main-20260911-long-step-2000,single_seq,pair_network,,,,,,long,L/5,0.3404255319148936,93573,282,94,eval-test
foldbench_monomer,8jdg_A,471,sparsa-scale-main-20260911-long-step-2000,single_seq,pair_network,,,,,,long,R,0.1773049645390071,93573,282,282,eval-test
foldbench_monomer,8jdg_A,471,sparsa-scale-main-20260911-long-step-2000,single_seq,pair_network,,,,,,long,AUC,0.8891989649408613,93573,282,93573,eval-test
foldbench_monomer,8jh8_A,248,sparsa-scale-main-20260911-long-step-2000,single_seq,pair_network,,,,,,all,L,0.3911290322580645,27966,251,248,eval-test
foldbench_monomer,8jh8_A,248,sparsa-scale-main-20260911-long-step-2000,single_seq,pair_network,,,,,,all,L/2,0.5645161290322581,27966,251,124,eval-test
foldbench_monomer,8jh8_A,248,sparsa-scale-main-20260911-long-step-2000,single_seq,pair_network,,,,,,all,L/5,0.6938775510204082,27966,251,49,eval-test
foldbench_monomer,8jh8_A,248,sparsa-scale-main-20260911-long-step-2000,single_seq,pair_network,,,,,,all,R,0.3904382470119522,27966,251,251,eval-test
foldbench_monomer,8jh8_A,248,sparsa-scale-main-20260911-long-step-2000,single_seq,pair_network,,,,,,all,AUC,0.9615447644744852,27966,251,27966,eval-test
foldbench_monomer,8jh8_A,248,sparsa-scale-main-20260911-long-step-2000,single_seq,pair_network,,,,,,short,L,0.0967741935483871,1401,26,248,eval-test
foldbench_monomer,8jh8_A,248,sparsa-scale-main-20260911-long-step-2000,single_seq,pair_network,,,,,,short,L/2,0.1774193548387097,1401,26,124,eval-test
foldbench_monomer,8jh8_A,248,sparsa-scale-main-20260911-long-step-2000,single_seq,pair_network,,,,,,short,L/5,0.3469387755102041,1401,26,49,eval-test
foldbench_monomer,8jh8_A,248,sparsa-scale-main-20260911-long-step-2000,single_seq,pair_network,,,,,,short,R,0.4230769230769231,1401,26,26,eval-test
foldbench_monomer,8jh8_A,248,sparsa-scale-main-20260911-long-step-2000,single_seq,pair_network,,,,,,short,AUC,0.9625174825174825,1401,26,1401,eval-test
foldbench_monomer,8jh8_A,248,sparsa-scale-main-20260911-long-step-2000,single_seq,pair_network,,,,,,medium,L,0.13709677419354838,2694,42,248,eval-test
foldbench_monomer,8jh8_A,248,sparsa-scale-main-20260911-long-step-2000,single_seq,pair_network,,,,,,medium,L/2,0.20161290322580644,2694,42,124,eval-test
foldbench_monomer,8jh8_A,248,sparsa-scale-main-20260911-long-step-2000,single_seq,pair_network,,,,,,medium,L/5,0.3469387755102041,2694,42,49,eval-test
foldbench_monomer,8jh8_A,248,sparsa-scale-main-20260911-long-step-2000,single_seq,pair_network,,,,,,medium,R,0.35714285714285715,2694,42,42,eval-test
foldbench_monomer,8jh8_A,248,sparsa-scale-main-20260911-long-step-2000,single_seq,pair_network,,,,,,medium,AUC,0.9473218774689364,2694,42,2694,eval-test
foldbench_monomer,8jh8_A,248,sparsa-scale-main-20260911-long-step-2000,single_seq,pair_network,,,,,,long,L,0.3346774193548387,23871,183,248,eval-test
foldbench_monomer,8jh8_A,248,sparsa-scale-main-20260911-long-step-2000,single_seq,pair_network,,,,,,long,L/2,0.4596774193548387,23871,183,124,eval-test
foldbench_monomer,8jh8_A,248,sparsa-scale-main-20260911-long-step-2000,single_seq,pair_network,,,,,,long,L/5,0.7142857142857143,23871,183,49,eval-test
foldbench_monomer,8jh8_A,248,sparsa-scale-main-20260911-long-step-2000,single_seq,pair_network,,,,,,long,R,0.4098360655737705,23871,183,183,eval-test
foldbench_monomer,8jh8_A,248,sparsa-scale-main-20260911-long-step-2000,single_seq,pair_network,,,,,,long,AUC,0.9621574087915211,23871,183,23871,eval-test
foldbench_monomer,8jiy_A,241,sparsa-scale-main-20260911-long-step-2000,single_seq,pair_network,,,,,,all,L,0.2821576763485477,22155,244,241,eval-test
foldbench_monomer,8jiy_A,241,sparsa-scale-main-20260911-long-step-2000,single_seq,pair_network,,,,,,all,L/2,0.4166666666666667,22155,244,120,eval-test
foldbench_monomer,8jiy_A,241,sparsa-scale-main-20260911-long-step-2000,single_seq,pair_network,,,,,,all,L/5,0.5416666666666666,22155,244,48,eval-test
foldbench_monomer,8jiy_A,241,sparsa-scale-main-20260911-long-step-2000,single_seq,pair_network,,,,,,all,R,0.2827868852459016,22155,244,244,eval-test
foldbench_monomer,8jiy_A,241,sparsa-scale-main-20260911-long-step-2000,single_seq,pair_network,,,,,,all,AUC,0.9053109599115946,22155,244,22155,eval-test
foldbench_monomer,8jiy_A,241,sparsa-scale-main-20260911-long-step-2000,single_seq,pair_network,,,,,,short,L,0.07883817427385892,1245,24,241,eval-test
foldbench_monomer,8jiy_A,241,sparsa-scale-main-20260911-long-step-2000,single_seq,pair_network,,,,,,short,L/2,0.13333333333333333,1245,24,120,eval-test
foldbench_monomer,8jiy_A,241,sparsa-scale-main-20260911-long-step-2000,single_seq,pair_network,,,,,,short,L/5,0.16666666666666666,1245,24,48,eval-test
foldbench_monomer,8jiy_A,241,sparsa-scale-main-20260911-long-step-2000,single_seq,pair_network,,,,,,short,R,0.25,1245,24,24,eval-test
foldbench_monomer,8jiy_A,241,sparsa-scale-main-20260911-long-step-2000,single_seq,pair_network,,,,,,short,AUC,0.906377968877969,1245,24,1245,eval-test
foldbench_monomer,8jiy_A,241,sparsa-scale-main-20260911-long-step-2000,single_seq,pair_network,,,,,,medium,L,0.07883817427385892,2382,23,241,eval-test
foldbench_monomer,8jiy_A,241,sparsa-scale-main-20260911-long-step-2000,single_seq,pair_network,,,,,,medium,L/2,0.125,2382,23,120,eval-test
foldbench_monomer,8jiy_A,241,sparsa-scale-main-20260911-long-step-2000,single_seq,pair_network,,,,,,medium,L/5,0.25,2382,23,48,eval-test
foldbench_monomer,8jiy_A,241,sparsa-scale-main-20260911-long-step-2000,single_seq,pair_network,,,,,,medium,R,0.43478260869565216,2382,23,23,eval-test
foldbench_monomer,8jiy_A,241,sparsa-scale-main-20260911-long-step-2000,single_seq,pair_network,,,,,,medium,AUC,0.9620694103986583,2382,23,2382,eval-test
foldbench_monomer,8jiy_A,241,sparsa-scale-main-20260911-long-step-2000,single_seq,pair_network,,,,,,long,L,0.23236514522821577,18528,197,241,eval-test
foldbench_monomer,8jiy_A,241,sparsa-scale-main-20260911-long-step-2000,single_seq,pair_network,,,,,,long,L/2,0.35833333333333334,18528,197,120,eval-test
foldbench_monomer,8jiy_A,241,sparsa-scale-main-20260911-long-step-2000,single_seq,pair_network,,,,,,long,L/5,0.5208333333333334,18528,197,48,eval-test
foldbench_monomer,8jiy_A,241,sparsa-scale-main-20260911-long-step-2000,single_seq,pair_network,,,,,,long,R,0.25380710659898476,18528,197,197,eval-test
foldbench_monomer,8jiy_A,241,sparsa-scale-main-20260911-long-step-2000,single_seq,pair_network,,,,,,long,AUC,0.9015596447392796,18528,197,18528,eval-test
foldbench_monomer,8jmy_A,129,sparsa-scale-main-20260911-long-step-2000,single_seq,pair_network,,,,,,all,L,0.3023255813953488,7503,119,129,eval-test
foldbench_monomer,8jmy_A,129,sparsa-scale-main-20260911-long-step-2000,single_seq,pair_network,,,,,,all,L/2,0.421875,7503,119,64,eval-test
foldbench_monomer,8jmy_A,129,sparsa-scale-main-20260911-long-step-2000,single_seq,pair_network,,,,,,all,L/5,0.64,7503,119,25,eval-test
foldbench_monomer,8jmy_A,129,sparsa-scale-main-20260911-long-step-2000,single_seq,pair_network,,,,,,all,R,0.31932773109243695,7503,119,119,eval-test
foldbench_monomer,8jmy_A,129,sparsa-scale-main-20260911-long-step-2000,single_seq,pair_network,,,,,,all,AUC,0.9095346968689968,7503,119,7503,eval-test
foldbench_monomer,8jmy_A,129,sparsa-scale-main-20260911-long-step-2000,single_seq,pair_network,,,,,,short,L,0.13953488372093023,717,20,129,eval-test
foldbench_monomer,8jmy_A,129,sparsa-scale-main-20260911-long-step-2000,single_seq,pair_network,,,,,,short,L/2,0.25,717,20,64,eval-test
foldbench_monomer,8jmy_A,129,sparsa-scale-main-20260911-long-step-2000,single_seq,pair_network,,,,,,short,L/5,0.48,717,20,25,eval-test
foldbench_monomer,8jmy_A,129,sparsa-scale-main-20260911-long-step-2000,single_seq,pair_network,,,,,,short,R,0.6,717,20,20,eval-test
foldbench_monomer,8jmy_A,129,sparsa-scale-main-20260911-long-step-2000,single_seq,pair_network,,,,,,short,AUC,0.948780487804878,717,20,717,eval-test
foldbench_monomer,8jmy_A,129,sparsa-scale-main-20260911-long-step-2000,single_seq,pair_network,,,,,,medium,L,0.17829457364341086,1326,25,129,eval-test
foldbench_monomer,8jmy_A,129,sparsa-scale-main-20260911-long-step-2000,single_seq,pair_network,,,,,,medium,L/2,0.34375,1326,25,64,eval-test
foldbench_monomer,8jmy_A,129,sparsa-scale-main-20260911-long-step-2000,single_seq,pair_network,,,,,,medium,L/5,0.56,1326,25,25,eval-test
foldbench_monomer,8jmy_A,129,sparsa-scale-main-20260911-long-step-2000,single_seq,pair_network,,,,,,medium,R,0.56,1326,25,25,eval-test
foldbench_monomer,8jmy_A,129,sparsa-scale-main-20260911-long-step-2000,single_seq,pair_network,,,,,,medium,AUC,0.9837048424289009,1326,25,1326,eval-test
foldbench_monomer,8jmy_A,129,sparsa-scale-main-20260911-long-step-2000,single_seq,pair_network,,,,,,long,L,0.11627906976744186,5460,74,129,eval-test
foldbench_monomer,8jmy_A,129,sparsa-scale-main-20260911-long-step-2000,single_seq,pair_network,,,,,,long,L/2,0.109375,5460,74,64,eval-test
foldbench_monomer,8jmy_A,129,sparsa-scale-main-20260911-long-step-2000,single_seq,pair_network,,,,,,long,L/5,0.12,5460,74,25,eval-test
foldbench_monomer,8jmy_A,129,sparsa-scale-main-20260911-long-step-2000,single_seq,pair_network,,,,,,long,R,0.0945945945945946,5460,74,74,eval-test
foldbench_monomer,8jmy_A,129,sparsa-scale-main-20260911-long-step-2000,single_seq,pair_network,,,,,,long,AUC,0.8813678606196245,5460,74,5460,eval-test
foldbench_monomer,8jn0_A,89,sparsa-scale-main-20260911-long-step-2000,single_seq,pair_network,,,,,,all,L,0.2696629213483146,3486,97,89,eval-test
foldbench_monomer,8jn0_A,89,sparsa-scale-main-20260911-long-step-2000,single_seq,pair_network,,,,,,all,L/2,0.3409090909090909,3486,97,44,eval-test
foldbench_monomer,8jn0_A,89,sparsa-scale-main-20260911-long-step-2000,single_seq,pair_network,,,,,,all,L/5,0.47058823529411764,3486,97,17,eval-test
foldbench_monomer,8jn0_A,89,sparsa-scale-main-20260911-long-step-2000,single_seq,pair_network,,,,,,all,R,0.28865979381443296,3486,97,97,eval-test
foldbench_monomer,8jn0_A,89,sparsa-scale-main-20260911-long-step-2000,single_seq,pair_network,,,,,,all,AUC,0.8818630925401466,3486,97,3486,eval-test
foldbench_monomer,8jn0_A,89,sparsa-scale-main-20260911-long-step-2000,single_seq,pair_network,,,,,,short,L,0.14606741573033707,483,15,89,eval-test
foldbench_monomer,8jn0_A,89,sparsa-scale-main-20260911-long-step-2000,single_seq,pair_network,,,,,,short,L/2,0.25,483,15,44,eval-test
foldbench_monomer,8jn0_A,89,sparsa-scale-main-20260911-long-step-2000,single_seq,pair_network,,,,,,short,L/5,0.4117647058823529,483,15,17,eval-test
foldbench_monomer,8jn0_A,89,sparsa-scale-main-20260911-long-step-2000,single_seq,pair_network,,,,,,short,R,0.4,483,15,15,eval-test
foldbench_monomer,8jn0_A,89,sparsa-scale-main-20260911-long-step-2000,single_seq,pair_network,,,,,,short,AUC,0.9460826210826211,483,15,483,eval-test
foldbench_monomer,8jn0_A,89,sparsa-scale-main-20260911-long-step-2000,single_seq,pair_network,,,,,,medium,L,0.25842696629213485,858,28,89,eval-test
foldbench_monomer,8jn0_A,89,sparsa-scale-main-20260911-long-step-2000,single_seq,pair_network,,,,,,medium,L/2,0.38636363636363635,858,28,44,eval-test
foldbench_monomer,8jn0_A,89,sparsa-scale-main-20260911-long-step-2000,single_seq,pair_network,,,,,,medium,L/5,0.4117647058823529,858,28,17,eval-test
foldbench_monomer,8jn0_A,89,sparsa-scale-main-20260911-long-step-2000,single_seq,pair_network,,,,,,medium,R,0.4642857142857143,858,28,28,eval-test
foldbench_monomer,8jn0_A,89,sparsa-scale-main-20260911-long-step-2000,single_seq,pair_network,,,,,,medium,AUC,0.9515060240963856,858,28,858,eval-test
foldbench_monomer,8jn0_A,89,sparsa-scale-main-20260911-long-step-2000,single_seq,pair_network,,,,,,long,L,0.1348314606741573,2145,54,89,eval-test
foldbench_monomer,8jn0_A,89,sparsa-scale-main-20260911-long-step-2000,single_seq,pair_network,,,,,,long,L/2,0.13636363636363635,2145,54,44,eval-test
foldbench_monomer,8jn0_A,89,sparsa-scale-main-20260911-long-step-2000,single_seq,pair_network,,,,,,long,L/5,0.17647058823529413,2145,54,17,eval-test
foldbench_monomer,8jn0_A,89,sparsa-scale-main-20260911-long-step-2000,single_seq,pair_network,,,,,,long,R,0.1111111111111111,2145,54,54,eval-test
foldbench_monomer,8jn0_A,89,sparsa-scale-main-20260911-long-step-2000,single_seq,pair_network,,,,,,long,AUC,0.8308624262713216,2145,54,2145,eval-test
foldbench_monomer,8jup_A,327,sparsa-scale-main-20260911-long-step-2000,single_seq,pair_network,,,,,,all,L,0.10703363914373089,39948,230,327,eval-test
foldbench_monomer,8jup_A,327,sparsa-scale-main-20260911-long-step-2000,single_seq,pair_network,,,,,,all,L/2,0.1411042944785276,39948,230,163,eval-test
foldbench_monomer,8jup_A,327,sparsa-scale-main-20260911-long-step-2000,single_seq,pair_network,,,,,,all,L/5,0.15384615384615385,39948,230,65,eval-test
foldbench_monomer,8jup_A,327,sparsa-scale-main-20260911-long-step-2000,single_seq,pair_network,,,,,,all,R,0.12608695652173912,39948,230,230,eval-test
foldbench_monomer,8jup_A,327,sparsa-scale-main-20260911-long-step-2000,single_seq,pair_network,,,,,,all,AUC,0.895734000792544,39948,230,39948,eval-test
foldbench_monomer,8jup_A,327,sparsa-scale-main-20260911-long-step-2000,single_seq,pair_network,,,,,,short,L,0.07951070336391437,1548,32,327,eval-test
foldbench_monomer,8jup_A,327,sparsa-scale-main-20260911-long-step-2000,single_seq,pair_network,,,,,,short,L/2,0.08588957055214724,1548,32,163,eval-test
foldbench_monomer,8jup_A,327,sparsa-scale-main-20260911-long-step-2000,single_seq,pair_network,,,,,,short,L/5,0.13846153846153847,1548,32,65,eval-test
foldbench_monomer,8jup_A,327,sparsa-scale-main-20260911-long-step-2000,single_seq,pair_network,,,,,,short,R,0.125,1548,32,32,eval-test
foldbench_monomer,8jup_A,327,sparsa-scale-main-20260911-long-step-2000,single_seq,pair_network,,,,,,short,AUC,0.8774220811345645,1548,32,1548,eval-test
foldbench_monomer,8jup_A,327,sparsa-scale-main-20260911-long-step-2000,single_seq,pair_network,,,,,,medium,L,0.07951070336391437,2896,35,327,eval-test
foldbench_monomer,8jup_A,327,sparsa-scale-main-20260911-long-step-2000,single_seq,pair_network,,,,,,medium,L/2,0.12883435582822086,2896,35,163,eval-test
foldbench_monomer,8jup_A,327,sparsa-scale-main-20260911-long-step-2000,single_seq,pair_network,,,,,,medium,L/5,0.18461538461538463,2896,35,65,eval-test
foldbench_monomer,8jup_A,327,sparsa-scale-main-20260911-long-step-2000,single_seq,pair_network,,,,,,medium,R,0.2,2896,35,35,eval-test
foldbench_monomer,8jup_A,327,sparsa-scale-main-20260911-long-step-2000,single_seq,pair_network,,,,,,medium,AUC,0.9211414590303091,2896,35,2896,eval-test
foldbench_monomer,8jup_A,327,sparsa-scale-main-20260911-long-step-2000,single_seq,pair_network,,,,,,long,L,0.0672782874617737,35504,163,327,eval-test
foldbench_monomer,8jup_A,327,sparsa-scale-main-20260911-long-step-2000,single_seq,pair_network,,,,,,long,L/2,0.06748466257668712,35504,163,163,eval-test
foldbench_monomer,8jup_A,327,sparsa-scale-main-20260911-long-step-2000,single_seq,pair_network,,,,,,long,L/5,0.06153846153846154,35504,163,65,eval-test
foldbench_monomer,8jup_A,327,sparsa-scale-main-20260911-long-step-2000,single_seq,pair_network,,,,,,long,R,0.06748466257668712,35504,163,163,eval-test
foldbench_monomer,8jup_A,327,sparsa-scale-main-20260911-long-step-2000,single_seq,pair_network,,,,,,long,AUC,0.882128597053458,35504,163,35504,eval-test
foldbench_monomer,8jv2_A,361,sparsa-scale-main-20260911-long-step-2000,single_seq,pair_network,,,,,,all,L,0.1523545706371191,62835,394,361,eval-test
foldbench_monomer,8jv2_A,361,sparsa-scale-main-20260911-long-step-2000,single_seq,pair_network,,,,,,all,L/2,0.19444444444444445,62835,394,180,eval-test
foldbench_monomer,8jv2_A,361,sparsa-scale-main-20260911-long-step-2000,single_seq,pair_network,,,,,,all,L/5,0.2777777777777778,62835,394,72,eval-test
foldbench_monomer,8jv2_A,361,sparsa-scale-main-20260911-long-step-2000,single_seq,pair_network,,,,,,all,R,0.1446700507614213,62835,394,394,eval-test
foldbench_monomer,8jv2_A,361,sparsa-scale-main-20260911-long-step-2000,single_seq,pair_network,,,,,,all,AUC,0.8449214637297813,62835,394,62835,eval-test
foldbench_monomer,8jv2_A,361,sparsa-scale-main-20260911-long-step-2000,single_seq,pair_network,,,,,,short,L,0.09141274238227147,2109,49,361,eval-test
foldbench_monomer,8jv2_A,361,sparsa-scale-main-20260911-long-step-2000,single_seq,pair_network,,,,,,short,L/2,0.14444444444444443,2109,49,180,eval-test
foldbench_monomer,8jv2_A,361,sparsa-scale-main-20260911-long-step-2000,single_seq,pair_network,,,,,,short,L/5,0.2638888888888889,2109,49,72,eval-test
foldbench_monomer,8jv2_A,361,sparsa-scale-main-20260911-long-step-2000,single_seq,pair_network,,,,,,short,R,0.30612244897959184,2109,49,49,eval-test
foldbench_monomer,8jv2_A,361,sparsa-scale-main-20260911-long-step-2000,single_seq,pair_network,,,,,,short,AUC,0.8687636219536359,2109,49,2109,eval-test
foldbench_monomer,8jv2_A,361,sparsa-scale-main-20260911-long-step-2000,single_seq,pair_network,,,,,,medium,L,0.11080332409972299,4110,62,361,eval-test
foldbench_monomer,8jv2_A,361,sparsa-scale-main-20260911-long-step-2000,single_seq,pair_network,,,,,,medium,L/2,0.16111111111111112,4110,62,180,eval-test
foldbench_monomer,8jv2_A,361,sparsa-scale-main-20260911-long-step-2000,single_seq,pair_network,,,,,,medium,L/5,0.1388888888888889,4110,62,72,eval-test
foldbench_monomer,8jv2_A,361,sparsa-scale-main-20260911-long-step-2000,single_seq,pair_network,,,,,,medium,R,0.12903225806451613,4110,62,62,eval-test
foldbench_monomer,8jv2_A,361,sparsa-scale-main-20260911-long-step-2000,single_seq,pair_network,,,,,,medium,AUC,0.8777273524161673,4110,62,4110,eval-test
foldbench_monomer,8jv2_A,361,sparsa-scale-main-20260911-long-step-2000,single_seq,pair_network,,,,,,long,L,0.05263157894736842,56616,283,361,eval-test
foldbench_monomer,8jv2_A,361,sparsa-scale-main-20260911-long-step-2000,single_seq,pair_network,,,,,,long,L/2,0.08888888888888889,56616,283,180,eval-test
foldbench_monomer,8jv2_A,361,sparsa-scale-main-20260911-long-step-2000,single_seq,pair_network,,,,,,long,L/5,0.1388888888888889,56616,283,72,eval-test
foldbench_monomer,8jv2_A,361,sparsa-scale-main-20260911-long-step-2000,single_seq,pair_network,,,,,,long,R,0.06007067137809187,56616,283,283,eval-test
foldbench_monomer,8jv2_A,361,sparsa-scale-main-20260911-long-step-2000,single_seq,pair_network,,,,,,long,AUC,0.8216066764524105,56616,283,56616,eval-test
foldbench_monomer,8jws_A,127,sparsa-scale-main-20260911-long-step-2000,single_seq,pair_network,,,,,,all,L,0.3228346456692913,6216,108,127,eval-test
foldbench_monomer,8jws_A,127,sparsa-scale-main-20260911-long-step-2000,single_seq,pair_network,,,,,,all,L/2,0.49206349206349204,6216,108,63,eval-test
foldbench_monomer,8jws_A,127,sparsa-scale-main-20260911-long-step-2000,single_seq,pair_network,,,,,,all,L/5,0.8,6216,108,25,eval-test
foldbench_monomer,8jws_A,127,sparsa-scale-main-20260911-long-step-2000,single_seq,pair_network,,,,,,all,R,0.35185185185185186,6216,108,108,eval-test
foldbench_monomer,8jws_A,127,sparsa-scale-main-20260911-long-step-2000,single_seq,pair_network,,,,,,all,AUC,0.8829851257609935,6216,108,6216,eval-test
foldbench_monomer,8jws_A,127,sparsa-scale-main-20260911-long-step-2000,single_seq,pair_network,,,,,,short,L,0.14960629921259844,651,23,127,eval-test
foldbench_monomer,8jws_A,127,sparsa-scale-main-20260911-long-step-2000,single_seq,pair_network,,,,,,short,L/2,0.2222222222222222,651,23,63,eval-test
foldbench_monomer,8jws_A,127,sparsa-scale-main-20260911-long-step-2000,single_seq,pair_network,,,,,,short,L/5,0.32,651,23,25,eval-test
foldbench_monomer,8jws_A,127,sparsa-scale-main-20260911-long-step-2000,single_seq,pair_network,,,,,,short,R,0.34782608695652173,651,23,23,eval-test
foldbench_monomer,8jws_A,127,sparsa-scale-main-20260911-long-step-2000,single_seq,pair_network,,,,,,short,AUC,0.9225630019385213,651,23,651,eval-test
foldbench_monomer,8jws_A,127,sparsa-scale-main-20260911-long-step-2000,single_seq,pair_network,,,,,,medium,L,0.16535433070866143,1194,35,127,eval-test
foldbench_monomer,8jws_A,127,sparsa-scale-main-20260911-long-step-2000,single_seq,pair_network,,,,,,medium,L/2,0.2222222222222222,1194,35,63,eval-test
foldbench_monomer,8jws_A,127,sparsa-scale-main-20260911-long-step-2000,single_seq,pair_network,,,,,,medium,L/5,0.4,1194,35,25,eval-test
foldbench_monomer,8jws_A,127,sparsa-scale-main-20260911-long-step-2000,single_seq,pair_network,,,,,,medium,R,0.3142857142857143,1194,35,35,eval-test
foldbench_monomer,8jws_A,127,sparsa-scale-main-20260911-long-step-2000,single_seq,pair_network,,,,,,medium,AUC,0.8862319733760631,1194,35,1194,eval-test
foldbench_monomer,8jws_A,127,sparsa-scale-main-20260911-long-step-2000,single_seq,pair_network,,,,,,long,L,0.1732283464566929,4371,50,127,eval-test
foldbench_monomer,8jws_A,127,sparsa-scale-main-20260911-long-step-2000,single_seq,pair_network,,,,,,long,L/2,0.31746031746031744,4371,50,63,eval-test
foldbench_monomer,8jws_A,127,sparsa-scale-main-20260911-long-step-2000,single_seq,pair_network,,,,,,long,L/5,0.56,4371,50,25,eval-test
foldbench_monomer,8jws_A,127,sparsa-scale-main-20260911-long-step-2000,single_seq,pair_network,,,,,,long,R,0.36,4371,50,50,eval-test
foldbench_monomer,8jws_A,127,sparsa-scale-main-20260911-long-step-2000,single_seq,pair_network,,,,,,long,AUC,0.8374913214533672,4371,50,4371,eval-test
foldbench_monomer,8cjd_A,663,sparsa-scale-main-20260911-long-step-2000,single_seq,pair_network,,,,,,all,L,0.14630467571644043,198150,792,663,eval-test
foldbench_monomer,8cjd_A,663,sparsa-scale-main-20260911-long-step-2000,single_seq,pair_network,,,,,,all,L/2,0.2084592145015106,198150,792,331,eval-test
foldbench_monomer,8cjd_A,663,sparsa-scale-main-20260911-long-step-2000,single_seq,pair_network,,,,,,all,L/5,0.3409090909090909,198150,792,132,eval-test
foldbench_monomer,8cjd_A,663,sparsa-scale-main-20260911-long-step-2000,single_seq,pair_network,,,,,,all,R,0.13383838383838384,198150,792,792,eval-test
foldbench_monomer,8cjd_A,663,sparsa-scale-main-20260911-long-step-2000,single_seq,pair_network,,,,,,all,AUC,0.8197740734650183,198150,792,198150,eval-test
foldbench_monomer,8cjd_A,663,sparsa-scale-main-20260911-long-step-2000,single_seq,pair_network,,,,,,short,L,0.11010558069381599,3708,93,663,eval-test
foldbench_monomer,8cjd_A,663,sparsa-scale-main-20260911-long-step-2000,single_seq,pair_network,,,,,,short,L/2,0.14803625377643503,3708,93,331,eval-test
foldbench_monomer,8cjd_A,663,sparsa-scale-main-20260911-long-step-2000,single_seq,pair_network,,,,,,short,L/5,0.23484848484848486,3708,93,132,eval-test
foldbench_monomer,8cjd_A,663,sparsa-scale-main-20260911-long-step-2000,single_seq,pair_network,,,,,,short,R,0.27956989247311825,3708,93,93,eval-test
foldbench_monomer,8cjd_A,663,sparsa-scale-main-20260911-long-step-2000,single_seq,pair_network,,,,,,short,AUC,0.8976070435312838,3708,93,3708,eval-test
foldbench_monomer,8cjd_A,663,sparsa-scale-main-20260911-long-step-2000,single_seq,pair_network,,,,,,medium,L,0.09803921568627451,7206,107,663,eval-test
foldbench_monomer,8cjd_A,663,sparsa-scale-main-20260911-long-step-2000,single_seq,pair_network,,,,,,medium,L/2,0.1268882175226586,7206,107,331,eval-test
foldbench_monomer,8cjd_A,663,sparsa-scale-main-20260911-long-step-2000,single_seq,pair_network,,,,,,medium,L/5,0.1893939393939394,7206,107,132,eval-test
foldbench_monomer,8cjd_A,663,sparsa-scale-main-20260911-long-step-2000,single_seq,pair_network,,,,,,medium,R,0.22429906542056074,7206,107,107,eval-test
foldbench_monomer,8cjd_A,663,sparsa-scale-main-20260911-long-step-2000,single_seq,pair_network,,,,,,medium,AUC,0.9003736211365824,7206,107,7206,eval-test
foldbench_monomer,8cjd_A,663,sparsa-scale-main-20260911-long-step-2000,single_seq,pair_network,,,,,,long,L,0.06485671191553545,187236,592,663,eval-test
foldbench_monomer,8cjd_A,663,sparsa-scale-main-20260911-long-step-2000,single_seq,pair_network,,,,,,long,L/2,0.09365558912386707,187236,592,331,eval-test
foldbench_monomer,8cjd_A,663,sparsa-scale-main-20260911-long-step-2000,single_seq,pair_network,,,,,,long,L/5,0.13636363636363635,187236,592,132,eval-test
foldbench_monomer,8cjd_A,663,sparsa-scale-main-20260911-long-step-2000,single_seq,pair_network,,,,,,long,R,0.07094594594594594,187236,592,592,eval-test
foldbench_monomer,8cjd_A,663,sparsa-scale-main-20260911-long-step-2000,single_seq,pair_network,,,,,,long,AUC,0.7779220183662263,187236,592,187236,eval-test
foldbench_monomer,8k2g_A,516,sparsa-scale-main-20260911-long-step-2000,single_seq,pair_network,,,,,,all,L,0.17248062015503876,124750,613,516,eval-test
foldbench_monomer,8k2g_A,516,sparsa-scale-main-20260911-long-step-2000,single_seq,pair_network,,,,,,all,L/2,0.24806201550387597,124750,613,258,eval-test
foldbench_monomer,8k2g_A,516,sparsa-scale-main-20260911-long-step-2000,single_seq,pair_network,,,,,,all,L/5,0.3106796116504854,124750,613,103,eval-test
foldbench_monomer,8k2g_A,516,sparsa-scale-main-20260911-long-step-2000,single_seq,pair_network,,,,,,all,R,0.15823817292006526,124750,613,613,eval-test
foldbench_monomer,8k2g_A,516,sparsa-scale-main-20260911-long-step-2000,single_seq,pair_network,,,,,,all,AUC,0.8766836713754962,124750,613,124750,eval-test
foldbench_monomer,8k2g_A,516,sparsa-scale-main-20260911-long-step-2000,single_seq,pair_network,,,,,,short,L,0.06589147286821706,2979,52,516,eval-test
foldbench_monomer,8k2g_A,516,sparsa-scale-main-20260911-long-step-2000,single_seq,pair_network,,,,,,short,L/2,0.10852713178294573,2979,52,258,eval-test
foldbench_monomer,8k2g_A,516,sparsa-scale-main-20260911-long-step-2000,single_seq,pair_network,,,,,,short,L/5,0.1650485436893204,2979,52,103,eval-test
foldbench_monomer,8k2g_A,516,sparsa-scale-main-20260911-long-step-2000,single_seq,pair_network,,,,,,short,R,0.23076923076923078,2979,52,52,eval-test
foldbench_monomer,8k2g_A,516,sparsa-scale-main-20260911-long-step-2000,single_seq,pair_network,,,,,,short,AUC,0.8658510945835851,2979,52,2979,eval-test
foldbench_monomer,8k2g_A,516,sparsa-scale-main-20260911-long-step-2000,single_seq,pair_network,,,,,,medium,L,0.08527131782945736,5850,93,516,eval-test
foldbench_monomer,8k2g_A,516,sparsa-scale-main-20260911-long-step-2000,single_seq,pair_network,,,,,,medium,L/2,0.11627906976744186,5850,93,258,eval-test
foldbench_monomer,8k2g_A,516,sparsa-scale-main-20260911-long-step-2000,single_seq,pair_network,,,,,,medium,L/5,0.20388349514563106,5850,93,103,eval-test
foldbench_monomer,8k2g_A,516,sparsa-scale-main-20260911-long-step-2000,single_seq,pair_network,,,,,,medium,R,0.22580645161290322,5850,93,93,eval-test
foldbench_monomer,8k2g_A,516,sparsa-scale-main-20260911-long-step-2000,single_seq,pair_network,,,,,,medium,AUC,0.8738991895793994,5850,93,5850,eval-test
foldbench_monomer,8k2g_A,516,sparsa-scale-main-20260911-long-step-2000,single_seq,pair_network,,,,,,long,L,0.13372093023255813,115921,468,516,eval-test
foldbench_monomer,8k2g_A,516,sparsa-scale-main-20260911-long-step-2000,single_seq,pair_network,,,,,,long,L/2,0.1821705426356589,115921,468,258,eval-test
foldbench_monomer,8k2g_A,516,sparsa-scale-main-20260911-long-step-2000,single_seq,pair_network,,,,,,long,L/5,0.2621359223300971,115921,468,103,eval-test
foldbench_monomer,8k2g_A,516,sparsa-scale-main-20260911-long-step-2000,single_seq,pair_network,,,,,,long,R,0.14102564102564102,115921,468,468,eval-test
foldbench_monomer,8k2g_A,516,sparsa-scale-main-20260911-long-step-2000,single_seq,pair_network,,,,,,long,AUC,0.8617026309074156,115921,468,115921,eval-test
foldbench_monomer,8k2k_A,542,sparsa-scale-main-20260911-long-step-2000,single_seq,pair_network,,,,,,all,L,0.23062730627306274,137054,653,542,eval-test
foldbench_monomer,8k2k_A,542,sparsa-scale-main-20260911-long-step-2000,single_seq,pair_network,,,,,,all,L/2,0.3173431734317343,137054,653,271,eval-test
foldbench_monomer,8k2k_A,542,sparsa-scale-main-20260911-long-step-2000,single_seq,pair_network,,,,,,all,L/5,0.5185185185185185,137054,653,108,eval-test
foldbench_monomer,8k2k_A,542,sparsa-scale-main-20260911-long-step-2000,single_seq,pair_network,,,,,,all,R,0.20520673813169985,137054,653,653,eval-test
foldbench_monomer,8k2k_A,542,sparsa-scale-main-20260911-long-step-2000,single_seq,pair_network,,,,,,all,AUC,0.8978715110262953,137054,653,137054,eval-test
foldbench_monomer,8k2k_A,542,sparsa-scale-main-20260911-long-step-2000,single_seq,pair_network,,,,,,short,L,0.0959409594095941,3075,63,542,eval-test
foldbench_monomer,8k2k_A,542,sparsa-scale-main-20260911-long-step-2000,single_seq,pair_network,,,,,,short,L/2,0.15129151291512916,3075,63,271,eval-test
foldbench_monomer,8k2k_A,542,sparsa-scale-main-20260911-long-step-2000,single_seq,pair_network,,,,,,short,L/5,0.2222222222222222,3075,63,108,eval-test
foldbench_monomer,8k2k_A,542,sparsa-scale-main-20260911-long-step-2000,single_seq,pair_network,,,,,,short,R,0.3492063492063492,3075,63,63,eval-test
foldbench_monomer,8k2k_A,542,sparsa-scale-main-20260911-long-step-2000,single_seq,pair_network,,,,,,short,AUC,0.9190513079955311,3075,63,3075,eval-test
foldbench_monomer,8k2k_A,542,sparsa-scale-main-20260911-long-step-2000,single_seq,pair_network,,,,,,medium,L,0.08671586715867159,6042,84,542,eval-test
foldbench_monomer,8k2k_A,542,sparsa-scale-main-20260911-long-step-2000,single_seq,pair_network,,,,,,medium,L/2,0.12177121771217712,6042,84,271,eval-test
foldbench_monomer,8k2k_A,542,sparsa-scale-main-20260911-long-step-2000,single_seq,pair_network,,,,,,medium,L/5,0.17592592592592593,6042,84,108,eval-test
foldbench_monomer,8k2k_A,542,sparsa-scale-main-20260911-long-step-2000,single_seq,pair_network,,,,,,medium,R,0.16666666666666666,6042,84,84,eval-test
foldbench_monomer,8k2k_A,542,sparsa-scale-main-20260911-long-step-2000,single_seq,pair_network,,,,,,medium,AUC,0.8933956345210121,6042,84,6042,eval-test
foldbench_monomer,8k2k_A,542,sparsa-scale-main-20260911-long-step-2000,single_seq,pair_network,,,,,,long,L,0.1992619926199262,127937,506,542,eval-test
foldbench_monomer,8k2k_A,542,sparsa-scale-main-20260911-long-step-2000,single_seq,pair_network,,,,,,long,L/2,0.26199261992619927,127937,506,271,eval-test
foldbench_monomer,8k2k_A,542,sparsa-scale-main-20260911-long-step-2000,single_seq,pair_network,,,,,,long,L/5,0.42592592592592593,127937,506,108,eval-test
foldbench_monomer,8k2k_A,542,sparsa-scale-main-20260911-long-step-2000,single_seq,pair_network,,,,,,long,R,0.20553359683794467,127937,506,506,eval-test
foldbench_monomer,8k2k_A,542,sparsa-scale-main-20260911-long-step-2000,single_seq,pair_network,,,,,,long,AUC,0.8843158723454557,127937,506,127937,eval-test
foldbench_monomer,8k2m_A,581,sparsa-scale-main-20260911-long-step-2000,single_seq,pair_network,,,,,,all,L,0.22547332185886404,153181,631,581,eval-test
foldbench_monomer,8k2m_A,581,sparsa-scale-main-20260911-long-step-2000,single_seq,pair_network,,,,,,all,L/2,0.296551724137931,153181,631,290,eval-test
foldbench_monomer,8k2m_A,581,sparsa-scale-main-20260911-long-step-2000,single_seq,pair_network,,,,,,all,L/5,0.47413793103448276,153181,631,116,eval-test
foldbench_monomer,8k2m_A,581,sparsa-scale-main-20260911-long-step-2000,single_seq,pair_network,,,,,,all,R,0.21394611727416799,153181,631,631,eval-test
foldbench_monomer,8k2m_A,581,sparsa-scale-main-20260911-long-step-2000,single_seq,pair_network,,,,,,all,AUC,0.9111580261803955,153181,631,153181,eval-test
foldbench_monomer,8k2m_A,581,sparsa-scale-main-20260911-long-step-2000,single_seq,pair_network,,,,,,short,L,0.0963855421686747,3303,67,581,eval-test
foldbench_monomer,8k2m_A,581,sparsa-scale-main-20260911-long-step-2000,single_seq,pair_network,,,,,,short,L/2,0.14482758620689656,3303,67,290,eval-test
foldbench_monomer,8k2m_A,581,sparsa-scale-main-20260911-long-step-2000,single_seq,pair_network,,,,,,short,L/5,0.23275862068965517,3303,67,116,eval-test
foldbench_monomer,8k2m_A,581,sparsa-scale-main-20260911-long-step-2000,single_seq,pair_network,,,,,,short,R,0.2835820895522388,3303,67,67,eval-test
foldbench_monomer,8k2m_A,581,sparsa-scale-main-20260911-long-step-2000,single_seq,pair_network,,,,,,short,AUC,0.912986827297382,3303,67,3303,eval-test
foldbench_monomer,8k2m_A,581,sparsa-scale-main-20260911-long-step-2000,single_seq,pair_network,,,,,,medium,L,0.08433734939759036,6498,79,581,eval-test
foldbench_monomer,8k2m_A,581,sparsa-scale-main-20260911-long-step-2000,single_seq,pair_network,,,,,,medium,L/2,0.11724137931034483,6498,79,290,eval-test
foldbench_monomer,8k2m_A,581,sparsa-scale-main-20260911-long-step-2000,single_seq,pair_network,,,,,,medium,L/5,0.14655172413793102,6498,79,116,eval-test
foldbench_monomer,8k2m_A,581,sparsa-scale-main-20260911-long-step-2000,single_seq,pair_network,,,,,,medium,R,0.20253164556962025,6498,79,79,eval-test
foldbench_monomer,8k2m_A,581,sparsa-scale-main-20260911-long-step-2000,single_seq,pair_network,,,,,,medium,AUC,0.8792617249818083,6498,79,6498,eval-test
foldbench_monomer,8k2m_A,581,sparsa-scale-main-20260911-long-step-2000,single_seq,pair_network,,,,,,long,L,0.17900172117039587,143380,485,581,eval-test
foldbench_monomer,8k2m_A,581,sparsa-scale-main-20260911-long-step-2000,single_seq,pair_network,,,,,,long,L/2,0.2482758620689655,143380,485,290,eval-test
foldbench_monomer,8k2m_A,581,sparsa-scale-main-20260911-long-step-2000,single_seq,pair_network,,,,,,long,L/5,0.43103448275862066,143380,485,116,eval-test
foldbench_monomer,8k2m_A,581,sparsa-scale-main-20260911-long-step-2000,single_seq,pair_network,,,,,,long,R,0.1979381443298969,143380,485,485,eval-test
foldbench_monomer,8k2m_A,581,sparsa-scale-main-20260911-long-step-2000,single_seq,pair_network,,,,,,long,AUC,0.902735459639278,143380,485,143380,eval-test
foldbench_monomer,8k4m_A,137,sparsa-scale-main-20260911-long-step-2000,single_seq,pair_network,,,,,,all,L,0.0948905109489051,7021,119,137,eval-test
foldbench_monomer,8k4m_A,137,sparsa-scale-main-20260911-long-step-2000,single_seq,pair_network,,,,,,all,L/2,0.10294117647058823,7021,119,68,eval-test
foldbench_monomer,8k4m_A,137,sparsa-scale-main-20260911-long-step-2000,single_seq,pair_network,,,,,,all,L/5,0.1111111111111111,7021,119,27,eval-test
foldbench_monomer,8k4m_A,137,sparsa-scale-main-20260911-long-step-2000,single_seq,pair_network,,,,,,all,R,0.10084033613445378,7021,119,119,eval-test
foldbench_monomer,8k4m_A,137,sparsa-scale-main-20260911-long-step-2000,single_seq,pair_network,,,,,,all,AUC,0.8244620363358326,7021,119,7021,eval-test
foldbench_monomer,8k4m_A,137,sparsa-scale-main-20260911-long-step-2000,single_seq,pair_network,,,,,,short,L,0.08029197080291971,693,23,137,eval-test
foldbench_monomer,8k4m_A,137,sparsa-scale-main-20260911-long-step-2000,single_seq,pair_network,,,,,,short,L/2,0.10294117647058823,693,23,68,eval-test
foldbench_monomer,8k4m_A,137,sparsa-scale-main-20260911-long-step-2000,single_seq,pair_network,,,,,,short,L/5,0.14814814814814814,693,23,27,eval-test
foldbench_monomer,8k4m_A,137,sparsa-scale-main-20260911-long-step-2000,single_seq,pair_network,,,,,,short,R,0.17391304347826086,693,23,23,eval-test
foldbench_monomer,8k4m_A,137,sparsa-scale-main-20260911-long-step-2000,single_seq,pair_network,,,,,,short,AUC,0.7482154445165476,693,23,693,eval-test
foldbench_monomer,8k4m_A,137,sparsa-scale-main-20260911-long-step-2000,single_seq,pair_network,,,,,,medium,L,0.08759124087591241,1278,22,137,eval-test
foldbench_monomer,8k4m_A,137,sparsa-scale-main-20260911-long-step-2000,single_seq,pair_network,,,,,,medium,L/2,0.08823529411764706,1278,22,68,eval-test
foldbench_monomer,8k4m_A,137,sparsa-scale-main-20260911-long-step-2000,single_seq,pair_network,,,,,,medium,L/5,0.07407407407407407,1278,22,27,eval-test
foldbench_monomer,8k4m_A,137,sparsa-scale-main-20260911-long-step-2000,single_seq,pair_network,,,,,,medium,R,0.045454545454545456,1278,22,22,eval-test
foldbench_monomer,8k4m_A,137,sparsa-scale-main-20260911-long-step-2000,single_seq,pair_network,,,,,,medium,AUC,0.8311559061957152,1278,22,1278,eval-test
foldbench_monomer,8k4m_A,137,sparsa-scale-main-20260911-long-step-2000,single_seq,pair_network,,,,,,long,L,0.08759124087591241,5050,74,137,eval-test
foldbench_monomer,8k4m_A,137,sparsa-scale-main-20260911-long-step-2000,single_seq,pair_network,,,,,,long,L/2,0.07352941176470588,5050,74,68,eval-test
foldbench_monomer,8k4m_A,137,sparsa-scale-main-20260911-long-step-2000,single_seq,pair_network,,,,,,long,L/5,0.07407407407407407,5050,74,27,eval-test
foldbench_monomer,8k4m_A,137,sparsa-scale-main-20260911-long-step-2000,single_seq,pair_network,,,,,,long,R,0.06756756756756757,5050,74,74,eval-test
foldbench_monomer,8k4m_A,137,sparsa-scale-main-20260911-long-step-2000,single_seq,pair_network,,,,,,long,AUC,0.8427560398018599,5050,74,5050,eval-test
foldbench_monomer,8k5j_A,427,sparsa-scale-main-20260911-long-step-2000,single_seq,pair_network,,,,,,all,L,0.20843091334894615,79017,468,427,eval-test
foldbench_monomer,8k5j_A,427,sparsa-scale-main-20260911-long-step-2000,single_seq,pair_network,,,,,,all,L/2,0.3004694835680751,79017,468,213,eval-test
foldbench_monomer,8k5j_A,427,sparsa-scale-main-20260911-long-step-2000,single_seq,pair_network,,,,,,all,L/5,0.3411764705882353,79017,468,85,eval-test
foldbench_monomer,8k5j_A,427,sparsa-scale-main-20260911-long-step-2000,single_seq,pair_network,,,,,,all,R,0.1987179487179487,79017,468,468,eval-test
foldbench_monomer,8k5j_A,427,sparsa-scale-main-20260911-long-step-2000,single_seq,pair_network,,,,,,all,AUC,0.9061482853590328,79017,468,79017,eval-test
foldbench_monomer,8k5j_A,427,sparsa-scale-main-20260911-long-step-2000,single_seq,pair_network,,,,,,short,L,0.07962529274004684,2343,42,427,eval-test
foldbench_monomer,8k5j_A,427,sparsa-scale-main-20260911-long-step-2000,single_seq,pair_network,,,,,,short,L/2,0.12206572769953052,2343,42,213,eval-test
foldbench_monomer,8k5j_A,427,sparsa-scale-main-20260911-long-step-2000,single_seq,pair_network,,,,,,short,L/5,0.2,2343,42,85,eval-test
foldbench_monomer,8k5j_A,427,sparsa-scale-main-20260911-long-step-2000,single_seq,pair_network,,,,,,short,R,0.2619047619047619,2343,42,42,eval-test
foldbench_monomer,8k5j_A,427,sparsa-scale-main-20260911-long-step-2000,single_seq,pair_network,,,,,,short,AUC,0.9002659299269469,2343,42,2343,eval-test
foldbench_monomer,8k5j_A,427,sparsa-scale-main-20260911-long-step-2000,single_seq,pair_network,,,,,,medium,L,0.06557377049180328,4578,52,427,eval-test
foldbench_monomer,8k5j_A,427,sparsa-scale-main-20260911-long-step-2000,single_seq,pair_network,,,,,,medium,L/2,0.0892018779342723,4578,52,213,eval-test
foldbench_monomer,8k5j_A,427,sparsa-scale-main-20260911-long-step-2000,single_seq,pair_network,,,,,,medium,L/5,0.10588235294117647,4578,52,85,eval-test
foldbench_monomer,8k5j_A,427,sparsa-scale-main-20260911-long-step-2000,single_seq,pair_network,,,,,,medium,R,0.17307692307692307,4578,52,52,eval-test
foldbench_monomer,8k5j_A,427,sparsa-scale-main-20260911-long-step-2000,single_seq,pair_network,,,,,,medium,AUC,0.8933937251436147,4578,52,4578,eval-test
foldbench_monomer,8k5j_A,427,sparsa-scale-main-20260911-long-step-2000,single_seq,pair_network,,,,,,long,L,0.19437939110070257,72096,374,427,eval-test
foldbench_monomer,8k5j_A,427,sparsa-scale-main-20260911-long-step-2000,single_seq,pair_network,,,,,,long,L/2,0.28169014084507044,72096,374,213,eval-test
foldbench_monomer,8k5j_A,427,sparsa-scale-main-20260911-long-step-2000,single_seq,pair_network,,,,,,long,L/5,0.4,72096,374,85,eval-test
foldbench_monomer,8k5j_A,427,sparsa-scale-main-20260911-long-step-2000,single_seq,pair_network,,,,,,long,R,0.19786096256684493,72096,374,374,eval-test
foldbench_monomer,8k5j_A,427,sparsa-scale-main-20260911-long-step-2000,single_seq,pair_network,,,,,,long,AUC,0.9016231082073133,72096,374,72096,eval-test
foldbench_monomer,8k7x_A,856,sparsa-scale-main-20260911-long-step-2000,single_seq,pair_network,,,,,,all,L,0.19158878504672897,222778,746,856,eval-test
foldbench_monomer,8k7x_A,856,sparsa-scale-main-20260911-long-step-2000,single_seq,pair_network,,,,,,all,L/2,0.2757009345794392,222778,746,428,eval-test
foldbench_monomer,8k7x_A,856,sparsa-scale-main-20260911-long-step-2000,single_seq,pair_network,,,,,,all,L/5,0.3742690058479532,222778,746,171,eval-test
foldbench_monomer,8k7x_A,856,sparsa-scale-main-20260911-long-step-2000,single_seq,pair_network,,,,,,all,R,0.2064343163538874,222778,746,746,eval-test
foldbench_monomer,8k7x_A,856,sparsa-scale-main-20260911-long-step-2000,single_seq,pair_network,,,,,,all,AUC,0.9218058060514814,222778,746,222778,eval-test
foldbench_monomer,8k7x_A,856,sparsa-scale-main-20260911-long-step-2000,single_seq,pair_network,,,,,,short,L,0.0689252336448598,3987,68,856,eval-test
foldbench_monomer,8k7x_A,856,sparsa-scale-main-20260911-long-step-2000,single_seq,pair_network,,,,,,short,L/2,0.10046728971962617,3987,68,428,eval-test
foldbench_monomer,8k7x_A,856,sparsa-scale-main-20260911-long-step-2000,single_seq,pair_network,,,,,,short,L/5,0.2046783625730994,3987,68,171,eval-test
foldbench_monomer,8k7x_A,856,sparsa-scale-main-20260911-long-step-2000,single_seq,pair_network,,,,,,short,R,0.29411764705882354,3987,68,68,eval-test
foldbench_monomer,8k7x_A,856,sparsa-scale-main-20260911-long-step-2000,single_seq,pair_network,,,,,,short,AUC,0.9092149107665521,3987,68,3987,eval-test
foldbench_monomer,8k7x_A,856,sparsa-scale-main-20260911-long-step-2000,single_seq,pair_network,,,,,,medium,L,0.09462616822429906,7866,129,856,eval-test
foldbench_monomer,8k7x_A,856,sparsa-scale-main-20260911-long-step-2000,single_seq,pair_network,,,,,,medium,L/2,0.1588785046728972,7866,129,428,eval-test
foldbench_monomer,8k7x_A,856,sparsa-scale-main-20260911-long-step-2000,single_seq,pair_network,,,,,,medium,L/5,0.26900584795321636,7866,129,171,eval-test
foldbench_monomer,8k7x_A,856,sparsa-scale-main-20260911-long-step-2000,single_seq,pair_network,,,,,,medium,R,0.3023255813953488,7866,129,129,eval-test
foldbench_monomer,8k7x_A,856,sparsa-scale-main-20260911-long-step-2000,single_seq,pair_network,,,,,,medium,AUC,0.9040455958632284,7866,129,7866,eval-test
foldbench_monomer,8k7x_A,856,sparsa-scale-main-20260911-long-step-2000,single_seq,pair_network,,,,,,long,L,0.12733644859813084,210925,549,856,eval-test
foldbench_monomer,8k7x_A,856,sparsa-scale-main-20260911-long-step-2000,single_seq,pair_network,,,,,,long,L/2,0.1822429906542056,210925,549,428,eval-test
foldbench_monomer,8k7x_A,856,sparsa-scale-main-20260911-long-step-2000,single_seq,pair_network,,,,,,long,L/5,0.30409356725146197,210925,549,171,eval-test
foldbench_monomer,8k7x_A,856,sparsa-scale-main-20260911-long-step-2000,single_seq,pair_network,,,,,,long,R,0.15482695810564662,210925,549,549,eval-test
foldbench_monomer,8k7x_A,856,sparsa-scale-main-20260911-long-step-2000,single_seq,pair_network,,,,,,long,AUC,0.9089942776063785,210925,549,210925,eval-test
foldbench_monomer,8kg4_A,265,sparsa-scale-main-20260911-long-step-2000,single_seq,pair_network,,,,,,all,L,0.32075471698113206,33670,270,265,eval-test
foldbench_monomer,8kg4_A,265,sparsa-scale-main-20260911-long-step-2000,single_seq,pair_network,,,,,,all,L/2,0.48484848484848486,33670,270,132,eval-test
foldbench_monomer,8kg4_A,265,sparsa-scale-main-20260911-long-step-2000,single_seq,pair_network,,,,,,all,L/5,0.6037735849056604,33670,270,53,eval-test
foldbench_monomer,8kg4_A,265,sparsa-scale-main-20260911-long-step-2000,single_seq,pair_network,,,,,,all,R,0.31851851851851853,33670,270,270,eval-test
foldbench_monomer,8kg4_A,265,sparsa-scale-main-20260911-long-step-2000,single_seq,pair_network,,,,,,all,AUC,0.890919494344644,33670,270,33670,eval-test
foldbench_monomer,8kg4_A,265,sparsa-scale-main-20260911-long-step-2000,single_seq,pair_network,,,,,,short,L,0.09433962264150944,1539,28,265,eval-test
foldbench_monomer,8kg4_A,265,sparsa-scale-main-20260911-long-step-2000,single_seq,pair_network,,,,,,short,L/2,0.16666666666666666,1539,28,132,eval-test
foldbench_monomer,8kg4_A,265,sparsa-scale-main-20260911-long-step-2000,single_seq,pair_network,,,,,,short,L/5,0.2830188679245283,1539,28,53,eval-test
foldbench_monomer,8kg4_A,265,sparsa-scale-main-20260911-long-step-2000,single_seq,pair_network,,,,,,short,R,0.39285714285714285,1539,28,28,eval-test
foldbench_monomer,8kg4_A,265,sparsa-scale-main-20260911-long-step-2000,single_seq,pair_network,,,,,,short,AUC,0.9480594686584097,1539,28,1539,eval-test
foldbench_monomer,8kg4_A,265,sparsa-scale-main-20260911-long-step-2000,single_seq,pair_network,,,,,,medium,L,0.1471698113207547,2970,50,265,eval-test
foldbench_monomer,8kg4_A,265,sparsa-scale-main-20260911-long-step-2000,single_seq,pair_network,,,,,,medium,L/2,0.21212121212121213,2970,50,132,eval-test
foldbench_monomer,8kg4_A,265,sparsa-scale-main-20260911-long-step-2000,single_seq,pair_network,,,,,,medium,L/5,0.33962264150943394,2970,50,53,eval-test
foldbench_monomer,8kg4_A,265,sparsa-scale-main-20260911-long-step-2000,single_seq,pair_network,,,,,,medium,R,0.36,2970,50,50,eval-test
foldbench_monomer,8kg4_A,265,sparsa-scale-main-20260911-long-step-2000,single_seq,pair_network,,,,,,medium,AUC,0.9436027397260274,2970,50,2970,eval-test
foldbench_monomer,8kg4_A,265,sparsa-scale-main-20260911-long-step-2000,single_seq,pair_network,,,,,,long,L,0.23773584905660378,29161,192,265,eval-test
foldbench_monomer,8kg4_A,265,sparsa-scale-main-20260911-long-step-2000,single_seq,pair_network,,,,,,long,L/2,0.3409090909090909,29161,192,132,eval-test
foldbench_monomer,8kg4_A,265,sparsa-scale-main-20260911-long-step-2000,single_seq,pair_network,,,,,,long,L/5,0.5283018867924528,29161,192,53,eval-test
foldbench_monomer,8kg4_A,265,sparsa-scale-main-20260911-long-step-2000,single_seq,pair_network,,,,,,long,R,0.2916666666666667,29161,192,192,eval-test
foldbench_monomer,8kg4_A,265,sparsa-scale-main-20260911-long-step-2000,single_seq,pair_network,,,,,,long,AUC,0.8692647923930178,29161,192,29161,eval-test
foldbench_monomer,8xrh_A,408,sparsa-scale-main-20260911-long-step-2000,single_seq,pair_network,,,,,,all,L,0.11274509803921569,73551,389,408,eval-test
foldbench_monomer,8xrh_A,408,sparsa-scale-main-20260911-long-step-2000,single_seq,pair_network,,,,,,all,L/2,0.14705882352941177,73551,389,204,eval-test
foldbench_monomer,8xrh_A,408,sparsa-scale-main-20260911-long-step-2000,single_seq,pair_network,,,,,,all,L/5,0.20987654320987653,73551,389,81,eval-test
foldbench_monomer,8xrh_A,408,sparsa-scale-main-20260911-long-step-2000,single_seq,pair_network,,,,,,all,R,0.11568123393316196,73551,389,389,eval-test
foldbench_monomer,8xrh_A,408,sparsa-scale-main-20260911-long-step-2000,single_seq,pair_network,,,,,,all,AUC,0.8499168552880043,73551,389,73551,eval-test
foldbench_monomer,8xrh_A,408,sparsa-scale-main-20260911-long-step-2000,single_seq,pair_network,,,,,,short,L,0.08088235294117647,2232,44,408,eval-test
foldbench_monomer,8xrh_A,408,sparsa-scale-main-20260911-long-step-2000,single_seq,pair_network,,,,,,short,L/2,0.11764705882352941,2232,44,204,eval-test
foldbench_monomer,8xrh_A,408,sparsa-scale-main-20260911-long-step-2000,single_seq,pair_network,,,,,,short,L/5,0.19753086419753085,2232,44,81,eval-test
foldbench_monomer,8xrh_A,408,sparsa-scale-main-20260911-long-step-2000,single_seq,pair_network,,,,,,short,R,0.2727272727272727,2232,44,44,eval-test
foldbench_monomer,8xrh_A,408,sparsa-scale-main-20260911-long-step-2000,single_seq,pair_network,,,,,,short,AUC,0.889178577364135,2232,44,2232,eval-test
foldbench_monomer,8xrh_A,408,sparsa-scale-main-20260911-long-step-2000,single_seq,pair_network,,,,,,medium,L,0.0661764705882353,4326,61,408,eval-test
foldbench_monomer,8xrh_A,408,sparsa-scale-main-20260911-long-step-2000,single_seq,pair_network,,,,,,medium,L/2,0.08333333333333333,4326,61,204,eval-test
foldbench_monomer,8xrh_A,408,sparsa-scale-main-20260911-long-step-2000,single_seq,pair_network,,,,,,medium,L/5,0.1111111111111111,4326,61,81,eval-test
foldbench_monomer,8xrh_A,408,sparsa-scale-main-20260911-long-step-2000,single_seq,pair_network,,,,,,medium,R,0.11475409836065574,4326,61,61,eval-test
foldbench_monomer,8xrh_A,408,sparsa-scale-main-20260911-long-step-2000,single_seq,pair_network,,,,,,medium,AUC,0.8275959487248478,4326,61,4326,eval-test
foldbench_monomer,8xrh_A,408,sparsa-scale-main-20260911-long-step-2000,single_seq,pair_network,,,,,,long,L,0.06372549019607843,66993,284,408,eval-test
foldbench_monomer,8xrh_A,408,sparsa-scale-main-20260911-long-step-2000,single_seq,pair_network,,,,,,long,L/2,0.09803921568627451,66993,284,204,eval-test
foldbench_monomer,8xrh_A,408,sparsa-scale-main-20260911-long-step-2000,single_seq,pair_network,,,,,,long,L/5,0.16049382716049382,66993,284,81,eval-test
foldbench_monomer,8xrh_A,408,sparsa-scale-main-20260911-long-step-2000,single_seq,pair_network,,,,,,long,R,0.07746478873239436,66993,284,284,eval-test
foldbench_monomer,8xrh_A,408,sparsa-scale-main-20260911-long-step-2000,single_seq,pair_network,,,,,,long,AUC,0.8310284325087371,66993,284,66993,eval-test
foldbench_monomer,8khv_A,614,sparsa-scale-main-20260911-long-step-2000,single_seq,pair_network,,,,,,all,L,0.1791530944625407,164451,666,614,eval-test
foldbench_monomer,8khv_A,614,sparsa-scale-main-20260911-long-step-2000,single_seq,pair_network,,,,,,all,L/2,0.2280130293159609,164451,666,307,eval-test
foldbench_monomer,8khv_A,614,sparsa-scale-main-20260911-long-step-2000,single_seq,pair_network,,,,,,all,L/5,0.2459016393442623,164451,666,122,eval-test
foldbench_monomer,8khv_A,614,sparsa-scale-main-20260911-long-step-2000,single_seq,pair_network,,,,,,all,R,0.17267267267267267,164451,666,666,eval-test
foldbench_monomer,8khv_A,614,sparsa-scale-main-20260911-long-step-2000,single_seq,pair_network,,,,,,all,AUC,0.9299890787389642,164451,666,164451,eval-test
foldbench_monomer,8khv_A,614,sparsa-scale-main-20260911-long-step-2000,single_seq,pair_network,,,,,,short,L,0.09120521172638436,3423,84,614,eval-test
foldbench_monomer,8khv_A,614,sparsa-scale-main-20260911-long-step-2000,single_seq,pair_network,,,,,,short,L/2,0.14332247557003258,3423,84,307,eval-test
foldbench_monomer,8khv_A,614,sparsa-scale-main-20260911-long-step-2000,single_seq,pair_network,,,,,,short,L/5,0.27049180327868855,3423,84,122,eval-test
foldbench_monomer,8khv_A,614,sparsa-scale-main-20260911-long-step-2000,single_seq,pair_network,,,,,,short,R,0.2976190476190476,3423,84,84,eval-test
foldbench_monomer,8khv_A,614,sparsa-scale-main-20260911-long-step-2000,single_seq,pair_network,,,,,,short,AUC,0.8612662045950455,3423,84,3423,eval-test
foldbench_monomer,8khv_A,614,sparsa-scale-main-20260911-long-step-2000,single_seq,pair_network,,,,,,medium,L,0.11400651465798045,6738,107,614,eval-test
foldbench_monomer,8khv_A,614,sparsa-scale-main-20260911-long-step-2000,single_seq,pair_network,,,,,,medium,L/2,0.16286644951140064,6738,107,307,eval-test
foldbench_monomer,8khv_A,614,sparsa-scale-main-20260911-long-step-2000,single_seq,pair_network,,,,,,medium,L/5,0.19672131147540983,6738,107,122,eval-test
foldbench_monomer,8khv_A,614,sparsa-scale-main-20260911-long-step-2000,single_seq,pair_network,,,,,,medium,R,0.21495327102803738,6738,107,107,eval-test
foldbench_monomer,8khv_A,614,sparsa-scale-main-20260911-long-step-2000,single_seq,pair_network,,,,,,medium,AUC,0.897030656066028,6738,107,6738,eval-test
foldbench_monomer,8khv_A,614,sparsa-scale-main-20260911-long-step-2000,single_seq,pair_network,,,,,,long,L,0.10423452768729642,154290,475,614,eval-test
foldbench_monomer,8khv_A,614,sparsa-scale-main-20260911-long-step-2000,single_seq,pair_network,,,,,,long,L/2,0.14332247557003258,154290,475,307,eval-test
foldbench_monomer,8khv_A,614,sparsa-scale-main-20260911-long-step-2000,single_seq,pair_network,,,,,,long,L/5,0.1557377049180328,154290,475,122,eval-test
foldbench_monomer,8khv_A,614,sparsa-scale-main-20260911-long-step-2000,single_seq,pair_network,,,,,,long,R,0.11578947368421053,154290,475,475,eval-test
foldbench_monomer,8khv_A,614,sparsa-scale-main-20260911-long-step-2000,single_seq,pair_network,,,,,,long,AUC,0.925047416838752,154290,475,154290,eval-test
foldbench_monomer,8kih_A,332,sparsa-scale-main-20260911-long-step-2000,single_seq,pair_network,,,,,,all,L,0.11144578313253012,40770,285,332,eval-test
foldbench_monomer,8kih_A,332,sparsa-scale-main-20260911-long-step-2000,single_seq,pair_network,,,,,,all,L/2,0.15060240963855423,40770,285,166,eval-test
foldbench_monomer,8kih_A,332,sparsa-scale-main-20260911-long-step-2000,single_seq,pair_network,,,,,,all,L/5,0.3181818181818182,40770,285,66,eval-test
foldbench_monomer,8kih_A,332,sparsa-scale-main-20260911-long-step-2000,single_seq,pair_network,,,,,,all,R,0.11929824561403508,40770,285,285,eval-test
foldbench_monomer,8kih_A,332,sparsa-scale-main-20260911-long-step-2000,single_seq,pair_network,,,,,,all,AUC,0.8241446149646068,40770,285,40770,eval-test
foldbench_monomer,8kih_A,332,sparsa-scale-main-20260911-long-step-2000,single_seq,pair_network,,,,,,short,L,0.060240963855421686,1654,24,332,eval-test
foldbench_monomer,8kih_A,332,sparsa-scale-main-20260911-long-step-2000,single_seq,pair_network,,,,,,short,L/2,0.10843373493975904,1654,24,166,eval-test
foldbench_monomer,8kih_A,332,sparsa-scale-main-20260911-long-step-2000,single_seq,pair_network,,,,,,short,L/5,0.21212121212121213,1654,24,66,eval-test
foldbench_monomer,8kih_A,332,sparsa-scale-main-20260911-long-step-2000,single_seq,pair_network,,,,,,short,R,0.3333333333333333,1654,24,24,eval-test
foldbench_monomer,8kih_A,332,sparsa-scale-main-20260911-long-step-2000,single_seq,pair_network,,,,,,short,AUC,0.9254345603271984,1654,24,1654,eval-test
foldbench_monomer,8kih_A,332,sparsa-scale-main-20260911-long-step-2000,single_seq,pair_network,,,,,,medium,L,0.08132530120481928,3198,48,332,eval-test
foldbench_monomer,8kih_A,332,sparsa-scale-main-20260911-long-step-2000,single_seq,pair_network,,,,,,medium,L/2,0.1144578313253012,3198,48,166,eval-test
foldbench_monomer,8kih_A,332,sparsa-scale-main-20260911-long-step-2000,single_seq,pair_network,,,,,,medium,L/5,0.13636363636363635,3198,48,66,eval-test
foldbench_monomer,8kih_A,332,sparsa-scale-main-20260911-long-step-2000,single_seq,pair_network,,,,,,medium,R,0.16666666666666666,3198,48,48,eval-test
foldbench_monomer,8kih_A,332,sparsa-scale-main-20260911-long-step-2000,single_seq,pair_network,,,,,,medium,AUC,0.8438095238095238,3198,48,3198,eval-test
foldbench_monomer,8kih_A,332,sparsa-scale-main-20260911-long-step-2000,single_seq,pair_network,,,,,,long,L,0.04819277108433735,35918,213,332,eval-test
foldbench_monomer,8kih_A,332,sparsa-scale-main-20260911-long-step-2000,single_seq,pair_network,,,,,,long,L/2,0.04819277108433735,35918,213,166,eval-test
foldbench_monomer,8kih_A,332,sparsa-scale-main-20260911-long-step-2000,single_seq,pair_network,,,,,,long,L/5,0.07575757575757576,35918,213,66,eval-test
foldbench_monomer,8kih_A,332,sparsa-scale-main-20260911-long-step-2000,single_seq,pair_network,,,,,,long,R,0.056338028169014086,35918,213,213,eval-test
foldbench_monomer,8kih_A,332,sparsa-scale-main-20260911-long-step-2000,single_seq,pair_network,,,,,,long,AUC,0.8030787629196736,35918,213,35918,eval-test
foldbench_monomer,8ok3_A,125,sparsa-scale-main-20260911-long-step-2000,single_seq,pair_network,,,,,,all,L,0.48,6670,115,125,eval-test
foldbench_monomer,8ok3_A,125,sparsa-scale-main-20260911-long-step-2000,single_seq,pair_network,,,,,,all,L/2,0.5806451612903226,6670,115,62,eval-test
foldbench_monomer,8ok3_A,125,sparsa-scale-main-20260911-long-step-2000,single_seq,pair_network,,,,,,all,L/5,0.84,6670,115,25,eval-test
foldbench_monomer,8ok3_A,125,sparsa-scale-main-20260911-long-step-2000,single_seq,pair_network,,,,,,all,R,0.5130434782608696,6670,115,115,eval-test
foldbench_monomer,8ok3_A,125,sparsa-scale-main-20260911-long-step-2000,single_seq,pair_network,,,,,,all,AUC,0.9755002818956654,6670,115,6670,eval-test
foldbench_monomer,8ok3_A,125,sparsa-scale-main-20260911-long-step-2000,single_seq,pair_network,,,,,,short,L,0.04,675,5,125,eval-test
foldbench_monomer,8ok3_A,125,sparsa-scale-main-20260911-long-step-2000,single_seq,pair_network,,,,,,short,L/2,0.08064516129032258,675,5,62,eval-test
foldbench_monomer,8ok3_A,125,sparsa-scale-main-20260911-long-step-2000,single_seq,pair_network,,,,,,short,L/5,0.12,675,5,25,eval-test
foldbench_monomer,8ok3_A,125,sparsa-scale-main-20260911-long-step-2000,single_seq,pair_network,,,,,,short,R,0.0,675,5,5,eval-test
foldbench_monomer,8ok3_A,125,sparsa-scale-main-20260911-long-step-2000,single_seq,pair_network,,,,,,short,AUC,0.9638805970149253,675,5,675,eval-test
foldbench_monomer,8ok3_A,125,sparsa-scale-main-20260911-long-step-2000,single_seq,pair_network,,,,,,medium,L,0.152,1242,19,125,eval-test
foldbench_monomer,8ok3_A,125,sparsa-scale-main-20260911-long-step-2000,single_seq,pair_network,,,,,,medium,L/2,0.24193548387096775,1242,19,62,eval-test
foldbench_monomer,8ok3_A,125,sparsa-scale-main-20260911-long-step-2000,single_seq,pair_network,,,,,,medium,L/5,0.28,1242,19,25,eval-test
foldbench_monomer,8ok3_A,125,sparsa-scale-main-20260911-long-step-2000,single_seq,pair_network,,,,,,medium,R,0.3157894736842105,1242,19,19,eval-test
foldbench_monomer,8ok3_A,125,sparsa-scale-main-20260911-long-step-2000,single_seq,pair_network,,,,,,medium,AUC,0.9740284890476396,1242,19,1242,eval-test
foldbench_monomer,8ok3_A,125,sparsa-scale-main-20260911-long-step-2000,single_seq,pair_network,,,,,,long,L,0.504,4753,91,125,eval-test
foldbench_monomer,8ok3_A,125,sparsa-scale-main-20260911-long-step-2000,single_seq,pair_network,,,,,,long,L/2,0.6774193548387096,4753,91,62,eval-test
foldbench_monomer,8ok3_A,125,sparsa-scale-main-20260911-long-step-2000,single_seq,pair_network,,,,,,long,L/5,0.84,4753,91,25,eval-test
foldbench_monomer,8ok3_A,125,sparsa-scale-main-20260911-long-step-2000,single_seq,pair_network,,,,,,long,R,0.5824175824175825,4753,91,91,eval-test
foldbench_monomer,8ok3_A,125,sparsa-scale-main-20260911-long-step-2000,single_seq,pair_network,,,,,,long,AUC,0.9767396910254054,4753,91,4753,eval-test
foldbench_monomer,8oqh_A,91,sparsa-scale-main-20260911-long-step-2000,single_seq,pair_network,,,,,,all,L,0.4945054945054945,2850,71,91,eval-test
foldbench_monomer,8oqh_A,91,sparsa-scale-main-20260911-long-step-2000,single_seq,pair_network,,,,,,all,L/2,0.6,2850,71,45,eval-test
foldbench_monomer,8oqh_A,91,sparsa-scale-main-20260911-long-step-2000,single_seq,pair_network,,,,,,all,L/5,0.9444444444444444,2850,71,18,eval-test
foldbench_monomer,8oqh_A,91,sparsa-scale-main-20260911-long-step-2000,single_seq,pair_network,,,,,,all,R,0.5492957746478874,2850,71,71,eval-test
foldbench_monomer,8oqh_A,91,sparsa-scale-main-20260911-long-step-2000,single_seq,pair_network,,,,,,all,AUC,0.9696263221647263,2850,71,2850,eval-test
foldbench_monomer,8oqh_A,91,sparsa-scale-main-20260911-long-step-2000,single_seq,pair_network,,,,,,short,L,0.23076923076923078,435,22,91,eval-test
foldbench_monomer,8oqh_A,91,sparsa-scale-main-20260911-long-step-2000,single_seq,pair_network,,,,,,short,L/2,0.4666666666666667,435,22,45,eval-test
foldbench_monomer,8oqh_A,91,sparsa-scale-main-20260911-long-step-2000,single_seq,pair_network,,,,,,short,L/5,0.7777777777777778,435,22,18,eval-test
foldbench_monomer,8oqh_A,91,sparsa-scale-main-20260911-long-step-2000,single_seq,pair_network,,,,,,short,R,0.6363636363636364,435,22,22,eval-test
foldbench_monomer,8oqh_A,91,sparsa-scale-main-20260911-long-step-2000,single_seq,pair_network,,,,,,short,AUC,0.9818952234206472,435,22,435,eval-test
foldbench_monomer,8oqh_A,91,sparsa-scale-main-20260911-long-step-2000,single_seq,pair_network,,,,,,medium,L,0.2857142857142857,762,36,91,eval-test
foldbench_monomer,8oqh_A,91,sparsa-scale-main-20260911-long-step-2000,single_seq,pair_network,,,,,,medium,L/2,0.4444444444444444,762,36,45,eval-test
foldbench_monomer,8oqh_A,91,sparsa-scale-main-20260911-long-step-2000,single_seq,pair_network,,,,,,medium,L/5,0.6666666666666666,762,36,18,eval-test
foldbench_monomer,8oqh_A,91,sparsa-scale-main-20260911-long-step-2000,single_seq,pair_network,,,,,,medium,R,0.5,762,36,36,eval-test
foldbench_monomer,8oqh_A,91,sparsa-scale-main-20260911-long-step-2000,single_seq,pair_network,,,,,,medium,AUC,0.9402930823385369,762,36,762,eval-test
foldbench_monomer,8oqh_A,91,sparsa-scale-main-20260911-long-step-2000,single_seq,pair_network,,,,,,long,L,0.12087912087912088,1653,13,91,eval-test
foldbench_monomer,8oqh_A,91,sparsa-scale-main-20260911-long-step-2000,single_seq,pair_network,,,,,,long,L/2,0.2222222222222222,1653,13,45,eval-test
foldbench_monomer,8oqh_A,91,sparsa-scale-main-20260911-long-step-2000,single_seq,pair_network,,,,,,long,L/5,0.2222222222222222,1653,13,18,eval-test
foldbench_monomer,8oqh_A,91,sparsa-scale-main-20260911-long-step-2000,single_seq,pair_network,,,,,,long,R,0.3076923076923077,1653,13,13,eval-test
foldbench_monomer,8oqh_A,91,sparsa-scale-main-20260911-long-step-2000,single_seq,pair_network,,,,,,long,AUC,0.9726547842401502,1653,13,1653,eval-test
foldbench_monomer,8ork_A,460,sparsa-scale-main-20260911-long-step-2000,single_seq,pair_network,,,,,,all,L,0.2847826086956522,103285,406,460,eval-test
foldbench_monomer,8ork_A,460,sparsa-scale-main-20260911-long-step-2000,single_seq,pair_network,,,,,,all,L/2,0.3782608695652174,103285,406,230,eval-test
foldbench_monomer,8ork_A,460,sparsa-scale-main-20260911-long-step-2000,single_seq,pair_network,,,,,,all,L/5,0.5,103285,406,92,eval-test
foldbench_monomer,8ork_A,460,sparsa-scale-main-20260911-long-step-2000,single_seq,pair_network,,,,,,all,R,0.29310344827586204,103285,406,406,eval-test
foldbench_monomer,8ork_A,460,sparsa-scale-main-20260911-long-step-2000,single_seq,pair_network,,,,,,all,AUC,0.9470043410794363,103285,406,103285,eval-test
foldbench_monomer,8ork_A,460,sparsa-scale-main-20260911-long-step-2000,single_seq,pair_network,,,,,,short,L,0.06521739130434782,2709,32,460,eval-test
foldbench_monomer,8ork_A,460,sparsa-scale-main-20260911-long-step-2000,single_seq,pair_network,,,,,,short,L/2,0.09565217391304348,2709,32,230,eval-test
foldbench_monomer,8ork_A,460,sparsa-scale-main-20260911-long-step-2000,single_seq,pair_network,,,,,,short,L/5,0.17391304347826086,2709,32,92,eval-test
foldbench_monomer,8ork_A,460,sparsa-scale-main-20260911-long-step-2000,single_seq,pair_network,,,,,,short,R,0.3125,2709,32,32,eval-test
foldbench_monomer,8ork_A,460,sparsa-scale-main-20260911-long-step-2000,single_seq,pair_network,,,,,,short,AUC,0.9372723664549869,2709,32,2709,eval-test
foldbench_monomer,8ork_A,460,sparsa-scale-main-20260911-long-step-2000,single_seq,pair_network,,,,,,medium,L,0.08695652173913043,5310,48,460,eval-test
foldbench_monomer,8ork_A,460,sparsa-scale-main-20260911-long-step-2000,single_seq,pair_network,,,,,,medium,L/2,0.1391304347826087,5310,48,230,eval-test
foldbench_monomer,8ork_A,460,sparsa-scale-main-20260911-long-step-2000,single_seq,pair_network,,,,,,medium,L/5,0.22826086956521738,5310,48,92,eval-test
foldbench_monomer,8ork_A,460,sparsa-scale-main-20260911-long-step-2000,single_seq,pair_network,,,,,,medium,R,0.25,5310,48,48,eval-test
foldbench_monomer,8ork_A,460,sparsa-scale-main-20260911-long-step-2000,single_seq,pair_network,,,,,,medium,AUC,0.9537050234384898,5310,48,5310,eval-test
foldbench_monomer,8ork_A,460,sparsa-scale-main-20260911-long-step-2000,single_seq,pair_network,,,,,,long,L,0.24782608695652175,95266,326,460,eval-test
foldbench_monomer,8ork_A,460,sparsa-scale-main-20260911-long-step-2000,single_seq,pair_network,,,,,,long,L/2,0.3565217391304348,95266,326,230,eval-test
foldbench_monomer,8ork_A,460,sparsa-scale-main-20260911-long-step-2000,single_seq,pair_network,,,,,,long,L/5,0.4891304347826087,95266,326,92,eval-test
foldbench_monomer,8ork_A,460,sparsa-scale-main-20260911-long-step-2000,single_seq,pair_network,,,,,,long,R,0.30368098159509205,95266,326,326,eval-test
foldbench_monomer,8ork_A,460,sparsa-scale-main-20260911-long-step-2000,single_seq,pair_network,,,,,,long,AUC,0.9446000121484541,95266,326,95266,eval-test
foldbench_monomer,8os2_A,146,sparsa-scale-main-20260911-long-step-2000,single_seq,pair_network,,,,,,all,L,0.14383561643835616,6903,108,146,eval-test
foldbench_monomer,8os2_A,146,sparsa-scale-main-20260911-long-step-2000,single_seq,pair_network,,,,,,all,L/2,0.2054794520547945,6903,108,73,eval-test
foldbench_monomer,8os2_A,146,sparsa-scale-main-20260911-long-step-2000,single_seq,pair_network,,,,,,all,L/5,0.20689655172413793,6903,108,29,eval-test
foldbench_monomer,8os2_A,146,sparsa-scale-main-20260911-long-step-2000,single_seq,pair_network,,,,,,all,R,0.16666666666666666,6903,108,108,eval-test
foldbench_monomer,8os2_A,146,sparsa-scale-main-20260911-long-step-2000,single_seq,pair_network,,,,,,all,AUC,0.816350530073856,6903,108,6903,eval-test
foldbench_monomer,8os2_A,146,sparsa-scale-main-20260911-long-step-2000,single_seq,pair_network,,,,,,short,L,0.07534246575342465,687,14,146,eval-test
foldbench_monomer,8os2_A,146,sparsa-scale-main-20260911-long-step-2000,single_seq,pair_network,,,,,,short,L/2,0.1095890410958904,687,14,73,eval-test
foldbench_monomer,8os2_A,146,sparsa-scale-main-20260911-long-step-2000,single_seq,pair_network,,,,,,short,L/5,0.1724137931034483,687,14,29,eval-test
foldbench_monomer,8os2_A,146,sparsa-scale-main-20260911-long-step-2000,single_seq,pair_network,,,,,,short,R,0.21428571428571427,687,14,14,eval-test
foldbench_monomer,8os2_A,146,sparsa-scale-main-20260911-long-step-2000,single_seq,pair_network,,,,,,short,AUC,0.8764593504563788,687,14,687,eval-test
foldbench_monomer,8os2_A,146,sparsa-scale-main-20260911-long-step-2000,single_seq,pair_network,,,,,,medium,L,0.11643835616438356,1266,27,146,eval-test
foldbench_monomer,8os2_A,146,sparsa-scale-main-20260911-long-step-2000,single_seq,pair_network,,,,,,medium,L/2,0.1780821917808219,1266,27,73,eval-test
foldbench_monomer,8os2_A,146,sparsa-scale-main-20260911-long-step-2000,single_seq,pair_network,,,,,,medium,L/5,0.3448275862068966,1266,27,29,eval-test
foldbench_monomer,8os2_A,146,sparsa-scale-main-20260911-long-step-2000,single_seq,pair_network,,,,,,medium,R,0.37037037037037035,1266,27,27,eval-test
foldbench_monomer,8os2_A,146,sparsa-scale-main-20260911-long-step-2000,single_seq,pair_network,,,,,,medium,AUC,0.8858398349923773,1266,27,1266,eval-test
foldbench_monomer,8os2_A,146,sparsa-scale-main-20260911-long-step-2000,single_seq,pair_network,,,,,,long,L,0.03424657534246575,4950,67,146,eval-test
foldbench_monomer,8os2_A,146,sparsa-scale-main-20260911-long-step-2000,single_seq,pair_network,,,,,,long,L/2,0.0410958904109589,4950,67,73,eval-test
foldbench_monomer,8os2_A,146,sparsa-scale-main-20260911-long-step-2000,single_seq,pair_network,,,,,,long,L/5,0.0,4950,67,29,eval-test
foldbench_monomer,8os2_A,146,sparsa-scale-main-20260911-long-step-2000,single_seq,pair_network,,,,,,long,R,0.04477611940298507,4950,67,67,eval-test
foldbench_monomer,8os2_A,146,sparsa-scale-main-20260911-long-step-2000,single_seq,pair_network,,,,,,long,AUC,0.774517745085753,4950,67,4950,eval-test
foldbench_monomer,8owf_A,575,sparsa-scale-main-20260911-long-step-2000,single_seq,pair_network,,,,,,all,L,0.3217391304347826,155403,651,575,eval-test
foldbench_monomer,8owf_A,575,sparsa-scale-main-20260911-long-step-2000,single_seq,pair_network,,,,,,all,L/2,0.47038327526132406,155403,651,287,eval-test
foldbench_monomer,8owf_A,575,sparsa-scale-main-20260911-long-step-2000,single_seq,pair_network,,,,,,all,L/5,0.6434782608695652,155403,651,115,eval-test
foldbench_monomer,8owf_A,575,sparsa-scale-main-20260911-long-step-2000,single_seq,pair_network,,,,,,all,R,0.29493087557603687,155403,651,651,eval-test
foldbench_monomer,8owf_A,575,sparsa-scale-main-20260911-long-step-2000,single_seq,pair_network,,,,,,all,AUC,0.9364521910047404,155403,651,155403,eval-test
foldbench_monomer,8owf_A,575,sparsa-scale-main-20260911-long-step-2000,single_seq,pair_network,,,,,,short,L,0.10434782608695652,3327,75,575,eval-test
foldbench_monomer,8owf_A,575,sparsa-scale-main-20260911-long-step-2000,single_seq,pair_network,,,,,,short,L/2,0.18118466898954705,3327,75,287,eval-test
foldbench_monomer,8owf_A,575,sparsa-scale-main-20260911-long-step-2000,single_seq,pair_network,,,,,,short,L/5,0.34782608695652173,3327,75,115,eval-test
foldbench_monomer,8owf_A,575,sparsa-scale-main-20260911-long-step-2000,single_seq,pair_network,,,,,,short,R,0.4533333333333333,3327,75,75,eval-test
foldbench_monomer,8owf_A,575,sparsa-scale-main-20260911-long-step-2000,single_seq,pair_network,,,,,,short,AUC,0.919229192291923,3327,75,3327,eval-test
foldbench_monomer,8owf_A,575,sparsa-scale-main-20260911-long-step-2000,single_seq,pair_network,,,,,,medium,L,0.09391304347826086,6546,87,575,eval-test
foldbench_monomer,8owf_A,575,sparsa-scale-main-20260911-long-step-2000,single_seq,pair_network,,,,,,medium,L/2,0.156794425087108,6546,87,287,eval-test
foldbench_monomer,8owf_A,575,sparsa-scale-main-20260911-long-step-2000,single_seq,pair_network,,,,,,medium,L/5,0.26956521739130435,6546,87,115,eval-test
foldbench_monomer,8owf_A,575,sparsa-scale-main-20260911-long-step-2000,single_seq,pair_network,,,,,,medium,R,0.2988505747126437,6546,87,87,eval-test
foldbench_monomer,8owf_A,575,sparsa-scale-main-20260911-long-step-2000,single_seq,pair_network,,,,,,medium,AUC,0.8991881594424957,6546,87,6546,eval-test
foldbench_monomer,8owf_A,575,sparsa-scale-main-20260911-long-step-2000,single_seq,pair_network,,,,,,long,L,0.2382608695652174,145530,489,575,eval-test
foldbench_monomer,8owf_A,575,sparsa-scale-main-20260911-long-step-2000,single_seq,pair_network,,,,,,long,L/2,0.36585365853658536,145530,489,287,eval-test
foldbench_monomer,8owf_A,575,sparsa-scale-main-20260911-long-step-2000,single_seq,pair_network,,,,,,long,L/5,0.5739130434782609,145530,489,115,eval-test
foldbench_monomer,8owf_A,575,sparsa-scale-main-20260911-long-step-2000,single_seq,pair_network,,,,,,long,R,0.26380368098159507,145530,489,489,eval-test
foldbench_monomer,8owf_A,575,sparsa-scale-main-20260911-long-step-2000,single_seq,pair_network,,,,,,long,AUC,0.9320740687821026,145530,489,145530,eval-test
foldbench_monomer,8osz_A,263,sparsa-scale-main-20260911-long-step-2000,single_seq,pair_network,,,,,,all,L,0.23193916349809887,28935,272,263,eval-test
foldbench_monomer,8osz_A,263,sparsa-scale-main-20260911-long-step-2000,single_seq,pair_network,,,,,,all,L/2,0.3511450381679389,28935,272,131,eval-test
foldbench_monomer,8osz_A,263,sparsa-scale-main-20260911-long-step-2000,single_seq,pair_network,,,,,,all,L/5,0.6730769230769231,28935,272,52,eval-test
foldbench_monomer,8osz_A,263,sparsa-scale-main-20260911-long-step-2000,single_seq,pair_network,,,,,,all,R,0.22426470588235295,28935,272,272,eval-test
foldbench_monomer,8osz_A,263,sparsa-scale-main-20260911-long-step-2000,single_seq,pair_network,,,,,,all,AUC,0.8864669891087302,28935,272,28935,eval-test
foldbench_monomer,8osz_A,263,sparsa-scale-main-20260911-long-step-2000,single_seq,pair_network,,,,,,short,L,0.1520912547528517,1374,46,263,eval-test
foldbench_monomer,8osz_A,263,sparsa-scale-main-20260911-long-step-2000,single_seq,pair_network,,,,,,short,L/2,0.24427480916030533,1374,46,131,eval-test
foldbench_monomer,8osz_A,263,sparsa-scale-main-20260911-long-step-2000,single_seq,pair_network,,,,,,short,L/5,0.46153846153846156,1374,46,52,eval-test
foldbench_monomer,8osz_A,263,sparsa-scale-main-20260911-long-step-2000,single_seq,pair_network,,,,,,short,R,0.5217391304347826,1374,46,46,eval-test
foldbench_monomer,8osz_A,263,sparsa-scale-main-20260911-long-step-2000,single_seq,pair_network,,,,,,short,AUC,0.9213675353588265,1374,46,1374,eval-test
foldbench_monomer,8osz_A,263,sparsa-scale-main-20260911-long-step-2000,single_seq,pair_network,,,,,,medium,L,0.1634980988593156,2598,73,263,eval-test
foldbench_monomer,8osz_A,263,sparsa-scale-main-20260911-long-step-2000,single_seq,pair_network,,,,,,medium,L/2,0.22900763358778625,2598,73,131,eval-test
foldbench_monomer,8osz_A,263,sparsa-scale-main-20260911-long-step-2000,single_seq,pair_network,,,,,,medium,L/5,0.38461538461538464,2598,73,52,eval-test
foldbench_monomer,8osz_A,263,sparsa-scale-main-20260911-long-step-2000,single_seq,pair_network,,,,,,medium,R,0.3287671232876712,2598,73,73,eval-test
foldbench_monomer,8osz_A,263,sparsa-scale-main-20260911-long-step-2000,single_seq,pair_network,,,,,,medium,AUC,0.8965902617659025,2598,73,2598,eval-test
foldbench_monomer,8osz_A,263,sparsa-scale-main-20260911-long-step-2000,single_seq,pair_network,,,,,,long,L,0.049429657794676805,24963,153,263,eval-test
foldbench_monomer,8osz_A,263,sparsa-scale-main-20260911-long-step-2000,single_seq,pair_network,,,,,,long,L/2,0.061068702290076333,24963,153,131,eval-test
foldbench_monomer,8osz_A,263,sparsa-scale-main-20260911-long-step-2000,single_seq,pair_network,,,,,,long,L/5,0.09615384615384616,24963,153,52,eval-test
foldbench_monomer,8osz_A,263,sparsa-scale-main-20260911-long-step-2000,single_seq,pair_network,,,,,,long,R,0.05228758169934641,24963,153,153,eval-test
foldbench_monomer,8osz_A,263,sparsa-scale-main-20260911-long-step-2000,single_seq,pair_network,,,,,,long,AUC,0.8480934843371717,24963,153,24963,eval-test
foldbench_monomer,8ou1_A,148,sparsa-scale-main-20260911-long-step-2000,single_seq,pair_network,,,,,,all,L,0.16891891891891891,9316,144,148,eval-test
foldbench_monomer,8ou1_A,148,sparsa-scale-main-20260911-long-step-2000,single_seq,pair_network,,,,,,all,L/2,0.22972972972972974,9316,144,74,eval-test
foldbench_monomer,8ou1_A,148,sparsa-scale-main-20260911-long-step-2000,single_seq,pair_network,,,,,,all,L/5,0.1724137931034483,9316,144,29,eval-test
foldbench_monomer,8ou1_A,148,sparsa-scale-main-20260911-long-step-2000,single_seq,pair_network,,,,,,all,R,0.1736111111111111,9316,144,144,eval-test
foldbench_monomer,8ou1_A,148,sparsa-scale-main-20260911-long-step-2000,single_seq,pair_network,,,,,,all,AUC,0.8275666127586374,9316,144,9316,eval-test
foldbench_monomer,8ou1_A,148,sparsa-scale-main-20260911-long-step-2000,single_seq,pair_network,,,,,,short,L,0.07432432432432433,801,14,148,eval-test
foldbench_monomer,8ou1_A,148,sparsa-scale-main-20260911-long-step-2000,single_seq,pair_network,,,,,,short,L/2,0.13513513513513514,801,14,74,eval-test
foldbench_monomer,8ou1_A,148,sparsa-scale-main-20260911-long-step-2000,single_seq,pair_network,,,,,,short,L/5,0.1724137931034483,801,14,29,eval-test
foldbench_monomer,8ou1_A,148,sparsa-scale-main-20260911-long-step-2000,single_seq,pair_network,,,,,,short,R,0.21428571428571427,801,14,14,eval-test
foldbench_monomer,8ou1_A,148,sparsa-scale-main-20260911-long-step-2000,single_seq,pair_network,,,,,,short,AUC,0.8616808858231984,801,14,801,eval-test
foldbench_monomer,8ou1_A,148,sparsa-scale-main-20260911-long-step-2000,single_seq,pair_network,,,,,,medium,L,0.0472972972972973,1494,15,148,eval-test
foldbench_monomer,8ou1_A,148,sparsa-scale-main-20260911-long-step-2000,single_seq,pair_network,,,,,,medium,L/2,0.06756756756756757,1494,15,74,eval-test
foldbench_monomer,8ou1_A,148,sparsa-scale-main-20260911-long-step-2000,single_seq,pair_network,,,,,,medium,L/5,0.13793103448275862,1494,15,29,eval-test
foldbench_monomer,8ou1_A,148,sparsa-scale-main-20260911-long-step-2000,single_seq,pair_network,,,,,,medium,R,0.13333333333333333,1494,15,15,eval-test
foldbench_monomer,8ou1_A,148,sparsa-scale-main-20260911-long-step-2000,single_seq,pair_network,,,,,,medium,AUC,0.7748027946810908,1494,15,1494,eval-test
foldbench_monomer,8ou1_A,148,sparsa-scale-main-20260911-long-step-2000,single_seq,pair_network,,,,,,long,L,0.17567567567567569,7021,115,148,eval-test
foldbench_monomer,8ou1_A,148,sparsa-scale-main-20260911-long-step-2000,single_seq,pair_network,,,,,,long,L/2,0.20270270270270271,7021,115,74,eval-test
foldbench_monomer,8ou1_A,148,sparsa-scale-main-20260911-long-step-2000,single_seq,pair_network,,,,,,long,L/5,0.20689655172413793,7021,115,29,eval-test
foldbench_monomer,8ou1_A,148,sparsa-scale-main-20260911-long-step-2000,single_seq,pair_network,,,,,,long,R,0.2,7021,115,115,eval-test
foldbench_monomer,8ou1_A,148,sparsa-scale-main-20260911-long-step-2000,single_seq,pair_network,,,,,,long,AUC,0.8368872687895843,7021,115,7021,eval-test
foldbench_monomer,8ovq_A,232,sparsa-scale-main-20260911-long-step-2000,single_seq,pair_network,,,,,,all,L,0.39655172413793105,20539,177,232,eval-test
foldbench_monomer,8ovq_A,232,sparsa-scale-main-20260911-long-step-2000,single_seq,pair_network,,,,,,all,L/2,0.5344827586206896,20539,177,116,eval-test
foldbench_monomer,8ovq_A,232,sparsa-scale-main-20260911-long-step-2000,single_seq,pair_network,,,,,,all,L/5,0.6956521739130435,20539,177,46,eval-test
foldbench_monomer,8ovq_A,232,sparsa-scale-main-20260911-long-step-2000,single_seq,pair_network,,,,,,all,R,0.4350282485875706,20539,177,177,eval-test
foldbench_monomer,8ovq_A,232,sparsa-scale-main-20260911-long-step-2000,single_seq,pair_network,,,,,,all,AUC,0.9783413159663202,20539,177,20539,eval-test
foldbench_monomer,8ovq_A,232,sparsa-scale-main-20260911-long-step-2000,single_seq,pair_network,,,,,,short,L,0.09913793103448276,1131,26,232,eval-test
foldbench_monomer,8ovq_A,232,sparsa-scale-main-20260911-long-step-2000,single_seq,pair_network,,,,,,short,L/2,0.1724137931034483,1131,26,116,eval-test
foldbench_monomer,8ovq_A,232,sparsa-scale-main-20260911-long-step-2000,single_seq,pair_network,,,,,,short,L/5,0.34782608695652173,1131,26,46,eval-test
foldbench_monomer,8ovq_A,232,sparsa-scale-main-20260911-long-step-2000,single_seq,pair_network,,,,,,short,R,0.46153846153846156,1131,26,26,eval-test
foldbench_monomer,8ovq_A,232,sparsa-scale-main-20260911-long-step-2000,single_seq,pair_network,,,,,,short,AUC,0.941715976331361,1131,26,1131,eval-test
foldbench_monomer,8ovq_A,232,sparsa-scale-main-20260911-long-step-2000,single_seq,pair_network,,,,,,medium,L,0.1724137931034483,2159,40,232,eval-test
foldbench_monomer,8ovq_A,232,sparsa-scale-main-20260911-long-step-2000,single_seq,pair_network,,,,,,medium,L/2,0.28448275862068967,2159,40,116,eval-test
foldbench_monomer,8ovq_A,232,sparsa-scale-main-20260911-long-step-2000,single_seq,pair_network,,,,,,medium,L/5,0.391304347826087,2159,40,46,eval-test
foldbench_monomer,8ovq_A,232,sparsa-scale-main-20260911-long-step-2000,single_seq,pair_network,,,,,,medium,R,0.45,2159,40,40,eval-test
foldbench_monomer,8ovq_A,232,sparsa-scale-main-20260911-long-step-2000,single_seq,pair_network,,,,,,medium,AUC,0.9785924964605948,2159,40,2159,eval-test
foldbench_monomer,8ovq_A,232,sparsa-scale-main-20260911-long-step-2000,single_seq,pair_network,,,,,,long,L,0.2672413793103448,17249,111,232,eval-test
foldbench_monomer,8ovq_A,232,sparsa-scale-main-20260911-long-step-2000,single_seq,pair_network,,,,,,long,L/2,0.43103448275862066,17249,111,116,eval-test
foldbench_monomer,8ovq_A,232,sparsa-scale-main-20260911-long-step-2000,single_seq,pair_network,,,,,,long,L/5,0.5652173913043478,17249,111,46,eval-test
foldbench_monomer,8ovq_A,232,sparsa-scale-main-20260911-long-step-2000,single_seq,pair_network,,,,,,long,R,0.44144144144144143,17249,111,111,eval-test
foldbench_monomer,8ovq_A,232,sparsa-scale-main-20260911-long-step-2000,single_seq,pair_network,,,,,,long,AUC,0.9806525512558889,17249,111,17249,eval-test
foldbench_monomer,8ovu_A,99,sparsa-scale-main-20260911-long-step-2000,single_seq,pair_network,,,,,,all,L,0.46464646464646464,4371,81,99,eval-test
foldbench_monomer,8ovu_A,99,sparsa-scale-main-20260911-long-step-2000,single_seq,pair_network,,,,,,all,L/2,0.6530612244897959,4371,81,49,eval-test
foldbench_monomer,8ovu_A,99,sparsa-scale-main-20260911-long-step-2000,single_seq,pair_network,,,,,,all,L/5,0.8947368421052632,4371,81,19,eval-test
foldbench_monomer,8ovu_A,99,sparsa-scale-main-20260911-long-step-2000,single_seq,pair_network,,,,,,all,R,0.48148148148148145,4371,81,81,eval-test
foldbench_monomer,8ovu_A,99,sparsa-scale-main-20260911-long-step-2000,single_seq,pair_network,,,,,,all,AUC,0.9839088894644449,4371,81,4371,eval-test
foldbench_monomer,8ovu_A,99,sparsa-scale-main-20260911-long-step-2000,single_seq,pair_network,,,,,,short,L,0.1717171717171717,543,17,99,eval-test
foldbench_monomer,8ovu_A,99,sparsa-scale-main-20260911-long-step-2000,single_seq,pair_network,,,,,,short,L/2,0.2857142857142857,543,17,49,eval-test
foldbench_monomer,8ovu_A,99,sparsa-scale-main-20260911-long-step-2000,single_seq,pair_network,,,,,,short,L/5,0.47368421052631576,543,17,19,eval-test
foldbench_monomer,8ovu_A,99,sparsa-scale-main-20260911-long-step-2000,single_seq,pair_network,,,,,,short,R,0.4117647058823529,543,17,17,eval-test
foldbench_monomer,8ovu_A,99,sparsa-scale-main-20260911-long-step-2000,single_seq,pair_network,,,,,,short,AUC,0.9720979646611496,543,17,543,eval-test
foldbench_monomer,8ovu_A,99,sparsa-scale-main-20260911-long-step-2000,single_seq,pair_network,,,,,,medium,L,0.26262626262626265,978,27,99,eval-test
foldbench_monomer,8ovu_A,99,sparsa-scale-main-20260911-long-step-2000,single_seq,pair_network,,,,,,medium,L/2,0.40816326530612246,978,27,49,eval-test
foldbench_monomer,8ovu_A,99,sparsa-scale-main-20260911-long-step-2000,single_seq,pair_network,,,,,,medium,L/5,0.5789473684210527,978,27,19,eval-test
foldbench_monomer,8ovu_A,99,sparsa-scale-main-20260911-long-step-2000,single_seq,pair_network,,,,,,medium,R,0.5185185185185185,978,27,27,eval-test
foldbench_monomer,8ovu_A,99,sparsa-scale-main-20260911-long-step-2000,single_seq,pair_network,,,,,,medium,AUC,0.9813841180823304,978,27,978,eval-test
foldbench_monomer,8ovu_A,99,sparsa-scale-main-20260911-long-step-2000,single_seq,pair_network,,,,,,long,L,0.30303030303030304,2850,37,99,eval-test
foldbench_monomer,8ovu_A,99,sparsa-scale-main-20260911-long-step-2000,single_seq,pair_network,,,,,,long,L/2,0.42857142857142855,2850,37,49,eval-test
foldbench_monomer,8ovu_A,99,sparsa-scale-main-20260911-long-step-2000,single_seq,pair_network,,,,,,long,L/5,0.7368421052631579,2850,37,19,eval-test
foldbench_monomer,8ovu_A,99,sparsa-scale-main-20260911-long-step-2000,single_seq,pair_network,,,,,,long,R,0.5135135135135135,2850,37,37,eval-test
foldbench_monomer,8ovu_A,99,sparsa-scale-main-20260911-long-step-2000,single_seq,pair_network,,,,,,long,AUC,0.9886722840864326,2850,37,2850,eval-test
foldbench_monomer,8ow8_A,446,sparsa-scale-main-20260911-long-step-2000,single_seq,pair_network,,,,,,all,L,0.14798206278026907,78225,467,446,eval-test
foldbench_monomer,8ow8_A,446,sparsa-scale-main-20260911-long-step-2000,single_seq,pair_network,,,,,,all,L/2,0.21076233183856502,78225,467,223,eval-test
foldbench_monomer,8ow8_A,446,sparsa-scale-main-20260911-long-step-2000,single_seq,pair_network,,,,,,all,L/5,0.3146067415730337,78225,467,89,eval-test
foldbench_monomer,8ow8_A,446,sparsa-scale-main-20260911-long-step-2000,single_seq,pair_network,,,,,,all,R,0.14132762312633834,78225,467,467,eval-test
foldbench_monomer,8ow8_A,446,sparsa-scale-main-20260911-long-step-2000,single_seq,pair_network,,,,,,all,AUC,0.8638904412873126,78225,467,78225,eval-test
foldbench_monomer,8ow8_A,446,sparsa-scale-main-20260911-long-step-2000,single_seq,pair_network,,,,,,short,L,0.09641255605381166,2304,56,446,eval-test
foldbench_monomer,8ow8_A,446,sparsa-scale-main-20260911-long-step-2000,single_seq,pair_network,,,,,,short,L/2,0.14349775784753363,2304,56,223,eval-test
foldbench_monomer,8ow8_A,446,sparsa-scale-main-20260911-long-step-2000,single_seq,pair_network,,,,,,short,L/5,0.2696629213483146,2304,56,89,eval-test
foldbench_monomer,8ow8_A,446,sparsa-scale-main-20260911-long-step-2000,single_seq,pair_network,,,,,,short,R,0.35714285714285715,2304,56,56,eval-test
foldbench_monomer,8ow8_A,446,sparsa-scale-main-20260911-long-step-2000,single_seq,pair_network,,,,,,short,AUC,0.883670405439756,2304,56,2304,eval-test
foldbench_monomer,8ow8_A,446,sparsa-scale-main-20260911-long-step-2000,single_seq,pair_network,,,,,,medium,L,0.06502242152466367,4447,60,446,eval-test
foldbench_monomer,8ow8_A,446,sparsa-scale-main-20260911-long-step-2000,single_seq,pair_network,,,,,,medium,L/2,0.10762331838565023,4447,60,223,eval-test
foldbench_monomer,8ow8_A,446,sparsa-scale-main-20260911-long-step-2000,single_seq,pair_network,,,,,,medium,L/5,0.1348314606741573,4447,60,89,eval-test
foldbench_monomer,8ow8_A,446,sparsa-scale-main-20260911-long-step-2000,single_seq,pair_network,,,,,,medium,R,0.15,4447,60,60,eval-test
foldbench_monomer,8ow8_A,446,sparsa-scale-main-20260911-long-step-2000,single_seq,pair_network,,,,,,medium,AUC,0.8798305599878429,4447,60,4447,eval-test
foldbench_monomer,8ow8_A,446,sparsa-scale-main-20260911-long-step-2000,single_seq,pair_network,,,,,,long,L,0.08295964125560538,71474,351,446,eval-test
foldbench_monomer,8ow8_A,446,sparsa-scale-main-20260911-long-step-2000,single_seq,pair_network,,,,,,long,L/2,0.10762331838565023,71474,351,223,eval-test
foldbench_monomer,8ow8_A,446,sparsa-scale-main-20260911-long-step-2000,single_seq,pair_network,,,,,,long,L/5,0.16853932584269662,71474,351,89,eval-test
foldbench_monomer,8ow8_A,446,sparsa-scale-main-20260911-long-step-2000,single_seq,pair_network,,,,,,long,R,0.09116809116809117,71474,351,351,eval-test
foldbench_monomer,8ow8_A,446,sparsa-scale-main-20260911-long-step-2000,single_seq,pair_network,,,,,,long,AUC,0.8463365880375849,71474,351,71474,eval-test
foldbench_monomer,8oxk_A,99,sparsa-scale-main-20260911-long-step-2000,single_seq,pair_network,,,,,,all,L,0.3434343434343434,3916,95,99,eval-test
foldbench_monomer,8oxk_A,99,sparsa-scale-main-20260911-long-step-2000,single_seq,pair_network,,,,,,all,L/2,0.40816326530612246,3916,95,49,eval-test
foldbench_monomer,8oxk_A,99,sparsa-scale-main-20260911-long-step-2000,single_seq,pair_network,,,,,,all,L/5,0.5789473684210527,3916,95,19,eval-test
foldbench_monomer,8oxk_A,99,sparsa-scale-main-20260911-long-step-2000,single_seq,pair_network,,,,,,all,R,0.3368421052631579,3916,95,95,eval-test
foldbench_monomer,8oxk_A,99,sparsa-scale-main-20260911-long-step-2000,single_seq,pair_network,,,,,,all,AUC,0.9092480612680616,3916,95,3916,eval-test
foldbench_monomer,8oxk_A,99,sparsa-scale-main-20260911-long-step-2000,single_seq,pair_network,,,,,,short,L,0.20202020202020202,513,23,99,eval-test
foldbench_monomer,8oxk_A,99,sparsa-scale-main-20260911-long-step-2000,single_seq,pair_network,,,,,,short,L/2,0.32653061224489793,513,23,49,eval-test
foldbench_monomer,8oxk_A,99,sparsa-scale-main-20260911-long-step-2000,single_seq,pair_network,,,,,,short,L/5,0.5789473684210527,513,23,19,eval-test
foldbench_monomer,8oxk_A,99,sparsa-scale-main-20260911-long-step-2000,single_seq,pair_network,,,,,,short,R,0.4782608695652174,513,23,23,eval-test
foldbench_monomer,8oxk_A,99,sparsa-scale-main-20260911-long-step-2000,single_seq,pair_network,,,,,,short,AUC,0.9353593611357587,513,23,513,eval-test
foldbench_monomer,8oxk_A,99,sparsa-scale-main-20260911-long-step-2000,single_seq,pair_network,,,,,,medium,L,0.20202020202020202,918,28,99,eval-test
foldbench_monomer,8oxk_A,99,sparsa-scale-main-20260911-long-step-2000,single_seq,pair_network,,,,,,medium,L/2,0.3469387755102041,918,28,49,eval-test
foldbench_monomer,8oxk_A,99,sparsa-scale-main-20260911-long-step-2000,single_seq,pair_network,,,,,,medium,L/5,0.42105263157894735,918,28,19,eval-test
foldbench_monomer,8oxk_A,99,sparsa-scale-main-20260911-long-step-2000,single_seq,pair_network,,,,,,medium,R,0.39285714285714285,918,28,28,eval-test
foldbench_monomer,8oxk_A,99,sparsa-scale-main-20260911-long-step-2000,single_seq,pair_network,,,,,,medium,AUC,0.9090890850722312,918,28,918,eval-test
foldbench_monomer,8oxk_A,99,sparsa-scale-main-20260911-long-step-2000,single_seq,pair_network,,,,,,long,L,0.12121212121212122,2485,44,99,eval-test
foldbench_monomer,8oxk_A,99,sparsa-scale-main-20260911-long-step-2000,single_seq,pair_network,,,,,,long,L/2,0.16326530612244897,2485,44,49,eval-test
foldbench_monomer,8oxk_A,99,sparsa-scale-main-20260911-long-step-2000,single_seq,pair_network,,,,,,long,L/5,0.21052631578947367,2485,44,19,eval-test
foldbench_monomer,8oxk_A,99,sparsa-scale-main-20260911-long-step-2000,single_seq,pair_network,,,,,,long,R,0.13636363636363635,2485,44,44,eval-test
foldbench_monomer,8oxk_A,99,sparsa-scale-main-20260911-long-step-2000,single_seq,pair_network,,,,,,long,AUC,0.899044728315519,2485,44,2485,eval-test
foldbench_monomer,8oxl_A,92,sparsa-scale-main-20260911-long-step-2000,single_seq,pair_network,,,,,,all,L,0.2608695652173913,3741,98,92,eval-test
foldbench_monomer,8oxl_A,92,sparsa-scale-main-20260911-long-step-2000,single_seq,pair_network,,,,,,all,L/2,0.34782608695652173,3741,98,46,eval-test
foldbench_monomer,8oxl_A,92,sparsa-scale-main-20260911-long-step-2000,single_seq,pair_network,,,,,,all,L/5,0.6111111111111112,3741,98,18,eval-test
foldbench_monomer,8oxl_A,92,sparsa-scale-main-20260911-long-step-2000,single_seq,pair_network,,,,,,all,R,0.25510204081632654,3741,98,98,eval-test
foldbench_monomer,8oxl_A,92,sparsa-scale-main-20260911-long-step-2000,single_seq,pair_network,,,,,,all,AUC,0.8753018088926485,3741,98,3741,eval-test
foldbench_monomer,8oxl_A,92,sparsa-scale-main-20260911-long-step-2000,single_seq,pair_network,,,,,,short,L,0.20652173913043478,501,22,92,eval-test
foldbench_monomer,8oxl_A,92,sparsa-scale-main-20260911-long-step-2000,single_seq,pair_network,,,,,,short,L/2,0.32608695652173914,501,22,46,eval-test
foldbench_monomer,8oxl_A,92,sparsa-scale-main-20260911-long-step-2000,single_seq,pair_network,,,,,,short,L/5,0.4444444444444444,501,22,18,eval-test
foldbench_monomer,8oxl_A,92,sparsa-scale-main-20260911-long-step-2000,single_seq,pair_network,,,,,,short,R,0.36363636363636365,501,22,22,eval-test
foldbench_monomer,8oxl_A,92,sparsa-scale-main-20260911-long-step-2000,single_seq,pair_network,,,,,,short,AUC,0.9318656291516416,501,22,501,eval-test
foldbench_monomer,8oxl_A,92,sparsa-scale-main-20260911-long-step-2000,single_seq,pair_network,,,,,,medium,L,0.17391304347826086,894,29,92,eval-test
foldbench_monomer,8oxl_A,92,sparsa-scale-main-20260911-long-step-2000,single_seq,pair_network,,,,,,medium,L/2,0.2391304347826087,894,29,46,eval-test
foldbench_monomer,8oxl_A,92,sparsa-scale-main-20260911-long-step-2000,single_seq,pair_network,,,,,,medium,L/5,0.3888888888888889,894,29,18,eval-test
foldbench_monomer,8oxl_A,92,sparsa-scale-main-20260911-long-step-2000,single_seq,pair_network,,,,,,medium,R,0.27586206896551724,894,29,29,eval-test
foldbench_monomer,8oxl_A,92,sparsa-scale-main-20260911-long-step-2000,single_seq,pair_network,,,,,,medium,AUC,0.9044448873828981,894,29,894,eval-test
foldbench_monomer,8oxl_A,92,sparsa-scale-main-20260911-long-step-2000,single_seq,pair_network,,,,,,long,L,0.09782608695652174,2346,47,92,eval-test
foldbench_monomer,8oxl_A,92,sparsa-scale-main-20260911-long-step-2000,single_seq,pair_network,,,,,,long,L/2,0.10869565217391304,2346,47,46,eval-test
foldbench_monomer,8oxl_A,92,sparsa-scale-main-20260911-long-step-2000,single_seq,pair_network,,,,,,long,L/5,0.1111111111111111,2346,47,18,eval-test
foldbench_monomer,8oxl_A,92,sparsa-scale-main-20260911-long-step-2000,single_seq,pair_network,,,,,,long,R,0.10638297872340426,2346,47,47,eval-test
foldbench_monomer,8oxl_A,92,sparsa-scale-main-20260911-long-step-2000,single_seq,pair_network,,,,,,long,AUC,0.8238086864779322,2346,47,2346,eval-test
foldbench_monomer,8p0e_A,190,sparsa-scale-main-20260911-long-step-2000,single_seq,pair_network,,,,,,all,L,0.15789473684210525,15931,151,190,eval-test
foldbench_monomer,8p0e_A,190,sparsa-scale-main-20260911-long-step-2000,single_seq,pair_network,,,,,,all,L/2,0.22105263157894736,15931,151,95,eval-test
foldbench_monomer,8p0e_A,190,sparsa-scale-main-20260911-long-step-2000,single_seq,pair_network,,,,,,all,L/5,0.2631578947368421,15931,151,38,eval-test
foldbench_monomer,8p0e_A,190,sparsa-scale-main-20260911-long-step-2000,single_seq,pair_network,,,,,,all,R,0.18543046357615894,15931,151,151,eval-test
foldbench_monomer,8p0e_A,190,sparsa-scale-main-20260911-long-step-2000,single_seq,pair_network,,,,,,all,AUC,0.8976739354871202,15931,151,15931,eval-test
foldbench_monomer,8p0e_A,190,sparsa-scale-main-20260911-long-step-2000,single_seq,pair_network,,,,,,short,L,0.06315789473684211,1053,14,190,eval-test
foldbench_monomer,8p0e_A,190,sparsa-scale-main-20260911-long-step-2000,single_seq,pair_network,,,,,,short,L/2,0.09473684210526316,1053,14,95,eval-test
foldbench_monomer,8p0e_A,190,sparsa-scale-main-20260911-long-step-2000,single_seq,pair_network,,,,,,short,L/5,0.13157894736842105,1053,14,38,eval-test
foldbench_monomer,8p0e_A,190,sparsa-scale-main-20260911-long-step-2000,single_seq,pair_network,,,,,,short,R,0.21428571428571427,1053,14,14,eval-test
foldbench_monomer,8p0e_A,190,sparsa-scale-main-20260911-long-step-2000,single_seq,pair_network,,,,,,short,AUC,0.9182593152756772,1053,14,1053,eval-test
foldbench_monomer,8p0e_A,190,sparsa-scale-main-20260911-long-step-2000,single_seq,pair_network,,,,,,medium,L,0.042105263157894736,1998,25,190,eval-test
foldbench_monomer,8p0e_A,190,sparsa-scale-main-20260911-long-step-2000,single_seq,pair_network,,,,,,medium,L/2,0.05263157894736842,1998,25,95,eval-test
foldbench_monomer,8p0e_A,190,sparsa-scale-main-20260911-long-step-2000,single_seq,pair_network,,,,,,medium,L/5,0.05263157894736842,1998,25,38,eval-test
foldbench_monomer,8p0e_A,190,sparsa-scale-main-20260911-long-step-2000,single_seq,pair_network,,,,,,medium,R,0.04,1998,25,25,eval-test
foldbench_monomer,8p0e_A,190,sparsa-scale-main-20260911-long-step-2000,single_seq,pair_network,,,,,,medium,AUC,0.8489913836796756,1998,25,1998,eval-test
foldbench_monomer,8p0e_A,190,sparsa-scale-main-20260911-long-step-2000,single_seq,pair_network,,,,,,long,L,0.18947368421052632,12880,112,190,eval-test
foldbench_monomer,8p0e_A,190,sparsa-scale-main-20260911-long-step-2000,single_seq,pair_network,,,,,,long,L/2,0.24210526315789474,12880,112,95,eval-test
foldbench_monomer,8p0e_A,190,sparsa-scale-main-20260911-long-step-2000,single_seq,pair_network,,,,,,long,L/5,0.2894736842105263,12880,112,38,eval-test
foldbench_monomer,8p0e_A,190,sparsa-scale-main-20260911-long-step-2000,single_seq,pair_network,,,,,,long,R,0.23214285714285715,12880,112,112,eval-test
foldbench_monomer,8p0e_A,190,sparsa-scale-main-20260911-long-step-2000,single_seq,pair_network,,,,,,long,AUC,0.8992493790279269,12880,112,12880,eval-test
foldbench_monomer,8p2a_A,89,sparsa-scale-main-20260911-long-step-2000,single_seq,pair_network,,,,,,all,L,0.21348314606741572,3486,47,89,eval-test
foldbench_monomer,8p2a_A,89,sparsa-scale-main-20260911-long-step-2000,single_seq,pair_network,,,,,,all,L/2,0.36363636363636365,3486,47,44,eval-test
foldbench_monomer,8p2a_A,89,sparsa-scale-main-20260911-long-step-2000,single_seq,pair_network,,,,,,all,L/5,0.7058823529411765,3486,47,17,eval-test
foldbench_monomer,8p2a_A,89,sparsa-scale-main-20260911-long-step-2000,single_seq,pair_network,,,,,,all,R,0.3404255319148936,3486,47,47,eval-test
foldbench_monomer,8p2a_A,89,sparsa-scale-main-20260911-long-step-2000,single_seq,pair_network,,,,,,all,AUC,0.9167929816312264,3486,47,3486,eval-test
foldbench_monomer,8p2a_A,89,sparsa-scale-main-20260911-long-step-2000,single_seq,pair_network,,,,,,short,L,0.06741573033707865,483,8,89,eval-test
foldbench_monomer,8p2a_A,89,sparsa-scale-main-20260911-long-step-2000,single_seq,pair_network,,,,,,short,L/2,0.11363636363636363,483,8,44,eval-test
foldbench_monomer,8p2a_A,89,sparsa-scale-main-20260911-long-step-2000,single_seq,pair_network,,,,,,short,L/5,0.29411764705882354,483,8,17,eval-test
foldbench_monomer,8p2a_A,89,sparsa-scale-main-20260911-long-step-2000,single_seq,pair_network,,,,,,short,R,0.625,483,8,8,eval-test
foldbench_monomer,8p2a_A,89,sparsa-scale-main-20260911-long-step-2000,single_seq,pair_network,,,,,,short,AUC,0.9139473684210526,483,8,483,eval-test
foldbench_monomer,8p2a_A,89,sparsa-scale-main-20260911-long-step-2000,single_seq,pair_network,,,,,,medium,L,0.15730337078651685,858,19,89,eval-test
foldbench_monomer,8p2a_A,89,sparsa-scale-main-20260911-long-step-2000,single_seq,pair_network,,,,,,medium,L/2,0.25,858,19,44,eval-test
foldbench_monomer,8p2a_A,89,sparsa-scale-main-20260911-long-step-2000,single_seq,pair_network,,,,,,medium,L/5,0.5294117647058824,858,19,17,eval-test
foldbench_monomer,8p2a_A,89,sparsa-scale-main-20260911-long-step-2000,single_seq,pair_network,,,,,,medium,R,0.47368421052631576,858,19,19,eval-test
foldbench_monomer,8p2a_A,89,sparsa-scale-main-20260911-long-step-2000,single_seq,pair_network,,,,,,medium,AUC,0.9047111222633462,858,19,858,eval-test
foldbench_monomer,8p2a_A,89,sparsa-scale-main-20260911-long-step-2000,single_seq,pair_network,,,,,,long,L,0.11235955056179775,2145,20,89,eval-test
foldbench_monomer,8p2a_A,89,sparsa-scale-main-20260911-long-step-2000,single_seq,pair_network,,,,,,long,L/2,0.13636363636363635,2145,20,44,eval-test
foldbench_monomer,8p2a_A,89,sparsa-scale-main-20260911-long-step-2000,single_seq,pair_network,,,,,,long,L/5,0.11764705882352941,2145,20,17,eval-test
foldbench_monomer,8p2a_A,89,sparsa-scale-main-20260911-long-step-2000,single_seq,pair_network,,,,,,long,R,0.1,2145,20,20,eval-test
foldbench_monomer,8p2a_A,89,sparsa-scale-main-20260911-long-step-2000,single_seq,pair_network,,,,,,long,AUC,0.9350588235294117,2145,20,2145,eval-test
foldbench_monomer,8p5p_A,116,sparsa-scale-main-20260911-long-step-2000,single_seq,pair_network,,,,,,all,L,0.1724137931034483,4772,120,116,eval-test
foldbench_monomer,8p5p_A,116,sparsa-scale-main-20260911-long-step-2000,single_seq,pair_network,,,,,,all,L/2,0.15517241379310345,4772,120,58,eval-test
foldbench_monomer,8p5p_A,116,sparsa-scale-main-20260911-long-step-2000,single_seq,pair_network,,,,,,all,L/5,0.13043478260869565,4772,120,23,eval-test
foldbench_monomer,8p5p_A,116,sparsa-scale-main-20260911-long-step-2000,single_seq,pair_network,,,,,,all,R,0.16666666666666666,4772,120,120,eval-test
foldbench_monomer,8p5p_A,116,sparsa-scale-main-20260911-long-step-2000,single_seq,pair_network,,,,,,all,AUC,0.7684866723989682,4772,120,4772,eval-test
foldbench_monomer,8p5p_A,116,sparsa-scale-main-20260911-long-step-2000,single_seq,pair_network,,,,,,short,L,0.10344827586206896,548,17,116,eval-test
foldbench_monomer,8p5p_A,116,sparsa-scale-main-20260911-long-step-2000,single_seq,pair_network,,,,,,short,L/2,0.13793103448275862,548,17,58,eval-test
foldbench_monomer,8p5p_A,116,sparsa-scale-main-20260911-long-step-2000,single_seq,pair_network,,,,,,short,L/5,0.08695652173913043,548,17,23,eval-test
foldbench_monomer,8p5p_A,116,sparsa-scale-main-20260911-long-step-2000,single_seq,pair_network,,,,,,short,R,0.11764705882352941,548,17,17,eval-test
foldbench_monomer,8p5p_A,116,sparsa-scale-main-20260911-long-step-2000,single_seq,pair_network,,,,,,short,AUC,0.8280159521435693,548,17,548,eval-test
foldbench_monomer,8p5p_A,116,sparsa-scale-main-20260911-long-step-2000,single_seq,pair_network,,,,,,medium,L,0.06896551724137931,1002,25,116,eval-test
foldbench_monomer,8p5p_A,116,sparsa-scale-main-20260911-long-step-2000,single_seq,pair_network,,,,,,medium,L/2,0.08620689655172414,1002,25,58,eval-test
foldbench_monomer,8p5p_A,116,sparsa-scale-main-20260911-long-step-2000,single_seq,pair_network,,,,,,medium,L/5,0.043478260869565216,1002,25,23,eval-test
foldbench_monomer,8p5p_A,116,sparsa-scale-main-20260911-long-step-2000,single_seq,pair_network,,,,,,medium,R,0.08,1002,25,25,eval-test
foldbench_monomer,8p5p_A,116,sparsa-scale-main-20260911-long-step-2000,single_seq,pair_network,,,,,,medium,AUC,0.71510747185261,1002,25,1002,eval-test
foldbench_monomer,8p5p_A,116,sparsa-scale-main-20260911-long-step-2000,single_seq,pair_network,,,,,,long,L,0.1810344827586207,3222,78,116,eval-test
foldbench_monomer,8p5p_A,116,sparsa-scale-main-20260911-long-step-2000,single_seq,pair_network,,,,,,long,L/2,0.20689655172413793,3222,78,58,eval-test
foldbench_monomer,8p5p_A,116,sparsa-scale-main-20260911-long-step-2000,single_seq,pair_network,,,,,,long,L/5,0.17391304347826086,3222,78,23,eval-test
foldbench_monomer,8p5p_A,116,sparsa-scale-main-20260911-long-step-2000,single_seq,pair_network,,,,,,long,R,0.21794871794871795,3222,78,78,eval-test
foldbench_monomer,8p5p_A,116,sparsa-scale-main-20260911-long-step-2000,single_seq,pair_network,,,,,,long,AUC,0.7747887714490768,3222,78,3222,eval-test
foldbench_monomer,8p5n_A,144,sparsa-scale-main-20260911-long-step-2000,single_seq,pair_network,,,,,,all,L,0.2777777777777778,8778,135,144,eval-test
foldbench_monomer,8p5n_A,144,sparsa-scale-main-20260911-long-step-2000,single_seq,pair_network,,,,,,all,L/2,0.3333333333333333,8778,135,72,eval-test
foldbench_monomer,8p5n_A,144,sparsa-scale-main-20260911-long-step-2000,single_seq,pair_network,,,,,,all,L/5,0.32142857142857145,8778,135,28,eval-test
foldbench_monomer,8p5n_A,144,sparsa-scale-main-20260911-long-step-2000,single_seq,pair_network,,,,,,all,R,0.2740740740740741,8778,135,135,eval-test
foldbench_monomer,8p5n_A,144,sparsa-scale-main-20260911-long-step-2000,single_seq,pair_network,,,,,,all,AUC,0.9385188613350132,8778,135,8778,eval-test
foldbench_monomer,8p5n_A,144,sparsa-scale-main-20260911-long-step-2000,single_seq,pair_network,,,,,,short,L,0.06944444444444445,777,10,144,eval-test
foldbench_monomer,8p5n_A,144,sparsa-scale-main-20260911-long-step-2000,single_seq,pair_network,,,,,,short,L/2,0.1111111111111111,777,10,72,eval-test
foldbench_monomer,8p5n_A,144,sparsa-scale-main-20260911-long-step-2000,single_seq,pair_network,,,,,,short,L/5,0.2857142857142857,777,10,28,eval-test
foldbench_monomer,8p5n_A,144,sparsa-scale-main-20260911-long-step-2000,single_seq,pair_network,,,,,,short,R,0.2,777,10,10,eval-test
foldbench_monomer,8p5n_A,144,sparsa-scale-main-20260911-long-step-2000,single_seq,pair_network,,,,,,short,AUC,0.9710560625814862,777,10,777,eval-test
foldbench_monomer,8p5n_A,144,sparsa-scale-main-20260911-long-step-2000,single_seq,pair_network,,,,,,medium,L,0.1527777777777778,1446,27,144,eval-test
foldbench_monomer,8p5n_A,144,sparsa-scale-main-20260911-long-step-2000,single_seq,pair_network,,,,,,medium,L/2,0.2361111111111111,1446,27,72,eval-test
foldbench_monomer,8p5n_A,144,sparsa-scale-main-20260911-long-step-2000,single_seq,pair_network,,,,,,medium,L/5,0.21428571428571427,1446,27,28,eval-test
foldbench_monomer,8p5n_A,144,sparsa-scale-main-20260911-long-step-2000,single_seq,pair_network,,,,,,medium,R,0.2222222222222222,1446,27,27,eval-test
foldbench_monomer,8p5n_A,144,sparsa-scale-main-20260911-long-step-2000,single_seq,pair_network,,,,,,medium,AUC,0.9447446036593324,1446,27,1446,eval-test
foldbench_monomer,8p5n_A,144,sparsa-scale-main-20260911-long-step-2000,single_seq,pair_network,,,,,,long,L,0.22916666666666666,6555,98,144,eval-test
foldbench_monomer,8p5n_A,144,sparsa-scale-main-20260911-long-step-2000,single_seq,pair_network,,,,,,long,L/2,0.3055555555555556,6555,98,72,eval-test
foldbench_monomer,8p5n_A,144,sparsa-scale-main-20260911-long-step-2000,single_seq,pair_network,,,,,,long,L/5,0.35714285714285715,6555,98,28,eval-test
foldbench_monomer,8p5n_A,144,sparsa-scale-main-20260911-long-step-2000,single_seq,pair_network,,,,,,long,R,0.2755102040816326,6555,98,98,eval-test
foldbench_monomer,8p5n_A,144,sparsa-scale-main-20260911-long-step-2000,single_seq,pair_network,,,,,,long,AUC,0.9392322206875626,6555,98,6555,eval-test
foldbench_monomer,7wu8_A,96,sparsa-scale-main-20260911-long-step-2000,single_seq,pair_network,,,,,,all,L,0.375,2926,54,96,eval-test
foldbench_monomer,7wu8_A,96,sparsa-scale-main-20260911-long-step-2000,single_seq,pair_network,,,,,,all,L/2,0.5,2926,54,48,eval-test
foldbench_monomer,7wu8_A,96,sparsa-scale-main-20260911-long-step-2000,single_seq,pair_network,,,,,,all,L/5,0.3157894736842105,2926,54,19,eval-test
foldbench_monomer,7wu8_A,96,sparsa-scale-main-20260911-long-step-2000,single_seq,pair_network,,,,,,all,R,0.46296296296296297,2926,54,54,eval-test
foldbench_monomer,7wu8_A,96,sparsa-scale-main-20260911-long-step-2000,single_seq,pair_network,,,,,,all,AUC,0.9561732693696483,2926,54,2926,eval-test
foldbench_monomer,7wu8_A,96,sparsa-scale-main-20260911-long-step-2000,single_seq,pair_network,,,,,,short,L,0.11458333333333333,441,11,96,eval-test
foldbench_monomer,7wu8_A,96,sparsa-scale-main-20260911-long-step-2000,single_seq,pair_network,,,,,,short,L/2,0.16666666666666666,441,11,48,eval-test
foldbench_monomer,7wu8_A,96,sparsa-scale-main-20260911-long-step-2000,single_seq,pair_network,,,,,,short,L/5,0.42105263157894735,441,11,19,eval-test
foldbench_monomer,7wu8_A,96,sparsa-scale-main-20260911-long-step-2000,single_seq,pair_network,,,,,,short,R,0.2727272727272727,441,11,11,eval-test
foldbench_monomer,7wu8_A,96,sparsa-scale-main-20260911-long-step-2000,single_seq,pair_network,,,,,,short,AUC,0.9494714587737845,441,11,441,eval-test
foldbench_monomer,7wu8_A,96,sparsa-scale-main-20260911-long-step-2000,single_seq,pair_network,,,,,,medium,L,0.13541666666666666,774,13,96,eval-test
foldbench_monomer,7wu8_A,96,sparsa-scale-main-20260911-long-step-2000,single_seq,pair_network,,,,,,medium,L/2,0.20833333333333334,774,13,48,eval-test
foldbench_monomer,7wu8_A,96,sparsa-scale-main-20260911-long-step-2000,single_seq,pair_network,,,,,,medium,L/5,0.3157894736842105,774,13,19,eval-test
foldbench_monomer,7wu8_A,96,sparsa-scale-main-20260911-long-step-2000,single_seq,pair_network,,,,,,medium,R,0.38461538461538464,774,13,13,eval-test
foldbench_monomer,7wu8_A,96,sparsa-scale-main-20260911-long-step-2000,single_seq,pair_network,,,,,,medium,AUC,0.9714444556757303,774,13,774,eval-test
foldbench_monomer,7wu8_A,96,sparsa-scale-main-20260911-long-step-2000,single_seq,pair_network,,,,,,long,L,0.21875,1711,30,96,eval-test
foldbench_monomer,7wu8_A,96,sparsa-scale-main-20260911-long-step-2000,single_seq,pair_network,,,,,,long,L/2,0.3958333333333333,1711,30,48,eval-test
foldbench_monomer,7wu8_A,96,sparsa-scale-main-20260911-long-step-2000,single_seq,pair_network,,,,,,long,L/5,0.6842105263157895,1711,30,19,eval-test
foldbench_monomer,7wu8_A,96,sparsa-scale-main-20260911-long-step-2000,single_seq,pair_network,,,,,,long,R,0.4666666666666667,1711,30,30,eval-test
foldbench_monomer,7wu8_A,96,sparsa-scale-main-20260911-long-step-2000,single_seq,pair_network,,,,,,long,AUC,0.9517945667261551,1711,30,1711,eval-test
foldbench_monomer,8pak_A,361,sparsa-scale-main-20260911-long-step-2000,single_seq,pair_network,,,,,,all,L,0.32409972299168976,57630,349,361,eval-test
foldbench_monomer,8pak_A,361,sparsa-scale-main-20260911-long-step-2000,single_seq,pair_network,,,,,,all,L/2,0.4111111111111111,57630,349,180,eval-test
foldbench_monomer,8pak_A,361,sparsa-scale-main-20260911-long-step-2000,single_seq,pair_network,,,,,,all,L/5,0.5416666666666666,57630,349,72,eval-test
foldbench_monomer,8pak_A,361,sparsa-scale-main-20260911-long-step-2000,single_seq,pair_network,,,,,,all,R,0.32664756446991405,57630,349,349,eval-test
foldbench_monomer,8pak_A,361,sparsa-scale-main-20260911-long-step-2000,single_seq,pair_network,,,,,,all,AUC,0.9682086035519162,57630,349,57630,eval-test
foldbench_monomer,8pak_A,361,sparsa-scale-main-20260911-long-step-2000,single_seq,pair_network,,,,,,short,L,0.13019390581717452,2019,52,361,eval-test
foldbench_monomer,8pak_A,361,sparsa-scale-main-20260911-long-step-2000,single_seq,pair_network,,,,,,short,L/2,0.20555555555555555,2019,52,180,eval-test
foldbench_monomer,8pak_A,361,sparsa-scale-main-20260911-long-step-2000,single_seq,pair_network,,,,,,short,L/5,0.4444444444444444,2019,52,72,eval-test
foldbench_monomer,8pak_A,361,sparsa-scale-main-20260911-long-step-2000,single_seq,pair_network,,,,,,short,R,0.5192307692307693,2019,52,52,eval-test
foldbench_monomer,8pak_A,361,sparsa-scale-main-20260911-long-step-2000,single_seq,pair_network,,,,,,short,AUC,0.9429334011184545,2019,52,2019,eval-test
foldbench_monomer,8pak_A,361,sparsa-scale-main-20260911-long-step-2000,single_seq,pair_network,,,,,,medium,L,0.08033240997229917,3930,38,361,eval-test
foldbench_monomer,8pak_A,361,sparsa-scale-main-20260911-long-step-2000,single_seq,pair_network,,,,,,medium,L/2,0.11666666666666667,3930,38,180,eval-test
foldbench_monomer,8pak_A,361,sparsa-scale-main-20260911-long-step-2000,single_seq,pair_network,,,,,,medium,L/5,0.2222222222222222,3930,38,72,eval-test
foldbench_monomer,8pak_A,361,sparsa-scale-main-20260911-long-step-2000,single_seq,pair_network,,,,,,medium,R,0.2894736842105263,3930,38,38,eval-test
foldbench_monomer,8pak_A,361,sparsa-scale-main-20260911-long-step-2000,single_seq,pair_network,,,,,,medium,AUC,0.9449883702060908,3930,38,3930,eval-test
foldbench_monomer,8pak_A,361,sparsa-scale-main-20260911-long-step-2000,single_seq,pair_network,,,,,,long,L,0.24930747922437674,51681,259,361,eval-test
foldbench_monomer,8pak_A,361,sparsa-scale-main-20260911-long-step-2000,single_seq,pair_network,,,,,,long,L/2,0.3333333333333333,51681,259,180,eval-test
foldbench_monomer,8pak_A,361,sparsa-scale-main-20260911-long-step-2000,single_seq,pair_network,,,,,,long,L/5,0.4444444444444444,51681,259,72,eval-test
foldbench_monomer,8pak_A,361,sparsa-scale-main-20260911-long-step-2000,single_seq,pair_network,,,,,,long,R,0.28957528957528955,51681,259,259,eval-test
foldbench_monomer,8pak_A,361,sparsa-scale-main-20260911-long-step-2000,single_seq,pair_network,,,,,,long,AUC,0.9700301419896146,51681,259,51681,eval-test
foldbench_monomer,8paq_A,166,sparsa-scale-main-20260911-long-step-2000,single_seq,pair_network,,,,,,all,L,0.1927710843373494,11781,105,166,eval-test
foldbench_monomer,8paq_A,166,sparsa-scale-main-20260911-long-step-2000,single_seq,pair_network,,,,,,all,L/2,0.26506024096385544,11781,105,83,eval-test
foldbench_monomer,8paq_A,166,sparsa-scale-main-20260911-long-step-2000,single_seq,pair_network,,,,,,all,L/5,0.3333333333333333,11781,105,33,eval-test
foldbench_monomer,8paq_A,166,sparsa-scale-main-20260911-long-step-2000,single_seq,pair_network,,,,,,all,R,0.24761904761904763,11781,105,105,eval-test
foldbench_monomer,8paq_A,166,sparsa-scale-main-20260911-long-step-2000,single_seq,pair_network,,,,,,all,AUC,0.9492972968563924,11781,105,11781,eval-test
foldbench_monomer,8paq_A,166,sparsa-scale-main-20260911-long-step-2000,single_seq,pair_network,,,,,,short,L,0.05421686746987952,903,10,166,eval-test
foldbench_monomer,8paq_A,166,sparsa-scale-main-20260911-long-step-2000,single_seq,pair_network,,,,,,short,L/2,0.10843373493975904,903,10,83,eval-test
foldbench_monomer,8paq_A,166,sparsa-scale-main-20260911-long-step-2000,single_seq,pair_network,,,,,,short,L/5,0.12121212121212122,903,10,33,eval-test
foldbench_monomer,8paq_A,166,sparsa-scale-main-20260911-long-step-2000,single_seq,pair_network,,,,,,short,R,0.3,903,10,10,eval-test
foldbench_monomer,8paq_A,166,sparsa-scale-main-20260911-long-step-2000,single_seq,pair_network,,,,,,short,AUC,0.9494400895856663,903,10,903,eval-test
foldbench_monomer,8paq_A,166,sparsa-scale-main-20260911-long-step-2000,single_seq,pair_network,,,,,,medium,L,0.0783132530120482,1698,14,166,eval-test
foldbench_monomer,8paq_A,166,sparsa-scale-main-20260911-long-step-2000,single_seq,pair_network,,,,,,medium,L/2,0.14457831325301204,1698,14,83,eval-test
foldbench_monomer,8paq_A,166,sparsa-scale-main-20260911-long-step-2000,single_seq,pair_network,,,,,,medium,L/5,0.30303030303030304,1698,14,33,eval-test
foldbench_monomer,8paq_A,166,sparsa-scale-main-20260911-long-step-2000,single_seq,pair_network,,,,,,medium,R,0.42857142857142855,1698,14,14,eval-test
foldbench_monomer,8paq_A,166,sparsa-scale-main-20260911-long-step-2000,single_seq,pair_network,,,,,,medium,AUC,0.9803189684424839,1698,14,1698,eval-test
foldbench_monomer,8paq_A,166,sparsa-scale-main-20260911-long-step-2000,single_seq,pair_network,,,,,,long,L,0.1686746987951807,9180,81,166,eval-test
foldbench_monomer,8paq_A,166,sparsa-scale-main-20260911-long-step-2000,single_seq,pair_network,,,,,,long,L/2,0.1686746987951807,9180,81,83,eval-test
foldbench_monomer,8paq_A,166,sparsa-scale-main-20260911-long-step-2000,single_seq,pair_network,,,,,,long,L/5,0.2727272727272727,9180,81,33,eval-test
foldbench_monomer,8paq_A,166,sparsa-scale-main-20260911-long-step-2000,single_seq,pair_network,,,,,,long,R,0.1728395061728395,9180,81,81,eval-test
foldbench_monomer,8paq_A,166,sparsa-scale-main-20260911-long-step-2000,single_seq,pair_network,,,,,,long,AUC,0.9444580126156856,9180,81,9180,eval-test
foldbench_monomer,8pb5_A,322,sparsa-scale-main-20260911-long-step-2000,single_seq,pair_network,,,,,,all,L,0.2608695652173913,49455,348,322,eval-test
foldbench_monomer,8pb5_A,322,sparsa-scale-main-20260911-long-step-2000,single_seq,pair_network,,,,,,all,L/2,0.32298136645962733,49455,348,161,eval-test
foldbench_monomer,8pb5_A,322,sparsa-scale-main-20260911-long-step-2000,single_seq,pair_network,,,,,,all,L/5,0.484375,49455,348,64,eval-test
foldbench_monomer,8pb5_A,322,sparsa-scale-main-20260911-long-step-2000,single_seq,pair_network,,,,,,all,R,0.25,49455,348,348,eval-test
foldbench_monomer,8pb5_A,322,sparsa-scale-main-20260911-long-step-2000,single_seq,pair_network,,,,,,all,AUC,0.9310027668878819,49455,348,49455,eval-test
foldbench_monomer,8pb5_A,322,sparsa-scale-main-20260911-long-step-2000,single_seq,pair_network,,,,,,short,L,0.13975155279503104,1869,53,322,eval-test
foldbench_monomer,8pb5_A,322,sparsa-scale-main-20260911-long-step-2000,single_seq,pair_network,,,,,,short,L/2,0.22981366459627328,1869,53,161,eval-test
foldbench_monomer,8pb5_A,322,sparsa-scale-main-20260911-long-step-2000,single_seq,pair_network,,,,,,short,L/5,0.34375,1869,53,64,eval-test
foldbench_monomer,8pb5_A,322,sparsa-scale-main-20260911-long-step-2000,single_seq,pair_network,,,,,,short,R,0.37735849056603776,1869,53,53,eval-test
foldbench_monomer,8pb5_A,322,sparsa-scale-main-20260911-long-step-2000,single_seq,pair_network,,,,,,short,AUC,0.9388350926772504,1869,53,1869,eval-test
foldbench_monomer,8pb5_A,322,sparsa-scale-main-20260911-long-step-2000,single_seq,pair_network,,,,,,medium,L,0.08695652173913043,3630,38,322,eval-test
foldbench_monomer,8pb5_A,322,sparsa-scale-main-20260911-long-step-2000,single_seq,pair_network,,,,,,medium,L/2,0.14906832298136646,3630,38,161,eval-test
foldbench_monomer,8pb5_A,322,sparsa-scale-main-20260911-long-step-2000,single_seq,pair_network,,,,,,medium,L/5,0.234375,3630,38,64,eval-test
foldbench_monomer,8pb5_A,322,sparsa-scale-main-20260911-long-step-2000,single_seq,pair_network,,,,,,medium,R,0.34210526315789475,3630,38,38,eval-test
foldbench_monomer,8pb5_A,322,sparsa-scale-main-20260911-long-step-2000,single_seq,pair_network,,,,,,medium,AUC,0.9229244813034815,3630,38,3630,eval-test
foldbench_monomer,8pb5_A,322,sparsa-scale-main-20260911-long-step-2000,single_seq,pair_network,,,,,,long,L,0.17391304347826086,43956,257,322,eval-test
foldbench_monomer,8pb5_A,322,sparsa-scale-main-20260911-long-step-2000,single_seq,pair_network,,,,,,long,L/2,0.22981366459627328,43956,257,161,eval-test
foldbench_monomer,8pb5_A,322,sparsa-scale-main-20260911-long-step-2000,single_seq,pair_network,,,,,,long,L/5,0.296875,43956,257,64,eval-test
foldbench_monomer,8pb5_A,322,sparsa-scale-main-20260911-long-step-2000,single_seq,pair_network,,,,,,long,R,0.20233463035019456,43956,257,257,eval-test
foldbench_monomer,8pb5_A,322,sparsa-scale-main-20260911-long-step-2000,single_seq,pair_network,,,,,,long,AUC,0.9264161455403757,43956,257,43956,eval-test
foldbench_monomer,8por_A,179,sparsa-scale-main-20260911-long-step-2000,single_seq,pair_network,,,,,,all,L,0.17318435754189945,12423,148,179,eval-test
foldbench_monomer,8por_A,179,sparsa-scale-main-20260911-long-step-2000,single_seq,pair_network,,,,,,all,L/2,0.23595505617977527,12423,148,89,eval-test
foldbench_monomer,8por_A,179,sparsa-scale-main-20260911-long-step-2000,single_seq,pair_network,,,,,,all,L/5,0.4,12423,148,35,eval-test
foldbench_monomer,8por_A,179,sparsa-scale-main-20260911-long-step-2000,single_seq,pair_network,,,,,,all,R,0.19594594594594594,12423,148,148,eval-test
foldbench_monomer,8por_A,179,sparsa-scale-main-20260911-long-step-2000,single_seq,pair_network,,,,,,all,AUC,0.8484529641657951,12423,148,12423,eval-test
foldbench_monomer,8por_A,179,sparsa-scale-main-20260911-long-step-2000,single_seq,pair_network,,,,,,short,L,0.13966480446927373,873,27,179,eval-test
foldbench_monomer,8por_A,179,sparsa-scale-main-20260911-long-step-2000,single_seq,pair_network,,,,,,short,L/2,0.24719101123595505,873,27,89,eval-test
foldbench_monomer,8por_A,179,sparsa-scale-main-20260911-long-step-2000,single_seq,pair_network,,,,,,short,L/5,0.4,873,27,35,eval-test
foldbench_monomer,8por_A,179,sparsa-scale-main-20260911-long-step-2000,single_seq,pair_network,,,,,,short,R,0.48148148148148145,873,27,27,eval-test
foldbench_monomer,8por_A,179,sparsa-scale-main-20260911-long-step-2000,single_seq,pair_network,,,,,,short,AUC,0.9502670519218982,873,27,873,eval-test
foldbench_monomer,8por_A,179,sparsa-scale-main-20260911-long-step-2000,single_seq,pair_network,,,,,,medium,L,0.11731843575418995,1628,38,179,eval-test
foldbench_monomer,8por_A,179,sparsa-scale-main-20260911-long-step-2000,single_seq,pair_network,,,,,,medium,L/2,0.14606741573033707,1628,38,89,eval-test
foldbench_monomer,8por_A,179,sparsa-scale-main-20260911-long-step-2000,single_seq,pair_network,,,,,,medium,L/5,0.22857142857142856,1628,38,35,eval-test
foldbench_monomer,8por_A,179,sparsa-scale-main-20260911-long-step-2000,single_seq,pair_network,,,,,,medium,R,0.21052631578947367,1628,38,38,eval-test
foldbench_monomer,8por_A,179,sparsa-scale-main-20260911-long-step-2000,single_seq,pair_network,,,,,,medium,AUC,0.8285666997682888,1628,38,1628,eval-test
foldbench_monomer,8por_A,179,sparsa-scale-main-20260911-long-step-2000,single_seq,pair_network,,,,,,long,L,0.055865921787709494,9922,83,179,eval-test
foldbench_monomer,8por_A,179,sparsa-scale-main-20260911-long-step-2000,single_seq,pair_network,,,,,,long,L/2,0.06741573033707865,9922,83,89,eval-test
foldbench_monomer,8por_A,179,sparsa-scale-main-20260911-long-step-2000,single_seq,pair_network,,,,,,long,L/5,0.11428571428571428,9922,83,35,eval-test
foldbench_monomer,8por_A,179,sparsa-scale-main-20260911-long-step-2000,single_seq,pair_network,,,,,,long,R,0.07228915662650602,9922,83,83,eval-test
foldbench_monomer,8por_A,179,sparsa-scale-main-20260911-long-step-2000,single_seq,pair_network,,,,,,long,AUC,0.8138046647408824,9922,83,9922,eval-test
foldbench_monomer,8ptd_A,343,sparsa-scale-main-20260911-long-step-2000,single_seq,pair_network,,,,,,all,L,0.6618075801749271,56953,424,343,eval-test
foldbench_monomer,8ptd_A,343,sparsa-scale-main-20260911-long-step-2000,single_seq,pair_network,,,,,,all,L/2,0.8304093567251462,56953,424,171,eval-test
foldbench_monomer,8ptd_A,343,sparsa-scale-main-20260911-long-step-2000,single_seq,pair_network,,,,,,all,L/5,0.9264705882352942,56953,424,68,eval-test
foldbench_monomer,8ptd_A,343,sparsa-scale-main-20260911-long-step-2000,single_seq,pair_network,,,,,,all,R,0.5825471698113207,56953,424,424,eval-test
foldbench_monomer,8ptd_A,343,sparsa-scale-main-20260911-long-step-2000,single_seq,pair_network,,,,,,all,AUC,0.9874575981538278,56953,424,56953,eval-test
foldbench_monomer,8ptd_A,343,sparsa-scale-main-20260911-long-step-2000,single_seq,pair_network,,,,,,short,L,0.19533527696793002,2007,67,343,eval-test
foldbench_monomer,8ptd_A,343,sparsa-scale-main-20260911-long-step-2000,single_seq,pair_network,,,,,,short,L/2,0.38596491228070173,2007,67,171,eval-test
foldbench_monomer,8ptd_A,343,sparsa-scale-main-20260911-long-step-2000,single_seq,pair_network,,,,,,short,L/5,0.7941176470588235,2007,67,68,eval-test
foldbench_monomer,8ptd_A,343,sparsa-scale-main-20260911-long-step-2000,single_seq,pair_network,,,,,,short,R,0.7910447761194029,2007,67,67,eval-test
foldbench_monomer,8ptd_A,343,sparsa-scale-main-20260911-long-step-2000,single_seq,pair_network,,,,,,short,AUC,0.9931104785351592,2007,67,2007,eval-test
foldbench_monomer,8ptd_A,343,sparsa-scale-main-20260911-long-step-2000,single_seq,pair_network,,,,,,medium,L,0.33819241982507287,3906,127,343,eval-test
foldbench_monomer,8ptd_A,343,sparsa-scale-main-20260911-long-step-2000,single_seq,pair_network,,,,,,medium,L/2,0.5497076023391813,3906,127,171,eval-test
foldbench_monomer,8ptd_A,343,sparsa-scale-main-20260911-long-step-2000,single_seq,pair_network,,,,,,medium,L/5,0.8382352941176471,3906,127,68,eval-test
foldbench_monomer,8ptd_A,343,sparsa-scale-main-20260911-long-step-2000,single_seq,pair_network,,,,,,medium,R,0.6692913385826772,3906,127,127,eval-test
foldbench_monomer,8ptd_A,343,sparsa-scale-main-20260911-long-step-2000,single_seq,pair_network,,,,,,medium,AUC,0.9834445641370775,3906,127,3906,eval-test
foldbench_monomer,8ptd_A,343,sparsa-scale-main-20260911-long-step-2000,single_seq,pair_network,,,,,,long,L,0.3819241982507289,51040,230,343,eval-test
foldbench_monomer,8ptd_A,343,sparsa-scale-main-20260911-long-step-2000,single_seq,pair_network,,,,,,long,L/2,0.5555555555555556,51040,230,171,eval-test
foldbench_monomer,8ptd_A,343,sparsa-scale-main-20260911-long-step-2000,single_seq,pair_network,,,,,,long,L/5,0.7352941176470589,51040,230,68,eval-test
foldbench_monomer,8ptd_A,343,sparsa-scale-main-20260911-long-step-2000,single_seq,pair_network,,,,,,long,R,0.4826086956521739,51040,230,230,eval-test
foldbench_monomer,8ptd_A,343,sparsa-scale-main-20260911-long-step-2000,single_seq,pair_network,,,,,,long,AUC,0.9854331567733158,51040,230,51040,eval-test
foldbench_monomer,8pu2_A,75,sparsa-scale-main-20260911-long-step-2000,single_seq,pair_network,,,,,,all,L,0.12,2346,47,75,eval-test
foldbench_monomer,8pu2_A,75,sparsa-scale-main-20260911-long-step-2000,single_seq,pair_network,,,,,,all,L/2,0.16216216216216217,2346,47,37,eval-test
foldbench_monomer,8pu2_A,75,sparsa-scale-main-20260911-long-step-2000,single_seq,pair_network,,,,,,all,L/5,0.2,2346,47,15,eval-test
foldbench_monomer,8pu2_A,75,sparsa-scale-main-20260911-long-step-2000,single_seq,pair_network,,,,,,all,R,0.1276595744680851,2346,47,47,eval-test
foldbench_monomer,8pu2_A,75,sparsa-scale-main-20260911-long-step-2000,single_seq,pair_network,,,,,,all,AUC,0.8829602139690707,2346,47,2346,eval-test
foldbench_monomer,8pu2_A,75,sparsa-scale-main-20260911-long-step-2000,single_seq,pair_network,,,,,,short,L,0.12,393,10,75,eval-test
foldbench_monomer,8pu2_A,75,sparsa-scale-main-20260911-long-step-2000,single_seq,pair_network,,,,,,short,L/2,0.16216216216216217,393,10,37,eval-test
foldbench_monomer,8pu2_A,75,sparsa-scale-main-20260911-long-step-2000,single_seq,pair_network,,,,,,short,L/5,0.2,393,10,15,eval-test
foldbench_monomer,8pu2_A,75,sparsa-scale-main-20260911-long-step-2000,single_seq,pair_network,,,,,,short,R,0.2,393,10,10,eval-test
foldbench_monomer,8pu2_A,75,sparsa-scale-main-20260911-long-step-2000,single_seq,pair_network,,,,,,short,AUC,0.893603133159269,393,10,393,eval-test
foldbench_monomer,8pu2_A,75,sparsa-scale-main-20260911-long-step-2000,single_seq,pair_network,,,,,,medium,L,0.10666666666666667,678,11,75,eval-test
foldbench_monomer,8pu2_A,75,sparsa-scale-main-20260911-long-step-2000,single_seq,pair_network,,,,,,medium,L/2,0.10810810810810811,678,11,37,eval-test
foldbench_monomer,8pu2_A,75,sparsa-scale-main-20260911-long-step-2000,single_seq,pair_network,,,,,,medium,L/5,0.2,678,11,15,eval-test
foldbench_monomer,8pu2_A,75,sparsa-scale-main-20260911-long-step-2000,single_seq,pair_network,,,,,,medium,R,0.18181818181818182,678,11,11,eval-test
foldbench_monomer,8pu2_A,75,sparsa-scale-main-20260911-long-step-2000,single_seq,pair_network,,,,,,medium,AUC,0.9147471718686111,678,11,678,eval-test
foldbench_monomer,8pu2_A,75,sparsa-scale-main-20260911-long-step-2000,single_seq,pair_network,,,,,,long,L,0.10666666666666667,1275,26,75,eval-test
foldbench_monomer,8pu2_A,75,sparsa-scale-main-20260911-long-step-2000,single_seq,pair_network,,,,,,long,L/2,0.05405405405405406,1275,26,37,eval-test
foldbench_monomer,8pu2_A,75,sparsa-scale-main-20260911-long-step-2000,single_seq,pair_network,,,,,,long,L/5,0.0,1275,26,15,eval-test
foldbench_monomer,8pu2_A,75,sparsa-scale-main-20260911-long-step-2000,single_seq,pair_network,,,,,,long,R,0.07692307692307693,1275,26,26,eval-test
foldbench_monomer,8pu2_A,75,sparsa-scale-main-20260911-long-step-2000,single_seq,pair_network,,,,,,long,AUC,0.8646609595368604,1275,26,1275,eval-test
foldbench_monomer,8pvs_A,731,sparsa-scale-main-20260911-long-step-2000,single_seq,pair_network,,,,,,all,L,0.4021887824897401,263175,959,731,eval-test
foldbench_monomer,8pvs_A,731,sparsa-scale-main-20260911-long-step-2000,single_seq,pair_network,,,,,,all,L/2,0.5726027397260274,263175,959,365,eval-test
foldbench_monomer,8pvs_A,731,sparsa-scale-main-20260911-long-step-2000,single_seq,pair_network,,,,,,all,L/5,0.7808219178082192,263175,959,146,eval-test
foldbench_monomer,8pvs_A,731,sparsa-scale-main-20260911-long-step-2000,single_seq,pair_network,,,,,,all,R,0.3357664233576642,263175,959,959,eval-test
foldbench_monomer,8pvs_A,731,sparsa-scale-main-20260911-long-step-2000,single_seq,pair_network,,,,,,all,AUC,0.9591438167669075,263175,959,263175,eval-test
foldbench_monomer,8pvs_A,731,sparsa-scale-main-20260911-long-step-2000,single_seq,pair_network,,,,,,short,L,0.1039671682626539,4335,89,731,eval-test
foldbench_monomer,8pvs_A,731,sparsa-scale-main-20260911-long-step-2000,single_seq,pair_network,,,,,,short,L/2,0.16164383561643836,4335,89,365,eval-test
foldbench_monomer,8pvs_A,731,sparsa-scale-main-20260911-long-step-2000,single_seq,pair_network,,,,,,short,L/5,0.3219178082191781,4335,89,146,eval-test
foldbench_monomer,8pvs_A,731,sparsa-scale-main-20260911-long-step-2000,single_seq,pair_network,,,,,,short,R,0.449438202247191,4335,89,89,eval-test
foldbench_monomer,8pvs_A,731,sparsa-scale-main-20260911-long-step-2000,single_seq,pair_network,,,,,,short,AUC,0.9332153990272404,4335,89,4335,eval-test
foldbench_monomer,8pvs_A,731,sparsa-scale-main-20260911-long-step-2000,single_seq,pair_network,,,,,,medium,L,0.15595075239398085,8562,140,731,eval-test
foldbench_monomer,8pvs_A,731,sparsa-scale-main-20260911-long-step-2000,single_seq,pair_network,,,,,,medium,L/2,0.2493150684931507,8562,140,365,eval-test
foldbench_monomer,8pvs_A,731,sparsa-scale-main-20260911-long-step-2000,single_seq,pair_network,,,,,,medium,L/5,0.4452054794520548,8562,140,146,eval-test
foldbench_monomer,8pvs_A,731,sparsa-scale-main-20260911-long-step-2000,single_seq,pair_network,,,,,,medium,R,0.45714285714285713,8562,140,140,eval-test
foldbench_monomer,8pvs_A,731,sparsa-scale-main-20260911-long-step-2000,single_seq,pair_network,,,,,,medium,AUC,0.9579494181904535,8562,140,8562,eval-test
foldbench_monomer,8pvs_A,731,sparsa-scale-main-20260911-long-step-2000,single_seq,pair_network,,,,,,long,L,0.307797537619699,250278,730,731,eval-test
foldbench_monomer,8pvs_A,731,sparsa-scale-main-20260911-long-step-2000,single_seq,pair_network,,,,,,long,L/2,0.4438356164383562,250278,730,365,eval-test
foldbench_monomer,8pvs_A,731,sparsa-scale-main-20260911-long-step-2000,single_seq,pair_network,,,,,,long,L/5,0.7123287671232876,250278,730,146,eval-test
foldbench_monomer,8pvs_A,731,sparsa-scale-main-20260911-long-step-2000,single_seq,pair_network,,,,,,long,R,0.3082191780821918,250278,730,730,eval-test
foldbench_monomer,8pvs_A,731,sparsa-scale-main-20260911-long-step-2000,single_seq,pair_network,,,,,,long,AUC,0.9555827182120616,250278,730,250278,eval-test
foldbench_monomer,8pw2_A,72,sparsa-scale-main-20260911-long-step-2000,single_seq,pair_network,,,,,,all,L,0.5,1485,48,72,eval-test
foldbench_monomer,8pw2_A,72,sparsa-scale-main-20260911-long-step-2000,single_seq,pair_network,,,,,,all,L/2,0.6388888888888888,1485,48,36,eval-test
foldbench_monomer,8pw2_A,72,sparsa-scale-main-20260911-long-step-2000,single_seq,pair_network,,,,,,all,L/5,0.8571428571428571,1485,48,14,eval-test
foldbench_monomer,8pw2_A,72,sparsa-scale-main-20260911-long-step-2000,single_seq,pair_network,,,,,,all,R,0.5833333333333334,1485,48,48,eval-test
foldbench_monomer,8pw2_A,72,sparsa-scale-main-20260911-long-step-2000,single_seq,pair_network,,,,,,all,AUC,0.9732733124565067,1485,48,1485,eval-test
foldbench_monomer,8pw2_A,72,sparsa-scale-main-20260911-long-step-2000,single_seq,pair_network,,,,,,short,L,0.1111111111111111,309,8,72,eval-test
foldbench_monomer,8pw2_A,72,sparsa-scale-main-20260911-long-step-2000,single_seq,pair_network,,,,,,short,L/2,0.2222222222222222,309,8,36,eval-test
foldbench_monomer,8pw2_A,72,sparsa-scale-main-20260911-long-step-2000,single_seq,pair_network,,,,,,short,L/5,0.5714285714285714,309,8,14,eval-test
foldbench_monomer,8pw2_A,72,sparsa-scale-main-20260911-long-step-2000,single_seq,pair_network,,,,,,short,R,0.875,309,8,8,eval-test
foldbench_monomer,8pw2_A,72,sparsa-scale-main-20260911-long-step-2000,single_seq,pair_network,,,,,,short,AUC,0.9995847176079734,309,8,309,eval-test
foldbench_monomer,8pw2_A,72,sparsa-scale-main-20260911-long-step-2000,single_seq,pair_network,,,,,,medium,L,0.20833333333333334,510,16,72,eval-test
foldbench_monomer,8pw2_A,72,sparsa-scale-main-20260911-long-step-2000,single_seq,pair_network,,,,,,medium,L/2,0.3888888888888889,510,16,36,eval-test
foldbench_monomer,8pw2_A,72,sparsa-scale-main-20260911-long-step-2000,single_seq,pair_network,,,,,,medium,L/5,0.7142857142857143,510,16,14,eval-test
foldbench_monomer,8pw2_A,72,sparsa-scale-main-20260911-long-step-2000,single_seq,pair_network,,,,,,medium,R,0.625,510,16,16,eval-test
foldbench_monomer,8pw2_A,72,sparsa-scale-main-20260911-long-step-2000,single_seq,pair_network,,,,,,medium,AUC,0.9821609311740891,510,16,510,eval-test
foldbench_monomer,8pw2_A,72,sparsa-scale-main-20260911-long-step-2000,single_seq,pair_network,,,,,,long,L,0.2916666666666667,666,24,72,eval-test
foldbench_monomer,8pw2_A,72,sparsa-scale-main-20260911-long-step-2000,single_seq,pair_network,,,,,,long,L/2,0.4444444444444444,666,24,36,eval-test
foldbench_monomer,8pw2_A,72,sparsa-scale-main-20260911-long-step-2000,single_seq,pair_network,,,,,,long,L/5,0.42857142857142855,666,24,14,eval-test
foldbench_monomer,8pw2_A,72,sparsa-scale-main-20260911-long-step-2000,single_seq,pair_network,,,,,,long,R,0.5,666,24,24,eval-test
foldbench_monomer,8pw2_A,72,sparsa-scale-main-20260911-long-step-2000,single_seq,pair_network,,,,,,long,AUC,0.9544068016614746,666,24,666,eval-test
foldbench_monomer,8pxc_A,457,sparsa-scale-main-20260911-long-step-2000,single_seq,pair_network,,,,,,all,L,0.19474835886214442,30381,257,457,eval-test
foldbench_monomer,8pxc_A,457,sparsa-scale-main-20260911-long-step-2000,single_seq,pair_network,,,,,,all,L/2,0.27631578947368424,30381,257,228,eval-test
foldbench_monomer,8pxc_A,457,sparsa-scale-main-20260911-long-step-2000,single_seq,pair_network,,,,,,all,L/5,0.3516483516483517,30381,257,91,eval-test
foldbench_monomer,8pxc_A,457,sparsa-scale-main-20260911-long-step-2000,single_seq,pair_network,,,,,,all,R,0.2529182879377432,30381,257,257,eval-test
foldbench_monomer,8pxc_A,457,sparsa-scale-main-20260911-long-step-2000,single_seq,pair_network,,,,,,all,AUC,0.9070699732932672,30381,257,30381,eval-test
foldbench_monomer,8pxc_A,457,sparsa-scale-main-20260911-long-step-2000,single_seq,pair_network,,,,,,short,L,0.07221006564551423,1461,36,457,eval-test
foldbench_monomer,8pxc_A,457,sparsa-scale-main-20260911-long-step-2000,single_seq,pair_network,,,,,,short,L/2,0.12280701754385964,1461,36,228,eval-test
foldbench_monomer,8pxc_A,457,sparsa-scale-main-20260911-long-step-2000,single_seq,pair_network,,,,,,short,L/5,0.25274725274725274,1461,36,91,eval-test
foldbench_monomer,8pxc_A,457,sparsa-scale-main-20260911-long-step-2000,single_seq,pair_network,,,,,,short,R,0.3611111111111111,1461,36,36,eval-test
foldbench_monomer,8pxc_A,457,sparsa-scale-main-20260911-long-step-2000,single_seq,pair_network,,,,,,short,AUC,0.9205263157894736,1461,36,1461,eval-test
foldbench_monomer,8pxc_A,457,sparsa-scale-main-20260911-long-step-2000,single_seq,pair_network,,,,,,medium,L,0.0700218818380744,2814,37,457,eval-test
foldbench_monomer,8pxc_A,457,sparsa-scale-main-20260911-long-step-2000,single_seq,pair_network,,,,,,medium,L/2,0.13157894736842105,2814,37,228,eval-test
foldbench_monomer,8pxc_A,457,sparsa-scale-main-20260911-long-step-2000,single_seq,pair_network,,,,,,medium,L/5,0.26373626373626374,2814,37,91,eval-test
foldbench_monomer,8pxc_A,457,sparsa-scale-main-20260911-long-step-2000,single_seq,pair_network,,,,,,medium,R,0.4594594594594595,2814,37,37,eval-test
foldbench_monomer,8pxc_A,457,sparsa-scale-main-20260911-long-step-2000,single_seq,pair_network,,,,,,medium,AUC,0.9289482136079183,2814,37,2814,eval-test
foldbench_monomer,8pxc_A,457,sparsa-scale-main-20260911-long-step-2000,single_seq,pair_network,,,,,,long,L,0.12472647702407003,26106,184,457,eval-test
foldbench_monomer,8pxc_A,457,sparsa-scale-main-20260911-long-step-2000,single_seq,pair_network,,,,,,long,L/2,0.16666666666666666,26106,184,228,eval-test
foldbench_monomer,8pxc_A,457,sparsa-scale-main-20260911-long-step-2000,single_seq,pair_network,,,,,,long,L/5,0.24175824175824176,26106,184,91,eval-test
foldbench_monomer,8pxc_A,457,sparsa-scale-main-20260911-long-step-2000,single_seq,pair_network,,,,,,long,R,0.19021739130434784,26106,184,184,eval-test
foldbench_monomer,8pxc_A,457,sparsa-scale-main-20260911-long-step-2000,single_seq,pair_network,,,,,,long,AUC,0.8985128462310007,26106,184,26106,eval-test
foldbench_monomer,8pxu_A,655,sparsa-scale-main-20260911-long-step-2000,single_seq,pair_network,,,,,,all,L,0.25190839694656486,205120,766,655,eval-test
foldbench_monomer,8pxu_A,655,sparsa-scale-main-20260911-long-step-2000,single_seq,pair_network,,,,,,all,L/2,0.3730886850152905,205120,766,327,eval-test
foldbench_monomer,8pxu_A,655,sparsa-scale-main-20260911-long-step-2000,single_seq,pair_network,,,,,,all,L/5,0.5343511450381679,205120,766,131,eval-test
foldbench_monomer,8pxu_A,655,sparsa-scale-main-20260911-long-step-2000,single_seq,pair_network,,,,,,all,R,0.2362924281984334,205120,766,766,eval-test
foldbench_monomer,8pxu_A,655,sparsa-scale-main-20260911-long-step-2000,single_seq,pair_network,,,,,,all,AUC,0.9372851808555938,205120,766,205120,eval-test
foldbench_monomer,8pxu_A,655,sparsa-scale-main-20260911-long-step-2000,single_seq,pair_network,,,,,,short,L,0.08549618320610687,3825,76,655,eval-test
foldbench_monomer,8pxu_A,655,sparsa-scale-main-20260911-long-step-2000,single_seq,pair_network,,,,,,short,L/2,0.1529051987767584,3825,76,327,eval-test
foldbench_monomer,8pxu_A,655,sparsa-scale-main-20260911-long-step-2000,single_seq,pair_network,,,,,,short,L/5,0.2748091603053435,3825,76,131,eval-test
foldbench_monomer,8pxu_A,655,sparsa-scale-main-20260911-long-step-2000,single_seq,pair_network,,,,,,short,R,0.35526315789473684,3825,76,76,eval-test
foldbench_monomer,8pxu_A,655,sparsa-scale-main-20260911-long-step-2000,single_seq,pair_network,,,,,,short,AUC,0.9098145470371046,3825,76,3825,eval-test
foldbench_monomer,8pxu_A,655,sparsa-scale-main-20260911-long-step-2000,single_seq,pair_network,,,,,,medium,L,0.07022900763358779,7542,86,655,eval-test
foldbench_monomer,8pxu_A,655,sparsa-scale-main-20260911-long-step-2000,single_seq,pair_network,,,,,,medium,L/2,0.10397553516819572,7542,86,327,eval-test
foldbench_monomer,8pxu_A,655,sparsa-scale-main-20260911-long-step-2000,single_seq,pair_network,,,,,,medium,L/5,0.183206106870229,7542,86,131,eval-test
foldbench_monomer,8pxu_A,655,sparsa-scale-main-20260911-long-step-2000,single_seq,pair_network,,,,,,medium,R,0.2558139534883721,7542,86,86,eval-test
foldbench_monomer,8pxu_A,655,sparsa-scale-main-20260911-long-step-2000,single_seq,pair_network,,,,,,medium,AUC,0.8607520710649765,7542,86,7542,eval-test
foldbench_monomer,8pxu_A,655,sparsa-scale-main-20260911-long-step-2000,single_seq,pair_network,,,,,,long,L,0.19541984732824427,193753,604,655,eval-test
foldbench_monomer,8pxu_A,655,sparsa-scale-main-20260911-long-step-2000,single_seq,pair_network,,,,,,long,L/2,0.28134556574923547,193753,604,327,eval-test
foldbench_monomer,8pxu_A,655,sparsa-scale-main-20260911-long-step-2000,single_seq,pair_network,,,,,,long,L/5,0.4580152671755725,193753,604,131,eval-test
foldbench_monomer,8pxu_A,655,sparsa-scale-main-20260911-long-step-2000,single_seq,pair_network,,,,,,long,R,0.20695364238410596,193753,604,604,eval-test
foldbench_monomer,8pxu_A,655,sparsa-scale-main-20260911-long-step-2000,single_seq,pair_network,,,,,,long,AUC,0.9381028848503501,193753,604,193753,eval-test
foldbench_monomer,8q1v_A,93,sparsa-scale-main-20260911-long-step-2000,single_seq,pair_network,,,,,,all,L,0.24731182795698925,2701,48,93,eval-test
foldbench_monomer,8q1v_A,93,sparsa-scale-main-20260911-long-step-2000,single_seq,pair_network,,,,,,all,L/2,0.34782608695652173,2701,48,46,eval-test
foldbench_monomer,8q1v_A,93,sparsa-scale-main-20260911-long-step-2000,single_seq,pair_network,,,,,,all,L/5,0.5555555555555556,2701,48,18,eval-test
foldbench_monomer,8q1v_A,93,sparsa-scale-main-20260911-long-step-2000,single_seq,pair_network,,,,,,all,R,0.3333333333333333,2701,48,48,eval-test
foldbench_monomer,8q1v_A,93,sparsa-scale-main-20260911-long-step-2000,single_seq,pair_network,,,,,,all,AUC,0.9369385287096369,2701,48,2701,eval-test
foldbench_monomer,8q1v_A,93,sparsa-scale-main-20260911-long-step-2000,single_seq,pair_network,,,,,,short,L,0.0967741935483871,423,9,93,eval-test
foldbench_monomer,8q1v_A,93,sparsa-scale-main-20260911-long-step-2000,single_seq,pair_network,,,,,,short,L/2,0.10869565217391304,423,9,46,eval-test
foldbench_monomer,8q1v_A,93,sparsa-scale-main-20260911-long-step-2000,single_seq,pair_network,,,,,,short,L/5,0.16666666666666666,423,9,18,eval-test
foldbench_monomer,8q1v_A,93,sparsa-scale-main-20260911-long-step-2000,single_seq,pair_network,,,,,,short,R,0.2222222222222222,423,9,9,eval-test
foldbench_monomer,8q1v_A,93,sparsa-scale-main-20260911-long-step-2000,single_seq,pair_network,,,,,,short,AUC,0.9019055287171228,423,9,423,eval-test
foldbench_monomer,8q1v_A,93,sparsa-scale-main-20260911-long-step-2000,single_seq,pair_network,,,,,,medium,L,0.07526881720430108,738,9,93,eval-test
foldbench_monomer,8q1v_A,93,sparsa-scale-main-20260911-long-step-2000,single_seq,pair_network,,,,,,medium,L/2,0.13043478260869565,738,9,46,eval-test
foldbench_monomer,8q1v_A,93,sparsa-scale-main-20260911-long-step-2000,single_seq,pair_network,,,,,,medium,L/5,0.2222222222222222,738,9,18,eval-test
foldbench_monomer,8q1v_A,93,sparsa-scale-main-20260911-long-step-2000,single_seq,pair_network,,,,,,medium,R,0.3333333333333333,738,9,9,eval-test
foldbench_monomer,8q1v_A,93,sparsa-scale-main-20260911-long-step-2000,single_seq,pair_network,,,,,,medium,AUC,0.9411675049535131,738,9,738,eval-test
foldbench_monomer,8q1v_A,93,sparsa-scale-main-20260911-long-step-2000,single_seq,pair_network,,,,,,long,L,0.24731182795698925,1540,30,93,eval-test
foldbench_monomer,8q1v_A,93,sparsa-scale-main-20260911-long-step-2000,single_seq,pair_network,,,,,,long,L/2,0.3695652173913043,1540,30,46,eval-test
foldbench_monomer,8q1v_A,93,sparsa-scale-main-20260911-long-step-2000,single_seq,pair_network,,,,,,long,L/5,0.5555555555555556,1540,30,18,eval-test
foldbench_monomer,8q1v_A,93,sparsa-scale-main-20260911-long-step-2000,single_seq,pair_network,,,,,,long,R,0.4,1540,30,30,eval-test
foldbench_monomer,8q1v_A,93,sparsa-scale-main-20260911-long-step-2000,single_seq,pair_network,,,,,,long,AUC,0.9393598233995585,1540,30,1540,eval-test
foldbench_monomer,8qb1_A,88,sparsa-scale-main-20260911-long-step-2000,single_seq,pair_network,,,,,,all,L,0.6363636363636364,3403,76,88,eval-test
foldbench_monomer,8qb1_A,88,sparsa-scale-main-20260911-long-step-2000,single_seq,pair_network,,,,,,all,L/2,0.8863636363636364,3403,76,44,eval-test
foldbench_monomer,8qb1_A,88,sparsa-scale-main-20260911-long-step-2000,single_seq,pair_network,,,,,,all,L/5,1.0,3403,76,17,eval-test
foldbench_monomer,8qb1_A,88,sparsa-scale-main-20260911-long-step-2000,single_seq,pair_network,,,,,,all,R,0.6710526315789473,3403,76,76,eval-test
foldbench_monomer,8qb1_A,88,sparsa-scale-main-20260911-long-step-2000,single_seq,pair_network,,,,,,all,AUC,0.989072659104931,3403,76,3403,eval-test
foldbench_monomer,8qb1_A,88,sparsa-scale-main-20260911-long-step-2000,single_seq,pair_network,,,,,,short,L,0.18181818181818182,477,16,88,eval-test
foldbench_monomer,8qb1_A,88,sparsa-scale-main-20260911-long-step-2000,single_seq,pair_network,,,,,,short,L/2,0.3409090909090909,477,16,44,eval-test
foldbench_monomer,8qb1_A,88,sparsa-scale-main-20260911-long-step-2000,single_seq,pair_network,,,,,,short,L/5,0.7058823529411765,477,16,17,eval-test
foldbench_monomer,8qb1_A,88,sparsa-scale-main-20260911-long-step-2000,single_seq,pair_network,,,,,,short,R,0.75,477,16,16,eval-test
foldbench_monomer,8qb1_A,88,sparsa-scale-main-20260911-long-step-2000,single_seq,pair_network,,,,,,short,AUC,0.9843411062906724,477,16,477,eval-test
foldbench_monomer,8qb1_A,88,sparsa-scale-main-20260911-long-step-2000,single_seq,pair_network,,,,,,medium,L,0.3409090909090909,846,30,88,eval-test
foldbench_monomer,8qb1_A,88,sparsa-scale-main-20260911-long-step-2000,single_seq,pair_network,,,,,,medium,L/2,0.6363636363636364,846,30,44,eval-test
foldbench_monomer,8qb1_A,88,sparsa-scale-main-20260911-long-step-2000,single_seq,pair_network,,,,,,medium,L/5,1.0,846,30,17,eval-test
foldbench_monomer,8qb1_A,88,sparsa-scale-main-20260911-long-step-2000,single_seq,pair_network,,,,,,medium,R,0.7666666666666667,846,30,30,eval-test
foldbench_monomer,8qb1_A,88,sparsa-scale-main-20260911-long-step-2000,single_seq,pair_network,,,,,,medium,AUC,0.9949754901960784,846,30,846,eval-test
foldbench_monomer,8qb1_A,88,sparsa-scale-main-20260911-long-step-2000,single_seq,pair_network,,,,,,long,L,0.2840909090909091,2080,30,88,eval-test
foldbench_monomer,8qb1_A,88,sparsa-scale-main-20260911-long-step-2000,single_seq,pair_network,,,,,,long,L/2,0.5,2080,30,44,eval-test
foldbench_monomer,8qb1_A,88,sparsa-scale-main-20260911-long-step-2000,single_seq,pair_network,,,,,,long,L/5,0.7647058823529411,2080,30,17,eval-test
foldbench_monomer,8qb1_A,88,sparsa-scale-main-20260911-long-step-2000,single_seq,pair_network,,,,,,long,R,0.5666666666666667,2080,30,30,eval-test
foldbench_monomer,8qb1_A,88,sparsa-scale-main-20260911-long-step-2000,single_seq,pair_network,,,,,,long,AUC,0.9865934959349594,2080,30,2080,eval-test
foldbench_monomer,8qd8_A,431,sparsa-scale-main-20260911-long-step-2000,single_seq,pair_network,,,,,,all,L,0.41067285382830626,82621,472,431,eval-test
foldbench_monomer,8qd8_A,431,sparsa-scale-main-20260911-long-step-2000,single_seq,pair_network,,,,,,all,L/2,0.6139534883720931,82621,472,215,eval-test
foldbench_monomer,8qd8_A,431,sparsa-scale-main-20260911-long-step-2000,single_seq,pair_network,,,,,,all,L/5,0.8255813953488372,82621,472,86,eval-test
foldbench_monomer,8qd8_A,431,sparsa-scale-main-20260911-long-step-2000,single_seq,pair_network,,,,,,all,R,0.3855932203389831,82621,472,472,eval-test
foldbench_monomer,8qd8_A,431,sparsa-scale-main-20260911-long-step-2000,single_seq,pair_network,,,,,,all,AUC,0.9644646452673532,82621,472,82621,eval-test
foldbench_monomer,8qd8_A,431,sparsa-scale-main-20260911-long-step-2000,single_seq,pair_network,,,,,,short,L,0.0951276102088167,2421,51,431,eval-test
foldbench_monomer,8qd8_A,431,sparsa-scale-main-20260911-long-step-2000,single_seq,pair_network,,,,,,short,L/2,0.16279069767441862,2421,51,215,eval-test
foldbench_monomer,8qd8_A,431,sparsa-scale-main-20260911-long-step-2000,single_seq,pair_network,,,,,,short,L/5,0.29069767441860467,2421,51,86,eval-test
foldbench_monomer,8qd8_A,431,sparsa-scale-main-20260911-long-step-2000,single_seq,pair_network,,,,,,short,R,0.4117647058823529,2421,51,51,eval-test
foldbench_monomer,8qd8_A,431,sparsa-scale-main-20260911-long-step-2000,single_seq,pair_network,,,,,,short,AUC,0.9162074956564905,2421,51,2421,eval-test
foldbench_monomer,8qd8_A,431,sparsa-scale-main-20260911-long-step-2000,single_seq,pair_network,,,,,,medium,L,0.1554524361948956,4734,80,431,eval-test
foldbench_monomer,8qd8_A,431,sparsa-scale-main-20260911-long-step-2000,single_seq,pair_network,,,,,,medium,L/2,0.2837209302325581,4734,80,215,eval-test
foldbench_monomer,8qd8_A,431,sparsa-scale-main-20260911-long-step-2000,single_seq,pair_network,,,,,,medium,L/5,0.5,4734,80,86,eval-test
foldbench_monomer,8qd8_A,431,sparsa-scale-main-20260911-long-step-2000,single_seq,pair_network,,,,,,medium,R,0.525,4734,80,80,eval-test
foldbench_monomer,8qd8_A,431,sparsa-scale-main-20260911-long-step-2000,single_seq,pair_network,,,,,,medium,AUC,0.9663260098839708,4734,80,4734,eval-test
foldbench_monomer,8qd8_A,431,sparsa-scale-main-20260911-long-step-2000,single_seq,pair_network,,,,,,long,L,0.31322505800464034,75466,341,431,eval-test
foldbench_monomer,8qd8_A,431,sparsa-scale-main-20260911-long-step-2000,single_seq,pair_network,,,,,,long,L/2,0.46511627906976744,75466,341,215,eval-test
foldbench_monomer,8qd8_A,431,sparsa-scale-main-20260911-long-step-2000,single_seq,pair_network,,,,,,long,L/5,0.686046511627907,75466,341,86,eval-test
foldbench_monomer,8qd8_A,431,sparsa-scale-main-20260911-long-step-2000,single_seq,pair_network,,,,,,long,R,0.3548387096774194,75466,341,341,eval-test
foldbench_monomer,8qd8_A,431,sparsa-scale-main-20260911-long-step-2000,single_seq,pair_network,,,,,,long,AUC,0.9636385105957324,75466,341,75466,eval-test
foldbench_monomer,8qjp_A,254,sparsa-scale-main-20260911-long-step-2000,single_seq,pair_network,,,,,,all,L,0.14960629921259844,29890,229,254,eval-test
foldbench_monomer,8qjp_A,254,sparsa-scale-main-20260911-long-step-2000,single_seq,pair_network,,,,,,all,L/2,0.1889763779527559,29890,229,127,eval-test
foldbench_monomer,8qjp_A,254,sparsa-scale-main-20260911-long-step-2000,single_seq,pair_network,,,,,,all,L/5,0.32,29890,229,50,eval-test
foldbench_monomer,8qjp_A,254,sparsa-scale-main-20260911-long-step-2000,single_seq,pair_network,,,,,,all,R,0.1615720524017467,29890,229,229,eval-test
foldbench_monomer,8qjp_A,254,sparsa-scale-main-20260911-long-step-2000,single_seq,pair_network,,,,,,all,AUC,0.8434464470349006,29890,229,29890,eval-test
foldbench_monomer,8qjp_A,254,sparsa-scale-main-20260911-long-step-2000,single_seq,pair_network,,,,,,short,L,0.09055118110236221,1449,26,254,eval-test
foldbench_monomer,8qjp_A,254,sparsa-scale-main-20260911-long-step-2000,single_seq,pair_network,,,,,,short,L/2,0.13385826771653545,1449,26,127,eval-test
foldbench_monomer,8qjp_A,254,sparsa-scale-main-20260911-long-step-2000,single_seq,pair_network,,,,,,short,L/5,0.18,1449,26,50,eval-test
foldbench_monomer,8qjp_A,254,sparsa-scale-main-20260911-long-step-2000,single_seq,pair_network,,,,,,short,R,0.2692307692307692,1449,26,26,eval-test
foldbench_monomer,8qjp_A,254,sparsa-scale-main-20260911-long-step-2000,single_seq,pair_network,,,,,,short,AUC,0.9293745607870696,1449,26,1449,eval-test
foldbench_monomer,8qjp_A,254,sparsa-scale-main-20260911-long-step-2000,single_seq,pair_network,,,,,,medium,L,0.05511811023622047,2790,22,254,eval-test
foldbench_monomer,8qjp_A,254,sparsa-scale-main-20260911-long-step-2000,single_seq,pair_network,,,,,,medium,L/2,0.07874015748031496,2790,22,127,eval-test
foldbench_monomer,8qjp_A,254,sparsa-scale-main-20260911-long-step-2000,single_seq,pair_network,,,,,,medium,L/5,0.12,2790,22,50,eval-test
foldbench_monomer,8qjp_A,254,sparsa-scale-main-20260911-long-step-2000,single_seq,pair_network,,,,,,medium,R,0.2727272727272727,2790,22,22,eval-test
foldbench_monomer,8qjp_A,254,sparsa-scale-main-20260911-long-step-2000,single_seq,pair_network,,,,,,medium,AUC,0.9040084734629532,2790,22,2790,eval-test
foldbench_monomer,8qjp_A,254,sparsa-scale-main-20260911-long-step-2000,single_seq,pair_network,,,,,,long,L,0.08661417322834646,25651,181,254,eval-test
foldbench_monomer,8qjp_A,254,sparsa-scale-main-20260911-long-step-2000,single_seq,pair_network,,,,,,long,L/2,0.14960629921259844,25651,181,127,eval-test
foldbench_monomer,8qjp_A,254,sparsa-scale-main-20260911-long-step-2000,single_seq,pair_network,,,,,,long,L/5,0.22,25651,181,50,eval-test
foldbench_monomer,8qjp_A,254,sparsa-scale-main-20260911-long-step-2000,single_seq,pair_network,,,,,,long,R,0.11049723756906077,25651,181,181,eval-test
foldbench_monomer,8qjp_A,254,sparsa-scale-main-20260911-long-step-2000,single_seq,pair_network,,,,,,long,AUC,0.826914992613995,25651,181,25651,eval-test
foldbench_monomer,8qlc_A,627,sparsa-scale-main-20260911-long-step-2000,single_seq,pair_network,,,,,,all,L,0.15629984051036683,191271,653,627,eval-test
foldbench_monomer,8qlc_A,627,sparsa-scale-main-20260911-long-step-2000,single_seq,pair_network,,,,,,all,L/2,0.23003194888178913,191271,653,313,eval-test
foldbench_monomer,8qlc_A,627,sparsa-scale-main-20260911-long-step-2000,single_seq,pair_network,,,,,,all,L/5,0.312,191271,653,125,eval-test
foldbench_monomer,8qlc_A,627,sparsa-scale-main-20260911-long-step-2000,single_seq,pair_network,,,,,,all,R,0.15007656967840735,191271,653,653,eval-test
foldbench_monomer,8qlc_A,627,sparsa-scale-main-20260911-long-step-2000,single_seq,pair_network,,,,,,all,AUC,0.8552410418039482,191271,653,191271,eval-test
foldbench_monomer,8qlc_A,627,sparsa-scale-main-20260911-long-step-2000,single_seq,pair_network,,,,,,short,L,0.10685805422647528,3693,87,627,eval-test
foldbench_monomer,8qlc_A,627,sparsa-scale-main-20260911-long-step-2000,single_seq,pair_network,,,,,,short,L/2,0.1757188498402556,3693,87,313,eval-test
foldbench_monomer,8qlc_A,627,sparsa-scale-main-20260911-long-step-2000,single_seq,pair_network,,,,,,short,L/5,0.304,3693,87,125,eval-test
foldbench_monomer,8qlc_A,627,sparsa-scale-main-20260911-long-step-2000,single_seq,pair_network,,,,,,short,R,0.3793103448275862,3693,87,87,eval-test
foldbench_monomer,8qlc_A,627,sparsa-scale-main-20260911-long-step-2000,single_seq,pair_network,,,,,,short,AUC,0.902993733305283,3693,87,3693,eval-test
foldbench_monomer,8qlc_A,627,sparsa-scale-main-20260911-long-step-2000,single_seq,pair_network,,,,,,medium,L,0.0733652312599681,7278,93,627,eval-test
foldbench_monomer,8qlc_A,627,sparsa-scale-main-20260911-long-step-2000,single_seq,pair_network,,,,,,medium,L/2,0.1182108626198083,7278,93,313,eval-test
foldbench_monomer,8qlc_A,627,sparsa-scale-main-20260911-long-step-2000,single_seq,pair_network,,,,,,medium,L/5,0.168,7278,93,125,eval-test
foldbench_monomer,8qlc_A,627,sparsa-scale-main-20260911-long-step-2000,single_seq,pair_network,,,,,,medium,R,0.15053763440860216,7278,93,93,eval-test
foldbench_monomer,8qlc_A,627,sparsa-scale-main-20260911-long-step-2000,single_seq,pair_network,,,,,,medium,AUC,0.8679626761248419,7278,93,7278,eval-test
foldbench_monomer,8qlc_A,627,sparsa-scale-main-20260911-long-step-2000,single_seq,pair_network,,,,,,long,L,0.05263157894736842,180300,473,627,eval-test
foldbench_monomer,8qlc_A,627,sparsa-scale-main-20260911-long-step-2000,single_seq,pair_network,,,,,,long,L/2,0.08306709265175719,180300,473,313,eval-test
foldbench_monomer,8qlc_A,627,sparsa-scale-main-20260911-long-step-2000,single_seq,pair_network,,,,,,long,L/5,0.152,180300,473,125,eval-test
foldbench_monomer,8qlc_A,627,sparsa-scale-main-20260911-long-step-2000,single_seq,pair_network,,,,,,long,R,0.06553911205073996,180300,473,473,eval-test
foldbench_monomer,8qlc_A,627,sparsa-scale-main-20260911-long-step-2000,single_seq,pair_network,,,,,,long,AUC,0.8264162357782181,180300,473,180300,eval-test
foldbench_monomer,8qoh_A,278,sparsa-scale-main-20260911-long-step-2000,single_seq,pair_network,,,,,,all,L,0.13309352517985612,36046,266,278,eval-test
foldbench_monomer,8qoh_A,278,sparsa-scale-main-20260911-long-step-2000,single_seq,pair_network,,,,,,all,L/2,0.20863309352517986,36046,266,139,eval-test
foldbench_monomer,8qoh_A,278,sparsa-scale-main-20260911-long-step-2000,single_seq,pair_network,,,,,,all,L/5,0.38181818181818183,36046,266,55,eval-test
foldbench_monomer,8qoh_A,278,sparsa-scale-main-20260911-long-step-2000,single_seq,pair_network,,,,,,all,R,0.13533834586466165,36046,266,266,eval-test
foldbench_monomer,8qoh_A,278,sparsa-scale-main-20260911-long-step-2000,single_seq,pair_network,,,,,,all,AUC,0.8090230817401244,36046,266,36046,eval-test
foldbench_monomer,8qoh_A,278,sparsa-scale-main-20260911-long-step-2000,single_seq,pair_network,,,,,,short,L,0.06474820143884892,1593,25,278,eval-test
foldbench_monomer,8qoh_A,278,sparsa-scale-main-20260911-long-step-2000,single_seq,pair_network,,,,,,short,L/2,0.10071942446043165,1593,25,139,eval-test
foldbench_monomer,8qoh_A,278,sparsa-scale-main-20260911-long-step-2000,single_seq,pair_network,,,,,,short,L/5,0.16363636363636364,1593,25,55,eval-test
foldbench_monomer,8qoh_A,278,sparsa-scale-main-20260911-long-step-2000,single_seq,pair_network,,,,,,short,R,0.28,1593,25,25,eval-test
foldbench_monomer,8qoh_A,278,sparsa-scale-main-20260911-long-step-2000,single_seq,pair_network,,,,,,short,AUC,0.8671428571428572,1593,25,1593,eval-test
foldbench_monomer,8qoh_A,278,sparsa-scale-main-20260911-long-step-2000,single_seq,pair_network,,,,,,medium,L,0.0683453237410072,3078,36,278,eval-test
foldbench_monomer,8qoh_A,278,sparsa-scale-main-20260911-long-step-2000,single_seq,pair_network,,,,,,medium,L/2,0.09352517985611511,3078,36,139,eval-test
foldbench_monomer,8qoh_A,278,sparsa-scale-main-20260911-long-step-2000,single_seq,pair_network,,,,,,medium,L/5,0.2,3078,36,55,eval-test
foldbench_monomer,8qoh_A,278,sparsa-scale-main-20260911-long-step-2000,single_seq,pair_network,,,,,,medium,R,0.25,3078,36,36,eval-test
foldbench_monomer,8qoh_A,278,sparsa-scale-main-20260911-long-step-2000,single_seq,pair_network,,,,,,medium,AUC,0.8621977500182628,3078,36,3078,eval-test
foldbench_monomer,8qoh_A,278,sparsa-scale-main-20260911-long-step-2000,single_seq,pair_network,,,,,,long,L,0.0683453237410072,31375,205,278,eval-test
foldbench_monomer,8qoh_A,278,sparsa-scale-main-20260911-long-step-2000,single_seq,pair_network,,,,,,long,L/2,0.08633093525179857,31375,205,139,eval-test
foldbench_monomer,8qoh_A,278,sparsa-scale-main-20260911-long-step-2000,single_seq,pair_network,,,,,,long,L/5,0.2,31375,205,55,eval-test
foldbench_monomer,8qoh_A,278,sparsa-scale-main-20260911-long-step-2000,single_seq,pair_network,,,,,,long,R,0.07804878048780488,31375,205,205,eval-test
foldbench_monomer,8qoh_A,278,sparsa-scale-main-20260911-long-step-2000,single_seq,pair_network,,,,,,long,AUC,0.7907464963966291,31375,205,31375,eval-test
foldbench_monomer,8qpj_A,300,sparsa-scale-main-20260911-long-step-2000,single_seq,pair_network,,,,,,all,L,0.31333333333333335,41055,294,300,eval-test
foldbench_monomer,8qpj_A,300,sparsa-scale-main-20260911-long-step-2000,single_seq,pair_network,,,,,,all,L/2,0.4,41055,294,150,eval-test
foldbench_monomer,8qpj_A,300,sparsa-scale-main-20260911-long-step-2000,single_seq,pair_network,,,,,,all,L/5,0.5333333333333333,41055,294,60,eval-test
foldbench_monomer,8qpj_A,300,sparsa-scale-main-20260911-long-step-2000,single_seq,pair_network,,,,,,all,R,0.3129251700680272,41055,294,294,eval-test
foldbench_monomer,8qpj_A,300,sparsa-scale-main-20260911-long-step-2000,single_seq,pair_network,,,,,,all,AUC,0.96264932949947,41055,294,41055,eval-test
foldbench_monomer,8qpj_A,300,sparsa-scale-main-20260911-long-step-2000,single_seq,pair_network,,,,,,short,L,0.09333333333333334,1677,31,300,eval-test
foldbench_monomer,8qpj_A,300,sparsa-scale-main-20260911-long-step-2000,single_seq,pair_network,,,,,,short,L/2,0.14666666666666667,1677,31,150,eval-test
foldbench_monomer,8qpj_A,300,sparsa-scale-main-20260911-long-step-2000,single_seq,pair_network,,,,,,short,L/5,0.21666666666666667,1677,31,60,eval-test
foldbench_monomer,8qpj_A,300,sparsa-scale-main-20260911-long-step-2000,single_seq,pair_network,,,,,,short,R,0.3548387096774194,1677,31,31,eval-test
foldbench_monomer,8qpj_A,300,sparsa-scale-main-20260911-long-step-2000,single_seq,pair_network,,,,,,short,AUC,0.9299866734605887,1677,31,1677,eval-test
foldbench_monomer,8qpj_A,300,sparsa-scale-main-20260911-long-step-2000,single_seq,pair_network,,,,,,medium,L,0.08666666666666667,3246,31,300,eval-test
foldbench_monomer,8qpj_A,300,sparsa-scale-main-20260911-long-step-2000,single_seq,pair_network,,,,,,medium,L/2,0.14,3246,31,150,eval-test
foldbench_monomer,8qpj_A,300,sparsa-scale-main-20260911-long-step-2000,single_seq,pair_network,,,,,,medium,L/5,0.21666666666666667,3246,31,60,eval-test
foldbench_monomer,8qpj_A,300,sparsa-scale-main-20260911-long-step-2000,single_seq,pair_network,,,,,,medium,R,0.25806451612903225,3246,31,31,eval-test
foldbench_monomer,8qpj_A,300,sparsa-scale-main-20260911-long-step-2000,single_seq,pair_network,,,,,,medium,AUC,0.9603471629960367,3246,31,3246,eval-test
foldbench_monomer,8qpj_A,300,sparsa-scale-main-20260911-long-step-2000,single_seq,pair_network,,,,,,long,L,0.2733333333333333,36132,232,300,eval-test
foldbench_monomer,8qpj_A,300,sparsa-scale-main-20260911-long-step-2000,single_seq,pair_network,,,,,,long,L/2,0.35333333333333333,36132,232,150,eval-test
foldbench_monomer,8qpj_A,300,sparsa-scale-main-20260911-long-step-2000,single_seq,pair_network,,,,,,long,L/5,0.4666666666666667,36132,232,60,eval-test
foldbench_monomer,8qpj_A,300,sparsa-scale-main-20260911-long-step-2000,single_seq,pair_network,,,,,,long,R,0.3232758620689655,36132,232,232,eval-test
foldbench_monomer,8qpj_A,300,sparsa-scale-main-20260911-long-step-2000,single_seq,pair_network,,,,,,long,AUC,0.9649454903467486,36132,232,36132,eval-test
foldbench_monomer,8qq1_A,221,sparsa-scale-main-20260911-long-step-2000,single_seq,pair_network,,,,,,all,L,0.49321266968325794,22366,244,221,eval-test
foldbench_monomer,8qq1_A,221,sparsa-scale-main-20260911-long-step-2000,single_seq,pair_network,,,,,,all,L/2,0.6545454545454545,22366,244,110,eval-test
foldbench_monomer,8qq1_A,221,sparsa-scale-main-20260911-long-step-2000,single_seq,pair_network,,,,,,all,L/5,0.9090909090909091,22366,244,44,eval-test
foldbench_monomer,8qq1_A,221,sparsa-scale-main-20260911-long-step-2000,single_seq,pair_network,,,,,,all,R,0.4672131147540984,22366,244,244,eval-test
foldbench_monomer,8qq1_A,221,sparsa-scale-main-20260911-long-step-2000,single_seq,pair_network,,,,,,all,AUC,0.9568140942700761,22366,244,22366,eval-test
foldbench_monomer,8qq1_A,221,sparsa-scale-main-20260911-long-step-2000,single_seq,pair_network,,,,,,short,L,0.12217194570135746,1251,30,221,eval-test
foldbench_monomer,8qq1_A,221,sparsa-scale-main-20260911-long-step-2000,single_seq,pair_network,,,,,,short,L/2,0.2,1251,30,110,eval-test
foldbench_monomer,8qq1_A,221,sparsa-scale-main-20260911-long-step-2000,single_seq,pair_network,,,,,,short,L/5,0.45454545454545453,1251,30,44,eval-test
foldbench_monomer,8qq1_A,221,sparsa-scale-main-20260911-long-step-2000,single_seq,pair_network,,,,,,short,R,0.5,1251,30,30,eval-test
foldbench_monomer,8qq1_A,221,sparsa-scale-main-20260911-long-step-2000,single_seq,pair_network,,,,,,short,AUC,0.9478296478296477,1251,30,1251,eval-test
foldbench_monomer,8qq1_A,221,sparsa-scale-main-20260911-long-step-2000,single_seq,pair_network,,,,,,medium,L,0.14027149321266968,2394,32,221,eval-test
foldbench_monomer,8qq1_A,221,sparsa-scale-main-20260911-long-step-2000,single_seq,pair_network,,,,,,medium,L/2,0.24545454545454545,2394,32,110,eval-test
foldbench_monomer,8qq1_A,221,sparsa-scale-main-20260911-long-step-2000,single_seq,pair_network,,,,,,medium,L/5,0.5,2394,32,44,eval-test
foldbench_monomer,8qq1_A,221,sparsa-scale-main-20260911-long-step-2000,single_seq,pair_network,,,,,,medium,R,0.625,2394,32,32,eval-test
foldbench_monomer,8qq1_A,221,sparsa-scale-main-20260911-long-step-2000,single_seq,pair_network,,,,,,medium,AUC,0.9851291278577478,2394,32,2394,eval-test
foldbench_monomer,8qq1_A,221,sparsa-scale-main-20260911-long-step-2000,single_seq,pair_network,,,,,,long,L,0.40271493212669685,18721,182,221,eval-test
foldbench_monomer,8qq1_A,221,sparsa-scale-main-20260911-long-step-2000,single_seq,pair_network,,,,,,long,L/2,0.5727272727272728,18721,182,110,eval-test
foldbench_monomer,8qq1_A,221,sparsa-scale-main-20260911-long-step-2000,single_seq,pair_network,,,,,,long,L/5,0.7272727272727273,18721,182,44,eval-test
foldbench_monomer,8qq1_A,221,sparsa-scale-main-20260911-long-step-2000,single_seq,pair_network,,,,,,long,R,0.45604395604395603,18721,182,182,eval-test
foldbench_monomer,8qq1_A,221,sparsa-scale-main-20260911-long-step-2000,single_seq,pair_network,,,,,,long,AUC,0.9526126686302531,18721,182,18721,eval-test
foldbench_monomer,8qle_A,283,sparsa-scale-main-20260911-long-step-2000,single_seq,pair_network,,,,,,all,L,0.2791519434628975,35250,240,283,eval-test
foldbench_monomer,8qle_A,283,sparsa-scale-main-20260911-long-step-2000,single_seq,pair_network,,,,,,all,L/2,0.3475177304964539,35250,240,141,eval-test
foldbench_monomer,8qle_A,283,sparsa-scale-main-20260911-long-step-2000,single_seq,pair_network,,,,,,all,L/5,0.4642857142857143,35250,240,56,eval-test
foldbench_monomer,8qle_A,283,sparsa-scale-main-20260911-long-step-2000,single_seq,pair_network,,,,,,all,R,0.3,35250,240,240,eval-test
foldbench_monomer,8qle_A,283,sparsa-scale-main-20260911-long-step-2000,single_seq,pair_network,,,,,,all,AUC,0.9526957178901267,35250,240,35250,eval-test
foldbench_monomer,8qle_A,283,sparsa-scale-main-20260911-long-step-2000,single_seq,pair_network,,,,,,short,L,0.03180212014134275,1569,10,283,eval-test
foldbench_monomer,8qle_A,283,sparsa-scale-main-20260911-long-step-2000,single_seq,pair_network,,,,,,short,L/2,0.05673758865248227,1569,10,141,eval-test
foldbench_monomer,8qle_A,283,sparsa-scale-main-20260911-long-step-2000,single_seq,pair_network,,,,,,short,L/5,0.08928571428571429,1569,10,56,eval-test
foldbench_monomer,8qle_A,283,sparsa-scale-main-20260911-long-step-2000,single_seq,pair_network,,,,,,short,R,0.1,1569,10,10,eval-test
foldbench_monomer,8qle_A,283,sparsa-scale-main-20260911-long-step-2000,single_seq,pair_network,,,,,,short,AUC,0.9351828094932648,1569,10,1569,eval-test
foldbench_monomer,8qle_A,283,sparsa-scale-main-20260911-long-step-2000,single_seq,pair_network,,,,,,medium,L,0.10247349823321555,3030,34,283,eval-test
foldbench_monomer,8qle_A,283,sparsa-scale-main-20260911-long-step-2000,single_seq,pair_network,,,,,,medium,L/2,0.1702127659574468,3030,34,141,eval-test
foldbench_monomer,8qle_A,283,sparsa-scale-main-20260911-long-step-2000,single_seq,pair_network,,,,,,medium,L/5,0.32142857142857145,3030,34,56,eval-test
foldbench_monomer,8qle_A,283,sparsa-scale-main-20260911-long-step-2000,single_seq,pair_network,,,,,,medium,R,0.38235294117647056,3030,34,34,eval-test
foldbench_monomer,8qle_A,283,sparsa-scale-main-20260911-long-step-2000,single_seq,pair_network,,,,,,medium,AUC,0.9587538286342575,3030,34,3030,eval-test
foldbench_monomer,8qle_A,283,sparsa-scale-main-20260911-long-step-2000,single_seq,pair_network,,,,,,long,L,0.22968197879858657,30651,196,283,eval-test
foldbench_monomer,8qle_A,283,sparsa-scale-main-20260911-long-step-2000,single_seq,pair_network,,,,,,long,L/2,0.3475177304964539,30651,196,141,eval-test
foldbench_monomer,8qle_A,283,sparsa-scale-main-20260911-long-step-2000,single_seq,pair_network,,,,,,long,L/5,0.4107142857142857,30651,196,56,eval-test
foldbench_monomer,8qle_A,283,sparsa-scale-main-20260911-long-step-2000,single_seq,pair_network,,,,,,long,R,0.29591836734693877,30651,196,196,eval-test
foldbench_monomer,8qle_A,283,sparsa-scale-main-20260911-long-step-2000,single_seq,pair_network,,,,,,long,AUC,0.9535323947342851,30651,196,30651,eval-test
foldbench_monomer,8qx6_A,165,sparsa-scale-main-20260911-long-step-2000,single_seq,pair_network,,,,,,all,L,0.3575757575757576,12720,181,165,eval-test
foldbench_monomer,8qx6_A,165,sparsa-scale-main-20260911-long-step-2000,single_seq,pair_network,,,,,,all,L/2,0.5365853658536586,12720,181,82,eval-test
foldbench_monomer,8qx6_A,165,sparsa-scale-main-20260911-long-step-2000,single_seq,pair_network,,,,,,all,L/5,0.7878787878787878,12720,181,33,eval-test
foldbench_monomer,8qx6_A,165,sparsa-scale-main-20260911-long-step-2000,single_seq,pair_network,,,,,,all,R,0.3370165745856354,12720,181,181,eval-test
foldbench_monomer,8qx6_A,165,sparsa-scale-main-20260911-long-step-2000,single_seq,pair_network,,,,,,all,AUC,0.9382465932808972,12720,181,12720,eval-test
foldbench_monomer,8qx6_A,165,sparsa-scale-main-20260911-long-step-2000,single_seq,pair_network,,,,,,short,L,0.09090909090909091,939,16,165,eval-test
foldbench_monomer,8qx6_A,165,sparsa-scale-main-20260911-long-step-2000,single_seq,pair_network,,,,,,short,L/2,0.13414634146341464,939,16,82,eval-test
foldbench_monomer,8qx6_A,165,sparsa-scale-main-20260911-long-step-2000,single_seq,pair_network,,,,,,short,L/5,0.21212121212121213,939,16,33,eval-test
foldbench_monomer,8qx6_A,165,sparsa-scale-main-20260911-long-step-2000,single_seq,pair_network,,,,,,short,R,0.4375,939,16,16,eval-test
foldbench_monomer,8qx6_A,165,sparsa-scale-main-20260911-long-step-2000,single_seq,pair_network,,,,,,short,AUC,0.948537378114843,939,16,939,eval-test
foldbench_monomer,8qx6_A,165,sparsa-scale-main-20260911-long-step-2000,single_seq,pair_network,,,,,,medium,L,0.15151515151515152,1770,32,165,eval-test
foldbench_monomer,8qx6_A,165,sparsa-scale-main-20260911-long-step-2000,single_seq,pair_network,,,,,,medium,L/2,0.24390243902439024,1770,32,82,eval-test
foldbench_monomer,8qx6_A,165,sparsa-scale-main-20260911-long-step-2000,single_seq,pair_network,,,,,,medium,L/5,0.3939393939393939,1770,32,33,eval-test
foldbench_monomer,8qx6_A,165,sparsa-scale-main-20260911-long-step-2000,single_seq,pair_network,,,,,,medium,R,0.40625,1770,32,32,eval-test
foldbench_monomer,8qx6_A,165,sparsa-scale-main-20260911-long-step-2000,single_seq,pair_network,,,,,,medium,AUC,0.9343444332566169,1770,32,1770,eval-test
foldbench_monomer,8qx6_A,165,sparsa-scale-main-20260911-long-step-2000,single_seq,pair_network,,,,,,long,L,0.2787878787878788,10011,133,165,eval-test
foldbench_monomer,8qx6_A,165,sparsa-scale-main-20260911-long-step-2000,single_seq,pair_network,,,,,,long,L/2,0.43902439024390244,10011,133,82,eval-test
foldbench_monomer,8qx6_A,165,sparsa-scale-main-20260911-long-step-2000,single_seq,pair_network,,,,,,long,L/5,0.696969696969697,10011,133,33,eval-test
foldbench_monomer,8qx6_A,165,sparsa-scale-main-20260911-long-step-2000,single_seq,pair_network,,,,,,long,R,0.3157894736842105,10011,133,133,eval-test
foldbench_monomer,8qx6_A,165,sparsa-scale-main-20260911-long-step-2000,single_seq,pair_network,,,,,,long,AUC,0.9387794247716883,10011,133,10011,eval-test
foldbench_monomer,8r2c_A,169,sparsa-scale-main-20260911-long-step-2000,single_seq,pair_network,,,,,,all,L,0.22485207100591717,13366,184,169,eval-test
foldbench_monomer,8r2c_A,169,sparsa-scale-main-20260911-long-step-2000,single_seq,pair_network,,,,,,all,L/2,0.38095238095238093,13366,184,84,eval-test
foldbench_monomer,8r2c_A,169,sparsa-scale-main-20260911-long-step-2000,single_seq,pair_network,,,,,,all,L/5,0.5151515151515151,13366,184,33,eval-test
foldbench_monomer,8r2c_A,169,sparsa-scale-main-20260911-long-step-2000,single_seq,pair_network,,,,,,all,R,0.21739130434782608,13366,184,184,eval-test
foldbench_monomer,8r2c_A,169,sparsa-scale-main-20260911-long-step-2000,single_seq,pair_network,,,,,,all,AUC,0.8329791777984472,13366,184,13366,eval-test
foldbench_monomer,8r2c_A,169,sparsa-scale-main-20260911-long-step-2000,single_seq,pair_network,,,,,,short,L,0.1952662721893491,963,36,169,eval-test
foldbench_monomer,8r2c_A,169,sparsa-scale-main-20260911-long-step-2000,single_seq,pair_network,,,,,,short,L/2,0.30952380952380953,963,36,84,eval-test
foldbench_monomer,8r2c_A,169,sparsa-scale-main-20260911-long-step-2000,single_seq,pair_network,,,,,,short,L/5,0.5757575757575758,963,36,33,eval-test
foldbench_monomer,8r2c_A,169,sparsa-scale-main-20260911-long-step-2000,single_seq,pair_network,,,,,,short,R,0.5555555555555556,963,36,36,eval-test
foldbench_monomer,8r2c_A,169,sparsa-scale-main-20260911-long-step-2000,single_seq,pair_network,,,,,,short,AUC,0.9479054297015461,963,36,963,eval-test
foldbench_monomer,8r2c_A,169,sparsa-scale-main-20260911-long-step-2000,single_seq,pair_network,,,,,,medium,L,0.08284023668639054,1818,29,169,eval-test
foldbench_monomer,8r2c_A,169,sparsa-scale-main-20260911-long-step-2000,single_seq,pair_network,,,,,,medium,L/2,0.14285714285714285,1818,29,84,eval-test
foldbench_monomer,8r2c_A,169,sparsa-scale-main-20260911-long-step-2000,single_seq,pair_network,,,,,,medium,L/5,0.2727272727272727,1818,29,33,eval-test
foldbench_monomer,8r2c_A,169,sparsa-scale-main-20260911-long-step-2000,single_seq,pair_network,,,,,,medium,R,0.27586206896551724,1818,29,29,eval-test
foldbench_monomer,8r2c_A,169,sparsa-scale-main-20260911-long-step-2000,single_seq,pair_network,,,,,,medium,AUC,0.8858252539465314,1818,29,1818,eval-test
foldbench_monomer,8r2c_A,169,sparsa-scale-main-20260911-long-step-2000,single_seq,pair_network,,,,,,long,L,0.05917159763313609,10585,119,169,eval-test
foldbench_monomer,8r2c_A,169,sparsa-scale-main-20260911-long-step-2000,single_seq,pair_network,,,,,,long,L/2,0.08333333333333333,10585,119,84,eval-test
foldbench_monomer,8r2c_A,169,sparsa-scale-main-20260911-long-step-2000,single_seq,pair_network,,,,,,long,L/5,0.12121212121212122,10585,119,33,eval-test
foldbench_monomer,8r2c_A,169,sparsa-scale-main-20260911-long-step-2000,single_seq,pair_network,,,,,,long,R,0.07563025210084033,10585,119,119,eval-test
foldbench_monomer,8r2c_A,169,sparsa-scale-main-20260911-long-step-2000,single_seq,pair_network,,,,,,long,AUC,0.7885598344057668,10585,119,10585,eval-test
foldbench_monomer,8r5n_A,165,sparsa-scale-main-20260911-long-step-2000,single_seq,pair_network,,,,,,all,L,0.08484848484848485,12720,185,165,eval-test
foldbench_monomer,8r5n_A,165,sparsa-scale-main-20260911-long-step-2000,single_seq,pair_network,,,,,,all,L/2,0.04878048780487805,12720,185,82,eval-test
foldbench_monomer,8r5n_A,165,sparsa-scale-main-20260911-long-step-2000,single_seq,pair_network,,,,,,all,L/5,0.030303030303030304,12720,185,33,eval-test
foldbench_monomer,8r5n_A,165,sparsa-scale-main-20260911-long-step-2000,single_seq,pair_network,,,,,,all,R,0.08108108108108109,12720,185,185,eval-test
foldbench_monomer,8r5n_A,165,sparsa-scale-main-20260911-long-step-2000,single_seq,pair_network,,,,,,all,AUC,0.7815008786209425,12720,185,12720,eval-test
foldbench_monomer,8r5n_A,165,sparsa-scale-main-20260911-long-step-2000,single_seq,pair_network,,,,,,short,L,0.13333333333333333,939,46,165,eval-test
foldbench_monomer,8r5n_A,165,sparsa-scale-main-20260911-long-step-2000,single_seq,pair_network,,,,,,short,L/2,0.17073170731707318,939,46,82,eval-test
foldbench_monomer,8r5n_A,165,sparsa-scale-main-20260911-long-step-2000,single_seq,pair_network,,,,,,short,L/5,0.12121212121212122,939,46,33,eval-test
foldbench_monomer,8r5n_A,165,sparsa-scale-main-20260911-long-step-2000,single_seq,pair_network,,,,,,short,R,0.15217391304347827,939,46,46,eval-test
foldbench_monomer,8r5n_A,165,sparsa-scale-main-20260911-long-step-2000,single_seq,pair_network,,,,,,short,AUC,0.7718608500900725,939,46,939,eval-test
foldbench_monomer,8r5n_A,165,sparsa-scale-main-20260911-long-step-2000,single_seq,pair_network,,,,,,medium,L,0.07272727272727272,1770,46,165,eval-test
foldbench_monomer,8r5n_A,165,sparsa-scale-main-20260911-long-step-2000,single_seq,pair_network,,,,,,medium,L/2,0.04878048780487805,1770,46,82,eval-test
foldbench_monomer,8r5n_A,165,sparsa-scale-main-20260911-long-step-2000,single_seq,pair_network,,,,,,medium,L/5,0.0,1770,46,33,eval-test
foldbench_monomer,8r5n_A,165,sparsa-scale-main-20260911-long-step-2000,single_seq,pair_network,,,,,,medium,R,0.06521739130434782,1770,46,46,eval-test
foldbench_monomer,8r5n_A,165,sparsa-scale-main-20260911-long-step-2000,single_seq,pair_network,,,,,,medium,AUC,0.7832139614647432,1770,46,1770,eval-test
foldbench_monomer,8r5n_A,165,sparsa-scale-main-20260911-long-step-2000,single_seq,pair_network,,,,,,long,L,0.030303030303030304,10011,93,165,eval-test
foldbench_monomer,8r5n_A,165,sparsa-scale-main-20260911-long-step-2000,single_seq,pair_network,,,,,,long,L/2,0.036585365853658534,10011,93,82,eval-test
foldbench_monomer,8r5n_A,165,sparsa-scale-main-20260911-long-step-2000,single_seq,pair_network,,,,,,long,L/5,0.0,10011,93,33,eval-test
foldbench_monomer,8r5n_A,165,sparsa-scale-main-20260911-long-step-2000,single_seq,pair_network,,,,,,long,R,0.03225806451612903,10011,93,93,eval-test
foldbench_monomer,8r5n_A,165,sparsa-scale-main-20260911-long-step-2000,single_seq,pair_network,,,,,,long,AUC,0.7496617424168505,10011,93,10011,eval-test
foldbench_monomer,8ra0_A,499,sparsa-scale-main-20260911-long-step-2000,single_seq,pair_network,,,,,,all,L,0.23246492985971945,114481,495,499,eval-test
foldbench_monomer,8ra0_A,499,sparsa-scale-main-20260911-long-step-2000,single_seq,pair_network,,,,,,all,L/2,0.3333333333333333,114481,495,249,eval-test
foldbench_monomer,8ra0_A,499,sparsa-scale-main-20260911-long-step-2000,single_seq,pair_network,,,,,,all,L/5,0.5555555555555556,114481,495,99,eval-test
foldbench_monomer,8ra0_A,499,sparsa-scale-main-20260911-long-step-2000,single_seq,pair_network,,,,,,all,R,0.23434343434343435,114481,495,495,eval-test
foldbench_monomer,8ra0_A,499,sparsa-scale-main-20260911-long-step-2000,single_seq,pair_network,,,,,,all,AUC,0.9336020088945888,114481,495,114481,eval-test
foldbench_monomer,8ra0_A,499,sparsa-scale-main-20260911-long-step-2000,single_seq,pair_network,,,,,,short,L,0.09619238476953908,2853,53,499,eval-test
foldbench_monomer,8ra0_A,499,sparsa-scale-main-20260911-long-step-2000,single_seq,pair_network,,,,,,short,L/2,0.15261044176706828,2853,53,249,eval-test
foldbench_monomer,8ra0_A,499,sparsa-scale-main-20260911-long-step-2000,single_seq,pair_network,,,,,,short,L/5,0.26262626262626265,2853,53,99,eval-test
foldbench_monomer,8ra0_A,499,sparsa-scale-main-20260911-long-step-2000,single_seq,pair_network,,,,,,short,R,0.37735849056603776,2853,53,53,eval-test
foldbench_monomer,8ra0_A,499,sparsa-scale-main-20260911-long-step-2000,single_seq,pair_network,,,,,,short,AUC,0.9415128032345014,2853,53,2853,eval-test
foldbench_monomer,8ra0_A,499,sparsa-scale-main-20260911-long-step-2000,single_seq,pair_network,,,,,,medium,L,0.10020040080160321,5598,104,499,eval-test
foldbench_monomer,8ra0_A,499,sparsa-scale-main-20260911-long-step-2000,single_seq,pair_network,,,,,,medium,L/2,0.14056224899598393,5598,104,249,eval-test
foldbench_monomer,8ra0_A,499,sparsa-scale-main-20260911-long-step-2000,single_seq,pair_network,,,,,,medium,L/5,0.2222222222222222,5598,104,99,eval-test
foldbench_monomer,8ra0_A,499,sparsa-scale-main-20260911-long-step-2000,single_seq,pair_network,,,,,,medium,R,0.22115384615384615,5598,104,104,eval-test
foldbench_monomer,8ra0_A,499,sparsa-scale-main-20260911-long-step-2000,single_seq,pair_network,,,,,,medium,AUC,0.8991390957968133,5598,104,5598,eval-test
foldbench_monomer,8ra0_A,499,sparsa-scale-main-20260911-long-step-2000,single_seq,pair_network,,,,,,long,L,0.1623246492985972,106030,338,499,eval-test
foldbench_monomer,8ra0_A,499,sparsa-scale-main-20260911-long-step-2000,single_seq,pair_network,,,,,,long,L/2,0.26104417670682734,106030,338,249,eval-test
foldbench_monomer,8ra0_A,499,sparsa-scale-main-20260911-long-step-2000,single_seq,pair_network,,,,,,long,L/5,0.41414141414141414,106030,338,99,eval-test
foldbench_monomer,8ra0_A,499,sparsa-scale-main-20260911-long-step-2000,single_seq,pair_network,,,,,,long,R,0.21005917159763313,106030,338,338,eval-test
foldbench_monomer,8ra0_A,499,sparsa-scale-main-20260911-long-step-2000,single_seq,pair_network,,,,,,long,AUC,0.9214702254199821,106030,338,106030,eval-test
foldbench_monomer,8rcw_A,229,sparsa-scale-main-20260911-long-step-2000,single_seq,pair_network,,,,,,all,L,0.22707423580786026,19900,203,229,eval-test
foldbench_monomer,8rcw_A,229,sparsa-scale-main-20260911-long-step-2000,single_seq,pair_network,,,,,,all,L/2,0.2631578947368421,19900,203,114,eval-test
foldbench_monomer,8rcw_A,229,sparsa-scale-main-20260911-long-step-2000,single_seq,pair_network,,,,,,all,L/5,0.4222222222222222,19900,203,45,eval-test
foldbench_monomer,8rcw_A,229,sparsa-scale-main-20260911-long-step-2000,single_seq,pair_network,,,,,,all,R,0.24630541871921183,19900,203,203,eval-test
foldbench_monomer,8rcw_A,229,sparsa-scale-main-20260911-long-step-2000,single_seq,pair_network,,,,,,all,AUC,0.8841454188592647,19900,203,19900,eval-test
foldbench_monomer,8rcw_A,229,sparsa-scale-main-20260911-long-step-2000,single_seq,pair_network,,,,,,short,L,0.08296943231441048,1179,22,229,eval-test
foldbench_monomer,8rcw_A,229,sparsa-scale-main-20260911-long-step-2000,single_seq,pair_network,,,,,,short,L/2,0.14035087719298245,1179,22,114,eval-test
foldbench_monomer,8rcw_A,229,sparsa-scale-main-20260911-long-step-2000,single_seq,pair_network,,,,,,short,L/5,0.2222222222222222,1179,22,45,eval-test
foldbench_monomer,8rcw_A,229,sparsa-scale-main-20260911-long-step-2000,single_seq,pair_network,,,,,,short,R,0.36363636363636365,1179,22,22,eval-test
foldbench_monomer,8rcw_A,229,sparsa-scale-main-20260911-long-step-2000,single_seq,pair_network,,,,,,short,AUC,0.9252573269427202,1179,22,1179,eval-test
foldbench_monomer,8rcw_A,229,sparsa-scale-main-20260911-long-step-2000,single_seq,pair_network,,,,,,medium,L,0.1222707423580786,2250,38,229,eval-test
foldbench_monomer,8rcw_A,229,sparsa-scale-main-20260911-long-step-2000,single_seq,pair_network,,,,,,medium,L/2,0.14912280701754385,2250,38,114,eval-test
foldbench_monomer,8rcw_A,229,sparsa-scale-main-20260911-long-step-2000,single_seq,pair_network,,,,,,medium,L/5,0.28888888888888886,2250,38,45,eval-test
foldbench_monomer,8rcw_A,229,sparsa-scale-main-20260911-long-step-2000,single_seq,pair_network,,,,,,medium,R,0.3157894736842105,2250,38,38,eval-test
foldbench_monomer,8rcw_A,229,sparsa-scale-main-20260911-long-step-2000,single_seq,pair_network,,,,,,medium,AUC,0.9245443513847911,2250,38,2250,eval-test
foldbench_monomer,8rcw_A,229,sparsa-scale-main-20260911-long-step-2000,single_seq,pair_network,,,,,,long,L,0.19213973799126638,16471,143,229,eval-test
foldbench_monomer,8rcw_A,229,sparsa-scale-main-20260911-long-step-2000,single_seq,pair_network,,,,,,long,L/2,0.2807017543859649,16471,143,114,eval-test
foldbench_monomer,8rcw_A,229,sparsa-scale-main-20260911-long-step-2000,single_seq,pair_network,,,,,,long,L/5,0.4444444444444444,16471,143,45,eval-test
foldbench_monomer,8rcw_A,229,sparsa-scale-main-20260911-long-step-2000,single_seq,pair_network,,,,,,long,R,0.24475524475524477,16471,143,143,eval-test
foldbench_monomer,8rcw_A,229,sparsa-scale-main-20260911-long-step-2000,single_seq,pair_network,,,,,,long,AUC,0.8664754525239582,16471,143,16471,eval-test
foldbench_monomer,8rdd_A,170,sparsa-scale-main-20260911-long-step-2000,single_seq,pair_network,,,,,,all,L,0.3411764705882353,12408,156,170,eval-test
foldbench_monomer,8rdd_A,170,sparsa-scale-main-20260911-long-step-2000,single_seq,pair_network,,,,,,all,L/2,0.4823529411764706,12408,156,85,eval-test
foldbench_monomer,8rdd_A,170,sparsa-scale-main-20260911-long-step-2000,single_seq,pair_network,,,,,,all,L/5,0.6470588235294118,12408,156,34,eval-test
foldbench_monomer,8rdd_A,170,sparsa-scale-main-20260911-long-step-2000,single_seq,pair_network,,,,,,all,R,0.3717948717948718,12408,156,156,eval-test
foldbench_monomer,8rdd_A,170,sparsa-scale-main-20260911-long-step-2000,single_seq,pair_network,,,,,,all,AUC,0.9266770678989091,12408,156,12408,eval-test
foldbench_monomer,8rdd_A,170,sparsa-scale-main-20260911-long-step-2000,single_seq,pair_network,,,,,,short,L,0.09411764705882353,922,21,170,eval-test
foldbench_monomer,8rdd_A,170,sparsa-scale-main-20260911-long-step-2000,single_seq,pair_network,,,,,,short,L/2,0.15294117647058825,922,21,85,eval-test
foldbench_monomer,8rdd_A,170,sparsa-scale-main-20260911-long-step-2000,single_seq,pair_network,,,,,,short,L/5,0.29411764705882354,922,21,34,eval-test
foldbench_monomer,8rdd_A,170,sparsa-scale-main-20260911-long-step-2000,single_seq,pair_network,,,,,,short,R,0.3333333333333333,922,21,21,eval-test
foldbench_monomer,8rdd_A,170,sparsa-scale-main-20260911-long-step-2000,single_seq,pair_network,,,,,,short,AUC,0.8968342053802654,922,21,922,eval-test
foldbench_monomer,8rdd_A,170,sparsa-scale-main-20260911-long-step-2000,single_seq,pair_network,,,,,,medium,L,0.041176470588235294,1746,15,170,eval-test
foldbench_monomer,8rdd_A,170,sparsa-scale-main-20260911-long-step-2000,single_seq,pair_network,,,,,,medium,L/2,0.07058823529411765,1746,15,85,eval-test
foldbench_monomer,8rdd_A,170,sparsa-scale-main-20260911-long-step-2000,single_seq,pair_network,,,,,,medium,L/5,0.11764705882352941,1746,15,34,eval-test
foldbench_monomer,8rdd_A,170,sparsa-scale-main-20260911-long-step-2000,single_seq,pair_network,,,,,,medium,R,0.13333333333333333,1746,15,15,eval-test
foldbench_monomer,8rdd_A,170,sparsa-scale-main-20260911-long-step-2000,single_seq,pair_network,,,,,,medium,AUC,0.8890236857307914,1746,15,1746,eval-test
foldbench_monomer,8rdd_A,170,sparsa-scale-main-20260911-long-step-2000,single_seq,pair_network,,,,,,long,L,0.3058823529411765,9740,120,170,eval-test
foldbench_monomer,8rdd_A,170,sparsa-scale-main-20260911-long-step-2000,single_seq,pair_network,,,,,,long,L/2,0.5176470588235295,9740,120,85,eval-test
foldbench_monomer,8rdd_A,170,sparsa-scale-main-20260911-long-step-2000,single_seq,pair_network,,,,,,long,L/5,0.7941176470588235,9740,120,34,eval-test
foldbench_monomer,8rdd_A,170,sparsa-scale-main-20260911-long-step-2000,single_seq,pair_network,,,,,,long,R,0.4,9740,120,120,eval-test
foldbench_monomer,8rdd_A,170,sparsa-scale-main-20260911-long-step-2000,single_seq,pair_network,,,,,,long,AUC,0.9341761954261953,9740,120,9740,eval-test
foldbench_monomer,8re3_A,445,sparsa-scale-main-20260911-long-step-2000,single_seq,pair_network,,,,,,all,L,0.14157303370786517,96580,510,445,eval-test
foldbench_monomer,8re3_A,445,sparsa-scale-main-20260911-long-step-2000,single_seq,pair_network,,,,,,all,L/2,0.18468468468468469,96580,510,222,eval-test
foldbench_monomer,8re3_A,445,sparsa-scale-main-20260911-long-step-2000,single_seq,pair_network,,,,,,all,L/5,0.3146067415730337,96580,510,89,eval-test
foldbench_monomer,8re3_A,445,sparsa-scale-main-20260911-long-step-2000,single_seq,pair_network,,,,,,all,R,0.13137254901960785,96580,510,510,eval-test
foldbench_monomer,8re3_A,445,sparsa-scale-main-20260911-long-step-2000,single_seq,pair_network,,,,,,all,AUC,0.8652156515775875,96580,510,96580,eval-test
foldbench_monomer,8re3_A,445,sparsa-scale-main-20260911-long-step-2000,single_seq,pair_network,,,,,,short,L,0.09213483146067415,2619,65,445,eval-test
foldbench_monomer,8re3_A,445,sparsa-scale-main-20260911-long-step-2000,single_seq,pair_network,,,,,,short,L/2,0.13513513513513514,2619,65,222,eval-test
foldbench_monomer,8re3_A,445,sparsa-scale-main-20260911-long-step-2000,single_seq,pair_network,,,,,,short,L/5,0.19101123595505617,2619,65,89,eval-test
foldbench_monomer,8re3_A,445,sparsa-scale-main-20260911-long-step-2000,single_seq,pair_network,,,,,,short,R,0.2,2619,65,65,eval-test
foldbench_monomer,8re3_A,445,sparsa-scale-main-20260911-long-step-2000,single_seq,pair_network,,,,,,short,AUC,0.8357147159809649,2619,65,2619,eval-test
foldbench_monomer,8re3_A,445,sparsa-scale-main-20260911-long-step-2000,single_seq,pair_network,,,,,,medium,L,0.04719101123595506,5130,62,445,eval-test
foldbench_monomer,8re3_A,445,sparsa-scale-main-20260911-long-step-2000,single_seq,pair_network,,,,,,medium,L/2,0.07207207207207207,5130,62,222,eval-test
foldbench_monomer,8re3_A,445,sparsa-scale-main-20260911-long-step-2000,single_seq,pair_network,,,,,,medium,L/5,0.0898876404494382,5130,62,89,eval-test
foldbench_monomer,8re3_A,445,sparsa-scale-main-20260911-long-step-2000,single_seq,pair_network,,,,,,medium,R,0.11290322580645161,5130,62,62,eval-test
foldbench_monomer,8re3_A,445,sparsa-scale-main-20260911-long-step-2000,single_seq,pair_network,,,,,,medium,AUC,0.8300404817068514,5130,62,5130,eval-test
foldbench_monomer,8re3_A,445,sparsa-scale-main-20260911-long-step-2000,single_seq,pair_network,,,,,,long,L,0.10112359550561797,88831,383,445,eval-test
foldbench_monomer,8re3_A,445,sparsa-scale-main-20260911-long-step-2000,single_seq,pair_network,,,,,,long,L/2,0.13513513513513514,88831,383,222,eval-test
foldbench_monomer,8re3_A,445,sparsa-scale-main-20260911-long-step-2000,single_seq,pair_network,,,,,,long,L/5,0.2247191011235955,88831,383,89,eval-test
foldbench_monomer,8re3_A,445,sparsa-scale-main-20260911-long-step-2000,single_seq,pair_network,,,,,,long,R,0.10966057441253264,88831,383,383,eval-test
foldbench_monomer,8re3_A,445,sparsa-scale-main-20260911-long-step-2000,single_seq,pair_network,,,,,,long,AUC,0.8546455759995164,88831,383,88831,eval-test
foldbench_monomer,8rom_A,202,sparsa-scale-main-20260911-long-step-2000,single_seq,pair_network,,,,,,all,L,0.2524752475247525,17766,180,202,eval-test
foldbench_monomer,8rom_A,202,sparsa-scale-main-20260911-long-step-2000,single_seq,pair_network,,,,,,all,L/2,0.36633663366336633,17766,180,101,eval-test
foldbench_monomer,8rom_A,202,sparsa-scale-main-20260911-long-step-2000,single_seq,pair_network,,,,,,all,L/5,0.575,17766,180,40,eval-test
foldbench_monomer,8rom_A,202,sparsa-scale-main-20260911-long-step-2000,single_seq,pair_network,,,,,,all,R,0.2777777777777778,17766,180,180,eval-test
foldbench_monomer,8rom_A,202,sparsa-scale-main-20260911-long-step-2000,single_seq,pair_network,,,,,,all,AUC,0.9023577782832303,17766,180,17766,eval-test
foldbench_monomer,8rom_A,202,sparsa-scale-main-20260911-long-step-2000,single_seq,pair_network,,,,,,short,L,0.09900990099009901,1113,24,202,eval-test
foldbench_monomer,8rom_A,202,sparsa-scale-main-20260911-long-step-2000,single_seq,pair_network,,,,,,short,L/2,0.13861386138613863,1113,24,101,eval-test
foldbench_monomer,8rom_A,202,sparsa-scale-main-20260911-long-step-2000,single_seq,pair_network,,,,,,short,L/5,0.275,1113,24,40,eval-test
foldbench_monomer,8rom_A,202,sparsa-scale-main-20260911-long-step-2000,single_seq,pair_network,,,,,,short,R,0.4166666666666667,1113,24,24,eval-test
foldbench_monomer,8rom_A,202,sparsa-scale-main-20260911-long-step-2000,single_seq,pair_network,,,,,,short,AUC,0.9251798285889196,1113,24,1113,eval-test
foldbench_monomer,8rom_A,202,sparsa-scale-main-20260911-long-step-2000,single_seq,pair_network,,,,,,medium,L,0.08415841584158416,2118,21,202,eval-test
foldbench_monomer,8rom_A,202,sparsa-scale-main-20260911-long-step-2000,single_seq,pair_network,,,,,,medium,L/2,0.13861386138613863,2118,21,101,eval-test
foldbench_monomer,8rom_A,202,sparsa-scale-main-20260911-long-step-2000,single_seq,pair_network,,,,,,medium,L/5,0.275,2118,21,40,eval-test
foldbench_monomer,8rom_A,202,sparsa-scale-main-20260911-long-step-2000,single_seq,pair_network,,,,,,medium,R,0.3333333333333333,2118,21,21,eval-test
foldbench_monomer,8rom_A,202,sparsa-scale-main-20260911-long-step-2000,single_seq,pair_network,,,,,,medium,AUC,0.9564570701909758,2118,21,2118,eval-test
foldbench_monomer,8rom_A,202,sparsa-scale-main-20260911-long-step-2000,single_seq,pair_network,,,,,,long,L,0.19801980198019803,14535,135,202,eval-test
foldbench_monomer,8rom_A,202,sparsa-scale-main-20260911-long-step-2000,single_seq,pair_network,,,,,,long,L/2,0.27722772277227725,14535,135,101,eval-test
foldbench_monomer,8rom_A,202,sparsa-scale-main-20260911-long-step-2000,single_seq,pair_network,,,,,,long,L/5,0.525,14535,135,40,eval-test
foldbench_monomer,8rom_A,202,sparsa-scale-main-20260911-long-step-2000,single_seq,pair_network,,,,,,long,R,0.24444444444444444,14535,135,135,eval-test
foldbench_monomer,8rom_A,202,sparsa-scale-main-20260911-long-step-2000,single_seq,pair_network,,,,,,long,AUC,0.8891453189300412,14535,135,14535,eval-test
foldbench_monomer,8an4_A,196,sparsa-scale-main-20260911-long-step-2000,single_seq,pair_network,,,,,,all,L,0.1989795918367347,17955,172,196,eval-test
foldbench_monomer,8an4_A,196,sparsa-scale-main-20260911-long-step-2000,single_seq,pair_network,,,,,,all,L/2,0.23469387755102042,17955,172,98,eval-test
foldbench_monomer,8an4_A,196,sparsa-scale-main-20260911-long-step-2000,single_seq,pair_network,,,,,,all,L/5,0.3333333333333333,17955,172,39,eval-test
foldbench_monomer,8an4_A,196,sparsa-scale-main-20260911-long-step-2000,single_seq,pair_network,,,,,,all,R,0.20348837209302326,17955,172,172,eval-test
foldbench_monomer,8an4_A,196,sparsa-scale-main-20260911-long-step-2000,single_seq,pair_network,,,,,,all,AUC,0.9084569598087537,17955,172,17955,eval-test
foldbench_monomer,8an4_A,196,sparsa-scale-main-20260911-long-step-2000,single_seq,pair_network,,,,,,short,L,0.07142857142857142,1119,22,196,eval-test
foldbench_monomer,8an4_A,196,sparsa-scale-main-20260911-long-step-2000,single_seq,pair_network,,,,,,short,L/2,0.12244897959183673,1119,22,98,eval-test
foldbench_monomer,8an4_A,196,sparsa-scale-main-20260911-long-step-2000,single_seq,pair_network,,,,,,short,L/5,0.1282051282051282,1119,22,39,eval-test
foldbench_monomer,8an4_A,196,sparsa-scale-main-20260911-long-step-2000,single_seq,pair_network,,,,,,short,R,0.13636363636363635,1119,22,22,eval-test
foldbench_monomer,8an4_A,196,sparsa-scale-main-20260911-long-step-2000,single_seq,pair_network,,,,,,short,AUC,0.8633463164000994,1119,22,1119,eval-test
foldbench_monomer,8an4_A,196,sparsa-scale-main-20260911-long-step-2000,single_seq,pair_network,,,,,,medium,L,0.10204081632653061,2130,31,196,eval-test
foldbench_monomer,8an4_A,196,sparsa-scale-main-20260911-long-step-2000,single_seq,pair_network,,,,,,medium,L/2,0.17346938775510204,2130,31,98,eval-test
foldbench_monomer,8an4_A,196,sparsa-scale-main-20260911-long-step-2000,single_seq,pair_network,,,,,,medium,L/5,0.23076923076923078,2130,31,39,eval-test
foldbench_monomer,8an4_A,196,sparsa-scale-main-20260911-long-step-2000,single_seq,pair_network,,,,,,medium,R,0.25806451612903225,2130,31,31,eval-test
foldbench_monomer,8an4_A,196,sparsa-scale-main-20260911-long-step-2000,single_seq,pair_network,,,,,,medium,AUC,0.9277920361462448,2130,31,2130,eval-test
foldbench_monomer,8an4_A,196,sparsa-scale-main-20260911-long-step-2000,single_seq,pair_network,,,,,,long,L,0.15306122448979592,14706,119,196,eval-test
foldbench_monomer,8an4_A,196,sparsa-scale-main-20260911-long-step-2000,single_seq,pair_network,,,,,,long,L/2,0.20408163265306123,14706,119,98,eval-test
foldbench_monomer,8an4_A,196,sparsa-scale-main-20260911-long-step-2000,single_seq,pair_network,,,,,,long,L/5,0.3076923076923077,14706,119,39,eval-test
foldbench_monomer,8an4_A,196,sparsa-scale-main-20260911-long-step-2000,single_seq,pair_network,,,,,,long,R,0.19327731092436976,14706,119,119,eval-test
foldbench_monomer,8an4_A,196,sparsa-scale-main-20260911-long-step-2000,single_seq,pair_network,,,,,,long,AUC,0.9038167402424052,14706,119,14706,eval-test
foldbench_monomer,8qnf_A,537,sparsa-scale-main-20260911-long-step-2000,single_seq,pair_network,,,,,,all,L,0.1266294227188082,97466,474,537,eval-test
foldbench_monomer,8qnf_A,537,sparsa-scale-main-20260911-long-step-2000,single_seq,pair_network,,,,,,all,L/2,0.1791044776119403,97466,474,268,eval-test
foldbench_monomer,8qnf_A,537,sparsa-scale-main-20260911-long-step-2000,single_seq,pair_network,,,,,,all,L/5,0.2523364485981308,97466,474,107,eval-test
foldbench_monomer,8qnf_A,537,sparsa-scale-main-20260911-long-step-2000,single_seq,pair_network,,,,,,all,R,0.1308016877637131,97466,474,474,eval-test
foldbench_monomer,8qnf_A,537,sparsa-scale-main-20260911-long-step-2000,single_seq,pair_network,,,,,,all,AUC,0.8652414958404504,97466,474,97466,eval-test
foldbench_monomer,8qnf_A,537,sparsa-scale-main-20260911-long-step-2000,single_seq,pair_network,,,,,,short,L,0.0595903165735568,2625,35,537,eval-test
foldbench_monomer,8qnf_A,537,sparsa-scale-main-20260911-long-step-2000,single_seq,pair_network,,,,,,short,L/2,0.10820895522388059,2625,35,268,eval-test
foldbench_monomer,8qnf_A,537,sparsa-scale-main-20260911-long-step-2000,single_seq,pair_network,,,,,,short,L/5,0.18691588785046728,2625,35,107,eval-test
foldbench_monomer,8qnf_A,537,sparsa-scale-main-20260911-long-step-2000,single_seq,pair_network,,,,,,short,R,0.2571428571428571,2625,35,35,eval-test
foldbench_monomer,8qnf_A,537,sparsa-scale-main-20260911-long-step-2000,single_seq,pair_network,,,,,,short,AUC,0.9360783232211805,2625,35,2625,eval-test
foldbench_monomer,8qnf_A,537,sparsa-scale-main-20260911-long-step-2000,single_seq,pair_network,,,,,,medium,L,0.0782122905027933,5152,55,537,eval-test
foldbench_monomer,8qnf_A,537,sparsa-scale-main-20260911-long-step-2000,single_seq,pair_network,,,,,,medium,L/2,0.11567164179104478,5152,55,268,eval-test
foldbench_monomer,8qnf_A,537,sparsa-scale-main-20260911-long-step-2000,single_seq,pair_network,,,,,,medium,L/5,0.24299065420560748,5152,55,107,eval-test
foldbench_monomer,8qnf_A,537,sparsa-scale-main-20260911-long-step-2000,single_seq,pair_network,,,,,,medium,R,0.2727272727272727,5152,55,55,eval-test
foldbench_monomer,8qnf_A,537,sparsa-scale-main-20260911-long-step-2000,single_seq,pair_network,,,,,,medium,AUC,0.9267929441560989,5152,55,5152,eval-test
foldbench_monomer,8qnf_A,537,sparsa-scale-main-20260911-long-step-2000,single_seq,pair_network,,,,,,long,L,0.08007448789571694,89689,384,537,eval-test
foldbench_monomer,8qnf_A,537,sparsa-scale-main-20260911-long-step-2000,single_seq,pair_network,,,,,,long,L/2,0.07835820895522388,89689,384,268,eval-test
foldbench_monomer,8qnf_A,537,sparsa-scale-main-20260911-long-step-2000,single_seq,pair_network,,,,,,long,L/5,0.056074766355140186,89689,384,107,eval-test
foldbench_monomer,8qnf_A,537,sparsa-scale-main-20260911-long-step-2000,single_seq,pair_network,,,,,,long,R,0.08333333333333333,89689,384,384,eval-test
foldbench_monomer,8qnf_A,537,sparsa-scale-main-20260911-long-step-2000,single_seq,pair_network,,,,,,long,AUC,0.8507419418238993,89689,384,89689,eval-test
foldbench_monomer,8s5b_A,396,sparsa-scale-main-20260911-long-step-2000,single_seq,pair_network,,,,,,all,L,0.19696969696969696,69033,407,396,eval-test
foldbench_monomer,8s5b_A,396,sparsa-scale-main-20260911-long-step-2000,single_seq,pair_network,,,,,,all,L/2,0.29292929292929293,69033,407,198,eval-test
foldbench_monomer,8s5b_A,396,sparsa-scale-main-20260911-long-step-2000,single_seq,pair_network,,,,,,all,L/5,0.5189873417721519,69033,407,79,eval-test
foldbench_monomer,8s5b_A,396,sparsa-scale-main-20260911-long-step-2000,single_seq,pair_network,,,,,,all,R,0.19656019656019655,69033,407,407,eval-test
foldbench_monomer,8s5b_A,396,sparsa-scale-main-20260911-long-step-2000,single_seq,pair_network,,,,,,all,AUC,0.8882352989615543,69033,407,69033,eval-test
foldbench_monomer,8s5b_A,396,sparsa-scale-main-20260911-long-step-2000,single_seq,pair_network,,,,,,short,L,0.09848484848484848,2160,48,396,eval-test
foldbench_monomer,8s5b_A,396,sparsa-scale-main-20260911-long-step-2000,single_seq,pair_network,,,,,,short,L/2,0.14646464646464646,2160,48,198,eval-test
foldbench_monomer,8s5b_A,396,sparsa-scale-main-20260911-long-step-2000,single_seq,pair_network,,,,,,short,L/5,0.20253164556962025,2160,48,79,eval-test
foldbench_monomer,8s5b_A,396,sparsa-scale-main-20260911-long-step-2000,single_seq,pair_network,,,,,,short,R,0.25,2160,48,48,eval-test
foldbench_monomer,8s5b_A,396,sparsa-scale-main-20260911-long-step-2000,single_seq,pair_network,,,,,,short,AUC,0.8974757339015151,2160,48,2160,eval-test
foldbench_monomer,8s5b_A,396,sparsa-scale-main-20260911-long-step-2000,single_seq,pair_network,,,,,,medium,L,0.09090909090909091,4272,82,396,eval-test
foldbench_monomer,8s5b_A,396,sparsa-scale-main-20260911-long-step-2000,single_seq,pair_network,,,,,,medium,L/2,0.1414141414141414,4272,82,198,eval-test
foldbench_monomer,8s5b_A,396,sparsa-scale-main-20260911-long-step-2000,single_seq,pair_network,,,,,,medium,L/5,0.21518987341772153,4272,82,79,eval-test
foldbench_monomer,8s5b_A,396,sparsa-scale-main-20260911-long-step-2000,single_seq,pair_network,,,,,,medium,R,0.2073170731707317,4272,82,82,eval-test
foldbench_monomer,8s5b_A,396,sparsa-scale-main-20260911-long-step-2000,single_seq,pair_network,,,,,,medium,AUC,0.8229640840561151,4272,82,4272,eval-test
foldbench_monomer,8s5b_A,396,sparsa-scale-main-20260911-long-step-2000,single_seq,pair_network,,,,,,long,L,0.1590909090909091,62601,277,396,eval-test
foldbench_monomer,8s5b_A,396,sparsa-scale-main-20260911-long-step-2000,single_seq,pair_network,,,,,,long,L/2,0.21717171717171718,62601,277,198,eval-test
foldbench_monomer,8s5b_A,396,sparsa-scale-main-20260911-long-step-2000,single_seq,pair_network,,,,,,long,L/5,0.3670886075949367,62601,277,79,eval-test
foldbench_monomer,8s5b_A,396,sparsa-scale-main-20260911-long-step-2000,single_seq,pair_network,,,,,,long,R,0.16967509025270758,62601,277,277,eval-test
foldbench_monomer,8s5b_A,396,sparsa-scale-main-20260911-long-step-2000,single_seq,pair_network,,,,,,long,AUC,0.8840080670779021,62601,277,62601,eval-test
foldbench_monomer,8s9l_A,270,sparsa-scale-main-20260911-long-step-2000,single_seq,pair_network,,,,,,all,L,0.1259259259259259,27760,243,270,eval-test
foldbench_monomer,8s9l_A,270,sparsa-scale-main-20260911-long-step-2000,single_seq,pair_network,,,,,,all,L/2,0.2074074074074074,27760,243,135,eval-test
foldbench_monomer,8s9l_A,270,sparsa-scale-main-20260911-long-step-2000,single_seq,pair_network,,,,,,all,L/5,0.3333333333333333,27760,243,54,eval-test
foldbench_monomer,8s9l_A,270,sparsa-scale-main-20260911-long-step-2000,single_seq,pair_network,,,,,,all,R,0.13580246913580246,27760,243,243,eval-test
foldbench_monomer,8s9l_A,270,sparsa-scale-main-20260911-long-step-2000,single_seq,pair_network,,,,,,all,AUC,0.8326890626983903,27760,243,27760,eval-test
foldbench_monomer,8s9l_A,270,sparsa-scale-main-20260911-long-step-2000,single_seq,pair_network,,,,,,short,L,0.1111111111111111,1305,32,270,eval-test
foldbench_monomer,8s9l_A,270,sparsa-scale-main-20260911-long-step-2000,single_seq,pair_network,,,,,,short,L/2,0.18518518518518517,1305,32,135,eval-test
foldbench_monomer,8s9l_A,270,sparsa-scale-main-20260911-long-step-2000,single_seq,pair_network,,,,,,short,L/5,0.3333333333333333,1305,32,54,eval-test
foldbench_monomer,8s9l_A,270,sparsa-scale-main-20260911-long-step-2000,single_seq,pair_network,,,,,,short,R,0.46875,1305,32,32,eval-test
foldbench_monomer,8s9l_A,270,sparsa-scale-main-20260911-long-step-2000,single_seq,pair_network,,,,,,short,AUC,0.9418205027494109,1305,32,1305,eval-test
foldbench_monomer,8s9l_A,270,sparsa-scale-main-20260911-long-step-2000,single_seq,pair_network,,,,,,medium,L,0.07777777777777778,2490,43,270,eval-test
foldbench_monomer,8s9l_A,270,sparsa-scale-main-20260911-long-step-2000,single_seq,pair_network,,,,,,medium,L/2,0.11851851851851852,2490,43,135,eval-test
foldbench_monomer,8s9l_A,270,sparsa-scale-main-20260911-long-step-2000,single_seq,pair_network,,,,,,medium,L/5,0.16666666666666666,2490,43,54,eval-test
foldbench_monomer,8s9l_A,270,sparsa-scale-main-20260911-long-step-2000,single_seq,pair_network,,,,,,medium,R,0.20930232558139536,2490,43,43,eval-test
foldbench_monomer,8s9l_A,270,sparsa-scale-main-20260911-long-step-2000,single_seq,pair_network,,,,,,medium,AUC,0.8688854886381996,2490,43,2490,eval-test
foldbench_monomer,8s9l_A,270,sparsa-scale-main-20260911-long-step-2000,single_seq,pair_network,,,,,,long,L,0.040740740740740744,23965,168,270,eval-test
foldbench_monomer,8s9l_A,270,sparsa-scale-main-20260911-long-step-2000,single_seq,pair_network,,,,,,long,L/2,0.044444444444444446,23965,168,135,eval-test
foldbench_monomer,8s9l_A,270,sparsa-scale-main-20260911-long-step-2000,single_seq,pair_network,,,,,,long,L/5,0.05555555555555555,23965,168,54,eval-test
foldbench_monomer,8s9l_A,270,sparsa-scale-main-20260911-long-step-2000,single_seq,pair_network,,,,,,long,R,0.03571428571428571,23965,168,168,eval-test
foldbench_monomer,8s9l_A,270,sparsa-scale-main-20260911-long-step-2000,single_seq,pair_network,,,,,,long,AUC,0.7952886968545454,23965,168,23965,eval-test
foldbench_monomer,8sot_A,116,sparsa-scale-main-20260911-long-step-2000,single_seq,pair_network,,,,,,all,L,0.13793103448275862,6105,89,116,eval-test
foldbench_monomer,8sot_A,116,sparsa-scale-main-20260911-long-step-2000,single_seq,pair_network,,,,,,all,L/2,0.2413793103448276,6105,89,58,eval-test
foldbench_monomer,8sot_A,116,sparsa-scale-main-20260911-long-step-2000,single_seq,pair_network,,,,,,all,L/5,0.43478260869565216,6105,89,23,eval-test
foldbench_monomer,8sot_A,116,sparsa-scale-main-20260911-long-step-2000,single_seq,pair_network,,,,,,all,R,0.1797752808988764,6105,89,89,eval-test
foldbench_monomer,8sot_A,116,sparsa-scale-main-20260911-long-step-2000,single_seq,pair_network,,,,,,all,AUC,0.8772785680133875,6105,89,6105,eval-test
foldbench_monomer,8sot_A,116,sparsa-scale-main-20260911-long-step-2000,single_seq,pair_network,,,,,,short,L,0.09482758620689655,645,12,116,eval-test
foldbench_monomer,8sot_A,116,sparsa-scale-main-20260911-long-step-2000,single_seq,pair_network,,,,,,short,L/2,0.13793103448275862,645,12,58,eval-test
foldbench_monomer,8sot_A,116,sparsa-scale-main-20260911-long-step-2000,single_seq,pair_network,,,,,,short,L/5,0.30434782608695654,645,12,23,eval-test
foldbench_monomer,8sot_A,116,sparsa-scale-main-20260911-long-step-2000,single_seq,pair_network,,,,,,short,R,0.5833333333333334,645,12,12,eval-test
foldbench_monomer,8sot_A,116,sparsa-scale-main-20260911-long-step-2000,single_seq,pair_network,,,,,,short,AUC,0.94681411269089,645,12,645,eval-test
foldbench_monomer,8sot_A,116,sparsa-scale-main-20260911-long-step-2000,single_seq,pair_network,,,,,,medium,L,0.12931034482758622,1182,22,116,eval-test
foldbench_monomer,8sot_A,116,sparsa-scale-main-20260911-long-step-2000,single_seq,pair_network,,,,,,medium,L/2,0.1896551724137931,1182,22,58,eval-test
foldbench_monomer,8sot_A,116,sparsa-scale-main-20260911-long-step-2000,single_seq,pair_network,,,,,,medium,L/5,0.2608695652173913,1182,22,23,eval-test
foldbench_monomer,8sot_A,116,sparsa-scale-main-20260911-long-step-2000,single_seq,pair_network,,,,,,medium,R,0.2727272727272727,1182,22,22,eval-test
foldbench_monomer,8sot_A,116,sparsa-scale-main-20260911-long-step-2000,single_seq,pair_network,,,,,,medium,AUC,0.9291144200626958,1182,22,1182,eval-test
foldbench_monomer,8sot_A,116,sparsa-scale-main-20260911-long-step-2000,single_seq,pair_network,,,,,,long,L,0.05172413793103448,4278,55,116,eval-test
foldbench_monomer,8sot_A,116,sparsa-scale-main-20260911-long-step-2000,single_seq,pair_network,,,,,,long,L/2,0.05172413793103448,4278,55,58,eval-test
foldbench_monomer,8sot_A,116,sparsa-scale-main-20260911-long-step-2000,single_seq,pair_network,,,,,,long,L/5,0.0,4278,55,23,eval-test
foldbench_monomer,8sot_A,116,sparsa-scale-main-20260911-long-step-2000,single_seq,pair_network,,,,,,long,R,0.05454545454545454,4278,55,55,eval-test
foldbench_monomer,8sot_A,116,sparsa-scale-main-20260911-long-step-2000,single_seq,pair_network,,,,,,long,AUC,0.8550642584978365,4278,55,4278,eval-test
foldbench_monomer,8spc_A,415,sparsa-scale-main-20260911-long-step-2000,single_seq,pair_network,,,,,,all,L,0.09397590361445783,66445,327,415,eval-test
foldbench_monomer,8spc_A,415,sparsa-scale-main-20260911-long-step-2000,single_seq,pair_network,,,,,,all,L/2,0.13526570048309178,66445,327,207,eval-test
foldbench_monomer,8spc_A,415,sparsa-scale-main-20260911-long-step-2000,single_seq,pair_network,,,,,,all,L/5,0.18072289156626506,66445,327,83,eval-test
foldbench_monomer,8spc_A,415,sparsa-scale-main-20260911-long-step-2000,single_seq,pair_network,,,,,,all,R,0.09174311926605505,66445,327,327,eval-test
foldbench_monomer,8spc_A,415,sparsa-scale-main-20260911-long-step-2000,single_seq,pair_network,,,,,,all,AUC,0.8524882489309031,66445,327,66445,eval-test
foldbench_monomer,8spc_A,415,sparsa-scale-main-20260911-long-step-2000,single_seq,pair_network,,,,,,short,L,0.09879518072289156,2118,45,415,eval-test
foldbench_monomer,8spc_A,415,sparsa-scale-main-20260911-long-step-2000,single_seq,pair_network,,,,,,short,L/2,0.13526570048309178,2118,45,207,eval-test
foldbench_monomer,8spc_A,415,sparsa-scale-main-20260911-long-step-2000,single_seq,pair_network,,,,,,short,L/5,0.1927710843373494,2118,45,83,eval-test
foldbench_monomer,8spc_A,415,sparsa-scale-main-20260911-long-step-2000,single_seq,pair_network,,,,,,short,R,0.24444444444444444,2118,45,45,eval-test
foldbench_monomer,8spc_A,415,sparsa-scale-main-20260911-long-step-2000,single_seq,pair_network,,,,,,short,AUC,0.9251219381465402,2118,45,2118,eval-test
foldbench_monomer,8spc_A,415,sparsa-scale-main-20260911-long-step-2000,single_seq,pair_network,,,,,,medium,L,0.043373493975903614,4065,33,415,eval-test
foldbench_monomer,8spc_A,415,sparsa-scale-main-20260911-long-step-2000,single_seq,pair_network,,,,,,medium,L/2,0.04830917874396135,4065,33,207,eval-test
foldbench_monomer,8spc_A,415,sparsa-scale-main-20260911-long-step-2000,single_seq,pair_network,,,,,,medium,L/5,0.04819277108433735,4065,33,83,eval-test
foldbench_monomer,8spc_A,415,sparsa-scale-main-20260911-long-step-2000,single_seq,pair_network,,,,,,medium,R,0.06060606060606061,4065,33,33,eval-test
foldbench_monomer,8spc_A,415,sparsa-scale-main-20260911-long-step-2000,single_seq,pair_network,,,,,,medium,AUC,0.8768901815776815,4065,33,4065,eval-test
foldbench_monomer,8spc_A,415,sparsa-scale-main-20260911-long-step-2000,single_seq,pair_network,,,,,,long,L,0.05060240963855422,60262,249,415,eval-test
foldbench_monomer,8spc_A,415,sparsa-scale-main-20260911-long-step-2000,single_seq,pair_network,,,,,,long,L/2,0.06280193236714976,60262,249,207,eval-test
foldbench_monomer,8spc_A,415,sparsa-scale-main-20260911-long-step-2000,single_seq,pair_network,,,,,,long,L/5,0.060240963855421686,60262,249,83,eval-test
foldbench_monomer,8spc_A,415,sparsa-scale-main-20260911-long-step-2000,single_seq,pair_network,,,,,,long,R,0.05622489959839357,60262,249,249,eval-test
foldbench_monomer,8spc_A,415,sparsa-scale-main-20260911-long-step-2000,single_seq,pair_network,,,,,,long,AUC,0.8281609265783578,60262,249,60262,eval-test
foldbench_monomer,8suc_A,283,sparsa-scale-main-20260911-long-step-2000,single_seq,pair_network,,,,,,all,L,0.5335689045936396,38226,269,283,eval-test
foldbench_monomer,8suc_A,283,sparsa-scale-main-20260911-long-step-2000,single_seq,pair_network,,,,,,all,L/2,0.6879432624113475,38226,269,141,eval-test
foldbench_monomer,8suc_A,283,sparsa-scale-main-20260911-long-step-2000,single_seq,pair_network,,,,,,all,L/5,0.8214285714285714,38226,269,56,eval-test
foldbench_monomer,8suc_A,283,sparsa-scale-main-20260911-long-step-2000,single_seq,pair_network,,,,,,all,R,0.5427509293680297,38226,269,269,eval-test
foldbench_monomer,8suc_A,283,sparsa-scale-main-20260911-long-step-2000,single_seq,pair_network,,,,,,all,AUC,0.9906226797629444,38226,269,38226,eval-test
foldbench_monomer,8suc_A,283,sparsa-scale-main-20260911-long-step-2000,single_seq,pair_network,,,,,,short,L,0.21908127208480566,1641,66,283,eval-test
foldbench_monomer,8suc_A,283,sparsa-scale-main-20260911-long-step-2000,single_seq,pair_network,,,,,,short,L/2,0.425531914893617,1641,66,141,eval-test
foldbench_monomer,8suc_A,283,sparsa-scale-main-20260911-long-step-2000,single_seq,pair_network,,,,,,short,L/5,0.6785714285714286,1641,66,56,eval-test
foldbench_monomer,8suc_A,283,sparsa-scale-main-20260911-long-step-2000,single_seq,pair_network,,,,,,short,R,0.6666666666666666,1641,66,66,eval-test
foldbench_monomer,8suc_A,283,sparsa-scale-main-20260911-long-step-2000,single_seq,pair_network,,,,,,short,AUC,0.9757623857623857,1641,66,1641,eval-test
foldbench_monomer,8suc_A,283,sparsa-scale-main-20260911-long-step-2000,single_seq,pair_network,,,,,,medium,L,0.28975265017667845,3174,87,283,eval-test
foldbench_monomer,8suc_A,283,sparsa-scale-main-20260911-long-step-2000,single_seq,pair_network,,,,,,medium,L/2,0.48226950354609927,3174,87,141,eval-test
foldbench_monomer,8suc_A,283,sparsa-scale-main-20260911-long-step-2000,single_seq,pair_network,,,,,,medium,L/5,0.6785714285714286,3174,87,56,eval-test
foldbench_monomer,8suc_A,283,sparsa-scale-main-20260911-long-step-2000,single_seq,pair_network,,,,,,medium,R,0.5287356321839081,3174,87,87,eval-test
foldbench_monomer,8suc_A,283,sparsa-scale-main-20260911-long-step-2000,single_seq,pair_network,,,,,,medium,AUC,0.9784636350435084,3174,87,3174,eval-test
foldbench_monomer,8suc_A,283,sparsa-scale-main-20260911-long-step-2000,single_seq,pair_network,,,,,,long,L,0.2508833922261484,33411,116,283,eval-test
foldbench_monomer,8suc_A,283,sparsa-scale-main-20260911-long-step-2000,single_seq,pair_network,,,,,,long,L/2,0.375886524822695,33411,116,141,eval-test
foldbench_monomer,8suc_A,283,sparsa-scale-main-20260911-long-step-2000,single_seq,pair_network,,,,,,long,L/5,0.6428571428571429,33411,116,56,eval-test
foldbench_monomer,8suc_A,283,sparsa-scale-main-20260911-long-step-2000,single_seq,pair_network,,,,,,long,R,0.41379310344827586,33411,116,116,eval-test
foldbench_monomer,8suc_A,283,sparsa-scale-main-20260911-long-step-2000,single_seq,pair_network,,,,,,long,AUC,0.991756942898126,33411,116,33411,eval-test
foldbench_monomer,8sv7_A,276,sparsa-scale-main-20260911-long-step-2000,single_seq,pair_network,,,,,,all,L,0.15217391304347827,35523,286,276,eval-test
foldbench_monomer,8sv7_A,276,sparsa-scale-main-20260911-long-step-2000,single_seq,pair_network,,,,,,all,L/2,0.2246376811594203,35523,286,138,eval-test
foldbench_monomer,8sv7_A,276,sparsa-scale-main-20260911-long-step-2000,single_seq,pair_network,,,,,,all,L/5,0.32727272727272727,35523,286,55,eval-test
foldbench_monomer,8sv7_A,276,sparsa-scale-main-20260911-long-step-2000,single_seq,pair_network,,,,,,all,R,0.15034965034965034,35523,286,286,eval-test
foldbench_monomer,8sv7_A,276,sparsa-scale-main-20260911-long-step-2000,single_seq,pair_network,,,,,,all,AUC,0.8517415340002393,35523,286,35523,eval-test
foldbench_monomer,8sv7_A,276,sparsa-scale-main-20260911-long-step-2000,single_seq,pair_network,,,,,,short,L,0.07971014492753623,1563,40,276,eval-test
foldbench_monomer,8sv7_A,276,sparsa-scale-main-20260911-long-step-2000,single_seq,pair_network,,,,,,short,L/2,0.08695652173913043,1563,40,138,eval-test
foldbench_monomer,8sv7_A,276,sparsa-scale-main-20260911-long-step-2000,single_seq,pair_network,,,,,,short,L/5,0.16363636363636364,1563,40,55,eval-test
foldbench_monomer,8sv7_A,276,sparsa-scale-main-20260911-long-step-2000,single_seq,pair_network,,,,,,short,R,0.175,1563,40,40,eval-test
foldbench_monomer,8sv7_A,276,sparsa-scale-main-20260911-long-step-2000,single_seq,pair_network,,,,,,short,AUC,0.7848571897570584,1563,40,1563,eval-test
foldbench_monomer,8sv7_A,276,sparsa-scale-main-20260911-long-step-2000,single_seq,pair_network,,,,,,medium,L,0.12681159420289856,3048,62,276,eval-test
foldbench_monomer,8sv7_A,276,sparsa-scale-main-20260911-long-step-2000,single_seq,pair_network,,,,,,medium,L/2,0.18840579710144928,3048,62,138,eval-test
foldbench_monomer,8sv7_A,276,sparsa-scale-main-20260911-long-step-2000,single_seq,pair_network,,,,,,medium,L/5,0.32727272727272727,3048,62,55,eval-test
foldbench_monomer,8sv7_A,276,sparsa-scale-main-20260911-long-step-2000,single_seq,pair_network,,,,,,medium,R,0.3225806451612903,3048,62,62,eval-test
foldbench_monomer,8sv7_A,276,sparsa-scale-main-20260911-long-step-2000,single_seq,pair_network,,,,,,medium,AUC,0.8870616641099324,3048,62,3048,eval-test
foldbench_monomer,8sv7_A,276,sparsa-scale-main-20260911-long-step-2000,single_seq,pair_network,,,,,,long,L,0.07608695652173914,30912,184,276,eval-test
foldbench_monomer,8sv7_A,276,sparsa-scale-main-20260911-long-step-2000,single_seq,pair_network,,,,,,long,L/2,0.057971014492753624,30912,184,138,eval-test
foldbench_monomer,8sv7_A,276,sparsa-scale-main-20260911-long-step-2000,single_seq,pair_network,,,,,,long,L/5,0.07272727272727272,30912,184,55,eval-test
foldbench_monomer,8sv7_A,276,sparsa-scale-main-20260911-long-step-2000,single_seq,pair_network,,,,,,long,R,0.059782608695652176,30912,184,184,eval-test
foldbench_monomer,8sv7_A,276,sparsa-scale-main-20260911-long-step-2000,single_seq,pair_network,,,,,,long,AUC,0.8296843517596187,30912,184,30912,eval-test
foldbench_monomer,8sx0_A,111,sparsa-scale-main-20260911-long-step-2000,single_seq,pair_network,,,,,,all,L,0.4144144144144144,4095,105,111,eval-test
foldbench_monomer,8sx0_A,111,sparsa-scale-main-20260911-long-step-2000,single_seq,pair_network,,,,,,all,L/2,0.6,4095,105,55,eval-test
foldbench_monomer,8sx0_A,111,sparsa-scale-main-20260911-long-step-2000,single_seq,pair_network,,,,,,all,L/5,0.8636363636363636,4095,105,22,eval-test
foldbench_monomer,8sx0_A,111,sparsa-scale-main-20260911-long-step-2000,single_seq,pair_network,,,,,,all,R,0.42857142857142855,4095,105,105,eval-test
foldbench_monomer,8sx0_A,111,sparsa-scale-main-20260911-long-step-2000,single_seq,pair_network,,,,,,all,AUC,0.8868981978756415,4095,105,4095,eval-test
foldbench_monomer,8sx0_A,111,sparsa-scale-main-20260911-long-step-2000,single_seq,pair_network,,,,,,short,L,0.1891891891891892,525,23,111,eval-test
foldbench_monomer,8sx0_A,111,sparsa-scale-main-20260911-long-step-2000,single_seq,pair_network,,,,,,short,L/2,0.36363636363636365,525,23,55,eval-test
foldbench_monomer,8sx0_A,111,sparsa-scale-main-20260911-long-step-2000,single_seq,pair_network,,,,,,short,L/5,0.7272727272727273,525,23,22,eval-test
foldbench_monomer,8sx0_A,111,sparsa-scale-main-20260911-long-step-2000,single_seq,pair_network,,,,,,short,R,0.7391304347826086,525,23,23,eval-test
foldbench_monomer,8sx0_A,111,sparsa-scale-main-20260911-long-step-2000,single_seq,pair_network,,,,,,short,AUC,0.9357786246319071,525,23,525,eval-test
foldbench_monomer,8sx0_A,111,sparsa-scale-main-20260911-long-step-2000,single_seq,pair_network,,,,,,medium,L,0.25225225225225223,942,32,111,eval-test
foldbench_monomer,8sx0_A,111,sparsa-scale-main-20260911-long-step-2000,single_seq,pair_network,,,,,,medium,L/2,0.4,942,32,55,eval-test
foldbench_monomer,8sx0_A,111,sparsa-scale-main-20260911-long-step-2000,single_seq,pair_network,,,,,,medium,L/5,0.6363636363636364,942,32,22,eval-test
foldbench_monomer,8sx0_A,111,sparsa-scale-main-20260911-long-step-2000,single_seq,pair_network,,,,,,medium,R,0.53125,942,32,32,eval-test
foldbench_monomer,8sx0_A,111,sparsa-scale-main-20260911-long-step-2000,single_seq,pair_network,,,,,,medium,AUC,0.9605254120879122,942,32,942,eval-test
foldbench_monomer,8sx0_A,111,sparsa-scale-main-20260911-long-step-2000,single_seq,pair_network,,,,,,long,L,0.0990990990990991,2628,50,111,eval-test
foldbench_monomer,8sx0_A,111,sparsa-scale-main-20260911-long-step-2000,single_seq,pair_network,,,,,,long,L/2,0.16363636363636364,2628,50,55,eval-test
foldbench_monomer,8sx0_A,111,sparsa-scale-main-20260911-long-step-2000,single_seq,pair_network,,,,,,long,L/5,0.3181818181818182,2628,50,22,eval-test
foldbench_monomer,8sx0_A,111,sparsa-scale-main-20260911-long-step-2000,single_seq,pair_network,,,,,,long,R,0.18,2628,50,50,eval-test
foldbench_monomer,8sx0_A,111,sparsa-scale-main-20260911-long-step-2000,single_seq,pair_network,,,,,,long,AUC,0.8153995345228859,2628,50,2628,eval-test
foldbench_monomer,8sxs_A,126,sparsa-scale-main-20260911-long-step-2000,single_seq,pair_network,,,,,,all,L,0.18253968253968253,7260,107,126,eval-test
foldbench_monomer,8sxs_A,126,sparsa-scale-main-20260911-long-step-2000,single_seq,pair_network,,,,,,all,L/2,0.2857142857142857,7260,107,63,eval-test
foldbench_monomer,8sxs_A,126,sparsa-scale-main-20260911-long-step-2000,single_seq,pair_network,,,,,,all,L/5,0.24,7260,107,25,eval-test
foldbench_monomer,8sxs_A,126,sparsa-scale-main-20260911-long-step-2000,single_seq,pair_network,,,,,,all,R,0.205607476635514,7260,107,107,eval-test
foldbench_monomer,8sxs_A,126,sparsa-scale-main-20260911-long-step-2000,single_seq,pair_network,,,,,,all,AUC,0.8955976905317814,7260,107,7260,eval-test
foldbench_monomer,8sxs_A,126,sparsa-scale-main-20260911-long-step-2000,single_seq,pair_network,,,,,,short,L,0.15079365079365079,705,21,126,eval-test
foldbench_monomer,8sxs_A,126,sparsa-scale-main-20260911-long-step-2000,single_seq,pair_network,,,,,,short,L/2,0.19047619047619047,705,21,63,eval-test
foldbench_monomer,8sxs_A,126,sparsa-scale-main-20260911-long-step-2000,single_seq,pair_network,,,,,,short,L/5,0.32,705,21,25,eval-test
foldbench_monomer,8sxs_A,126,sparsa-scale-main-20260911-long-step-2000,single_seq,pair_network,,,,,,short,R,0.38095238095238093,705,21,21,eval-test
foldbench_monomer,8sxs_A,126,sparsa-scale-main-20260911-long-step-2000,single_seq,pair_network,,,,,,short,AUC,0.9286758563074352,705,21,705,eval-test
foldbench_monomer,8sxs_A,126,sparsa-scale-main-20260911-long-step-2000,single_seq,pair_network,,,,,,medium,L,0.06349206349206349,1302,17,126,eval-test
foldbench_monomer,8sxs_A,126,sparsa-scale-main-20260911-long-step-2000,single_seq,pair_network,,,,,,medium,L/2,0.1111111111111111,1302,17,63,eval-test
foldbench_monomer,8sxs_A,126,sparsa-scale-main-20260911-long-step-2000,single_seq,pair_network,,,,,,medium,L/5,0.24,1302,17,25,eval-test
foldbench_monomer,8sxs_A,126,sparsa-scale-main-20260911-long-step-2000,single_seq,pair_network,,,,,,medium,R,0.23529411764705882,1302,17,17,eval-test
foldbench_monomer,8sxs_A,126,sparsa-scale-main-20260911-long-step-2000,single_seq,pair_network,,,,,,medium,AUC,0.880544747081712,1302,17,1302,eval-test
foldbench_monomer,8sxs_A,126,sparsa-scale-main-20260911-long-step-2000,single_seq,pair_network,,,,,,long,L,0.14285714285714285,5253,69,126,eval-test
foldbench_monomer,8sxs_A,126,sparsa-scale-main-20260911-long-step-2000,single_seq,pair_network,,,,,,long,L/2,0.15873015873015872,5253,69,63,eval-test
foldbench_monomer,8sxs_A,126,sparsa-scale-main-20260911-long-step-2000,single_seq,pair_network,,,,,,long,L/5,0.28,5253,69,25,eval-test
foldbench_monomer,8sxs_A,126,sparsa-scale-main-20260911-long-step-2000,single_seq,pair_network,,,,,,long,R,0.14492753623188406,5253,69,69,eval-test
foldbench_monomer,8sxs_A,126,sparsa-scale-main-20260911-long-step-2000,single_seq,pair_network,,,,,,long,AUC,0.887655998389694,5253,69,5253,eval-test
foldbench_monomer,8gm7_A,170,sparsa-scale-main-20260911-long-step-2000,single_seq,pair_network,,,,,,all,L,0.2411764705882353,13203,186,170,eval-test
foldbench_monomer,8gm7_A,170,sparsa-scale-main-20260911-long-step-2000,single_seq,pair_network,,,,,,all,L/2,0.3176470588235294,13203,186,85,eval-test
foldbench_monomer,8gm7_A,170,sparsa-scale-main-20260911-long-step-2000,single_seq,pair_network,,,,,,all,L/5,0.38235294117647056,13203,186,34,eval-test
foldbench_monomer,8gm7_A,170,sparsa-scale-main-20260911-long-step-2000,single_seq,pair_network,,,,,,all,R,0.22580645161290322,13203,186,186,eval-test
foldbench_monomer,8gm7_A,170,sparsa-scale-main-20260911-long-step-2000,single_seq,pair_network,,,,,,all,AUC,0.900464942040227,13203,186,13203,eval-test
foldbench_monomer,8gm7_A,170,sparsa-scale-main-20260911-long-step-2000,single_seq,pair_network,,,,,,short,L,0.17058823529411765,957,40,170,eval-test
foldbench_monomer,8gm7_A,170,sparsa-scale-main-20260911-long-step-2000,single_seq,pair_network,,,,,,short,L/2,0.25882352941176473,957,40,85,eval-test
foldbench_monomer,8gm7_A,170,sparsa-scale-main-20260911-long-step-2000,single_seq,pair_network,,,,,,short,L/5,0.4117647058823529,957,40,34,eval-test
foldbench_monomer,8gm7_A,170,sparsa-scale-main-20260911-long-step-2000,single_seq,pair_network,,,,,,short,R,0.375,957,40,40,eval-test
foldbench_monomer,8gm7_A,170,sparsa-scale-main-20260911-long-step-2000,single_seq,pair_network,,,,,,short,AUC,0.8767993456924754,957,40,957,eval-test
foldbench_monomer,8gm7_A,170,sparsa-scale-main-20260911-long-step-2000,single_seq,pair_network,,,,,,medium,L,0.17058823529411765,1806,48,170,eval-test
foldbench_monomer,8gm7_A,170,sparsa-scale-main-20260911-long-step-2000,single_seq,pair_network,,,,,,medium,L/2,0.17647058823529413,1806,48,85,eval-test
foldbench_monomer,8gm7_A,170,sparsa-scale-main-20260911-long-step-2000,single_seq,pair_network,,,,,,medium,L/5,0.2647058823529412,1806,48,34,eval-test
foldbench_monomer,8gm7_A,170,sparsa-scale-main-20260911-long-step-2000,single_seq,pair_network,,,,,,medium,R,0.20833333333333334,1806,48,48,eval-test
foldbench_monomer,8gm7_A,170,sparsa-scale-main-20260911-long-step-2000,single_seq,pair_network,,,,,,medium,AUC,0.8724817500948047,1806,48,1806,eval-test
foldbench_monomer,8gm7_A,170,sparsa-scale-main-20260911-long-step-2000,single_seq,pair_network,,,,,,long,L,0.1411764705882353,10440,98,170,eval-test
foldbench_monomer,8gm7_A,170,sparsa-scale-main-20260911-long-step-2000,single_seq,pair_network,,,,,,long,L/2,0.12941176470588237,10440,98,85,eval-test
foldbench_monomer,8gm7_A,170,sparsa-scale-main-20260911-long-step-2000,single_seq,pair_network,,,,,,long,L/5,0.20588235294117646,10440,98,34,eval-test
foldbench_monomer,8gm7_A,170,sparsa-scale-main-20260911-long-step-2000,single_seq,pair_network,,,,,,long,R,0.1326530612244898,10440,98,98,eval-test
foldbench_monomer,8gm7_A,170,sparsa-scale-main-20260911-long-step-2000,single_seq,pair_network,,,,,,long,AUC,0.9028337983810814,10440,98,10440,eval-test
foldbench_monomer,8t27_A,509,sparsa-scale-main-20260911-long-step-2000,single_seq,pair_network,,,,,,all,L,0.4636542239685658,124251,621,509,eval-test
foldbench_monomer,8t27_A,509,sparsa-scale-main-20260911-long-step-2000,single_seq,pair_network,,,,,,all,L/2,0.6338582677165354,124251,621,254,eval-test
foldbench_monomer,8t27_A,509,sparsa-scale-main-20260911-long-step-2000,single_seq,pair_network,,,,,,all,L/5,0.8316831683168316,124251,621,101,eval-test
foldbench_monomer,8t27_A,509,sparsa-scale-main-20260911-long-step-2000,single_seq,pair_network,,,,,,all,R,0.42351046698872785,124251,621,621,eval-test
foldbench_monomer,8t27_A,509,sparsa-scale-main-20260911-long-step-2000,single_seq,pair_network,,,,,,all,AUC,0.9811168343857047,124251,621,124251,eval-test
foldbench_monomer,8t27_A,509,sparsa-scale-main-20260911-long-step-2000,single_seq,pair_network,,,,,,short,L,0.15913555992141454,2973,86,509,eval-test
foldbench_monomer,8t27_A,509,sparsa-scale-main-20260911-long-step-2000,single_seq,pair_network,,,,,,short,L/2,0.2795275590551181,2973,86,254,eval-test
foldbench_monomer,8t27_A,509,sparsa-scale-main-20260911-long-step-2000,single_seq,pair_network,,,,,,short,L/5,0.46534653465346537,2973,86,101,eval-test
foldbench_monomer,8t27_A,509,sparsa-scale-main-20260911-long-step-2000,single_seq,pair_network,,,,,,short,R,0.5348837209302325,2973,86,86,eval-test
foldbench_monomer,8t27_A,509,sparsa-scale-main-20260911-long-step-2000,single_seq,pair_network,,,,,,short,AUC,0.965372036635761,2973,86,2973,eval-test
foldbench_monomer,8t27_A,509,sparsa-scale-main-20260911-long-step-2000,single_seq,pair_network,,,,,,medium,L,0.2337917485265226,5838,138,509,eval-test
foldbench_monomer,8t27_A,509,sparsa-scale-main-20260911-long-step-2000,single_seq,pair_network,,,,,,medium,L/2,0.4015748031496063,5838,138,254,eval-test
foldbench_monomer,8t27_A,509,sparsa-scale-main-20260911-long-step-2000,single_seq,pair_network,,,,,,medium,L/5,0.6336633663366337,5838,138,101,eval-test
foldbench_monomer,8t27_A,509,sparsa-scale-main-20260911-long-step-2000,single_seq,pair_network,,,,,,medium,R,0.572463768115942,5838,138,138,eval-test
foldbench_monomer,8t27_A,509,sparsa-scale-main-20260911-long-step-2000,single_seq,pair_network,,,,,,medium,AUC,0.9704849987287059,5838,138,5838,eval-test
foldbench_monomer,8t27_A,509,sparsa-scale-main-20260911-long-step-2000,single_seq,pair_network,,,,,,long,L,0.3418467583497053,115440,397,509,eval-test
foldbench_monomer,8t27_A,509,sparsa-scale-main-20260911-long-step-2000,single_seq,pair_network,,,,,,long,L/2,0.42913385826771655,115440,397,254,eval-test
foldbench_monomer,8t27_A,509,sparsa-scale-main-20260911-long-step-2000,single_seq,pair_network,,,,,,long,L/5,0.5841584158415841,115440,397,101,eval-test
foldbench_monomer,8t27_A,509,sparsa-scale-main-20260911-long-step-2000,single_seq,pair_network,,,,,,long,R,0.3702770780856423,115440,397,397,eval-test
foldbench_monomer,8t27_A,509,sparsa-scale-main-20260911-long-step-2000,single_seq,pair_network,,,,,,long,AUC,0.9788710369626111,115440,397,115440,eval-test
foldbench_monomer,8t2j_A,345,sparsa-scale-main-20260911-long-step-2000,single_seq,pair_network,,,,,,all,L,0.15072463768115943,55634,356,345,eval-test
foldbench_monomer,8t2j_A,345,sparsa-scale-main-20260911-long-step-2000,single_seq,pair_network,,,,,,all,L/2,0.18604651162790697,55634,356,172,eval-test
foldbench_monomer,8t2j_A,345,sparsa-scale-main-20260911-long-step-2000,single_seq,pair_network,,,,,,all,L/5,0.15942028985507245,55634,356,69,eval-test
foldbench_monomer,8t2j_A,345,sparsa-scale-main-20260911-long-step-2000,single_seq,pair_network,,,,,,all,R,0.15168539325842698,55634,356,356,eval-test
foldbench_monomer,8t2j_A,345,sparsa-scale-main-20260911-long-step-2000,single_seq,pair_network,,,,,,all,AUC,0.8558102487894691,55634,356,55634,eval-test
foldbench_monomer,8t2j_A,345,sparsa-scale-main-20260911-long-step-2000,single_seq,pair_network,,,,,,short,L,0.08985507246376812,1947,47,345,eval-test
foldbench_monomer,8t2j_A,345,sparsa-scale-main-20260911-long-step-2000,single_seq,pair_network,,,,,,short,L/2,0.12790697674418605,1947,47,172,eval-test
foldbench_monomer,8t2j_A,345,sparsa-scale-main-20260911-long-step-2000,single_seq,pair_network,,,,,,short,L/5,0.18840579710144928,1947,47,69,eval-test
foldbench_monomer,8t2j_A,345,sparsa-scale-main-20260911-long-step-2000,single_seq,pair_network,,,,,,short,R,0.2127659574468085,1947,47,47,eval-test
foldbench_monomer,8t2j_A,345,sparsa-scale-main-20260911-long-step-2000,single_seq,pair_network,,,,,,short,AUC,0.8538353863381859,1947,47,1947,eval-test
foldbench_monomer,8t2j_A,345,sparsa-scale-main-20260911-long-step-2000,single_seq,pair_network,,,,,,medium,L,0.06666666666666667,3800,51,345,eval-test
foldbench_monomer,8t2j_A,345,sparsa-scale-main-20260911-long-step-2000,single_seq,pair_network,,,,,,medium,L/2,0.0872093023255814,3800,51,172,eval-test
foldbench_monomer,8t2j_A,345,sparsa-scale-main-20260911-long-step-2000,single_seq,pair_network,,,,,,medium,L/5,0.11594202898550725,3800,51,69,eval-test
foldbench_monomer,8t2j_A,345,sparsa-scale-main-20260911-long-step-2000,single_seq,pair_network,,,,,,medium,R,0.09803921568627451,3800,51,51,eval-test
foldbench_monomer,8t2j_A,345,sparsa-scale-main-20260911-long-step-2000,single_seq,pair_network,,,,,,medium,AUC,0.8462727315519433,3800,51,3800,eval-test
foldbench_monomer,8t2j_A,345,sparsa-scale-main-20260911-long-step-2000,single_seq,pair_network,,,,,,long,L,0.1072463768115942,49887,258,345,eval-test
foldbench_monomer,8t2j_A,345,sparsa-scale-main-20260911-long-step-2000,single_seq,pair_network,,,,,,long,L/2,0.1744186046511628,49887,258,172,eval-test
foldbench_monomer,8t2j_A,345,sparsa-scale-main-20260911-long-step-2000,single_seq,pair_network,,,,,,long,L/5,0.2318840579710145,49887,258,69,eval-test
foldbench_monomer,8t2j_A,345,sparsa-scale-main-20260911-long-step-2000,single_seq,pair_network,,,,,,long,R,0.12790697674418605,49887,258,258,eval-test
foldbench_monomer,8t2j_A,345,sparsa-scale-main-20260911-long-step-2000,single_seq,pair_network,,,,,,long,AUC,0.8376297085615578,49887,258,49887,eval-test
foldbench_monomer,8t41_A,867,sparsa-scale-main-20260911-long-step-2000,single_seq,pair_network,,,,,,all,L,0.19838523644752018,364231,979,867,eval-test
foldbench_monomer,8t41_A,867,sparsa-scale-main-20260911-long-step-2000,single_seq,pair_network,,,,,,all,L/2,0.2702078521939954,364231,979,433,eval-test
foldbench_monomer,8t41_A,867,sparsa-scale-main-20260911-long-step-2000,single_seq,pair_network,,,,,,all,L/5,0.42196531791907516,364231,979,173,eval-test
foldbench_monomer,8t41_A,867,sparsa-scale-main-20260911-long-step-2000,single_seq,pair_network,,,,,,all,R,0.19101123595505617,364231,979,979,eval-test
foldbench_monomer,8t41_A,867,sparsa-scale-main-20260911-long-step-2000,single_seq,pair_network,,,,,,all,AUC,0.9323467981499142,364231,979,364231,eval-test
foldbench_monomer,8t41_A,867,sparsa-scale-main-20260911-long-step-2000,single_seq,pair_network,,,,,,short,L,0.09111880046136102,5103,96,867,eval-test
foldbench_monomer,8t41_A,867,sparsa-scale-main-20260911-long-step-2000,single_seq,pair_network,,,,,,short,L/2,0.13394919168591224,5103,96,433,eval-test
foldbench_monomer,8t41_A,867,sparsa-scale-main-20260911-long-step-2000,single_seq,pair_network,,,,,,short,L/5,0.20809248554913296,5103,96,173,eval-test
foldbench_monomer,8t41_A,867,sparsa-scale-main-20260911-long-step-2000,single_seq,pair_network,,,,,,short,R,0.2604166666666667,5103,96,96,eval-test
foldbench_monomer,8t41_A,867,sparsa-scale-main-20260911-long-step-2000,single_seq,pair_network,,,,,,short,AUC,0.9082368018107982,5103,96,5103,eval-test
foldbench_monomer,8t41_A,867,sparsa-scale-main-20260911-long-step-2000,single_seq,pair_network,,,,,,medium,L,0.1118800461361015,10098,141,867,eval-test
foldbench_monomer,8t41_A,867,sparsa-scale-main-20260911-long-step-2000,single_seq,pair_network,,,,,,medium,L/2,0.18013856812933027,10098,141,433,eval-test
foldbench_monomer,8t41_A,867,sparsa-scale-main-20260911-long-step-2000,single_seq,pair_network,,,,,,medium,L/5,0.28901734104046245,10098,141,173,eval-test
foldbench_monomer,8t41_A,867,sparsa-scale-main-20260911-long-step-2000,single_seq,pair_network,,,,,,medium,R,0.3333333333333333,10098,141,141,eval-test
foldbench_monomer,8t41_A,867,sparsa-scale-main-20260911-long-step-2000,single_seq,pair_network,,,,,,medium,AUC,0.9247548144966619,10098,141,10098,eval-test
foldbench_monomer,8t41_A,867,sparsa-scale-main-20260911-long-step-2000,single_seq,pair_network,,,,,,long,L,0.14648212226066898,349030,742,867,eval-test
foldbench_monomer,8t41_A,867,sparsa-scale-main-20260911-long-step-2000,single_seq,pair_network,,,,,,long,L/2,0.18475750577367206,349030,742,433,eval-test
foldbench_monomer,8t41_A,867,sparsa-scale-main-20260911-long-step-2000,single_seq,pair_network,,,,,,long,L/5,0.23699421965317918,349030,742,173,eval-test
foldbench_monomer,8t41_A,867,sparsa-scale-main-20260911-long-step-2000,single_seq,pair_network,,,,,,long,R,0.15498652291105122,349030,742,742,eval-test
foldbench_monomer,8t41_A,867,sparsa-scale-main-20260911-long-step-2000,single_seq,pair_network,,,,,,long,AUC,0.9223903722736261,349030,742,349030,eval-test
foldbench_monomer,8t4c_A,147,sparsa-scale-main-20260911-long-step-2000,single_seq,pair_network,,,,,,all,L,0.5034013605442177,9591,160,147,eval-test
foldbench_monomer,8t4c_A,147,sparsa-scale-main-20260911-long-step-2000,single_seq,pair_network,,,,,,all,L/2,0.6712328767123288,9591,160,73,eval-test
foldbench_monomer,8t4c_A,147,sparsa-scale-main-20260911-long-step-2000,single_seq,pair_network,,,,,,all,L/5,0.8275862068965517,9591,160,29,eval-test
foldbench_monomer,8t4c_A,147,sparsa-scale-main-20260911-long-step-2000,single_seq,pair_network,,,,,,all,R,0.46875,9591,160,160,eval-test
foldbench_monomer,8t4c_A,147,sparsa-scale-main-20260911-long-step-2000,single_seq,pair_network,,,,,,all,AUC,0.955874244512777,9591,160,9591,eval-test
foldbench_monomer,8t4c_A,147,sparsa-scale-main-20260911-long-step-2000,single_seq,pair_network,,,,,,short,L,0.14965986394557823,813,25,147,eval-test
foldbench_monomer,8t4c_A,147,sparsa-scale-main-20260911-long-step-2000,single_seq,pair_network,,,,,,short,L/2,0.2602739726027397,813,25,73,eval-test
foldbench_monomer,8t4c_A,147,sparsa-scale-main-20260911-long-step-2000,single_seq,pair_network,,,,,,short,L/5,0.5517241379310345,813,25,29,eval-test
foldbench_monomer,8t4c_A,147,sparsa-scale-main-20260911-long-step-2000,single_seq,pair_network,,,,,,short,R,0.64,813,25,25,eval-test
foldbench_monomer,8t4c_A,147,sparsa-scale-main-20260911-long-step-2000,single_seq,pair_network,,,,,,short,AUC,0.9555837563451776,813,25,813,eval-test
foldbench_monomer,8t4c_A,147,sparsa-scale-main-20260911-long-step-2000,single_seq,pair_network,,,,,,medium,L,0.14285714285714285,1518,26,147,eval-test
foldbench_monomer,8t4c_A,147,sparsa-scale-main-20260911-long-step-2000,single_seq,pair_network,,,,,,medium,L/2,0.2465753424657534,1518,26,73,eval-test
foldbench_monomer,8t4c_A,147,sparsa-scale-main-20260911-long-step-2000,single_seq,pair_network,,,,,,medium,L/5,0.5517241379310345,1518,26,29,eval-test
foldbench_monomer,8t4c_A,147,sparsa-scale-main-20260911-long-step-2000,single_seq,pair_network,,,,,,medium,R,0.5769230769230769,1518,26,26,eval-test
foldbench_monomer,8t4c_A,147,sparsa-scale-main-20260911-long-step-2000,single_seq,pair_network,,,,,,medium,AUC,0.9417018972984121,1518,26,1518,eval-test
foldbench_monomer,8t4c_A,147,sparsa-scale-main-20260911-long-step-2000,single_seq,pair_network,,,,,,long,L,0.38095238095238093,7260,109,147,eval-test
foldbench_monomer,8t4c_A,147,sparsa-scale-main-20260911-long-step-2000,single_seq,pair_network,,,,,,long,L/2,0.5342465753424658,7260,109,73,eval-test
foldbench_monomer,8t4c_A,147,sparsa-scale-main-20260911-long-step-2000,single_seq,pair_network,,,,,,long,L/5,0.7586206896551724,7260,109,29,eval-test
foldbench_monomer,8t4c_A,147,sparsa-scale-main-20260911-long-step-2000,single_seq,pair_network,,,,,,long,R,0.44954128440366975,7260,109,109,eval-test
foldbench_monomer,8t4c_A,147,sparsa-scale-main-20260911-long-step-2000,single_seq,pair_network,,,,,,long,AUC,0.9584647813419308,7260,109,7260,eval-test
foldbench_monomer,8t5t_A,208,sparsa-scale-main-20260911-long-step-2000,single_seq,pair_network,,,,,,all,L,0.3942307692307692,17955,196,208,eval-test
foldbench_monomer,8t5t_A,208,sparsa-scale-main-20260911-long-step-2000,single_seq,pair_network,,,,,,all,L/2,0.5480769230769231,17955,196,104,eval-test
foldbench_monomer,8t5t_A,208,sparsa-scale-main-20260911-long-step-2000,single_seq,pair_network,,,,,,all,L/5,0.7073170731707317,17955,196,41,eval-test
foldbench_monomer,8t5t_A,208,sparsa-scale-main-20260911-long-step-2000,single_seq,pair_network,,,,,,all,R,0.40816326530612246,17955,196,196,eval-test
foldbench_monomer,8t5t_A,208,sparsa-scale-main-20260911-long-step-2000,single_seq,pair_network,,,,,,all,AUC,0.8659594560274698,17955,196,17955,eval-test
foldbench_monomer,8t5t_A,208,sparsa-scale-main-20260911-long-step-2000,single_seq,pair_network,,,,,,short,L,0.16346153846153846,1119,35,208,eval-test
foldbench_monomer,8t5t_A,208,sparsa-scale-main-20260911-long-step-2000,single_seq,pair_network,,,,,,short,L/2,0.28846153846153844,1119,35,104,eval-test
foldbench_monomer,8t5t_A,208,sparsa-scale-main-20260911-long-step-2000,single_seq,pair_network,,,,,,short,L/5,0.5609756097560976,1119,35,41,eval-test
foldbench_monomer,8t5t_A,208,sparsa-scale-main-20260911-long-step-2000,single_seq,pair_network,,,,,,short,R,0.6285714285714286,1119,35,35,eval-test
foldbench_monomer,8t5t_A,208,sparsa-scale-main-20260911-long-step-2000,single_seq,pair_network,,,,,,short,AUC,0.9608987875593041,1119,35,1119,eval-test
foldbench_monomer,8t5t_A,208,sparsa-scale-main-20260911-long-step-2000,single_seq,pair_network,,,,,,medium,L,0.24519230769230768,2130,56,208,eval-test
foldbench_monomer,8t5t_A,208,sparsa-scale-main-20260911-long-step-2000,single_seq,pair_network,,,,,,medium,L/2,0.4230769230769231,2130,56,104,eval-test
foldbench_monomer,8t5t_A,208,sparsa-scale-main-20260911-long-step-2000,single_seq,pair_network,,,,,,medium,L/5,0.5853658536585366,2130,56,41,eval-test
foldbench_monomer,8t5t_A,208,sparsa-scale-main-20260911-long-step-2000,single_seq,pair_network,,,,,,medium,R,0.5357142857142857,2130,56,56,eval-test
foldbench_monomer,8t5t_A,208,sparsa-scale-main-20260911-long-step-2000,single_seq,pair_network,,,,,,medium,AUC,0.9693483950957431,2130,56,2130,eval-test
foldbench_monomer,8t5t_A,208,sparsa-scale-main-20260911-long-step-2000,single_seq,pair_network,,,,,,long,L,0.09615384615384616,14706,105,208,eval-test
foldbench_monomer,8t5t_A,208,sparsa-scale-main-20260911-long-step-2000,single_seq,pair_network,,,,,,long,L/2,0.16346153846153846,14706,105,104,eval-test
foldbench_monomer,8t5t_A,208,sparsa-scale-main-20260911-long-step-2000,single_seq,pair_network,,,,,,long,L/5,0.2682926829268293,14706,105,41,eval-test
foldbench_monomer,8t5t_A,208,sparsa-scale-main-20260911-long-step-2000,single_seq,pair_network,,,,,,long,R,0.1619047619047619,14706,105,105,eval-test
foldbench_monomer,8t5t_A,208,sparsa-scale-main-20260911-long-step-2000,single_seq,pair_network,,,,,,long,AUC,0.7790702528528705,14706,105,14706,eval-test
foldbench_monomer,8t8k_A,184,sparsa-scale-main-20260911-long-step-2000,single_seq,pair_network,,,,,,all,L,0.33695652173913043,15753,183,184,eval-test
foldbench_monomer,8t8k_A,184,sparsa-scale-main-20260911-long-step-2000,single_seq,pair_network,,,,,,all,L/2,0.45652173913043476,15753,183,92,eval-test
foldbench_monomer,8t8k_A,184,sparsa-scale-main-20260911-long-step-2000,single_seq,pair_network,,,,,,all,L/5,0.5833333333333334,15753,183,36,eval-test
foldbench_monomer,8t8k_A,184,sparsa-scale-main-20260911-long-step-2000,single_seq,pair_network,,,,,,all,R,0.33879781420765026,15753,183,183,eval-test
foldbench_monomer,8t8k_A,184,sparsa-scale-main-20260911-long-step-2000,single_seq,pair_network,,,,,,all,AUC,0.9454041504785369,15753,183,15753,eval-test
foldbench_monomer,8t8k_A,184,sparsa-scale-main-20260911-long-step-2000,single_seq,pair_network,,,,,,short,L,0.10326086956521739,1047,22,184,eval-test
foldbench_monomer,8t8k_A,184,sparsa-scale-main-20260911-long-step-2000,single_seq,pair_network,,,,,,short,L/2,0.18478260869565216,1047,22,92,eval-test
foldbench_monomer,8t8k_A,184,sparsa-scale-main-20260911-long-step-2000,single_seq,pair_network,,,,,,short,L/5,0.3333333333333333,1047,22,36,eval-test
foldbench_monomer,8t8k_A,184,sparsa-scale-main-20260911-long-step-2000,single_seq,pair_network,,,,,,short,R,0.45454545454545453,1047,22,22,eval-test
foldbench_monomer,8t8k_A,184,sparsa-scale-main-20260911-long-step-2000,single_seq,pair_network,,,,,,short,AUC,0.9445011086474502,1047,22,1047,eval-test
foldbench_monomer,8t8k_A,184,sparsa-scale-main-20260911-long-step-2000,single_seq,pair_network,,,,,,medium,L,0.15217391304347827,1986,28,184,eval-test
foldbench_monomer,8t8k_A,184,sparsa-scale-main-20260911-long-step-2000,single_seq,pair_network,,,,,,medium,L/2,0.2608695652173913,1986,28,92,eval-test
foldbench_monomer,8t8k_A,184,sparsa-scale-main-20260911-long-step-2000,single_seq,pair_network,,,,,,medium,L/5,0.3611111111111111,1986,28,36,eval-test
foldbench_monomer,8t8k_A,184,sparsa-scale-main-20260911-long-step-2000,single_seq,pair_network,,,,,,medium,R,0.42857142857142855,1986,28,28,eval-test
foldbench_monomer,8t8k_A,184,sparsa-scale-main-20260911-long-step-2000,single_seq,pair_network,,,,,,medium,AUC,0.9837297533926747,1986,28,1986,eval-test
foldbench_monomer,8t8k_A,184,sparsa-scale-main-20260911-long-step-2000,single_seq,pair_network,,,,,,long,L,0.24456521739130435,12720,133,184,eval-test
foldbench_monomer,8t8k_A,184,sparsa-scale-main-20260911-long-step-2000,single_seq,pair_network,,,,,,long,L/2,0.31521739130434784,12720,133,92,eval-test
foldbench_monomer,8t8k_A,184,sparsa-scale-main-20260911-long-step-2000,single_seq,pair_network,,,,,,long,L/5,0.4722222222222222,12720,133,36,eval-test
foldbench_monomer,8t8k_A,184,sparsa-scale-main-20260911-long-step-2000,single_seq,pair_network,,,,,,long,R,0.2706766917293233,12720,133,133,eval-test
foldbench_monomer,8t8k_A,184,sparsa-scale-main-20260911-long-step-2000,single_seq,pair_network,,,,,,long,AUC,0.934998874002357,12720,133,12720,eval-test
foldbench_monomer,8t93_A,249,sparsa-scale-main-20260911-long-step-2000,single_seq,pair_network,,,,,,all,L,0.18072289156626506,22155,213,249,eval-test
foldbench_monomer,8t93_A,249,sparsa-scale-main-20260911-long-step-2000,single_seq,pair_network,,,,,,all,L/2,0.27419354838709675,22155,213,124,eval-test
foldbench_monomer,8t93_A,249,sparsa-scale-main-20260911-long-step-2000,single_seq,pair_network,,,,,,all,L/5,0.2653061224489796,22155,213,49,eval-test
foldbench_monomer,8t93_A,249,sparsa-scale-main-20260911-long-step-2000,single_seq,pair_network,,,,,,all,R,0.19718309859154928,22155,213,213,eval-test
foldbench_monomer,8t93_A,249,sparsa-scale-main-20260911-long-step-2000,single_seq,pair_network,,,,,,all,AUC,0.8492674669840206,22155,213,22155,eval-test
foldbench_monomer,8t93_A,249,sparsa-scale-main-20260911-long-step-2000,single_seq,pair_network,,,,,,short,L,0.10441767068273092,1245,31,249,eval-test
foldbench_monomer,8t93_A,249,sparsa-scale-main-20260911-long-step-2000,single_seq,pair_network,,,,,,short,L/2,0.1532258064516129,1245,31,124,eval-test
foldbench_monomer,8t93_A,249,sparsa-scale-main-20260911-long-step-2000,single_seq,pair_network,,,,,,short,L/5,0.20408163265306123,1245,31,49,eval-test
foldbench_monomer,8t93_A,249,sparsa-scale-main-20260911-long-step-2000,single_seq,pair_network,,,,,,short,R,0.16129032258064516,1245,31,31,eval-test
foldbench_monomer,8t93_A,249,sparsa-scale-main-20260911-long-step-2000,single_seq,pair_network,,,,,,short,AUC,0.8914279640750385,1245,31,1245,eval-test
foldbench_monomer,8t93_A,249,sparsa-scale-main-20260911-long-step-2000,single_seq,pair_network,,,,,,medium,L,0.11244979919678715,2382,38,249,eval-test
foldbench_monomer,8t93_A,249,sparsa-scale-main-20260911-long-step-2000,single_seq,pair_network,,,,,,medium,L/2,0.1532258064516129,2382,38,124,eval-test
foldbench_monomer,8t93_A,249,sparsa-scale-main-20260911-long-step-2000,single_seq,pair_network,,,,,,medium,L/5,0.2653061224489796,2382,38,49,eval-test
foldbench_monomer,8t93_A,249,sparsa-scale-main-20260911-long-step-2000,single_seq,pair_network,,,,,,medium,R,0.34210526315789475,2382,38,38,eval-test
foldbench_monomer,8t93_A,249,sparsa-scale-main-20260911-long-step-2000,single_seq,pair_network,,,,,,medium,AUC,0.9024497036105623,2382,38,2382,eval-test
foldbench_monomer,8t93_A,249,sparsa-scale-main-20260911-long-step-2000,single_seq,pair_network,,,,,,long,L,0.12449799196787148,18528,144,249,eval-test
foldbench_monomer,8t93_A,249,sparsa-scale-main-20260911-long-step-2000,single_seq,pair_network,,,,,,long,L/2,0.14516129032258066,18528,144,124,eval-test
foldbench_monomer,8t93_A,249,sparsa-scale-main-20260911-long-step-2000,single_seq,pair_network,,,,,,long,L/5,0.22448979591836735,18528,144,49,eval-test
foldbench_monomer,8t93_A,249,sparsa-scale-main-20260911-long-step-2000,single_seq,pair_network,,,,,,long,R,0.14583333333333334,18528,144,144,eval-test
foldbench_monomer,8t93_A,249,sparsa-scale-main-20260911-long-step-2000,single_seq,pair_network,,,,,,long,AUC,0.8223353187554395,18528,144,18528,eval-test
foldbench_monomer,8t9n_A,135,sparsa-scale-main-20260911-long-step-2000,single_seq,pair_network,,,,,,all,L,0.3333333333333333,8385,140,135,eval-test
foldbench_monomer,8t9n_A,135,sparsa-scale-main-20260911-long-step-2000,single_seq,pair_network,,,,,,all,L/2,0.47761194029850745,8385,140,67,eval-test
foldbench_monomer,8t9n_A,135,sparsa-scale-main-20260911-long-step-2000,single_seq,pair_network,,,,,,all,L/5,0.5185185185185185,8385,140,27,eval-test
foldbench_monomer,8t9n_A,135,sparsa-scale-main-20260911-long-step-2000,single_seq,pair_network,,,,,,all,R,0.32857142857142857,8385,140,140,eval-test
foldbench_monomer,8t9n_A,135,sparsa-scale-main-20260911-long-step-2000,single_seq,pair_network,,,,,,all,AUC,0.9011457160183661,8385,140,8385,eval-test
foldbench_monomer,8t9n_A,135,sparsa-scale-main-20260911-long-step-2000,single_seq,pair_network,,,,,,short,L,0.16296296296296298,759,23,135,eval-test
foldbench_monomer,8t9n_A,135,sparsa-scale-main-20260911-long-step-2000,single_seq,pair_network,,,,,,short,L/2,0.2835820895522388,759,23,67,eval-test
foldbench_monomer,8t9n_A,135,sparsa-scale-main-20260911-long-step-2000,single_seq,pair_network,,,,,,short,L/5,0.48148148148148145,759,23,27,eval-test
foldbench_monomer,8t9n_A,135,sparsa-scale-main-20260911-long-step-2000,single_seq,pair_network,,,,,,short,R,0.5652173913043478,759,23,23,eval-test
foldbench_monomer,8t9n_A,135,sparsa-scale-main-20260911-long-step-2000,single_seq,pair_network,,,,,,short,AUC,0.9586483931947071,759,23,759,eval-test
foldbench_monomer,8t9n_A,135,sparsa-scale-main-20260911-long-step-2000,single_seq,pair_network,,,,,,medium,L,0.14074074074074075,1410,30,135,eval-test
foldbench_monomer,8t9n_A,135,sparsa-scale-main-20260911-long-step-2000,single_seq,pair_network,,,,,,medium,L/2,0.19402985074626866,1410,30,67,eval-test
foldbench_monomer,8t9n_A,135,sparsa-scale-main-20260911-long-step-2000,single_seq,pair_network,,,,,,medium,L/5,0.3333333333333333,1410,30,27,eval-test
foldbench_monomer,8t9n_A,135,sparsa-scale-main-20260911-long-step-2000,single_seq,pair_network,,,,,,medium,R,0.3,1410,30,30,eval-test
foldbench_monomer,8t9n_A,135,sparsa-scale-main-20260911-long-step-2000,single_seq,pair_network,,,,,,medium,AUC,0.9134178743961354,1410,30,1410,eval-test
foldbench_monomer,8t9n_A,135,sparsa-scale-main-20260911-long-step-2000,single_seq,pair_network,,,,,,long,L,0.2222222222222222,6216,87,135,eval-test
foldbench_monomer,8t9n_A,135,sparsa-scale-main-20260911-long-step-2000,single_seq,pair_network,,,,,,long,L/2,0.29850746268656714,6216,87,67,eval-test
foldbench_monomer,8t9n_A,135,sparsa-scale-main-20260911-long-step-2000,single_seq,pair_network,,,,,,long,L/5,0.48148148148148145,6216,87,27,eval-test
foldbench_monomer,8t9n_A,135,sparsa-scale-main-20260911-long-step-2000,single_seq,pair_network,,,,,,long,R,0.26436781609195403,6216,87,87,eval-test
foldbench_monomer,8t9n_A,135,sparsa-scale-main-20260911-long-step-2000,single_seq,pair_network,,,,,,long,AUC,0.8798166995797256,6216,87,6216,eval-test
foldbench_monomer,8te9_A,336,sparsa-scale-main-20260911-long-step-2000,single_seq,pair_network,,,,,,all,L,0.20833333333333334,45753,352,336,eval-test
foldbench_monomer,8te9_A,336,sparsa-scale-main-20260911-long-step-2000,single_seq,pair_network,,,,,,all,L/2,0.2857142857142857,45753,352,168,eval-test
foldbench_monomer,8te9_A,336,sparsa-scale-main-20260911-long-step-2000,single_seq,pair_network,,,,,,all,L/5,0.47761194029850745,45753,352,67,eval-test
foldbench_monomer,8te9_A,336,sparsa-scale-main-20260911-long-step-2000,single_seq,pair_network,,,,,,all,R,0.20454545454545456,45753,352,352,eval-test
foldbench_monomer,8te9_A,336,sparsa-scale-main-20260911-long-step-2000,single_seq,pair_network,,,,,,all,AUC,0.8897968994976081,45753,352,45753,eval-test
foldbench_monomer,8te9_A,336,sparsa-scale-main-20260911-long-step-2000,single_seq,pair_network,,,,,,short,L,0.06845238095238096,1797,26,336,eval-test
foldbench_monomer,8te9_A,336,sparsa-scale-main-20260911-long-step-2000,single_seq,pair_network,,,,,,short,L/2,0.1130952380952381,1797,26,168,eval-test
foldbench_monomer,8te9_A,336,sparsa-scale-main-20260911-long-step-2000,single_seq,pair_network,,,,,,short,L/5,0.23880597014925373,1797,26,67,eval-test
foldbench_monomer,8te9_A,336,sparsa-scale-main-20260911-long-step-2000,single_seq,pair_network,,,,,,short,R,0.38461538461538464,1797,26,26,eval-test
foldbench_monomer,8te9_A,336,sparsa-scale-main-20260911-long-step-2000,single_seq,pair_network,,,,,,short,AUC,0.9370737957694479,1797,26,1797,eval-test
foldbench_monomer,8te9_A,336,sparsa-scale-main-20260911-long-step-2000,single_seq,pair_network,,,,,,medium,L,0.13392857142857142,3486,56,336,eval-test
foldbench_monomer,8te9_A,336,sparsa-scale-main-20260911-long-step-2000,single_seq,pair_network,,,,,,medium,L/2,0.19047619047619047,3486,56,168,eval-test
foldbench_monomer,8te9_A,336,sparsa-scale-main-20260911-long-step-2000,single_seq,pair_network,,,,,,medium,L/5,0.31343283582089554,3486,56,67,eval-test
foldbench_monomer,8te9_A,336,sparsa-scale-main-20260911-long-step-2000,single_seq,pair_network,,,,,,medium,R,0.3392857142857143,3486,56,56,eval-test
foldbench_monomer,8te9_A,336,sparsa-scale-main-20260911-long-step-2000,single_seq,pair_network,,,,,,medium,AUC,0.9389212827988338,3486,56,3486,eval-test
foldbench_monomer,8te9_A,336,sparsa-scale-main-20260911-long-step-2000,single_seq,pair_network,,,,,,long,L,0.125,40470,270,336,eval-test
foldbench_monomer,8te9_A,336,sparsa-scale-main-20260911-long-step-2000,single_seq,pair_network,,,,,,long,L/2,0.15476190476190477,40470,270,168,eval-test
foldbench_monomer,8te9_A,336,sparsa-scale-main-20260911-long-step-2000,single_seq,pair_network,,,,,,long,L/5,0.29850746268656714,40470,270,67,eval-test
foldbench_monomer,8te9_A,336,sparsa-scale-main-20260911-long-step-2000,single_seq,pair_network,,,,,,long,R,0.14444444444444443,40470,270,270,eval-test
foldbench_monomer,8te9_A,336,sparsa-scale-main-20260911-long-step-2000,single_seq,pair_network,,,,,,long,AUC,0.8735608070757325,40470,270,40470,eval-test
foldbench_monomer,8tfo_A,416,sparsa-scale-main-20260911-long-step-2000,single_seq,pair_network,,,,,,all,L,0.1466346153846154,73935,397,416,eval-test
foldbench_monomer,8tfo_A,416,sparsa-scale-main-20260911-long-step-2000,single_seq,pair_network,,,,,,all,L/2,0.20673076923076922,73935,397,208,eval-test
foldbench_monomer,8tfo_A,416,sparsa-scale-main-20260911-long-step-2000,single_seq,pair_network,,,,,,all,L/5,0.24096385542168675,73935,397,83,eval-test
foldbench_monomer,8tfo_A,416,sparsa-scale-main-20260911-long-step-2000,single_seq,pair_network,,,,,,all,R,0.15113350125944586,73935,397,397,eval-test
foldbench_monomer,8tfo_A,416,sparsa-scale-main-20260911-long-step-2000,single_seq,pair_network,,,,,,all,AUC,0.8547693568937748,73935,397,73935,eval-test
foldbench_monomer,8tfo_A,416,sparsa-scale-main-20260911-long-step-2000,single_seq,pair_network,,,,,,short,L,0.08413461538461539,2238,45,416,eval-test
foldbench_monomer,8tfo_A,416,sparsa-scale-main-20260911-long-step-2000,single_seq,pair_network,,,,,,short,L/2,0.1346153846153846,2238,45,208,eval-test
foldbench_monomer,8tfo_A,416,sparsa-scale-main-20260911-long-step-2000,single_seq,pair_network,,,,,,short,L/5,0.20481927710843373,2238,45,83,eval-test
foldbench_monomer,8tfo_A,416,sparsa-scale-main-20260911-long-step-2000,single_seq,pair_network,,,,,,short,R,0.26666666666666666,2238,45,45,eval-test
foldbench_monomer,8tfo_A,416,sparsa-scale-main-20260911-long-step-2000,single_seq,pair_network,,,,,,short,AUC,0.8846379895627502,2238,45,2238,eval-test
foldbench_monomer,8tfo_A,416,sparsa-scale-main-20260911-long-step-2000,single_seq,pair_network,,,,,,medium,L,0.07211538461538461,4288,45,416,eval-test
foldbench_monomer,8tfo_A,416,sparsa-scale-main-20260911-long-step-2000,single_seq,pair_network,,,,,,medium,L/2,0.08173076923076923,4288,45,208,eval-test
foldbench_monomer,8tfo_A,416,sparsa-scale-main-20260911-long-step-2000,single_seq,pair_network,,,,,,medium,L/5,0.14457831325301204,4288,45,83,eval-test
foldbench_monomer,8tfo_A,416,sparsa-scale-main-20260911-long-step-2000,single_seq,pair_network,,,,,,medium,R,0.15555555555555556,4288,45,45,eval-test
foldbench_monomer,8tfo_A,416,sparsa-scale-main-20260911-long-step-2000,single_seq,pair_network,,,,,,medium,AUC,0.8960745803545709,4288,45,4288,eval-test
foldbench_monomer,8tfo_A,416,sparsa-scale-main-20260911-long-step-2000,single_seq,pair_network,,,,,,long,L,0.10096153846153846,67409,307,416,eval-test
foldbench_monomer,8tfo_A,416,sparsa-scale-main-20260911-long-step-2000,single_seq,pair_network,,,,,,long,L/2,0.14903846153846154,67409,307,208,eval-test
foldbench_monomer,8tfo_A,416,sparsa-scale-main-20260911-long-step-2000,single_seq,pair_network,,,,,,long,L/5,0.20481927710843373,67409,307,83,eval-test
foldbench_monomer,8tfo_A,416,sparsa-scale-main-20260911-long-step-2000,single_seq,pair_network,,,,,,long,R,0.11726384364820847,67409,307,307,eval-test
foldbench_monomer,8tfo_A,416,sparsa-scale-main-20260911-long-step-2000,single_seq,pair_network,,,,,,long,AUC,0.8363897511465117,67409,307,67409,eval-test
foldbench_monomer,8tfs_A,186,sparsa-scale-main-20260911-long-step-2000,single_seq,pair_network,,,,,,all,L,0.2903225806451613,9180,118,186,eval-test
foldbench_monomer,8tfs_A,186,sparsa-scale-main-20260911-long-step-2000,single_seq,pair_network,,,,,,all,L/2,0.3548387096774194,9180,118,93,eval-test
foldbench_monomer,8tfs_A,186,sparsa-scale-main-20260911-long-step-2000,single_seq,pair_network,,,,,,all,L/5,0.5135135135135135,9180,118,37,eval-test
foldbench_monomer,8tfs_A,186,sparsa-scale-main-20260911-long-step-2000,single_seq,pair_network,,,,,,all,R,0.3220338983050847,9180,118,118,eval-test
foldbench_monomer,8tfs_A,186,sparsa-scale-main-20260911-long-step-2000,single_seq,pair_network,,,,,,all,AUC,0.9213875973051932,9180,118,9180,eval-test
foldbench_monomer,8tfs_A,186,sparsa-scale-main-20260911-long-step-2000,single_seq,pair_network,,,,,,short,L,0.10752688172043011,795,20,186,eval-test
foldbench_monomer,8tfs_A,186,sparsa-scale-main-20260911-long-step-2000,single_seq,pair_network,,,,,,short,L/2,0.1827956989247312,795,20,93,eval-test
foldbench_monomer,8tfs_A,186,sparsa-scale-main-20260911-long-step-2000,single_seq,pair_network,,,,,,short,L/5,0.35135135135135137,795,20,37,eval-test
foldbench_monomer,8tfs_A,186,sparsa-scale-main-20260911-long-step-2000,single_seq,pair_network,,,,,,short,R,0.55,795,20,20,eval-test
foldbench_monomer,8tfs_A,186,sparsa-scale-main-20260911-long-step-2000,single_seq,pair_network,,,,,,short,AUC,0.9648064516129032,795,20,795,eval-test
foldbench_monomer,8tfs_A,186,sparsa-scale-main-20260911-long-step-2000,single_seq,pair_network,,,,,,medium,L,0.043010752688172046,1482,11,186,eval-test
foldbench_monomer,8tfs_A,186,sparsa-scale-main-20260911-long-step-2000,single_seq,pair_network,,,,,,medium,L/2,0.06451612903225806,1482,11,93,eval-test
foldbench_monomer,8tfs_A,186,sparsa-scale-main-20260911-long-step-2000,single_seq,pair_network,,,,,,medium,L/5,0.08108108108108109,1482,11,37,eval-test
foldbench_monomer,8tfs_A,186,sparsa-scale-main-20260911-long-step-2000,single_seq,pair_network,,,,,,medium,R,0.09090909090909091,1482,11,11,eval-test
foldbench_monomer,8tfs_A,186,sparsa-scale-main-20260911-long-step-2000,single_seq,pair_network,,,,,,medium,AUC,0.9040541375687534,1482,11,1482,eval-test
foldbench_monomer,8tfs_A,186,sparsa-scale-main-20260911-long-step-2000,single_seq,pair_network,,,,,,long,L,0.26344086021505375,6903,87,186,eval-test
foldbench_monomer,8tfs_A,186,sparsa-scale-main-20260911-long-step-2000,single_seq,pair_network,,,,,,long,L/2,0.3333333333333333,6903,87,93,eval-test
foldbench_monomer,8tfs_A,186,sparsa-scale-main-20260911-long-step-2000,single_seq,pair_network,,,,,,long,L/5,0.4594594594594595,6903,87,37,eval-test
foldbench_monomer,8tfs_A,186,sparsa-scale-main-20260911-long-step-2000,single_seq,pair_network,,,,,,long,R,0.3218390804597701,6903,87,87,eval-test
foldbench_monomer,8tfs_A,186,sparsa-scale-main-20260911-long-step-2000,single_seq,pair_network,,,,,,long,AUC,0.9142130079326534,6903,87,6903,eval-test
foldbench_monomer,8hic_A,414,sparsa-scale-main-20260911-long-step-2000,single_seq,pair_network,,,,,,all,L,0.3285024154589372,75855,479,414,eval-test
foldbench_monomer,8hic_A,414,sparsa-scale-main-20260911-long-step-2000,single_seq,pair_network,,,,,,all,L/2,0.42028985507246375,75855,479,207,eval-test
foldbench_monomer,8hic_A,414,sparsa-scale-main-20260911-long-step-2000,single_seq,pair_network,,,,,,all,L/5,0.5487804878048781,75855,479,82,eval-test
foldbench_monomer,8hic_A,414,sparsa-scale-main-20260911-long-step-2000,single_seq,pair_network,,,,,,all,R,0.3068893528183716,75855,479,479,eval-test
foldbench_monomer,8hic_A,414,sparsa-scale-main-20260911-long-step-2000,single_seq,pair_network,,,,,,all,AUC,0.9452077052596219,75855,479,75855,eval-test
foldbench_monomer,8hic_A,414,sparsa-scale-main-20260911-long-step-2000,single_seq,pair_network,,,,,,short,L,0.09903381642512077,2319,46,414,eval-test
foldbench_monomer,8hic_A,414,sparsa-scale-main-20260911-long-step-2000,single_seq,pair_network,,,,,,short,L/2,0.16908212560386474,2319,46,207,eval-test
foldbench_monomer,8hic_A,414,sparsa-scale-main-20260911-long-step-2000,single_seq,pair_network,,,,,,short,L/5,0.2926829268292683,2319,46,82,eval-test
foldbench_monomer,8hic_A,414,sparsa-scale-main-20260911-long-step-2000,single_seq,pair_network,,,,,,short,R,0.32608695652173914,2319,46,46,eval-test
foldbench_monomer,8hic_A,414,sparsa-scale-main-20260911-long-step-2000,single_seq,pair_network,,,,,,short,AUC,0.9481723062797682,2319,46,2319,eval-test
foldbench_monomer,8hic_A,414,sparsa-scale-main-20260911-long-step-2000,single_seq,pair_network,,,,,,medium,L,0.16183574879227053,4530,94,414,eval-test
foldbench_monomer,8hic_A,414,sparsa-scale-main-20260911-long-step-2000,single_seq,pair_network,,,,,,medium,L/2,0.23671497584541062,4530,94,207,eval-test
foldbench_monomer,8hic_A,414,sparsa-scale-main-20260911-long-step-2000,single_seq,pair_network,,,,,,medium,L/5,0.34146341463414637,4530,94,82,eval-test
foldbench_monomer,8hic_A,414,sparsa-scale-main-20260911-long-step-2000,single_seq,pair_network,,,,,,medium,R,0.3617021276595745,4530,94,94,eval-test
foldbench_monomer,8hic_A,414,sparsa-scale-main-20260911-long-step-2000,single_seq,pair_network,,,,,,medium,AUC,0.9417051973217199,4530,94,4530,eval-test
foldbench_monomer,8hic_A,414,sparsa-scale-main-20260911-long-step-2000,single_seq,pair_network,,,,,,long,L,0.2584541062801932,69006,339,414,eval-test
foldbench_monomer,8hic_A,414,sparsa-scale-main-20260911-long-step-2000,single_seq,pair_network,,,,,,long,L/2,0.36231884057971014,69006,339,207,eval-test
foldbench_monomer,8hic_A,414,sparsa-scale-main-20260911-long-step-2000,single_seq,pair_network,,,,,,long,L/5,0.4634146341463415,69006,339,82,eval-test
foldbench_monomer,8hic_A,414,sparsa-scale-main-20260911-long-step-2000,single_seq,pair_network,,,,,,long,R,0.27728613569321536,69006,339,339,eval-test
foldbench_monomer,8hic_A,414,sparsa-scale-main-20260911-long-step-2000,single_seq,pair_network,,,,,,long,AUC,0.9380787867126515,69006,339,69006,eval-test
foldbench_monomer,8ti5_A,134,sparsa-scale-main-20260911-long-step-2000,single_seq,pair_network,,,,,,all,L,0.1417910447761194,7875,117,134,eval-test
foldbench_monomer,8ti5_A,134,sparsa-scale-main-20260911-long-step-2000,single_seq,pair_network,,,,,,all,L/2,0.16417910447761194,7875,117,67,eval-test
foldbench_monomer,8ti5_A,134,sparsa-scale-main-20260911-long-step-2000,single_seq,pair_network,,,,,,all,L/5,0.19230769230769232,7875,117,26,eval-test
foldbench_monomer,8ti5_A,134,sparsa-scale-main-20260911-long-step-2000,single_seq,pair_network,,,,,,all,R,0.1452991452991453,7875,117,117,eval-test
foldbench_monomer,8ti5_A,134,sparsa-scale-main-20260911-long-step-2000,single_seq,pair_network,,,,,,all,AUC,0.8540569095480155,7875,117,7875,eval-test
foldbench_monomer,8ti5_A,134,sparsa-scale-main-20260911-long-step-2000,single_seq,pair_network,,,,,,short,L,0.1044776119402985,735,18,134,eval-test
foldbench_monomer,8ti5_A,134,sparsa-scale-main-20260911-long-step-2000,single_seq,pair_network,,,,,,short,L/2,0.11940298507462686,735,18,67,eval-test
foldbench_monomer,8ti5_A,134,sparsa-scale-main-20260911-long-step-2000,single_seq,pair_network,,,,,,short,L/5,0.11538461538461539,735,18,26,eval-test
foldbench_monomer,8ti5_A,134,sparsa-scale-main-20260911-long-step-2000,single_seq,pair_network,,,,,,short,R,0.16666666666666666,735,18,18,eval-test
foldbench_monomer,8ti5_A,134,sparsa-scale-main-20260911-long-step-2000,single_seq,pair_network,,,,,,short,AUC,0.8891213389121337,735,18,735,eval-test
foldbench_monomer,8ti5_A,134,sparsa-scale-main-20260911-long-step-2000,single_seq,pair_network,,,,,,medium,L,0.16417910447761194,1362,35,134,eval-test
foldbench_monomer,8ti5_A,134,sparsa-scale-main-20260911-long-step-2000,single_seq,pair_network,,,,,,medium,L/2,0.22388059701492538,1362,35,67,eval-test
foldbench_monomer,8ti5_A,134,sparsa-scale-main-20260911-long-step-2000,single_seq,pair_network,,,,,,medium,L/5,0.2692307692307692,1362,35,26,eval-test
foldbench_monomer,8ti5_A,134,sparsa-scale-main-20260911-long-step-2000,single_seq,pair_network,,,,,,medium,R,0.2571428571428571,1362,35,35,eval-test
foldbench_monomer,8ti5_A,134,sparsa-scale-main-20260911-long-step-2000,single_seq,pair_network,,,,,,medium,AUC,0.9069006351598664,1362,35,1362,eval-test
foldbench_monomer,8ti5_A,134,sparsa-scale-main-20260911-long-step-2000,single_seq,pair_network,,,,,,long,L,0.06716417910447761,5778,64,134,eval-test
foldbench_monomer,8ti5_A,134,sparsa-scale-main-20260911-long-step-2000,single_seq,pair_network,,,,,,long,L/2,0.07462686567164178,5778,64,67,eval-test
foldbench_monomer,8ti5_A,134,sparsa-scale-main-20260911-long-step-2000,single_seq,pair_network,,,,,,long,L/5,0.038461538461538464,5778,64,26,eval-test
foldbench_monomer,8ti5_A,134,sparsa-scale-main-20260911-long-step-2000,single_seq,pair_network,,,,,,long,R,0.0625,5778,64,64,eval-test
foldbench_monomer,8ti5_A,134,sparsa-scale-main-20260911-long-step-2000,single_seq,pair_network,,,,,,long,AUC,0.7989204147707386,5778,64,5778,eval-test
foldbench_monomer,8tjg_A,260,sparsa-scale-main-20260911-long-step-2000,single_seq,pair_network,,,,,,all,L,0.20384615384615384,29890,261,260,eval-test
foldbench_monomer,8tjg_A,260,sparsa-scale-main-20260911-long-step-2000,single_seq,pair_network,,,,,,all,L/2,0.26153846153846155,29890,261,130,eval-test
foldbench_monomer,8tjg_A,260,sparsa-scale-main-20260911-long-step-2000,single_seq,pair_network,,,,,,all,L/5,0.40384615384615385,29890,261,52,eval-test
foldbench_monomer,8tjg_A,260,sparsa-scale-main-20260911-long-step-2000,single_seq,pair_network,,,,,,all,R,0.20306513409961685,29890,261,261,eval-test
foldbench_monomer,8tjg_A,260,sparsa-scale-main-20260911-long-step-2000,single_seq,pair_network,,,,,,all,AUC,0.8815950485499542,29890,261,29890,eval-test
foldbench_monomer,8tjg_A,260,sparsa-scale-main-20260911-long-step-2000,single_seq,pair_network,,,,,,short,L,0.14615384615384616,1449,52,260,eval-test
foldbench_monomer,8tjg_A,260,sparsa-scale-main-20260911-long-step-2000,single_seq,pair_network,,,,,,short,L/2,0.2153846153846154,1449,52,130,eval-test
foldbench_monomer,8tjg_A,260,sparsa-scale-main-20260911-long-step-2000,single_seq,pair_network,,,,,,short,L/5,0.38461538461538464,1449,52,52,eval-test
foldbench_monomer,8tjg_A,260,sparsa-scale-main-20260911-long-step-2000,single_seq,pair_network,,,,,,short,R,0.38461538461538464,1449,52,52,eval-test
foldbench_monomer,8tjg_A,260,sparsa-scale-main-20260911-long-step-2000,single_seq,pair_network,,,,,,short,AUC,0.8893645724354385,1449,52,1449,eval-test
foldbench_monomer,8tjg_A,260,sparsa-scale-main-20260911-long-step-2000,single_seq,pair_network,,,,,,medium,L,0.11538461538461539,2790,57,260,eval-test
foldbench_monomer,8tjg_A,260,sparsa-scale-main-20260911-long-step-2000,single_seq,pair_network,,,,,,medium,L/2,0.17692307692307693,2790,57,130,eval-test
foldbench_monomer,8tjg_A,260,sparsa-scale-main-20260911-long-step-2000,single_seq,pair_network,,,,,,medium,L/5,0.21153846153846154,2790,57,52,eval-test
foldbench_monomer,8tjg_A,260,sparsa-scale-main-20260911-long-step-2000,single_seq,pair_network,,,,,,medium,R,0.19298245614035087,2790,57,57,eval-test
foldbench_monomer,8tjg_A,260,sparsa-scale-main-20260911-long-step-2000,single_seq,pair_network,,,,,,medium,AUC,0.8631893491504099,2790,57,2790,eval-test
foldbench_monomer,8tjg_A,260,sparsa-scale-main-20260911-long-step-2000,single_seq,pair_network,,,,,,long,L,0.1,25651,152,260,eval-test
foldbench_monomer,8tjg_A,260,sparsa-scale-main-20260911-long-step-2000,single_seq,pair_network,,,,,,long,L/2,0.13846153846153847,25651,152,130,eval-test
foldbench_monomer,8tjg_A,260,sparsa-scale-main-20260911-long-step-2000,single_seq,pair_network,,,,,,long,L/5,0.11538461538461539,25651,152,52,eval-test
foldbench_monomer,8tjg_A,260,sparsa-scale-main-20260911-long-step-2000,single_seq,pair_network,,,,,,long,R,0.13157894736842105,25651,152,152,eval-test
foldbench_monomer,8tjg_A,260,sparsa-scale-main-20260911-long-step-2000,single_seq,pair_network,,,,,,long,AUC,0.8559993838767671,25651,152,25651,eval-test
foldbench_monomer,8tru_A,408,sparsa-scale-main-20260911-long-step-2000,single_seq,pair_network,,,,,,all,L,0.13970588235294118,69401,448,408,eval-test
foldbench_monomer,8tru_A,408,sparsa-scale-main-20260911-long-step-2000,single_seq,pair_network,,,,,,all,L/2,0.19607843137254902,69401,448,204,eval-test
foldbench_monomer,8tru_A,408,sparsa-scale-main-20260911-long-step-2000,single_seq,pair_network,,,,,,all,L/5,0.25925925925925924,69401,448,81,eval-test
foldbench_monomer,8tru_A,408,sparsa-scale-main-20260911-long-step-2000,single_seq,pair_network,,,,,,all,R,0.13392857142857142,69401,448,448,eval-test
foldbench_monomer,8tru_A,408,sparsa-scale-main-20260911-long-step-2000,single_seq,pair_network,,,,,,all,AUC,0.8730740957608806,69401,448,69401,eval-test
foldbench_monomer,8tru_A,408,sparsa-scale-main-20260911-long-step-2000,single_seq,pair_network,,,,,,short,L,0.08333333333333333,2181,43,408,eval-test
foldbench_monomer,8tru_A,408,sparsa-scale-main-20260911-long-step-2000,single_seq,pair_network,,,,,,short,L/2,0.1323529411764706,2181,43,204,eval-test
foldbench_monomer,8tru_A,408,sparsa-scale-main-20260911-long-step-2000,single_seq,pair_network,,,,,,short,L/5,0.2839506172839506,2181,43,81,eval-test
foldbench_monomer,8tru_A,408,sparsa-scale-main-20260911-long-step-2000,single_seq,pair_network,,,,,,short,R,0.27906976744186046,2181,43,43,eval-test
foldbench_monomer,8tru_A,408,sparsa-scale-main-20260911-long-step-2000,single_seq,pair_network,,,,,,short,AUC,0.8826277546935846,2181,43,2181,eval-test
foldbench_monomer,8tru_A,408,sparsa-scale-main-20260911-long-step-2000,single_seq,pair_network,,,,,,medium,L,0.08088235294117647,4262,65,408,eval-test
foldbench_monomer,8tru_A,408,sparsa-scale-main-20260911-long-step-2000,single_seq,pair_network,,,,,,medium,L/2,0.11764705882352941,4262,65,204,eval-test
foldbench_monomer,8tru_A,408,sparsa-scale-main-20260911-long-step-2000,single_seq,pair_network,,,,,,medium,L/5,0.1728395061728395,4262,65,81,eval-test
foldbench_monomer,8tru_A,408,sparsa-scale-main-20260911-long-step-2000,single_seq,pair_network,,,,,,medium,R,0.18461538461538463,4262,65,65,eval-test
foldbench_monomer,8tru_A,408,sparsa-scale-main-20260911-long-step-2000,single_seq,pair_network,,,,,,medium,AUC,0.8401568886200766,4262,65,4262,eval-test
foldbench_monomer,8tru_A,408,sparsa-scale-main-20260911-long-step-2000,single_seq,pair_network,,,,,,long,L,0.06862745098039216,62958,340,408,eval-test
foldbench_monomer,8tru_A,408,sparsa-scale-main-20260911-long-step-2000,single_seq,pair_network,,,,,,long,L/2,0.10784313725490197,62958,340,204,eval-test
foldbench_monomer,8tru_A,408,sparsa-scale-main-20260911-long-step-2000,single_seq,pair_network,,,,,,long,L/5,0.09876543209876543,62958,340,81,eval-test
foldbench_monomer,8tru_A,408,sparsa-scale-main-20260911-long-step-2000,single_seq,pair_network,,,,,,long,R,0.07941176470588235,62958,340,340,eval-test
foldbench_monomer,8tru_A,408,sparsa-scale-main-20260911-long-step-2000,single_seq,pair_network,,,,,,long,AUC,0.8683797460981901,62958,340,62958,eval-test
foldbench_monomer,8tse_A,428,sparsa-scale-main-20260911-long-step-2000,single_seq,pair_network,,,,,,all,L,0.14485981308411214,81406,470,428,eval-test
foldbench_monomer,8tse_A,428,sparsa-scale-main-20260911-long-step-2000,single_seq,pair_network,,,,,,all,L/2,0.21495327102803738,81406,470,214,eval-test
foldbench_monomer,8tse_A,428,sparsa-scale-main-20260911-long-step-2000,single_seq,pair_network,,,,,,all,L/5,0.38823529411764707,81406,470,85,eval-test
foldbench_monomer,8tse_A,428,sparsa-scale-main-20260911-long-step-2000,single_seq,pair_network,,,,,,all,R,0.13829787234042554,81406,470,470,eval-test
foldbench_monomer,8tse_A,428,sparsa-scale-main-20260911-long-step-2000,single_seq,pair_network,,,,,,all,AUC,0.8480574485961064,81406,470,81406,eval-test
foldbench_monomer,8tse_A,428,sparsa-scale-main-20260911-long-step-2000,single_seq,pair_network,,,,,,short,L,0.07476635514018691,2403,46,428,eval-test
foldbench_monomer,8tse_A,428,sparsa-scale-main-20260911-long-step-2000,single_seq,pair_network,,,,,,short,L/2,0.1308411214953271,2403,46,214,eval-test
foldbench_monomer,8tse_A,428,sparsa-scale-main-20260911-long-step-2000,single_seq,pair_network,,,,,,short,L/5,0.25882352941176473,2403,46,85,eval-test
foldbench_monomer,8tse_A,428,sparsa-scale-main-20260911-long-step-2000,single_seq,pair_network,,,,,,short,R,0.3695652173913043,2403,46,46,eval-test
foldbench_monomer,8tse_A,428,sparsa-scale-main-20260911-long-step-2000,single_seq,pair_network,,,,,,short,AUC,0.8907371197727398,2403,46,2403,eval-test
foldbench_monomer,8tse_A,428,sparsa-scale-main-20260911-long-step-2000,single_seq,pair_network,,,,,,medium,L,0.11214953271028037,4698,83,428,eval-test
foldbench_monomer,8tse_A,428,sparsa-scale-main-20260911-long-step-2000,single_seq,pair_network,,,,,,medium,L/2,0.1588785046728972,4698,83,214,eval-test
foldbench_monomer,8tse_A,428,sparsa-scale-main-20260911-long-step-2000,single_seq,pair_network,,,,,,medium,L/5,0.23529411764705882,4698,83,85,eval-test
foldbench_monomer,8tse_A,428,sparsa-scale-main-20260911-long-step-2000,single_seq,pair_network,,,,,,medium,R,0.24096385542168675,4698,83,83,eval-test
foldbench_monomer,8tse_A,428,sparsa-scale-main-20260911-long-step-2000,single_seq,pair_network,,,,,,medium,AUC,0.8959743633254578,4698,83,4698,eval-test
foldbench_monomer,8tse_A,428,sparsa-scale-main-20260911-long-step-2000,single_seq,pair_network,,,,,,long,L,0.053738317757009345,74305,341,428,eval-test
foldbench_monomer,8tse_A,428,sparsa-scale-main-20260911-long-step-2000,single_seq,pair_network,,,,,,long,L/2,0.056074766355140186,74305,341,214,eval-test
foldbench_monomer,8tse_A,428,sparsa-scale-main-20260911-long-step-2000,single_seq,pair_network,,,,,,long,L/5,0.07058823529411765,74305,341,85,eval-test
foldbench_monomer,8tse_A,428,sparsa-scale-main-20260911-long-step-2000,single_seq,pair_network,,,,,,long,R,0.06158357771260997,74305,341,341,eval-test
foldbench_monomer,8tse_A,428,sparsa-scale-main-20260911-long-step-2000,single_seq,pair_network,,,,,,long,AUC,0.8202822693642988,74305,341,74305,eval-test
foldbench_monomer,8tuk_A,322,sparsa-scale-main-20260911-long-step-2000,single_seq,pair_network,,,,,,all,L,0.21428571428571427,40485,302,322,eval-test
foldbench_monomer,8tuk_A,322,sparsa-scale-main-20260911-long-step-2000,single_seq,pair_network,,,,,,all,L/2,0.2546583850931677,40485,302,161,eval-test
foldbench_monomer,8tuk_A,322,sparsa-scale-main-20260911-long-step-2000,single_seq,pair_network,,,,,,all,L/5,0.3125,40485,302,64,eval-test
foldbench_monomer,8tuk_A,322,sparsa-scale-main-20260911-long-step-2000,single_seq,pair_network,,,,,,all,R,0.22185430463576158,40485,302,302,eval-test
foldbench_monomer,8tuk_A,322,sparsa-scale-main-20260911-long-step-2000,single_seq,pair_network,,,,,,all,AUC,0.863922059887274,40485,302,40485,eval-test
foldbench_monomer,8tuk_A,322,sparsa-scale-main-20260911-long-step-2000,single_seq,pair_network,,,,,,short,L,0.10248447204968944,1638,37,322,eval-test
foldbench_monomer,8tuk_A,322,sparsa-scale-main-20260911-long-step-2000,single_seq,pair_network,,,,,,short,L/2,0.18012422360248448,1638,37,161,eval-test
foldbench_monomer,8tuk_A,322,sparsa-scale-main-20260911-long-step-2000,single_seq,pair_network,,,,,,short,L/5,0.34375,1638,37,64,eval-test
foldbench_monomer,8tuk_A,322,sparsa-scale-main-20260911-long-step-2000,single_seq,pair_network,,,,,,short,R,0.4594594594594595,1638,37,37,eval-test
foldbench_monomer,8tuk_A,322,sparsa-scale-main-20260911-long-step-2000,single_seq,pair_network,,,,,,short,AUC,0.9445110319563786,1638,37,1638,eval-test
foldbench_monomer,8tuk_A,322,sparsa-scale-main-20260911-long-step-2000,single_seq,pair_network,,,,,,medium,L,0.07763975155279502,3088,36,322,eval-test
foldbench_monomer,8tuk_A,322,sparsa-scale-main-20260911-long-step-2000,single_seq,pair_network,,,,,,medium,L/2,0.11180124223602485,3088,36,161,eval-test
foldbench_monomer,8tuk_A,322,sparsa-scale-main-20260911-long-step-2000,single_seq,pair_network,,,,,,medium,L/5,0.109375,3088,36,64,eval-test
foldbench_monomer,8tuk_A,322,sparsa-scale-main-20260911-long-step-2000,single_seq,pair_network,,,,,,medium,R,0.08333333333333333,3088,36,36,eval-test
foldbench_monomer,8tuk_A,322,sparsa-scale-main-20260911-long-step-2000,single_seq,pair_network,,,,,,medium,AUC,0.9231287316149702,3088,36,3088,eval-test
foldbench_monomer,8tuk_A,322,sparsa-scale-main-20260911-long-step-2000,single_seq,pair_network,,,,,,long,L,0.16149068322981366,35759,229,322,eval-test
foldbench_monomer,8tuk_A,322,sparsa-scale-main-20260911-long-step-2000,single_seq,pair_network,,,,,,long,L/2,0.2236024844720497,35759,229,161,eval-test
foldbench_monomer,8tuk_A,322,sparsa-scale-main-20260911-long-step-2000,single_seq,pair_network,,,,,,long,L/5,0.234375,35759,229,64,eval-test
foldbench_monomer,8tuk_A,322,sparsa-scale-main-20260911-long-step-2000,single_seq,pair_network,,,,,,long,R,0.18777292576419213,35759,229,229,eval-test
foldbench_monomer,8tuk_A,322,sparsa-scale-main-20260911-long-step-2000,single_seq,pair_network,,,,,,long,AUC,0.841954151544239,35759,229,35759,eval-test
foldbench_monomer,8tw1_A,286,sparsa-scale-main-20260911-long-step-2000,single_seq,pair_network,,,,,,all,L,0.24125874125874125,36058,272,286,eval-test
foldbench_monomer,8tw1_A,286,sparsa-scale-main-20260911-long-step-2000,single_seq,pair_network,,,,,,all,L/2,0.34265734265734266,36058,272,143,eval-test
foldbench_monomer,8tw1_A,286,sparsa-scale-main-20260911-long-step-2000,single_seq,pair_network,,,,,,all,L/5,0.543859649122807,36058,272,57,eval-test
foldbench_monomer,8tw1_A,286,sparsa-scale-main-20260911-long-step-2000,single_seq,pair_network,,,,,,all,R,0.24632352941176472,36058,272,272,eval-test
foldbench_monomer,8tw1_A,286,sparsa-scale-main-20260911-long-step-2000,single_seq,pair_network,,,,,,all,AUC,0.8935487834545879,36058,272,36058,eval-test
foldbench_monomer,8tw1_A,286,sparsa-scale-main-20260911-long-step-2000,single_seq,pair_network,,,,,,short,L,0.11188811188811189,1575,41,286,eval-test
foldbench_monomer,8tw1_A,286,sparsa-scale-main-20260911-long-step-2000,single_seq,pair_network,,,,,,short,L/2,0.2097902097902098,1575,41,143,eval-test
foldbench_monomer,8tw1_A,286,sparsa-scale-main-20260911-long-step-2000,single_seq,pair_network,,,,,,short,L/5,0.45614035087719296,1575,41,57,eval-test
foldbench_monomer,8tw1_A,286,sparsa-scale-main-20260911-long-step-2000,single_seq,pair_network,,,,,,short,R,0.5853658536585366,1575,41,41,eval-test
foldbench_monomer,8tw1_A,286,sparsa-scale-main-20260911-long-step-2000,single_seq,pair_network,,,,,,short,AUC,0.9197300219416797,1575,41,1575,eval-test
foldbench_monomer,8tw1_A,286,sparsa-scale-main-20260911-long-step-2000,single_seq,pair_network,,,,,,medium,L,0.13986013986013987,3042,79,286,eval-test
foldbench_monomer,8tw1_A,286,sparsa-scale-main-20260911-long-step-2000,single_seq,pair_network,,,,,,medium,L/2,0.2517482517482518,3042,79,143,eval-test
foldbench_monomer,8tw1_A,286,sparsa-scale-main-20260911-long-step-2000,single_seq,pair_network,,,,,,medium,L/5,0.3508771929824561,3042,79,57,eval-test
foldbench_monomer,8tw1_A,286,sparsa-scale-main-20260911-long-step-2000,single_seq,pair_network,,,,,,medium,R,0.35443037974683544,3042,79,79,eval-test
foldbench_monomer,8tw1_A,286,sparsa-scale-main-20260911-long-step-2000,single_seq,pair_network,,,,,,medium,AUC,0.8562887425932493,3042,79,3042,eval-test
foldbench_monomer,8tw1_A,286,sparsa-scale-main-20260911-long-step-2000,single_seq,pair_network,,,,,,long,L,0.0944055944055944,31441,152,286,eval-test
foldbench_monomer,8tw1_A,286,sparsa-scale-main-20260911-long-step-2000,single_seq,pair_network,,,,,,long,L/2,0.09090909090909091,31441,152,143,eval-test
foldbench_monomer,8tw1_A,286,sparsa-scale-main-20260911-long-step-2000,single_seq,pair_network,,,,,,long,L/5,0.10526315789473684,31441,152,57,eval-test
foldbench_monomer,8tw1_A,286,sparsa-scale-main-20260911-long-step-2000,single_seq,pair_network,,,,,,long,R,0.09210526315789473,31441,152,152,eval-test
foldbench_monomer,8tw1_A,286,sparsa-scale-main-20260911-long-step-2000,single_seq,pair_network,,,,,,long,AUC,0.873501869666656,31441,152,31441,eval-test
foldbench_monomer,8tyh_A,538,sparsa-scale-main-20260911-long-step-2000,single_seq,pair_network,,,,,,all,L,0.07806691449814127,53643,331,538,eval-test
foldbench_monomer,8tyh_A,538,sparsa-scale-main-20260911-long-step-2000,single_seq,pair_network,,,,,,all,L/2,0.10780669144981413,53643,331,269,eval-test
foldbench_monomer,8tyh_A,538,sparsa-scale-main-20260911-long-step-2000,single_seq,pair_network,,,,,,all,L/5,0.14953271028037382,53643,331,107,eval-test
foldbench_monomer,8tyh_A,538,sparsa-scale-main-20260911-long-step-2000,single_seq,pair_network,,,,,,all,R,0.09667673716012085,53643,331,331,eval-test
foldbench_monomer,8tyh_A,538,sparsa-scale-main-20260911-long-step-2000,single_seq,pair_network,,,,,,all,AUC,0.837071223882302,53643,331,53643,eval-test
foldbench_monomer,8tyh_A,538,sparsa-scale-main-20260911-long-step-2000,single_seq,pair_network,,,,,,short,L,0.05947955390334572,1911,42,538,eval-test
foldbench_monomer,8tyh_A,538,sparsa-scale-main-20260911-long-step-2000,single_seq,pair_network,,,,,,short,L/2,0.09665427509293681,1911,42,269,eval-test
foldbench_monomer,8tyh_A,538,sparsa-scale-main-20260911-long-step-2000,single_seq,pair_network,,,,,,short,L/5,0.17757009345794392,1911,42,107,eval-test
foldbench_monomer,8tyh_A,538,sparsa-scale-main-20260911-long-step-2000,single_seq,pair_network,,,,,,short,R,0.21428571428571427,1911,42,42,eval-test
foldbench_monomer,8tyh_A,538,sparsa-scale-main-20260911-long-step-2000,single_seq,pair_network,,,,,,short,AUC,0.8515248796147672,1911,42,1911,eval-test
foldbench_monomer,8tyh_A,538,sparsa-scale-main-20260911-long-step-2000,single_seq,pair_network,,,,,,medium,L,0.04275092936802974,3714,46,538,eval-test
foldbench_monomer,8tyh_A,538,sparsa-scale-main-20260911-long-step-2000,single_seq,pair_network,,,,,,medium,L/2,0.05947955390334572,3714,46,269,eval-test
foldbench_monomer,8tyh_A,538,sparsa-scale-main-20260911-long-step-2000,single_seq,pair_network,,,,,,medium,L/5,0.04672897196261682,3714,46,107,eval-test
foldbench_monomer,8tyh_A,538,sparsa-scale-main-20260911-long-step-2000,single_seq,pair_network,,,,,,medium,R,0.10869565217391304,3714,46,46,eval-test
foldbench_monomer,8tyh_A,538,sparsa-scale-main-20260911-long-step-2000,single_seq,pair_network,,,,,,medium,AUC,0.7987056090275473,3714,46,3714,eval-test
foldbench_monomer,8tyh_A,538,sparsa-scale-main-20260911-long-step-2000,single_seq,pair_network,,,,,,long,L,0.031598513011152414,48018,243,538,eval-test
foldbench_monomer,8tyh_A,538,sparsa-scale-main-20260911-long-step-2000,single_seq,pair_network,,,,,,long,L/2,0.04460966542750929,48018,243,269,eval-test
foldbench_monomer,8tyh_A,538,sparsa-scale-main-20260911-long-step-2000,single_seq,pair_network,,,,,,long,L/5,0.056074766355140186,48018,243,107,eval-test
foldbench_monomer,8tyh_A,538,sparsa-scale-main-20260911-long-step-2000,single_seq,pair_network,,,,,,long,R,0.04938271604938271,48018,243,243,eval-test
foldbench_monomer,8tyh_A,538,sparsa-scale-main-20260911-long-step-2000,single_seq,pair_network,,,,,,long,AUC,0.8244942750762857,48018,243,48018,eval-test
foldbench_monomer,8u0i_A,90,sparsa-scale-main-20260911-long-step-2000,single_seq,pair_network,,,,,,all,L,0.5777777777777777,3240,79,90,eval-test
foldbench_monomer,8u0i_A,90,sparsa-scale-main-20260911-long-step-2000,single_seq,pair_network,,,,,,all,L/2,0.8,3240,79,45,eval-test
foldbench_monomer,8u0i_A,90,sparsa-scale-main-20260911-long-step-2000,single_seq,pair_network,,,,,,all,L/5,1.0,3240,79,18,eval-test
foldbench_monomer,8u0i_A,90,sparsa-scale-main-20260911-long-step-2000,single_seq,pair_network,,,,,,all,R,0.6329113924050633,3240,79,79,eval-test
foldbench_monomer,8u0i_A,90,sparsa-scale-main-20260911-long-step-2000,single_seq,pair_network,,,,,,all,AUC,0.9790784842162592,3240,79,3240,eval-test
foldbench_monomer,8u0i_A,90,sparsa-scale-main-20260911-long-step-2000,single_seq,pair_network,,,,,,short,L,0.15555555555555556,465,14,90,eval-test
foldbench_monomer,8u0i_A,90,sparsa-scale-main-20260911-long-step-2000,single_seq,pair_network,,,,,,short,L/2,0.3111111111111111,465,14,45,eval-test
foldbench_monomer,8u0i_A,90,sparsa-scale-main-20260911-long-step-2000,single_seq,pair_network,,,,,,short,L/5,0.7222222222222222,465,14,18,eval-test
foldbench_monomer,8u0i_A,90,sparsa-scale-main-20260911-long-step-2000,single_seq,pair_network,,,,,,short,R,0.7857142857142857,465,14,14,eval-test
foldbench_monomer,8u0i_A,90,sparsa-scale-main-20260911-long-step-2000,single_seq,pair_network,,,,,,short,AUC,0.9949318973709218,465,14,465,eval-test
foldbench_monomer,8u0i_A,90,sparsa-scale-main-20260911-long-step-2000,single_seq,pair_network,,,,,,medium,L,0.26666666666666666,822,24,90,eval-test
foldbench_monomer,8u0i_A,90,sparsa-scale-main-20260911-long-step-2000,single_seq,pair_network,,,,,,medium,L/2,0.5111111111111111,822,24,45,eval-test
foldbench_monomer,8u0i_A,90,sparsa-scale-main-20260911-long-step-2000,single_seq,pair_network,,,,,,medium,L/5,0.8888888888888888,822,24,18,eval-test
foldbench_monomer,8u0i_A,90,sparsa-scale-main-20260911-long-step-2000,single_seq,pair_network,,,,,,medium,R,0.7916666666666666,822,24,24,eval-test
foldbench_monomer,8u0i_A,90,sparsa-scale-main-20260911-long-step-2000,single_seq,pair_network,,,,,,medium,AUC,0.9951963241436925,822,24,822,eval-test
foldbench_monomer,8u0i_A,90,sparsa-scale-main-20260911-long-step-2000,single_seq,pair_network,,,,,,long,L,0.3,1953,41,90,eval-test
foldbench_monomer,8u0i_A,90,sparsa-scale-main-20260911-long-step-2000,single_seq,pair_network,,,,,,long,L/2,0.4222222222222222,1953,41,45,eval-test
foldbench_monomer,8u0i_A,90,sparsa-scale-main-20260911-long-step-2000,single_seq,pair_network,,,,,,long,L/5,0.6666666666666666,1953,41,18,eval-test
foldbench_monomer,8u0i_A,90,sparsa-scale-main-20260911-long-step-2000,single_seq,pair_network,,,,,,long,R,0.4634146341463415,1953,41,41,eval-test
foldbench_monomer,8u0i_A,90,sparsa-scale-main-20260911-long-step-2000,single_seq,pair_network,,,,,,long,AUC,0.9630574548423309,1953,41,1953,eval-test
foldbench_monomer,8u0x_A,186,sparsa-scale-main-20260911-long-step-2000,single_seq,pair_network,,,,,,all,L,0.06989247311827956,14535,152,186,eval-test
foldbench_monomer,8u0x_A,186,sparsa-scale-main-20260911-long-step-2000,single_seq,pair_network,,,,,,all,L/2,0.06451612903225806,14535,152,93,eval-test
foldbench_monomer,8u0x_A,186,sparsa-scale-main-20260911-long-step-2000,single_seq,pair_network,,,,,,all,L/5,0.05405405405405406,14535,152,37,eval-test
foldbench_monomer,8u0x_A,186,sparsa-scale-main-20260911-long-step-2000,single_seq,pair_network,,,,,,all,R,0.07894736842105263,14535,152,152,eval-test
foldbench_monomer,8u0x_A,186,sparsa-scale-main-20260911-long-step-2000,single_seq,pair_network,,,,,,all,AUC,0.8166841702741174,14535,152,14535,eval-test
foldbench_monomer,8u0x_A,186,sparsa-scale-main-20260911-long-step-2000,single_seq,pair_network,,,,,,short,L,0.05913978494623656,1005,16,186,eval-test
foldbench_monomer,8u0x_A,186,sparsa-scale-main-20260911-long-step-2000,single_seq,pair_network,,,,,,short,L/2,0.053763440860215055,1005,16,93,eval-test
foldbench_monomer,8u0x_A,186,sparsa-scale-main-20260911-long-step-2000,single_seq,pair_network,,,,,,short,L/5,0.05405405405405406,1005,16,37,eval-test
foldbench_monomer,8u0x_A,186,sparsa-scale-main-20260911-long-step-2000,single_seq,pair_network,,,,,,short,R,0.0,1005,16,16,eval-test
foldbench_monomer,8u0x_A,186,sparsa-scale-main-20260911-long-step-2000,single_seq,pair_network,,,,,,short,AUC,0.8557254802831142,1005,16,1005,eval-test
foldbench_monomer,8u0x_A,186,sparsa-scale-main-20260911-long-step-2000,single_seq,pair_network,,,,,,medium,L,0.043010752688172046,1902,24,186,eval-test
foldbench_monomer,8u0x_A,186,sparsa-scale-main-20260911-long-step-2000,single_seq,pair_network,,,,,,medium,L/2,0.06451612903225806,1902,24,93,eval-test
foldbench_monomer,8u0x_A,186,sparsa-scale-main-20260911-long-step-2000,single_seq,pair_network,,,,,,medium,L/5,0.05405405405405406,1902,24,37,eval-test
foldbench_monomer,8u0x_A,186,sparsa-scale-main-20260911-long-step-2000,single_seq,pair_network,,,,,,medium,R,0.08333333333333333,1902,24,24,eval-test
foldbench_monomer,8u0x_A,186,sparsa-scale-main-20260911-long-step-2000,single_seq,pair_network,,,,,,medium,AUC,0.8253682996095137,1902,24,1902,eval-test
foldbench_monomer,8u0x_A,186,sparsa-scale-main-20260911-long-step-2000,single_seq,pair_network,,,,,,long,L,0.08602150537634409,11628,112,186,eval-test
foldbench_monomer,8u0x_A,186,sparsa-scale-main-20260911-long-step-2000,single_seq,pair_network,,,,,,long,L/2,0.08602150537634409,11628,112,93,eval-test
foldbench_monomer,8u0x_A,186,sparsa-scale-main-20260911-long-step-2000,single_seq,pair_network,,,,,,long,L/5,0.08108108108108109,11628,112,37,eval-test
foldbench_monomer,8u0x_A,186,sparsa-scale-main-20260911-long-step-2000,single_seq,pair_network,,,,,,long,R,0.09821428571428571,11628,112,112,eval-test
foldbench_monomer,8u0x_A,186,sparsa-scale-main-20260911-long-step-2000,single_seq,pair_network,,,,,,long,AUC,0.8070522223738401,11628,112,11628,eval-test
foldbench_monomer,8u2f_A,149,sparsa-scale-main-20260911-long-step-2000,single_seq,pair_network,,,,,,all,L,0.38926174496644295,8682,145,149,eval-test
foldbench_monomer,8u2f_A,149,sparsa-scale-main-20260911-long-step-2000,single_seq,pair_network,,,,,,all,L/2,0.5675675675675675,8682,145,74,eval-test
foldbench_monomer,8u2f_A,149,sparsa-scale-main-20260911-long-step-2000,single_seq,pair_network,,,,,,all,L/5,0.7586206896551724,8682,145,29,eval-test
foldbench_monomer,8u2f_A,149,sparsa-scale-main-20260911-long-step-2000,single_seq,pair_network,,,,,,all,R,0.3931034482758621,8682,145,145,eval-test
foldbench_monomer,8u2f_A,149,sparsa-scale-main-20260911-long-step-2000,single_seq,pair_network,,,,,,all,AUC,0.9296502445743275,8682,145,8682,eval-test
foldbench_monomer,8u2f_A,149,sparsa-scale-main-20260911-long-step-2000,single_seq,pair_network,,,,,,short,L,0.12751677852348994,700,20,149,eval-test
foldbench_monomer,8u2f_A,149,sparsa-scale-main-20260911-long-step-2000,single_seq,pair_network,,,,,,short,L/2,0.25675675675675674,700,20,74,eval-test
foldbench_monomer,8u2f_A,149,sparsa-scale-main-20260911-long-step-2000,single_seq,pair_network,,,,,,short,L/5,0.5862068965517241,700,20,29,eval-test
foldbench_monomer,8u2f_A,149,sparsa-scale-main-20260911-long-step-2000,single_seq,pair_network,,,,,,short,R,0.7,700,20,20,eval-test
foldbench_monomer,8u2f_A,149,sparsa-scale-main-20260911-long-step-2000,single_seq,pair_network,,,,,,short,AUC,0.9775,700,20,700,eval-test
foldbench_monomer,8u2f_A,149,sparsa-scale-main-20260911-long-step-2000,single_seq,pair_network,,,,,,medium,L,0.2214765100671141,1290,47,149,eval-test
foldbench_monomer,8u2f_A,149,sparsa-scale-main-20260911-long-step-2000,single_seq,pair_network,,,,,,medium,L/2,0.35135135135135137,1290,47,74,eval-test
foldbench_monomer,8u2f_A,149,sparsa-scale-main-20260911-long-step-2000,single_seq,pair_network,,,,,,medium,L/5,0.5862068965517241,1290,47,29,eval-test
foldbench_monomer,8u2f_A,149,sparsa-scale-main-20260911-long-step-2000,single_seq,pair_network,,,,,,medium,R,0.44680851063829785,1290,47,47,eval-test
foldbench_monomer,8u2f_A,149,sparsa-scale-main-20260911-long-step-2000,single_seq,pair_network,,,,,,medium,AUC,0.9348949863918796,1290,47,1290,eval-test
foldbench_monomer,8u2f_A,149,sparsa-scale-main-20260911-long-step-2000,single_seq,pair_network,,,,,,long,L,0.19463087248322147,6692,78,149,eval-test
foldbench_monomer,8u2f_A,149,sparsa-scale-main-20260911-long-step-2000,single_seq,pair_network,,,,,,long,L/2,0.3108108108108108,6692,78,74,eval-test
foldbench_monomer,8u2f_A,149,sparsa-scale-main-20260911-long-step-2000,single_seq,pair_network,,,,,,long,L/5,0.41379310344827586,6692,78,29,eval-test
foldbench_monomer,8u2f_A,149,sparsa-scale-main-20260911-long-step-2000,single_seq,pair_network,,,,,,long,R,0.3076923076923077,6692,78,78,eval-test
foldbench_monomer,8u2f_A,149,sparsa-scale-main-20260911-long-step-2000,single_seq,pair_network,,,,,,long,AUC,0.90827440627108,6692,78,6692,eval-test
foldbench_monomer,8ubs_A,151,sparsa-scale-main-20260911-long-step-2000,single_seq,pair_network,,,,,,all,L,0.2913907284768212,10440,162,151,eval-test
foldbench_monomer,8ubs_A,151,sparsa-scale-main-20260911-long-step-2000,single_seq,pair_network,,,,,,all,L/2,0.4266666666666667,10440,162,75,eval-test
foldbench_monomer,8ubs_A,151,sparsa-scale-main-20260911-long-step-2000,single_seq,pair_network,,,,,,all,L/5,0.7333333333333333,10440,162,30,eval-test
foldbench_monomer,8ubs_A,151,sparsa-scale-main-20260911-long-step-2000,single_seq,pair_network,,,,,,all,R,0.2777777777777778,10440,162,162,eval-test
foldbench_monomer,8ubs_A,151,sparsa-scale-main-20260911-long-step-2000,single_seq,pair_network,,,,,,all,AUC,0.8147112134512406,10440,162,10440,eval-test
foldbench_monomer,8ubs_A,151,sparsa-scale-main-20260911-long-step-2000,single_seq,pair_network,,,,,,short,L,0.15894039735099338,849,25,151,eval-test
foldbench_monomer,8ubs_A,151,sparsa-scale-main-20260911-long-step-2000,single_seq,pair_network,,,,,,short,L/2,0.29333333333333333,849,25,75,eval-test
foldbench_monomer,8ubs_A,151,sparsa-scale-main-20260911-long-step-2000,single_seq,pair_network,,,,,,short,L/5,0.6,849,25,30,eval-test
foldbench_monomer,8ubs_A,151,sparsa-scale-main-20260911-long-step-2000,single_seq,pair_network,,,,,,short,R,0.68,849,25,25,eval-test
foldbench_monomer,8ubs_A,151,sparsa-scale-main-20260911-long-step-2000,single_seq,pair_network,,,,,,short,AUC,0.9745873786407767,849,25,849,eval-test
foldbench_monomer,8ubs_A,151,sparsa-scale-main-20260911-long-step-2000,single_seq,pair_network,,,,,,medium,L,0.1456953642384106,1590,37,151,eval-test
foldbench_monomer,8ubs_A,151,sparsa-scale-main-20260911-long-step-2000,single_seq,pair_network,,,,,,medium,L/2,0.28,1590,37,75,eval-test
foldbench_monomer,8ubs_A,151,sparsa-scale-main-20260911-long-step-2000,single_seq,pair_network,,,,,,medium,L/5,0.43333333333333335,1590,37,30,eval-test
foldbench_monomer,8ubs_A,151,sparsa-scale-main-20260911-long-step-2000,single_seq,pair_network,,,,,,medium,R,0.3783783783783784,1590,37,37,eval-test
foldbench_monomer,8ubs_A,151,sparsa-scale-main-20260911-long-step-2000,single_seq,pair_network,,,,,,medium,AUC,0.9000800542976977,1590,37,1590,eval-test
foldbench_monomer,8ubs_A,151,sparsa-scale-main-20260911-long-step-2000,single_seq,pair_network,,,,,,long,L,0.0728476821192053,8001,100,151,eval-test
foldbench_monomer,8ubs_A,151,sparsa-scale-main-20260911-long-step-2000,single_seq,pair_network,,,,,,long,L/2,0.08,8001,100,75,eval-test
foldbench_monomer,8ubs_A,151,sparsa-scale-main-20260911-long-step-2000,single_seq,pair_network,,,,,,long,L/5,0.1,8001,100,30,eval-test
foldbench_monomer,8ubs_A,151,sparsa-scale-main-20260911-long-step-2000,single_seq,pair_network,,,,,,long,R,0.08,8001,100,100,eval-test
foldbench_monomer,8ubs_A,151,sparsa-scale-main-20260911-long-step-2000,single_seq,pair_network,,,,,,long,AUC,0.7538153398304013,8001,100,8001,eval-test
foldbench_monomer,8uds_A,167,sparsa-scale-main-20260911-long-step-2000,single_seq,pair_network,,,,,,all,L,0.38323353293413176,10011,106,167,eval-test
foldbench_monomer,8uds_A,167,sparsa-scale-main-20260911-long-step-2000,single_seq,pair_network,,,,,,all,L/2,0.5421686746987951,10011,106,83,eval-test
foldbench_monomer,8uds_A,167,sparsa-scale-main-20260911-long-step-2000,single_seq,pair_network,,,,,,all,L/5,0.7575757575757576,10011,106,33,eval-test
foldbench_monomer,8uds_A,167,sparsa-scale-main-20260911-long-step-2000,single_seq,pair_network,,,,,,all,R,0.4716981132075472,10011,106,106,eval-test
foldbench_monomer,8uds_A,167,sparsa-scale-main-20260911-long-step-2000,single_seq,pair_network,,,,,,all,AUC,0.9755736096692161,10011,106,10011,eval-test
foldbench_monomer,8uds_A,167,sparsa-scale-main-20260911-long-step-2000,single_seq,pair_network,,,,,,short,L,0.11976047904191617,831,21,167,eval-test
foldbench_monomer,8uds_A,167,sparsa-scale-main-20260911-long-step-2000,single_seq,pair_network,,,,,,short,L/2,0.2289156626506024,831,21,83,eval-test
foldbench_monomer,8uds_A,167,sparsa-scale-main-20260911-long-step-2000,single_seq,pair_network,,,,,,short,L/5,0.45454545454545453,831,21,33,eval-test
foldbench_monomer,8uds_A,167,sparsa-scale-main-20260911-long-step-2000,single_seq,pair_network,,,,,,short,R,0.5238095238095238,831,21,21,eval-test
foldbench_monomer,8uds_A,167,sparsa-scale-main-20260911-long-step-2000,single_seq,pair_network,,,,,,short,AUC,0.970487948265726,831,21,831,eval-test
foldbench_monomer,8uds_A,167,sparsa-scale-main-20260911-long-step-2000,single_seq,pair_network,,,,,,medium,L,0.11976047904191617,1554,21,167,eval-test
foldbench_monomer,8uds_A,167,sparsa-scale-main-20260911-long-step-2000,single_seq,pair_network,,,,,,medium,L/2,0.21686746987951808,1554,21,83,eval-test
foldbench_monomer,8uds_A,167,sparsa-scale-main-20260911-long-step-2000,single_seq,pair_network,,,,,,medium,L/5,0.3939393939393939,1554,21,33,eval-test
foldbench_monomer,8uds_A,167,sparsa-scale-main-20260911-long-step-2000,single_seq,pair_network,,,,,,medium,R,0.47619047619047616,1554,21,21,eval-test
foldbench_monomer,8uds_A,167,sparsa-scale-main-20260911-long-step-2000,single_seq,pair_network,,,,,,medium,AUC,0.9762991954772777,1554,21,1554,eval-test
foldbench_monomer,8uds_A,167,sparsa-scale-main-20260911-long-step-2000,single_seq,pair_network,,,,,,long,L,0.2634730538922156,7626,64,167,eval-test
foldbench_monomer,8uds_A,167,sparsa-scale-main-20260911-long-step-2000,single_seq,pair_network,,,,,,long,L/2,0.42168674698795183,7626,64,83,eval-test
foldbench_monomer,8uds_A,167,sparsa-scale-main-20260911-long-step-2000,single_seq,pair_network,,,,,,long,L/5,0.6363636363636364,7626,64,33,eval-test
foldbench_monomer,8uds_A,167,sparsa-scale-main-20260911-long-step-2000,single_seq,pair_network,,,,,,long,R,0.484375,7626,64,64,eval-test
foldbench_monomer,8uds_A,167,sparsa-scale-main-20260911-long-step-2000,single_seq,pair_network,,,,,,long,AUC,0.9748144505421846,7626,64,7626,eval-test
foldbench_monomer,8tls_A,116,sparsa-scale-main-20260911-long-step-2000,single_seq,pair_network,,,,,,all,L,0.3103448275862069,6105,84,116,eval-test
foldbench_monomer,8tls_A,116,sparsa-scale-main-20260911-long-step-2000,single_seq,pair_network,,,,,,all,L/2,0.3793103448275862,6105,84,58,eval-test
foldbench_monomer,8tls_A,116,sparsa-scale-main-20260911-long-step-2000,single_seq,pair_network,,,,,,all,L/5,0.4782608695652174,6105,84,23,eval-test
foldbench_monomer,8tls_A,116,sparsa-scale-main-20260911-long-step-2000,single_seq,pair_network,,,,,,all,R,0.35714285714285715,6105,84,84,eval-test
foldbench_monomer,8tls_A,116,sparsa-scale-main-20260911-long-step-2000,single_seq,pair_network,,,,,,all,AUC,0.9506568280858265,6105,84,6105,eval-test
foldbench_monomer,8tls_A,116,sparsa-scale-main-20260911-long-step-2000,single_seq,pair_network,,,,,,short,L,0.09482758620689655,645,11,116,eval-test
foldbench_monomer,8tls_A,116,sparsa-scale-main-20260911-long-step-2000,single_seq,pair_network,,,,,,short,L/2,0.1724137931034483,645,11,58,eval-test
foldbench_monomer,8tls_A,116,sparsa-scale-main-20260911-long-step-2000,single_seq,pair_network,,,,,,short,L/5,0.2608695652173913,645,11,23,eval-test
foldbench_monomer,8tls_A,116,sparsa-scale-main-20260911-long-step-2000,single_seq,pair_network,,,,,,short,R,0.2727272727272727,645,11,11,eval-test
foldbench_monomer,8tls_A,116,sparsa-scale-main-20260911-long-step-2000,single_seq,pair_network,,,,,,short,AUC,0.968741038141669,645,11,645,eval-test
foldbench_monomer,8tls_A,116,sparsa-scale-main-20260911-long-step-2000,single_seq,pair_network,,,,,,medium,L,0.11206896551724138,1182,15,116,eval-test
foldbench_monomer,8tls_A,116,sparsa-scale-main-20260911-long-step-2000,single_seq,pair_network,,,,,,medium,L/2,0.1896551724137931,1182,15,58,eval-test
foldbench_monomer,8tls_A,116,sparsa-scale-main-20260911-long-step-2000,single_seq,pair_network,,,,,,medium,L/5,0.43478260869565216,1182,15,23,eval-test
foldbench_monomer,8tls_A,116,sparsa-scale-main-20260911-long-step-2000,single_seq,pair_network,,,,,,medium,R,0.6,1182,15,15,eval-test
foldbench_monomer,8tls_A,116,sparsa-scale-main-20260911-long-step-2000,single_seq,pair_network,,,,,,medium,AUC,0.9678377606398172,1182,15,1182,eval-test
foldbench_monomer,8tls_A,116,sparsa-scale-main-20260911-long-step-2000,single_seq,pair_network,,,,,,long,L,0.2413793103448276,4278,58,116,eval-test
foldbench_monomer,8tls_A,116,sparsa-scale-main-20260911-long-step-2000,single_seq,pair_network,,,,,,long,L/2,0.29310344827586204,4278,58,58,eval-test
foldbench_monomer,8tls_A,116,sparsa-scale-main-20260911-long-step-2000,single_seq,pair_network,,,,,,long,L/5,0.391304347826087,4278,58,23,eval-test
foldbench_monomer,8tls_A,116,sparsa-scale-main-20260911-long-step-2000,single_seq,pair_network,,,,,,long,R,0.29310344827586204,4278,58,58,eval-test
foldbench_monomer,8tls_A,116,sparsa-scale-main-20260911-long-step-2000,single_seq,pair_network,,,,,,long,AUC,0.9413527537179278,4278,58,4278,eval-test
foldbench_monomer,8ujw_A,264,sparsa-scale-main-20260911-long-step-2000,single_seq,pair_network,,,,,,all,L,0.14015151515151514,15597,156,264,eval-test
foldbench_monomer,8ujw_A,264,sparsa-scale-main-20260911-long-step-2000,single_seq,pair_network,,,,,,all,L/2,0.23484848484848486,15597,156,132,eval-test
foldbench_monomer,8ujw_A,264,sparsa-scale-main-20260911-long-step-2000,single_seq,pair_network,,,,,,all,L/5,0.36538461538461536,15597,156,52,eval-test
foldbench_monomer,8ujw_A,264,sparsa-scale-main-20260911-long-step-2000,single_seq,pair_network,,,,,,all,R,0.20512820512820512,15597,156,156,eval-test
foldbench_monomer,8ujw_A,264,sparsa-scale-main-20260911-long-step-2000,single_seq,pair_network,,,,,,all,AUC,0.7934530362886686,15597,156,15597,eval-test
foldbench_monomer,8ujw_A,264,sparsa-scale-main-20260911-long-step-2000,single_seq,pair_network,,,,,,short,L,0.06439393939393939,1011,17,264,eval-test
foldbench_monomer,8ujw_A,264,sparsa-scale-main-20260911-long-step-2000,single_seq,pair_network,,,,,,short,L/2,0.11363636363636363,1011,17,132,eval-test
foldbench_monomer,8ujw_A,264,sparsa-scale-main-20260911-long-step-2000,single_seq,pair_network,,,,,,short,L/5,0.25,1011,17,52,eval-test
foldbench_monomer,8ujw_A,264,sparsa-scale-main-20260911-long-step-2000,single_seq,pair_network,,,,,,short,R,0.47058823529411764,1011,17,17,eval-test
foldbench_monomer,8ujw_A,264,sparsa-scale-main-20260911-long-step-2000,single_seq,pair_network,,,,,,short,AUC,0.9701148064859747,1011,17,1011,eval-test
foldbench_monomer,8ujw_A,264,sparsa-scale-main-20260911-long-step-2000,single_seq,pair_network,,,,,,medium,L,0.08333333333333333,1914,23,264,eval-test
foldbench_monomer,8ujw_A,264,sparsa-scale-main-20260911-long-step-2000,single_seq,pair_network,,,,,,medium,L/2,0.13636363636363635,1914,23,132,eval-test
foldbench_monomer,8ujw_A,264,sparsa-scale-main-20260911-long-step-2000,single_seq,pair_network,,,,,,medium,L/5,0.2692307692307692,1914,23,52,eval-test
foldbench_monomer,8ujw_A,264,sparsa-scale-main-20260911-long-step-2000,single_seq,pair_network,,,,,,medium,R,0.34782608695652173,1914,23,23,eval-test
foldbench_monomer,8ujw_A,264,sparsa-scale-main-20260911-long-step-2000,single_seq,pair_network,,,,,,medium,AUC,0.9643505851516336,1914,23,1914,eval-test
foldbench_monomer,8ujw_A,264,sparsa-scale-main-20260911-long-step-2000,single_seq,pair_network,,,,,,long,L,0.07954545454545454,12672,116,264,eval-test
foldbench_monomer,8ujw_A,264,sparsa-scale-main-20260911-long-step-2000,single_seq,pair_network,,,,,,long,L/2,0.07575757575757576,12672,116,132,eval-test
foldbench_monomer,8ujw_A,264,sparsa-scale-main-20260911-long-step-2000,single_seq,pair_network,,,,,,long,L/5,0.11538461538461539,12672,116,52,eval-test
foldbench_monomer,8ujw_A,264,sparsa-scale-main-20260911-long-step-2000,single_seq,pair_network,,,,,,long,R,0.07758620689655173,12672,116,116,eval-test
foldbench_monomer,8ujw_A,264,sparsa-scale-main-20260911-long-step-2000,single_seq,pair_network,,,,,,long,AUC,0.7465705364106734,12672,116,12672,eval-test
foldbench_monomer,8uk7_A,138,sparsa-scale-main-20260911-long-step-2000,single_seq,pair_network,,,,,,all,L,0.2898550724637681,6105,102,138,eval-test
foldbench_monomer,8uk7_A,138,sparsa-scale-main-20260911-long-step-2000,single_seq,pair_network,,,,,,all,L/2,0.4492753623188406,6105,102,69,eval-test
foldbench_monomer,8uk7_A,138,sparsa-scale-main-20260911-long-step-2000,single_seq,pair_network,,,,,,all,L/5,0.7777777777777778,6105,102,27,eval-test
foldbench_monomer,8uk7_A,138,sparsa-scale-main-20260911-long-step-2000,single_seq,pair_network,,,,,,all,R,0.3431372549019608,6105,102,102,eval-test
foldbench_monomer,8uk7_A,138,sparsa-scale-main-20260911-long-step-2000,single_seq,pair_network,,,,,,all,AUC,0.8884209855856385,6105,102,6105,eval-test
foldbench_monomer,8uk7_A,138,sparsa-scale-main-20260911-long-step-2000,single_seq,pair_network,,,,,,short,L,0.14492753623188406,645,21,138,eval-test
foldbench_monomer,8uk7_A,138,sparsa-scale-main-20260911-long-step-2000,single_seq,pair_network,,,,,,short,L/2,0.21739130434782608,645,21,69,eval-test
foldbench_monomer,8uk7_A,138,sparsa-scale-main-20260911-long-step-2000,single_seq,pair_network,,,,,,short,L/5,0.37037037037037035,645,21,27,eval-test
foldbench_monomer,8uk7_A,138,sparsa-scale-main-20260911-long-step-2000,single_seq,pair_network,,,,,,short,R,0.42857142857142855,645,21,21,eval-test
foldbench_monomer,8uk7_A,138,sparsa-scale-main-20260911-long-step-2000,single_seq,pair_network,,,,,,short,AUC,0.9473443223443223,645,21,645,eval-test
foldbench_monomer,8uk7_A,138,sparsa-scale-main-20260911-long-step-2000,single_seq,pair_network,,,,,,medium,L,0.18840579710144928,1182,31,138,eval-test
foldbench_monomer,8uk7_A,138,sparsa-scale-main-20260911-long-step-2000,single_seq,pair_network,,,,,,medium,L/2,0.2898550724637681,1182,31,69,eval-test
foldbench_monomer,8uk7_A,138,sparsa-scale-main-20260911-long-step-2000,single_seq,pair_network,,,,,,medium,L/5,0.3333333333333333,1182,31,27,eval-test
foldbench_monomer,8uk7_A,138,sparsa-scale-main-20260911-long-step-2000,single_seq,pair_network,,,,,,medium,R,0.3548387096774194,1182,31,31,eval-test
foldbench_monomer,8uk7_A,138,sparsa-scale-main-20260911-long-step-2000,single_seq,pair_network,,,,,,medium,AUC,0.9385106919649113,1182,31,1182,eval-test
foldbench_monomer,8uk7_A,138,sparsa-scale-main-20260911-long-step-2000,single_seq,pair_network,,,,,,long,L,0.15217391304347827,4278,50,138,eval-test
foldbench_monomer,8uk7_A,138,sparsa-scale-main-20260911-long-step-2000,single_seq,pair_network,,,,,,long,L/2,0.2463768115942029,4278,50,69,eval-test
foldbench_monomer,8uk7_A,138,sparsa-scale-main-20260911-long-step-2000,single_seq,pair_network,,,,,,long,L/5,0.5185185185185185,4278,50,27,eval-test
foldbench_monomer,8uk7_A,138,sparsa-scale-main-20260911-long-step-2000,single_seq,pair_network,,,,,,long,R,0.32,4278,50,50,eval-test
foldbench_monomer,8uk7_A,138,sparsa-scale-main-20260911-long-step-2000,single_seq,pair_network,,,,,,long,AUC,0.8214285714285715,4278,50,4278,eval-test
foldbench_monomer,8upi_A,523,sparsa-scale-main-20260911-long-step-2000,single_seq,pair_network,,,,,,all,L,0.2045889101338432,127260,575,523,eval-test
foldbench_monomer,8upi_A,523,sparsa-scale-main-20260911-long-step-2000,single_seq,pair_network,,,,,,all,L/2,0.28735632183908044,127260,575,261,eval-test
foldbench_monomer,8upi_A,523,sparsa-scale-main-20260911-long-step-2000,single_seq,pair_network,,,,,,all,L/5,0.4807692307692308,127260,575,104,eval-test
foldbench_monomer,8upi_A,523,sparsa-scale-main-20260911-long-step-2000,single_seq,pair_network,,,,,,all,R,0.19304347826086957,127260,575,575,eval-test
foldbench_monomer,8upi_A,523,sparsa-scale-main-20260911-long-step-2000,single_seq,pair_network,,,,,,all,AUC,0.8719908228385709,127260,575,127260,eval-test
foldbench_monomer,8upi_A,523,sparsa-scale-main-20260911-long-step-2000,single_seq,pair_network,,,,,,short,L,0.1089866156787763,3009,72,523,eval-test
foldbench_monomer,8upi_A,523,sparsa-scale-main-20260911-long-step-2000,single_seq,pair_network,,,,,,short,L/2,0.18773946360153257,3009,72,261,eval-test
foldbench_monomer,8upi_A,523,sparsa-scale-main-20260911-long-step-2000,single_seq,pair_network,,,,,,short,L/5,0.3076923076923077,3009,72,104,eval-test
foldbench_monomer,8upi_A,523,sparsa-scale-main-20260911-long-step-2000,single_seq,pair_network,,,,,,short,R,0.3888888888888889,3009,72,72,eval-test
foldbench_monomer,8upi_A,523,sparsa-scale-main-20260911-long-step-2000,single_seq,pair_network,,,,,,short,AUC,0.9168558241591949,3009,72,3009,eval-test
foldbench_monomer,8upi_A,523,sparsa-scale-main-20260911-long-step-2000,single_seq,pair_network,,,,,,medium,L,0.10707456978967496,5910,93,523,eval-test
foldbench_monomer,8upi_A,523,sparsa-scale-main-20260911-long-step-2000,single_seq,pair_network,,,,,,medium,L/2,0.17624521072796934,5910,93,261,eval-test
foldbench_monomer,8upi_A,523,sparsa-scale-main-20260911-long-step-2000,single_seq,pair_network,,,,,,medium,L/5,0.2980769230769231,5910,93,104,eval-test
foldbench_monomer,8upi_A,523,sparsa-scale-main-20260911-long-step-2000,single_seq,pair_network,,,,,,medium,R,0.3225806451612903,5910,93,93,eval-test
foldbench_monomer,8upi_A,523,sparsa-scale-main-20260911-long-step-2000,single_seq,pair_network,,,,,,medium,AUC,0.8910830509759122,5910,93,5910,eval-test
foldbench_monomer,8upi_A,523,sparsa-scale-main-20260911-long-step-2000,single_seq,pair_network,,,,,,long,L,0.09751434034416825,118341,410,523,eval-test
foldbench_monomer,8upi_A,523,sparsa-scale-main-20260911-long-step-2000,single_seq,pair_network,,,,,,long,L/2,0.13793103448275862,118341,410,261,eval-test
foldbench_monomer,8upi_A,523,sparsa-scale-main-20260911-long-step-2000,single_seq,pair_network,,,,,,long,L/5,0.20192307692307693,118341,410,104,eval-test
foldbench_monomer,8upi_A,523,sparsa-scale-main-20260911-long-step-2000,single_seq,pair_network,,,,,,long,R,0.1073170731707317,118341,410,410,eval-test
foldbench_monomer,8upi_A,523,sparsa-scale-main-20260911-long-step-2000,single_seq,pair_network,,,,,,long,AUC,0.8442660456062464,118341,410,118341,eval-test
foldbench_monomer,8ux2_A,246,sparsa-scale-main-20260911-long-step-2000,single_seq,pair_network,,,,,,all,L,0.13414634146341464,27261,216,246,eval-test
foldbench_monomer,8ux2_A,246,sparsa-scale-main-20260911-long-step-2000,single_seq,pair_network,,,,,,all,L/2,0.21138211382113822,27261,216,123,eval-test
foldbench_monomer,8ux2_A,246,sparsa-scale-main-20260911-long-step-2000,single_seq,pair_network,,,,,,all,L/5,0.3877551020408163,27261,216,49,eval-test
foldbench_monomer,8ux2_A,246,sparsa-scale-main-20260911-long-step-2000,single_seq,pair_network,,,,,,all,R,0.1527777777777778,27261,216,216,eval-test
foldbench_monomer,8ux2_A,246,sparsa-scale-main-20260911-long-step-2000,single_seq,pair_network,,,,,,all,AUC,0.8499725252151764,27261,216,27261,eval-test
foldbench_monomer,8ux2_A,246,sparsa-scale-main-20260911-long-step-2000,single_seq,pair_network,,,,,,short,L,0.08130081300813008,1383,24,246,eval-test
foldbench_monomer,8ux2_A,246,sparsa-scale-main-20260911-long-step-2000,single_seq,pair_network,,,,,,short,L/2,0.11382113821138211,1383,24,123,eval-test
foldbench_monomer,8ux2_A,246,sparsa-scale-main-20260911-long-step-2000,single_seq,pair_network,,,,,,short,L/5,0.16326530612244897,1383,24,49,eval-test
foldbench_monomer,8ux2_A,246,sparsa-scale-main-20260911-long-step-2000,single_seq,pair_network,,,,,,short,R,0.20833333333333334,1383,24,24,eval-test
foldbench_monomer,8ux2_A,246,sparsa-scale-main-20260911-long-step-2000,single_seq,pair_network,,,,,,short,AUC,0.9102434388030415,1383,24,1383,eval-test
foldbench_monomer,8ux2_A,246,sparsa-scale-main-20260911-long-step-2000,single_seq,pair_network,,,,,,medium,L,0.036585365853658534,2658,20,246,eval-test
foldbench_monomer,8ux2_A,246,sparsa-scale-main-20260911-long-step-2000,single_seq,pair_network,,,,,,medium,L/2,0.07317073170731707,2658,20,123,eval-test
foldbench_monomer,8ux2_A,246,sparsa-scale-main-20260911-long-step-2000,single_seq,pair_network,,,,,,medium,L/5,0.14285714285714285,2658,20,49,eval-test
foldbench_monomer,8ux2_A,246,sparsa-scale-main-20260911-long-step-2000,single_seq,pair_network,,,,,,medium,R,0.3,2658,20,20,eval-test
foldbench_monomer,8ux2_A,246,sparsa-scale-main-20260911-long-step-2000,single_seq,pair_network,,,,,,medium,AUC,0.8872820318423047,2658,20,2658,eval-test
foldbench_monomer,8ux2_A,246,sparsa-scale-main-20260911-long-step-2000,single_seq,pair_network,,,,,,long,L,0.07317073170731707,23220,172,246,eval-test
foldbench_monomer,8ux2_A,246,sparsa-scale-main-20260911-long-step-2000,single_seq,pair_network,,,,,,long,L/2,0.11382113821138211,23220,172,123,eval-test
foldbench_monomer,8ux2_A,246,sparsa-scale-main-20260911-long-step-2000,single_seq,pair_network,,,,,,long,L/5,0.2653061224489796,23220,172,49,eval-test
foldbench_monomer,8ux2_A,246,sparsa-scale-main-20260911-long-step-2000,single_seq,pair_network,,,,,,long,R,0.09883720930232558,23220,172,172,eval-test
foldbench_monomer,8ux2_A,246,sparsa-scale-main-20260911-long-step-2000,single_seq,pair_network,,,,,,long,AUC,0.8416672636681385,23220,172,23220,eval-test
foldbench_monomer,8v3m_A,524,sparsa-scale-main-20260911-long-step-2000,single_seq,pair_network,,,,,,all,L,0.11259541984732824,122280,611,524,eval-test
foldbench_monomer,8v3m_A,524,sparsa-scale-main-20260911-long-step-2000,single_seq,pair_network,,,,,,all,L/2,0.11450381679389313,122280,611,262,eval-test
foldbench_monomer,8v3m_A,524,sparsa-scale-main-20260911-long-step-2000,single_seq,pair_network,,,,,,all,L/5,0.10576923076923077,122280,611,104,eval-test
foldbench_monomer,8v3m_A,524,sparsa-scale-main-20260911-long-step-2000,single_seq,pair_network,,,,,,all,R,0.11292962356792144,122280,611,611,eval-test
foldbench_monomer,8v3m_A,524,sparsa-scale-main-20260911-long-step-2000,single_seq,pair_network,,,,,,all,AUC,0.8762201529332372,122280,611,122280,eval-test
foldbench_monomer,8v3m_A,524,sparsa-scale-main-20260911-long-step-2000,single_seq,pair_network,,,,,,short,L,0.08969465648854962,2898,71,524,eval-test
foldbench_monomer,8v3m_A,524,sparsa-scale-main-20260911-long-step-2000,single_seq,pair_network,,,,,,short,L/2,0.12595419847328243,2898,71,262,eval-test
foldbench_monomer,8v3m_A,524,sparsa-scale-main-20260911-long-step-2000,single_seq,pair_network,,,,,,short,L/5,0.15384615384615385,2898,71,104,eval-test
foldbench_monomer,8v3m_A,524,sparsa-scale-main-20260911-long-step-2000,single_seq,pair_network,,,,,,short,R,0.15492957746478872,2898,71,71,eval-test
foldbench_monomer,8v3m_A,524,sparsa-scale-main-20260911-long-step-2000,single_seq,pair_network,,,,,,short,AUC,0.8630908194124066,2898,71,2898,eval-test
foldbench_monomer,8v3m_A,524,sparsa-scale-main-20260911-long-step-2000,single_seq,pair_network,,,,,,medium,L,0.07633587786259542,5590,93,524,eval-test
foldbench_monomer,8v3m_A,524,sparsa-scale-main-20260911-long-step-2000,single_seq,pair_network,,,,,,medium,L/2,0.10687022900763359,5590,93,262,eval-test
foldbench_monomer,8v3m_A,524,sparsa-scale-main-20260911-long-step-2000,single_seq,pair_network,,,,,,medium,L/5,0.09615384615384616,5590,93,104,eval-test
foldbench_monomer,8v3m_A,524,sparsa-scale-main-20260911-long-step-2000,single_seq,pair_network,,,,,,medium,R,0.10752688172043011,5590,93,93,eval-test
foldbench_monomer,8v3m_A,524,sparsa-scale-main-20260911-long-step-2000,single_seq,pair_network,,,,,,medium,AUC,0.8621731110419956,5590,93,5590,eval-test
foldbench_monomer,8v3m_A,524,sparsa-scale-main-20260911-long-step-2000,single_seq,pair_network,,,,,,long,L,0.06870229007633588,113792,447,524,eval-test
foldbench_monomer,8v3m_A,524,sparsa-scale-main-20260911-long-step-2000,single_seq,pair_network,,,,,,long,L/2,0.08396946564885496,113792,447,262,eval-test
foldbench_monomer,8v3m_A,524,sparsa-scale-main-20260911-long-step-2000,single_seq,pair_network,,,,,,long,L/5,0.0673076923076923,113792,447,104,eval-test
foldbench_monomer,8v3m_A,524,sparsa-scale-main-20260911-long-step-2000,single_seq,pair_network,,,,,,long,R,0.0738255033557047,113792,447,447,eval-test
foldbench_monomer,8v3m_A,524,sparsa-scale-main-20260911-long-step-2000,single_seq,pair_network,,,,,,long,AUC,0.8573016516361374,113792,447,113792,eval-test
foldbench_monomer,8v6t_A,172,sparsa-scale-main-20260911-long-step-2000,single_seq,pair_network,,,,,,all,L,0.32558139534883723,13861,166,172,eval-test
foldbench_monomer,8v6t_A,172,sparsa-scale-main-20260911-long-step-2000,single_seq,pair_network,,,,,,all,L/2,0.47674418604651164,13861,166,86,eval-test
foldbench_monomer,8v6t_A,172,sparsa-scale-main-20260911-long-step-2000,single_seq,pair_network,,,,,,all,L/5,0.6470588235294118,13861,166,34,eval-test
foldbench_monomer,8v6t_A,172,sparsa-scale-main-20260911-long-step-2000,single_seq,pair_network,,,,,,all,R,0.3313253012048193,13861,166,166,eval-test
foldbench_monomer,8v6t_A,172,sparsa-scale-main-20260911-long-step-2000,single_seq,pair_network,,,,,,all,AUC,0.9466287933772328,13861,166,13861,eval-test
foldbench_monomer,8v6t_A,172,sparsa-scale-main-20260911-long-step-2000,single_seq,pair_network,,,,,,short,L,0.06976744186046512,981,15,172,eval-test
foldbench_monomer,8v6t_A,172,sparsa-scale-main-20260911-long-step-2000,single_seq,pair_network,,,,,,short,L/2,0.12790697674418605,981,15,86,eval-test
foldbench_monomer,8v6t_A,172,sparsa-scale-main-20260911-long-step-2000,single_seq,pair_network,,,,,,short,L/5,0.2647058823529412,981,15,34,eval-test
foldbench_monomer,8v6t_A,172,sparsa-scale-main-20260911-long-step-2000,single_seq,pair_network,,,,,,short,R,0.26666666666666666,981,15,15,eval-test
foldbench_monomer,8v6t_A,172,sparsa-scale-main-20260911-long-step-2000,single_seq,pair_network,,,,,,short,AUC,0.9332298136645962,981,15,981,eval-test
foldbench_monomer,8v6t_A,172,sparsa-scale-main-20260911-long-step-2000,single_seq,pair_network,,,,,,medium,L,0.06976744186046512,1854,20,172,eval-test
foldbench_monomer,8v6t_A,172,sparsa-scale-main-20260911-long-step-2000,single_seq,pair_network,,,,,,medium,L/2,0.12790697674418605,1854,20,86,eval-test
foldbench_monomer,8v6t_A,172,sparsa-scale-main-20260911-long-step-2000,single_seq,pair_network,,,,,,medium,L/5,0.2647058823529412,1854,20,34,eval-test
foldbench_monomer,8v6t_A,172,sparsa-scale-main-20260911-long-step-2000,single_seq,pair_network,,,,,,medium,R,0.35,1854,20,20,eval-test
foldbench_monomer,8v6t_A,172,sparsa-scale-main-20260911-long-step-2000,single_seq,pair_network,,,,,,medium,AUC,0.943252453653217,1854,20,1854,eval-test
foldbench_monomer,8v6t_A,172,sparsa-scale-main-20260911-long-step-2000,single_seq,pair_network,,,,,,long,L,0.29069767441860467,11026,131,172,eval-test
foldbench_monomer,8v6t_A,172,sparsa-scale-main-20260911-long-step-2000,single_seq,pair_network,,,,,,long,L/2,0.4069767441860465,11026,131,86,eval-test
foldbench_monomer,8v6t_A,172,sparsa-scale-main-20260911-long-step-2000,single_seq,pair_network,,,,,,long,L/5,0.6764705882352942,11026,131,34,eval-test
foldbench_monomer,8v6t_A,172,sparsa-scale-main-20260911-long-step-2000,single_seq,pair_network,,,,,,long,R,0.3435114503816794,11026,131,131,eval-test
foldbench_monomer,8v6t_A,172,sparsa-scale-main-20260911-long-step-2000,single_seq,pair_network,,,,,,long,AUC,0.9513023342173208,11026,131,11026,eval-test
foldbench_monomer,8vcw_A,327,sparsa-scale-main-20260911-long-step-2000,single_seq,pair_network,,,,,,all,L,0.3516819571865443,51681,383,327,eval-test
foldbench_monomer,8vcw_A,327,sparsa-scale-main-20260911-long-step-2000,single_seq,pair_network,,,,,,all,L/2,0.4662576687116564,51681,383,163,eval-test
foldbench_monomer,8vcw_A,327,sparsa-scale-main-20260911-long-step-2000,single_seq,pair_network,,,,,,all,L/5,0.6307692307692307,51681,383,65,eval-test
foldbench_monomer,8vcw_A,327,sparsa-scale-main-20260911-long-step-2000,single_seq,pair_network,,,,,,all,R,0.3368146214099217,51681,383,383,eval-test
foldbench_monomer,8vcw_A,327,sparsa-scale-main-20260911-long-step-2000,single_seq,pair_network,,,,,,all,AUC,0.944048506006016,51681,383,51681,eval-test
foldbench_monomer,8vcw_A,327,sparsa-scale-main-20260911-long-step-2000,single_seq,pair_network,,,,,,short,L,0.10703363914373089,1911,38,327,eval-test
foldbench_monomer,8vcw_A,327,sparsa-scale-main-20260911-long-step-2000,single_seq,pair_network,,,,,,short,L/2,0.1656441717791411,1911,38,163,eval-test
foldbench_monomer,8vcw_A,327,sparsa-scale-main-20260911-long-step-2000,single_seq,pair_network,,,,,,short,L/5,0.27692307692307694,1911,38,65,eval-test
foldbench_monomer,8vcw_A,327,sparsa-scale-main-20260911-long-step-2000,single_seq,pair_network,,,,,,short,R,0.3684210526315789,1911,38,38,eval-test
foldbench_monomer,8vcw_A,327,sparsa-scale-main-20260911-long-step-2000,single_seq,pair_network,,,,,,short,AUC,0.9367957400174222,1911,38,1911,eval-test
foldbench_monomer,8vcw_A,327,sparsa-scale-main-20260911-long-step-2000,single_seq,pair_network,,,,,,medium,L,0.0856269113149847,3714,45,327,eval-test
foldbench_monomer,8vcw_A,327,sparsa-scale-main-20260911-long-step-2000,single_seq,pair_network,,,,,,medium,L/2,0.1165644171779141,3714,45,163,eval-test
foldbench_monomer,8vcw_A,327,sparsa-scale-main-20260911-long-step-2000,single_seq,pair_network,,,,,,medium,L/5,0.2,3714,45,65,eval-test
foldbench_monomer,8vcw_A,327,sparsa-scale-main-20260911-long-step-2000,single_seq,pair_network,,,,,,medium,R,0.2,3714,45,45,eval-test
foldbench_monomer,8vcw_A,327,sparsa-scale-main-20260911-long-step-2000,single_seq,pair_network,,,,,,medium,AUC,0.9124526816268436,3714,45,3714,eval-test
foldbench_monomer,8vcw_A,327,sparsa-scale-main-20260911-long-step-2000,single_seq,pair_network,,,,,,long,L,0.3394495412844037,46056,300,327,eval-test
foldbench_monomer,8vcw_A,327,sparsa-scale-main-20260911-long-step-2000,single_seq,pair_network,,,,,,long,L/2,0.4723926380368098,46056,300,163,eval-test
foldbench_monomer,8vcw_A,327,sparsa-scale-main-20260911-long-step-2000,single_seq,pair_network,,,,,,long,L/5,0.5538461538461539,46056,300,65,eval-test
foldbench_monomer,8vcw_A,327,sparsa-scale-main-20260911-long-step-2000,single_seq,pair_network,,,,,,long,R,0.3466666666666667,46056,300,300,eval-test
foldbench_monomer,8vcw_A,327,sparsa-scale-main-20260911-long-step-2000,single_seq,pair_network,,,,,,long,AUC,0.9454415814319435,46056,300,46056,eval-test
foldbench_monomer,8vh7_A,552,sparsa-scale-main-20260911-long-step-2000,single_seq,pair_network,,,,,,all,L,0.3858695652173913,133431,640,552,eval-test
foldbench_monomer,8vh7_A,552,sparsa-scale-main-20260911-long-step-2000,single_seq,pair_network,,,,,,all,L/2,0.5615942028985508,133431,640,276,eval-test
foldbench_monomer,8vh7_A,552,sparsa-scale-main-20260911-long-step-2000,single_seq,pair_network,,,,,,all,L/5,0.7636363636363637,133431,640,110,eval-test
foldbench_monomer,8vh7_A,552,sparsa-scale-main-20260911-long-step-2000,single_seq,pair_network,,,,,,all,R,0.3578125,133431,640,640,eval-test
foldbench_monomer,8vh7_A,552,sparsa-scale-main-20260911-long-step-2000,single_seq,pair_network,,,,,,all,AUC,0.9439923274638341,133431,640,133431,eval-test
foldbench_monomer,8vh7_A,552,sparsa-scale-main-20260911-long-step-2000,single_seq,pair_network,,,,,,short,L,0.10326086956521739,2962,65,552,eval-test
foldbench_monomer,8vh7_A,552,sparsa-scale-main-20260911-long-step-2000,single_seq,pair_network,,,,,,short,L/2,0.15579710144927536,2962,65,276,eval-test
foldbench_monomer,8vh7_A,552,sparsa-scale-main-20260911-long-step-2000,single_seq,pair_network,,,,,,short,L/5,0.2727272727272727,2962,65,110,eval-test
foldbench_monomer,8vh7_A,552,sparsa-scale-main-20260911-long-step-2000,single_seq,pair_network,,,,,,short,R,0.4,2962,65,65,eval-test
foldbench_monomer,8vh7_A,552,sparsa-scale-main-20260911-long-step-2000,single_seq,pair_network,,,,,,short,AUC,0.924585114574759,2962,65,2962,eval-test
foldbench_monomer,8vh7_A,552,sparsa-scale-main-20260911-long-step-2000,single_seq,pair_network,,,,,,medium,L,0.1322463768115942,5812,91,552,eval-test
foldbench_monomer,8vh7_A,552,sparsa-scale-main-20260911-long-step-2000,single_seq,pair_network,,,,,,medium,L/2,0.22826086956521738,5812,91,276,eval-test
foldbench_monomer,8vh7_A,552,sparsa-scale-main-20260911-long-step-2000,single_seq,pair_network,,,,,,medium,L/5,0.38181818181818183,5812,91,110,eval-test
foldbench_monomer,8vh7_A,552,sparsa-scale-main-20260911-long-step-2000,single_seq,pair_network,,,,,,medium,R,0.45054945054945056,5812,91,91,eval-test
foldbench_monomer,8vh7_A,552,sparsa-scale-main-20260911-long-step-2000,single_seq,pair_network,,,,,,medium,AUC,0.9350638000349589,5812,91,5812,eval-test
foldbench_monomer,8vh7_A,552,sparsa-scale-main-20260911-long-step-2000,single_seq,pair_network,,,,,,long,L,0.3170289855072464,124657,484,552,eval-test
foldbench_monomer,8vh7_A,552,sparsa-scale-main-20260911-long-step-2000,single_seq,pair_network,,,,,,long,L/2,0.4601449275362319,124657,484,276,eval-test
foldbench_monomer,8vh7_A,552,sparsa-scale-main-20260911-long-step-2000,single_seq,pair_network,,,,,,long,L/5,0.6454545454545455,124657,484,110,eval-test
foldbench_monomer,8vh7_A,552,sparsa-scale-main-20260911-long-step-2000,single_seq,pair_network,,,,,,long,R,0.3367768595041322,124657,484,484,eval-test
foldbench_monomer,8vh7_A,552,sparsa-scale-main-20260911-long-step-2000,single_seq,pair_network,,,,,,long,AUC,0.9391871830643106,124657,484,124657,eval-test
foldbench_monomer,8vpo_A,472,sparsa-scale-main-20260911-long-step-2000,single_seq,pair_network,,,,,,all,L,0.3029661016949153,97933,508,472,eval-test
foldbench_monomer,8vpo_A,472,sparsa-scale-main-20260911-long-step-2000,single_seq,pair_network,,,,,,all,L/2,0.4067796610169492,97933,508,236,eval-test
foldbench_monomer,8vpo_A,472,sparsa-scale-main-20260911-long-step-2000,single_seq,pair_network,,,,,,all,L/5,0.574468085106383,97933,508,94,eval-test
foldbench_monomer,8vpo_A,472,sparsa-scale-main-20260911-long-step-2000,single_seq,pair_network,,,,,,all,R,0.2933070866141732,97933,508,508,eval-test
foldbench_monomer,8vpo_A,472,sparsa-scale-main-20260911-long-step-2000,single_seq,pair_network,,,,,,all,AUC,0.9175783815129345,97933,508,97933,eval-test
foldbench_monomer,8vpo_A,472,sparsa-scale-main-20260911-long-step-2000,single_seq,pair_network,,,,,,short,L,0.1059322033898305,2539,66,472,eval-test
foldbench_monomer,8vpo_A,472,sparsa-scale-main-20260911-long-step-2000,single_seq,pair_network,,,,,,short,L/2,0.16101694915254236,2539,66,236,eval-test
foldbench_monomer,8vpo_A,472,sparsa-scale-main-20260911-long-step-2000,single_seq,pair_network,,,,,,short,L/5,0.2553191489361702,2539,66,94,eval-test
foldbench_monomer,8vpo_A,472,sparsa-scale-main-20260911-long-step-2000,single_seq,pair_network,,,,,,short,R,0.2878787878787879,2539,66,66,eval-test
foldbench_monomer,8vpo_A,472,sparsa-scale-main-20260911-long-step-2000,single_seq,pair_network,,,,,,short,AUC,0.8998854293031405,2539,66,2539,eval-test
foldbench_monomer,8vpo_A,472,sparsa-scale-main-20260911-long-step-2000,single_seq,pair_network,,,,,,medium,L,0.0614406779661017,4938,59,472,eval-test
foldbench_monomer,8vpo_A,472,sparsa-scale-main-20260911-long-step-2000,single_seq,pair_network,,,,,,medium,L/2,0.08898305084745763,4938,59,236,eval-test
foldbench_monomer,8vpo_A,472,sparsa-scale-main-20260911-long-step-2000,single_seq,pair_network,,,,,,medium,L/5,0.1595744680851064,4938,59,94,eval-test
foldbench_monomer,8vpo_A,472,sparsa-scale-main-20260911-long-step-2000,single_seq,pair_network,,,,,,medium,R,0.22033898305084745,4938,59,59,eval-test
foldbench_monomer,8vpo_A,472,sparsa-scale-main-20260911-long-step-2000,single_seq,pair_network,,,,,,medium,AUC,0.8783753269807303,4938,59,4938,eval-test
foldbench_monomer,8vpo_A,472,sparsa-scale-main-20260911-long-step-2000,single_seq,pair_network,,,,,,long,L,0.25,90456,383,472,eval-test
foldbench_monomer,8vpo_A,472,sparsa-scale-main-20260911-long-step-2000,single_seq,pair_network,,,,,,long,L/2,0.3728813559322034,90456,383,236,eval-test
foldbench_monomer,8vpo_A,472,sparsa-scale-main-20260911-long-step-2000,single_seq,pair_network,,,,,,long,L/5,0.5638297872340425,90456,383,94,eval-test
foldbench_monomer,8vpo_A,472,sparsa-scale-main-20260911-long-step-2000,single_seq,pair_network,,,,,,long,R,0.29765013054830286,90456,383,383,eval-test
foldbench_monomer,8vpo_A,472,sparsa-scale-main-20260911-long-step-2000,single_seq,pair_network,,,,,,long,AUC,0.9105900004113288,90456,383,90456,eval-test
foldbench_monomer,8vqk_A,440,sparsa-scale-main-20260911-long-step-2000,single_seq,pair_network,,,,,,all,L,0.16136363636363638,78210,391,440,eval-test
foldbench_monomer,8vqk_A,440,sparsa-scale-main-20260911-long-step-2000,single_seq,pair_network,,,,,,all,L/2,0.2318181818181818,78210,391,220,eval-test
foldbench_monomer,8vqk_A,440,sparsa-scale-main-20260911-long-step-2000,single_seq,pair_network,,,,,,all,L/5,0.32954545454545453,78210,391,88,eval-test
foldbench_monomer,8vqk_A,440,sparsa-scale-main-20260911-long-step-2000,single_seq,pair_network,,,,,,all,R,0.16879795396419436,78210,391,391,eval-test
foldbench_monomer,8vqk_A,440,sparsa-scale-main-20260911-long-step-2000,single_seq,pair_network,,,,,,all,AUC,0.863641690802669,78210,391,78210,eval-test
foldbench_monomer,8vqk_A,440,sparsa-scale-main-20260911-long-step-2000,single_seq,pair_network,,,,,,short,L,0.06818181818181818,2355,37,440,eval-test
foldbench_monomer,8vqk_A,440,sparsa-scale-main-20260911-long-step-2000,single_seq,pair_network,,,,,,short,L/2,0.11818181818181818,2355,37,220,eval-test
foldbench_monomer,8vqk_A,440,sparsa-scale-main-20260911-long-step-2000,single_seq,pair_network,,,,,,short,L/5,0.23863636363636365,2355,37,88,eval-test
foldbench_monomer,8vqk_A,440,sparsa-scale-main-20260911-long-step-2000,single_seq,pair_network,,,,,,short,R,0.35135135135135137,2355,37,37,eval-test
foldbench_monomer,8vqk_A,440,sparsa-scale-main-20260911-long-step-2000,single_seq,pair_network,,,,,,short,AUC,0.9152286453839518,2355,37,2355,eval-test
foldbench_monomer,8vqk_A,440,sparsa-scale-main-20260911-long-step-2000,single_seq,pair_network,,,,,,medium,L,0.08409090909090909,4602,59,440,eval-test
foldbench_monomer,8vqk_A,440,sparsa-scale-main-20260911-long-step-2000,single_seq,pair_network,,,,,,medium,L/2,0.12272727272727273,4602,59,220,eval-test
foldbench_monomer,8vqk_A,440,sparsa-scale-main-20260911-long-step-2000,single_seq,pair_network,,,,,,medium,L/5,0.14772727272727273,4602,59,88,eval-test
foldbench_monomer,8vqk_A,440,sparsa-scale-main-20260911-long-step-2000,single_seq,pair_network,,,,,,medium,R,0.1694915254237288,4602,59,59,eval-test
foldbench_monomer,8vqk_A,440,sparsa-scale-main-20260911-long-step-2000,single_seq,pair_network,,,,,,medium,AUC,0.8916362293265482,4602,59,4602,eval-test
foldbench_monomer,8vqk_A,440,sparsa-scale-main-20260911-long-step-2000,single_seq,pair_network,,,,,,long,L,0.1,71253,295,440,eval-test
foldbench_monomer,8vqk_A,440,sparsa-scale-main-20260911-long-step-2000,single_seq,pair_network,,,,,,long,L/2,0.15,71253,295,220,eval-test
foldbench_monomer,8vqk_A,440,sparsa-scale-main-20260911-long-step-2000,single_seq,pair_network,,,,,,long,L/5,0.25,71253,295,88,eval-test
foldbench_monomer,8vqk_A,440,sparsa-scale-main-20260911-long-step-2000,single_seq,pair_network,,,,,,long,R,0.13559322033898305,71253,295,295,eval-test
foldbench_monomer,8vqk_A,440,sparsa-scale-main-20260911-long-step-2000,single_seq,pair_network,,,,,,long,AUC,0.844069803048927,71253,295,71253,eval-test
foldbench_monomer,8w6v_A,536,sparsa-scale-main-20260911-long-step-2000,single_seq,pair_network,,,,,,all,L,0.09888059701492537,119331,601,536,eval-test
foldbench_monomer,8w6v_A,536,sparsa-scale-main-20260911-long-step-2000,single_seq,pair_network,,,,,,all,L/2,0.1044776119402985,119331,601,268,eval-test
foldbench_monomer,8w6v_A,536,sparsa-scale-main-20260911-long-step-2000,single_seq,pair_network,,,,,,all,L/5,0.102803738317757,119331,601,107,eval-test
foldbench_monomer,8w6v_A,536,sparsa-scale-main-20260911-long-step-2000,single_seq,pair_network,,,,,,all,R,0.09650582362728785,119331,601,601,eval-test
foldbench_monomer,8w6v_A,536,sparsa-scale-main-20260911-long-step-2000,single_seq,pair_network,,,,,,all,AUC,0.8336876283428347,119331,601,119331,eval-test
foldbench_monomer,8w6v_A,536,sparsa-scale-main-20260911-long-step-2000,single_seq,pair_network,,,,,,short,L,0.07276119402985075,2862,48,536,eval-test
foldbench_monomer,8w6v_A,536,sparsa-scale-main-20260911-long-step-2000,single_seq,pair_network,,,,,,short,L/2,0.09328358208955224,2862,48,268,eval-test
foldbench_monomer,8w6v_A,536,sparsa-scale-main-20260911-long-step-2000,single_seq,pair_network,,,,,,short,L/5,0.12149532710280374,2862,48,107,eval-test
foldbench_monomer,8w6v_A,536,sparsa-scale-main-20260911-long-step-2000,single_seq,pair_network,,,,,,short,R,0.10416666666666667,2862,48,48,eval-test
foldbench_monomer,8w6v_A,536,sparsa-scale-main-20260911-long-step-2000,single_seq,pair_network,,,,,,short,AUC,0.8685552890310353,2862,48,2862,eval-test
foldbench_monomer,8w6v_A,536,sparsa-scale-main-20260911-long-step-2000,single_seq,pair_network,,,,,,medium,L,0.06343283582089553,5523,57,536,eval-test
foldbench_monomer,8w6v_A,536,sparsa-scale-main-20260911-long-step-2000,single_seq,pair_network,,,,,,medium,L/2,0.07462686567164178,5523,57,268,eval-test
foldbench_monomer,8w6v_A,536,sparsa-scale-main-20260911-long-step-2000,single_seq,pair_network,,,,,,medium,L/5,0.09345794392523364,5523,57,107,eval-test
foldbench_monomer,8w6v_A,536,sparsa-scale-main-20260911-long-step-2000,single_seq,pair_network,,,,,,medium,R,0.10526315789473684,5523,57,57,eval-test
foldbench_monomer,8w6v_A,536,sparsa-scale-main-20260911-long-step-2000,single_seq,pair_network,,,,,,medium,AUC,0.8806433390464818,5523,57,5523,eval-test
foldbench_monomer,8w6v_A,536,sparsa-scale-main-20260911-long-step-2000,single_seq,pair_network,,,,,,long,L,0.07276119402985075,110946,496,536,eval-test
foldbench_monomer,8w6v_A,536,sparsa-scale-main-20260911-long-step-2000,single_seq,pair_network,,,,,,long,L/2,0.07462686567164178,110946,496,268,eval-test
foldbench_monomer,8w6v_A,536,sparsa-scale-main-20260911-long-step-2000,single_seq,pair_network,,,,,,long,L/5,0.09345794392523364,110946,496,107,eval-test
foldbench_monomer,8w6v_A,536,sparsa-scale-main-20260911-long-step-2000,single_seq,pair_network,,,,,,long,R,0.06854838709677419,110946,496,496,eval-test
foldbench_monomer,8w6v_A,536,sparsa-scale-main-20260911-long-step-2000,single_seq,pair_network,,,,,,long,AUC,0.8202209162663006,110946,496,110946,eval-test
foldbench_monomer,8w7p_A,274,sparsa-scale-main-20260911-long-step-2000,single_seq,pair_network,,,,,,all,L,0.16423357664233576,29905,277,274,eval-test
foldbench_monomer,8w7p_A,274,sparsa-scale-main-20260911-long-step-2000,single_seq,pair_network,,,,,,all,L/2,0.23357664233576642,29905,277,137,eval-test
foldbench_monomer,8w7p_A,274,sparsa-scale-main-20260911-long-step-2000,single_seq,pair_network,,,,,,all,L/5,0.24074074074074073,29905,277,54,eval-test
foldbench_monomer,8w7p_A,274,sparsa-scale-main-20260911-long-step-2000,single_seq,pair_network,,,,,,all,R,0.1624548736462094,29905,277,277,eval-test
foldbench_monomer,8w7p_A,274,sparsa-scale-main-20260911-long-step-2000,single_seq,pair_network,,,,,,all,AUC,0.8376440668135665,29905,277,29905,eval-test
foldbench_monomer,8w7p_A,274,sparsa-scale-main-20260911-long-step-2000,single_seq,pair_network,,,,,,short,L,0.10583941605839416,1413,42,274,eval-test
foldbench_monomer,8w7p_A,274,sparsa-scale-main-20260911-long-step-2000,single_seq,pair_network,,,,,,short,L/2,0.15328467153284672,1413,42,137,eval-test
foldbench_monomer,8w7p_A,274,sparsa-scale-main-20260911-long-step-2000,single_seq,pair_network,,,,,,short,L/5,0.24074074074074073,1413,42,54,eval-test
foldbench_monomer,8w7p_A,274,sparsa-scale-main-20260911-long-step-2000,single_seq,pair_network,,,,,,short,R,0.23809523809523808,1413,42,42,eval-test
foldbench_monomer,8w7p_A,274,sparsa-scale-main-20260911-long-step-2000,single_seq,pair_network,,,,,,short,AUC,0.8631256295370081,1413,42,1413,eval-test
foldbench_monomer,8w7p_A,274,sparsa-scale-main-20260911-long-step-2000,single_seq,pair_network,,,,,,medium,L,0.12043795620437957,2718,77,274,eval-test
foldbench_monomer,8w7p_A,274,sparsa-scale-main-20260911-long-step-2000,single_seq,pair_network,,,,,,medium,L/2,0.15328467153284672,2718,77,137,eval-test
foldbench_monomer,8w7p_A,274,sparsa-scale-main-20260911-long-step-2000,single_seq,pair_network,,,,,,medium,L/5,0.24074074074074073,2718,77,54,eval-test
foldbench_monomer,8w7p_A,274,sparsa-scale-main-20260911-long-step-2000,single_seq,pair_network,,,,,,medium,R,0.19480519480519481,2718,77,77,eval-test
foldbench_monomer,8w7p_A,274,sparsa-scale-main-20260911-long-step-2000,single_seq,pair_network,,,,,,medium,AUC,0.8470989442212464,2718,77,2718,eval-test
foldbench_monomer,8w7p_A,274,sparsa-scale-main-20260911-long-step-2000,single_seq,pair_network,,,,,,long,L,0.051094890510948905,25774,158,274,eval-test
foldbench_monomer,8w7p_A,274,sparsa-scale-main-20260911-long-step-2000,single_seq,pair_network,,,,,,long,L/2,0.06569343065693431,25774,158,137,eval-test
foldbench_monomer,8w7p_A,274,sparsa-scale-main-20260911-long-step-2000,single_seq,pair_network,,,,,,long,L/5,0.1111111111111111,25774,158,54,eval-test
foldbench_monomer,8w7p_A,274,sparsa-scale-main-20260911-long-step-2000,single_seq,pair_network,,,,,,long,R,0.06329113924050633,25774,158,158,eval-test
foldbench_monomer,8w7p_A,274,sparsa-scale-main-20260911-long-step-2000,single_seq,pair_network,,,,,,long,AUC,0.7850646154697618,25774,158,25774,eval-test
foldbench_monomer,8wac_A,127,sparsa-scale-main-20260911-long-step-2000,single_seq,pair_network,,,,,,all,L,0.5118110236220472,6441,123,127,eval-test
foldbench_monomer,8wac_A,127,sparsa-scale-main-20260911-long-step-2000,single_seq,pair_network,,,,,,all,L/2,0.6984126984126984,6441,123,63,eval-test
foldbench_monomer,8wac_A,127,sparsa-scale-main-20260911-long-step-2000,single_seq,pair_network,,,,,,all,L/5,0.84,6441,123,25,eval-test
foldbench_monomer,8wac_A,127,sparsa-scale-main-20260911-long-step-2000,single_seq,pair_network,,,,,,all,R,0.5121951219512195,6441,123,123,eval-test
foldbench_monomer,8wac_A,127,sparsa-scale-main-20260911-long-step-2000,single_seq,pair_network,,,,,,all,AUC,0.9707070005172986,6441,123,6441,eval-test
foldbench_monomer,8wac_A,127,sparsa-scale-main-20260911-long-step-2000,single_seq,pair_network,,,,,,short,L,0.11023622047244094,663,14,127,eval-test
foldbench_monomer,8wac_A,127,sparsa-scale-main-20260911-long-step-2000,single_seq,pair_network,,,,,,short,L/2,0.2222222222222222,663,14,63,eval-test
foldbench_monomer,8wac_A,127,sparsa-scale-main-20260911-long-step-2000,single_seq,pair_network,,,,,,short,L/5,0.48,663,14,25,eval-test
foldbench_monomer,8wac_A,127,sparsa-scale-main-20260911-long-step-2000,single_seq,pair_network,,,,,,short,R,0.7142857142857143,663,14,14,eval-test
foldbench_monomer,8wac_A,127,sparsa-scale-main-20260911-long-step-2000,single_seq,pair_network,,,,,,short,AUC,0.9925159586176535,663,14,663,eval-test
foldbench_monomer,8wac_A,127,sparsa-scale-main-20260911-long-step-2000,single_seq,pair_network,,,,,,medium,L,0.18110236220472442,1218,29,127,eval-test
foldbench_monomer,8wac_A,127,sparsa-scale-main-20260911-long-step-2000,single_seq,pair_network,,,,,,medium,L/2,0.2698412698412698,1218,29,63,eval-test
foldbench_monomer,8wac_A,127,sparsa-scale-main-20260911-long-step-2000,single_seq,pair_network,,,,,,medium,L/5,0.48,1218,29,25,eval-test
foldbench_monomer,8wac_A,127,sparsa-scale-main-20260911-long-step-2000,single_seq,pair_network,,,,,,medium,R,0.41379310344827586,1218,29,29,eval-test
foldbench_monomer,8wac_A,127,sparsa-scale-main-20260911-long-step-2000,single_seq,pair_network,,,,,,medium,AUC,0.9580638612569241,1218,29,1218,eval-test
foldbench_monomer,8wac_A,127,sparsa-scale-main-20260911-long-step-2000,single_seq,pair_network,,,,,,long,L,0.4094488188976378,4560,80,127,eval-test
foldbench_monomer,8wac_A,127,sparsa-scale-main-20260911-long-step-2000,single_seq,pair_network,,,,,,long,L/2,0.6031746031746031,4560,80,63,eval-test
foldbench_monomer,8wac_A,127,sparsa-scale-main-20260911-long-step-2000,single_seq,pair_network,,,,,,long,L/5,0.8,4560,80,25,eval-test
foldbench_monomer,8wac_A,127,sparsa-scale-main-20260911-long-step-2000,single_seq,pair_network,,,,,,long,R,0.525,4560,80,80,eval-test
foldbench_monomer,8wac_A,127,sparsa-scale-main-20260911-long-step-2000,single_seq,pair_network,,,,,,long,AUC,0.97197265625,4560,80,4560,eval-test
foldbench_monomer,8wae_A,118,sparsa-scale-main-20260911-long-step-2000,single_seq,pair_network,,,,,,all,L,0.5932203389830508,5151,95,118,eval-test
foldbench_monomer,8wae_A,118,sparsa-scale-main-20260911-long-step-2000,single_seq,pair_network,,,,,,all,L/2,0.7966101694915254,5151,95,59,eval-test
foldbench_monomer,8wae_A,118,sparsa-scale-main-20260911-long-step-2000,single_seq,pair_network,,,,,,all,L/5,0.8695652173913043,5151,95,23,eval-test
foldbench_monomer,8wae_A,118,sparsa-scale-main-20260911-long-step-2000,single_seq,pair_network,,,,,,all,R,0.6421052631578947,5151,95,95,eval-test
foldbench_monomer,8wae_A,118,sparsa-scale-main-20260911-long-step-2000,single_seq,pair_network,,,,,,all,AUC,0.9879403314457028,5151,95,5151,eval-test
foldbench_monomer,8wae_A,118,sparsa-scale-main-20260911-long-step-2000,single_seq,pair_network,,,,,,short,L,0.13559322033898305,591,16,118,eval-test
foldbench_monomer,8wae_A,118,sparsa-scale-main-20260911-long-step-2000,single_seq,pair_network,,,,,,short,L/2,0.2711864406779661,591,16,59,eval-test
foldbench_monomer,8wae_A,118,sparsa-scale-main-20260911-long-step-2000,single_seq,pair_network,,,,,,short,L/5,0.6086956521739131,591,16,23,eval-test
foldbench_monomer,8wae_A,118,sparsa-scale-main-20260911-long-step-2000,single_seq,pair_network,,,,,,short,R,0.8125,591,16,16,eval-test
foldbench_monomer,8wae_A,118,sparsa-scale-main-20260911-long-step-2000,single_seq,pair_network,,,,,,short,AUC,0.9939130434782608,591,16,591,eval-test
foldbench_monomer,8wae_A,118,sparsa-scale-main-20260911-long-step-2000,single_seq,pair_network,,,,,,medium,L,0.211864406779661,1074,26,118,eval-test
foldbench_monomer,8wae_A,118,sparsa-scale-main-20260911-long-step-2000,single_seq,pair_network,,,,,,medium,L/2,0.423728813559322,1074,26,59,eval-test
foldbench_monomer,8wae_A,118,sparsa-scale-main-20260911-long-step-2000,single_seq,pair_network,,,,,,medium,L/5,0.7391304347826086,1074,26,23,eval-test
foldbench_monomer,8wae_A,118,sparsa-scale-main-20260911-long-step-2000,single_seq,pair_network,,,,,,medium,R,0.6923076923076923,1074,26,26,eval-test
foldbench_monomer,8wae_A,118,sparsa-scale-main-20260911-long-step-2000,single_seq,pair_network,,,,,,medium,AUC,0.9877789195537288,1074,26,1074,eval-test
foldbench_monomer,8wae_A,118,sparsa-scale-main-20260911-long-step-2000,single_seq,pair_network,,,,,,long,L,0.3813559322033898,3486,53,118,eval-test
foldbench_monomer,8wae_A,118,sparsa-scale-main-20260911-long-step-2000,single_seq,pair_network,,,,,,long,L/2,0.5423728813559322,3486,53,59,eval-test
foldbench_monomer,8wae_A,118,sparsa-scale-main-20260911-long-step-2000,single_seq,pair_network,,,,,,long,L/5,0.7391304347826086,3486,53,23,eval-test
foldbench_monomer,8wae_A,118,sparsa-scale-main-20260911-long-step-2000,single_seq,pair_network,,,,,,long,R,0.5660377358490566,3486,53,53,eval-test
foldbench_monomer,8wae_A,118,sparsa-scale-main-20260911-long-step-2000,single_seq,pair_network,,,,,,long,AUC,0.9872216939911733,3486,53,3486,eval-test
foldbench_monomer,8wc1_A,178,sparsa-scale-main-20260911-long-step-2000,single_seq,pair_network,,,,,,all,L,0.3539325842696629,10585,146,178,eval-test
foldbench_monomer,8wc1_A,178,sparsa-scale-main-20260911-long-step-2000,single_seq,pair_network,,,,,,all,L/2,0.4943820224719101,10585,146,89,eval-test
foldbench_monomer,8wc1_A,178,sparsa-scale-main-20260911-long-step-2000,single_seq,pair_network,,,,,,all,L/5,0.6285714285714286,10585,146,35,eval-test
foldbench_monomer,8wc1_A,178,sparsa-scale-main-20260911-long-step-2000,single_seq,pair_network,,,,,,all,R,0.3835616438356164,10585,146,146,eval-test
foldbench_monomer,8wc1_A,178,sparsa-scale-main-20260911-long-step-2000,single_seq,pair_network,,,,,,all,AUC,0.9471167788863417,10585,146,10585,eval-test
foldbench_monomer,8wc1_A,178,sparsa-scale-main-20260911-long-step-2000,single_seq,pair_network,,,,,,short,L,0.10674157303370786,855,20,178,eval-test
foldbench_monomer,8wc1_A,178,sparsa-scale-main-20260911-long-step-2000,single_seq,pair_network,,,,,,short,L/2,0.21348314606741572,855,20,89,eval-test
foldbench_monomer,8wc1_A,178,sparsa-scale-main-20260911-long-step-2000,single_seq,pair_network,,,,,,short,L/5,0.4,855,20,35,eval-test
foldbench_monomer,8wc1_A,178,sparsa-scale-main-20260911-long-step-2000,single_seq,pair_network,,,,,,short,R,0.35,855,20,20,eval-test
foldbench_monomer,8wc1_A,178,sparsa-scale-main-20260911-long-step-2000,single_seq,pair_network,,,,,,short,AUC,0.9642514970059881,855,20,855,eval-test
foldbench_monomer,8wc1_A,178,sparsa-scale-main-20260911-long-step-2000,single_seq,pair_network,,,,,,medium,L,0.09550561797752809,1602,19,178,eval-test
foldbench_monomer,8wc1_A,178,sparsa-scale-main-20260911-long-step-2000,single_seq,pair_network,,,,,,medium,L/2,0.1797752808988764,1602,19,89,eval-test
foldbench_monomer,8wc1_A,178,sparsa-scale-main-20260911-long-step-2000,single_seq,pair_network,,,,,,medium,L/5,0.3142857142857143,1602,19,35,eval-test
foldbench_monomer,8wc1_A,178,sparsa-scale-main-20260911-long-step-2000,single_seq,pair_network,,,,,,medium,R,0.3684210526315789,1602,19,19,eval-test
foldbench_monomer,8wc1_A,178,sparsa-scale-main-20260911-long-step-2000,single_seq,pair_network,,,,,,medium,AUC,0.9580742760248695,1602,19,1602,eval-test
foldbench_monomer,8wc1_A,178,sparsa-scale-main-20260911-long-step-2000,single_seq,pair_network,,,,,,long,L,0.2640449438202247,8128,107,178,eval-test
foldbench_monomer,8wc1_A,178,sparsa-scale-main-20260911-long-step-2000,single_seq,pair_network,,,,,,long,L/2,0.43820224719101125,8128,107,89,eval-test
foldbench_monomer,8wc1_A,178,sparsa-scale-main-20260911-long-step-2000,single_seq,pair_network,,,,,,long,L/5,0.5142857142857142,8128,107,35,eval-test
foldbench_monomer,8wc1_A,178,sparsa-scale-main-20260911-long-step-2000,single_seq,pair_network,,,,,,long,R,0.37383177570093457,8128,107,107,eval-test
foldbench_monomer,8wc1_A,178,sparsa-scale-main-20260911-long-step-2000,single_seq,pair_network,,,,,,long,AUC,0.9429371730981874,8128,107,8128,eval-test
foldbench_monomer,8wcf_A,160,sparsa-scale-main-20260911-long-step-2000,single_seq,pair_network,,,,,,all,L,0.3,11935,161,160,eval-test
foldbench_monomer,8wcf_A,160,sparsa-scale-main-20260911-long-step-2000,single_seq,pair_network,,,,,,all,L/2,0.4125,11935,161,80,eval-test
foldbench_monomer,8wcf_A,160,sparsa-scale-main-20260911-long-step-2000,single_seq,pair_network,,,,,,all,L/5,0.5,11935,161,32,eval-test
foldbench_monomer,8wcf_A,160,sparsa-scale-main-20260911-long-step-2000,single_seq,pair_network,,,,,,all,R,0.2981366459627329,11935,161,161,eval-test
foldbench_monomer,8wcf_A,160,sparsa-scale-main-20260911-long-step-2000,single_seq,pair_network,,,,,,all,AUC,0.9361275555044435,11935,161,11935,eval-test
foldbench_monomer,8wcf_A,160,sparsa-scale-main-20260911-long-step-2000,single_seq,pair_network,,,,,,short,L,0.1375,909,24,160,eval-test
foldbench_monomer,8wcf_A,160,sparsa-scale-main-20260911-long-step-2000,single_seq,pair_network,,,,,,short,L/2,0.2375,909,24,80,eval-test
foldbench_monomer,8wcf_A,160,sparsa-scale-main-20260911-long-step-2000,single_seq,pair_network,,,,,,short,L/5,0.375,909,24,32,eval-test
foldbench_monomer,8wcf_A,160,sparsa-scale-main-20260911-long-step-2000,single_seq,pair_network,,,,,,short,R,0.4166666666666667,909,24,24,eval-test
foldbench_monomer,8wcf_A,160,sparsa-scale-main-20260911-long-step-2000,single_seq,pair_network,,,,,,short,AUC,0.9505885122410547,909,24,909,eval-test
foldbench_monomer,8wcf_A,160,sparsa-scale-main-20260911-long-step-2000,single_seq,pair_network,,,,,,medium,L,0.11875,1710,27,160,eval-test
foldbench_monomer,8wcf_A,160,sparsa-scale-main-20260911-long-step-2000,single_seq,pair_network,,,,,,medium,L/2,0.15,1710,27,80,eval-test
foldbench_monomer,8wcf_A,160,sparsa-scale-main-20260911-long-step-2000,single_seq,pair_network,,,,,,medium,L/5,0.21875,1710,27,32,eval-test
foldbench_monomer,8wcf_A,160,sparsa-scale-main-20260911-long-step-2000,single_seq,pair_network,,,,,,medium,R,0.25925925925925924,1710,27,27,eval-test
foldbench_monomer,8wcf_A,160,sparsa-scale-main-20260911-long-step-2000,single_seq,pair_network,,,,,,medium,AUC,0.9284016636957813,1710,27,1710,eval-test
foldbench_monomer,8wcf_A,160,sparsa-scale-main-20260911-long-step-2000,single_seq,pair_network,,,,,,long,L,0.25625,9316,110,160,eval-test
foldbench_monomer,8wcf_A,160,sparsa-scale-main-20260911-long-step-2000,single_seq,pair_network,,,,,,long,L/2,0.35,9316,110,80,eval-test
foldbench_monomer,8wcf_A,160,sparsa-scale-main-20260911-long-step-2000,single_seq,pair_network,,,,,,long,L/5,0.46875,9316,110,32,eval-test
foldbench_monomer,8wcf_A,160,sparsa-scale-main-20260911-long-step-2000,single_seq,pair_network,,,,,,long,R,0.2818181818181818,9316,110,110,eval-test
foldbench_monomer,8wcf_A,160,sparsa-scale-main-20260911-long-step-2000,single_seq,pair_network,,,,,,long,AUC,0.9349801512847353,9316,110,9316,eval-test
foldbench_monomer,8whj_A,264,sparsa-scale-main-20260911-long-step-2000,single_seq,pair_network,,,,,,all,L,0.4621212121212121,28218,220,264,eval-test
foldbench_monomer,8whj_A,264,sparsa-scale-main-20260911-long-step-2000,single_seq,pair_network,,,,,,all,L/2,0.5984848484848485,28218,220,132,eval-test
foldbench_monomer,8whj_A,264,sparsa-scale-main-20260911-long-step-2000,single_seq,pair_network,,,,,,all,L/5,0.7115384615384616,28218,220,52,eval-test
foldbench_monomer,8whj_A,264,sparsa-scale-main-20260911-long-step-2000,single_seq,pair_network,,,,,,all,R,0.509090909090909,28218,220,220,eval-test
foldbench_monomer,8whj_A,264,sparsa-scale-main-20260911-long-step-2000,single_seq,pair_network,,,,,,all,AUC,0.989000350674399,28218,220,28218,eval-test
foldbench_monomer,8whj_A,264,sparsa-scale-main-20260911-long-step-2000,single_seq,pair_network,,,,,,short,L,0.09848484848484848,1362,26,264,eval-test
foldbench_monomer,8whj_A,264,sparsa-scale-main-20260911-long-step-2000,single_seq,pair_network,,,,,,short,L/2,0.17424242424242425,1362,26,132,eval-test
foldbench_monomer,8whj_A,264,sparsa-scale-main-20260911-long-step-2000,single_seq,pair_network,,,,,,short,L/5,0.38461538461538464,1362,26,52,eval-test
foldbench_monomer,8whj_A,264,sparsa-scale-main-20260911-long-step-2000,single_seq,pair_network,,,,,,short,R,0.5769230769230769,1362,26,26,eval-test
foldbench_monomer,8whj_A,264,sparsa-scale-main-20260911-long-step-2000,single_seq,pair_network,,,,,,short,AUC,0.9811290879778903,1362,26,1362,eval-test
foldbench_monomer,8whj_A,264,sparsa-scale-main-20260911-long-step-2000,single_seq,pair_network,,,,,,medium,L,0.10984848484848485,2631,29,264,eval-test
foldbench_monomer,8whj_A,264,sparsa-scale-main-20260911-long-step-2000,single_seq,pair_network,,,,,,medium,L/2,0.20454545454545456,2631,29,132,eval-test
foldbench_monomer,8whj_A,264,sparsa-scale-main-20260911-long-step-2000,single_seq,pair_network,,,,,,medium,L/5,0.4423076923076923,2631,29,52,eval-test
foldbench_monomer,8whj_A,264,sparsa-scale-main-20260911-long-step-2000,single_seq,pair_network,,,,,,medium,R,0.6551724137931034,2631,29,29,eval-test
foldbench_monomer,8whj_A,264,sparsa-scale-main-20260911-long-step-2000,single_seq,pair_network,,,,,,medium,AUC,0.9912467862917119,2631,29,2631,eval-test
foldbench_monomer,8whj_A,264,sparsa-scale-main-20260911-long-step-2000,single_seq,pair_network,,,,,,long,L,0.3977272727272727,24225,165,264,eval-test
foldbench_monomer,8whj_A,264,sparsa-scale-main-20260911-long-step-2000,single_seq,pair_network,,,,,,long,L/2,0.5,24225,165,132,eval-test
foldbench_monomer,8whj_A,264,sparsa-scale-main-20260911-long-step-2000,single_seq,pair_network,,,,,,long,L/5,0.6923076923076923,24225,165,52,eval-test
foldbench_monomer,8whj_A,264,sparsa-scale-main-20260911-long-step-2000,single_seq,pair_network,,,,,,long,R,0.4666666666666667,24225,165,165,eval-test
foldbench_monomer,8whj_A,264,sparsa-scale-main-20260911-long-step-2000,single_seq,pair_network,,,,,,long,AUC,0.989055895614499,24225,165,24225,eval-test
foldbench_monomer,8whn_A,161,sparsa-scale-main-20260911-long-step-2000,single_seq,pair_network,,,,,,all,L,0.422360248447205,9316,107,161,eval-test
foldbench_monomer,8whn_A,161,sparsa-scale-main-20260911-long-step-2000,single_seq,pair_network,,,,,,all,L/2,0.6375,9316,107,80,eval-test
foldbench_monomer,8whn_A,161,sparsa-scale-main-20260911-long-step-2000,single_seq,pair_network,,,,,,all,L/5,0.71875,9316,107,32,eval-test
foldbench_monomer,8whn_A,161,sparsa-scale-main-20260911-long-step-2000,single_seq,pair_network,,,,,,all,R,0.5607476635514018,9316,107,107,eval-test
foldbench_monomer,8whn_A,161,sparsa-scale-main-20260911-long-step-2000,single_seq,pair_network,,,,,,all,AUC,0.9664950886120139,9316,107,9316,eval-test
foldbench_monomer,8whn_A,161,sparsa-scale-main-20260911-long-step-2000,single_seq,pair_network,,,,,,short,L,0.08695652173913043,801,14,161,eval-test
foldbench_monomer,8whn_A,161,sparsa-scale-main-20260911-long-step-2000,single_seq,pair_network,,,,,,short,L/2,0.1625,801,14,80,eval-test
foldbench_monomer,8whn_A,161,sparsa-scale-main-20260911-long-step-2000,single_seq,pair_network,,,,,,short,L/5,0.3125,801,14,32,eval-test
foldbench_monomer,8whn_A,161,sparsa-scale-main-20260911-long-step-2000,single_seq,pair_network,,,,,,short,R,0.5,801,14,14,eval-test
foldbench_monomer,8whn_A,161,sparsa-scale-main-20260911-long-step-2000,single_seq,pair_network,,,,,,short,AUC,0.9740424759484481,801,14,801,eval-test
foldbench_monomer,8whn_A,161,sparsa-scale-main-20260911-long-step-2000,single_seq,pair_network,,,,,,medium,L,0.055900621118012424,1494,9,161,eval-test
foldbench_monomer,8whn_A,161,sparsa-scale-main-20260911-long-step-2000,single_seq,pair_network,,,,,,medium,L/2,0.1125,1494,9,80,eval-test
foldbench_monomer,8whn_A,161,sparsa-scale-main-20260911-long-step-2000,single_seq,pair_network,,,,,,medium,L/5,0.25,1494,9,32,eval-test
foldbench_monomer,8whn_A,161,sparsa-scale-main-20260911-long-step-2000,single_seq,pair_network,,,,,,medium,R,0.4444444444444444,1494,9,9,eval-test
foldbench_monomer,8whn_A,161,sparsa-scale-main-20260911-long-step-2000,single_seq,pair_network,,,,,,medium,AUC,0.994089038533483,1494,9,1494,eval-test
foldbench_monomer,8whn_A,161,sparsa-scale-main-20260911-long-step-2000,single_seq,pair_network,,,,,,long,L,0.3416149068322981,7021,84,161,eval-test
foldbench_monomer,8whn_A,161,sparsa-scale-main-20260911-long-step-2000,single_seq,pair_network,,,,,,long,L/2,0.5875,7021,84,80,eval-test
foldbench_monomer,8whn_A,161,sparsa-scale-main-20260911-long-step-2000,single_seq,pair_network,,,,,,long,L/5,0.6875,7021,84,32,eval-test
foldbench_monomer,8whn_A,161,sparsa-scale-main-20260911-long-step-2000,single_seq,pair_network,,,,,,long,R,0.5714285714285714,7021,84,84,eval-test
foldbench_monomer,8whn_A,161,sparsa-scale-main-20260911-long-step-2000,single_seq,pair_network,,,,,,long,AUC,0.9601189618127774,7021,84,7021,eval-test
foldbench_monomer,8wik_A,373,sparsa-scale-main-20260911-long-step-2000,single_seq,pair_network,,,,,,all,L,0.22788203753351208,64261,348,373,eval-test
foldbench_monomer,8wik_A,373,sparsa-scale-main-20260911-long-step-2000,single_seq,pair_network,,,,,,all,L/2,0.3548387096774194,64261,348,186,eval-test
foldbench_monomer,8wik_A,373,sparsa-scale-main-20260911-long-step-2000,single_seq,pair_network,,,,,,all,L/5,0.6081081081081081,64261,348,74,eval-test
foldbench_monomer,8wik_A,373,sparsa-scale-main-20260911-long-step-2000,single_seq,pair_network,,,,,,all,R,0.23850574712643677,64261,348,348,eval-test
foldbench_monomer,8wik_A,373,sparsa-scale-main-20260911-long-step-2000,single_seq,pair_network,,,,,,all,AUC,0.8742253298350433,64261,348,64261,eval-test
foldbench_monomer,8wik_A,373,sparsa-scale-main-20260911-long-step-2000,single_seq,pair_network,,,,,,short,L,0.128686327077748,2133,56,373,eval-test
foldbench_monomer,8wik_A,373,sparsa-scale-main-20260911-long-step-2000,single_seq,pair_network,,,,,,short,L/2,0.20967741935483872,2133,56,186,eval-test
foldbench_monomer,8wik_A,373,sparsa-scale-main-20260911-long-step-2000,single_seq,pair_network,,,,,,short,L/5,0.33783783783783783,2133,56,74,eval-test
foldbench_monomer,8wik_A,373,sparsa-scale-main-20260911-long-step-2000,single_seq,pair_network,,,,,,short,R,0.3392857142857143,2133,56,56,eval-test
foldbench_monomer,8wik_A,373,sparsa-scale-main-20260911-long-step-2000,single_seq,pair_network,,,,,,short,AUC,0.9234429809477955,2133,56,2133,eval-test
foldbench_monomer,8wik_A,373,sparsa-scale-main-20260911-long-step-2000,single_seq,pair_network,,,,,,medium,L,0.10187667560321716,4158,69,373,eval-test
foldbench_monomer,8wik_A,373,sparsa-scale-main-20260911-long-step-2000,single_seq,pair_network,,,,,,medium,L/2,0.16129032258064516,4158,69,186,eval-test
foldbench_monomer,8wik_A,373,sparsa-scale-main-20260911-long-step-2000,single_seq,pair_network,,,,,,medium,L/5,0.2702702702702703,4158,69,74,eval-test
foldbench_monomer,8wik_A,373,sparsa-scale-main-20260911-long-step-2000,single_seq,pair_network,,,,,,medium,R,0.2898550724637681,4158,69,69,eval-test
foldbench_monomer,8wik_A,373,sparsa-scale-main-20260911-long-step-2000,single_seq,pair_network,,,,,,medium,AUC,0.8935036028085248,4158,69,4158,eval-test
foldbench_monomer,8wik_A,373,sparsa-scale-main-20260911-long-step-2000,single_seq,pair_network,,,,,,long,L,0.12332439678284182,57970,223,373,eval-test
foldbench_monomer,8wik_A,373,sparsa-scale-main-20260911-long-step-2000,single_seq,pair_network,,,,,,long,L/2,0.20430107526881722,57970,223,186,eval-test
foldbench_monomer,8wik_A,373,sparsa-scale-main-20260911-long-step-2000,single_seq,pair_network,,,,,,long,L/5,0.3918918918918919,57970,223,74,eval-test
foldbench_monomer,8wik_A,373,sparsa-scale-main-20260911-long-step-2000,single_seq,pair_network,,,,,,long,R,0.17937219730941703,57970,223,223,eval-test
foldbench_monomer,8wik_A,373,sparsa-scale-main-20260911-long-step-2000,single_seq,pair_network,,,,,,long,AUC,0.8352012695552061,57970,223,57970,eval-test
foldbench_monomer,8wj5_A,140,sparsa-scale-main-20260911-long-step-2000,single_seq,pair_network,,,,,,all,L,0.10714285714285714,7750,132,140,eval-test
foldbench_monomer,8wj5_A,140,sparsa-scale-main-20260911-long-step-2000,single_seq,pair_network,,,,,,all,L/2,0.1,7750,132,70,eval-test
foldbench_monomer,8wj5_A,140,sparsa-scale-main-20260911-long-step-2000,single_seq,pair_network,,,,,,all,L/5,0.14285714285714285,7750,132,28,eval-test
foldbench_monomer,8wj5_A,140,sparsa-scale-main-20260911-long-step-2000,single_seq,pair_network,,,,,,all,R,0.10606060606060606,7750,132,132,eval-test
foldbench_monomer,8wj5_A,140,sparsa-scale-main-20260911-long-step-2000,single_seq,pair_network,,,,,,all,AUC,0.803281402897444,7750,132,7750,eval-test
foldbench_monomer,8wj5_A,140,sparsa-scale-main-20260911-long-step-2000,single_seq,pair_network,,,,,,short,L,0.10714285714285714,729,21,140,eval-test
foldbench_monomer,8wj5_A,140,sparsa-scale-main-20260911-long-step-2000,single_seq,pair_network,,,,,,short,L/2,0.11428571428571428,729,21,70,eval-test
foldbench_monomer,8wj5_A,140,sparsa-scale-main-20260911-long-step-2000,single_seq,pair_network,,,,,,short,L/5,0.14285714285714285,729,21,28,eval-test
foldbench_monomer,8wj5_A,140,sparsa-scale-main-20260911-long-step-2000,single_seq,pair_network,,,,,,short,R,0.19047619047619047,729,21,21,eval-test
foldbench_monomer,8wj5_A,140,sparsa-scale-main-20260911-long-step-2000,single_seq,pair_network,,,,,,short,AUC,0.8381086898036051,729,21,729,eval-test
foldbench_monomer,8wj5_A,140,sparsa-scale-main-20260911-long-step-2000,single_seq,pair_network,,,,,,medium,L,0.11428571428571428,1350,44,140,eval-test
foldbench_monomer,8wj5_A,140,sparsa-scale-main-20260911-long-step-2000,single_seq,pair_network,,,,,,medium,L/2,0.1,1350,44,70,eval-test
foldbench_monomer,8wj5_A,140,sparsa-scale-main-20260911-long-step-2000,single_seq,pair_network,,,,,,medium,L/5,0.10714285714285714,1350,44,28,eval-test
foldbench_monomer,8wj5_A,140,sparsa-scale-main-20260911-long-step-2000,single_seq,pair_network,,,,,,medium,R,0.11363636363636363,1350,44,44,eval-test
foldbench_monomer,8wj5_A,140,sparsa-scale-main-20260911-long-step-2000,single_seq,pair_network,,,,,,medium,AUC,0.8032768341918419,1350,44,1350,eval-test
foldbench_monomer,8wj5_A,140,sparsa-scale-main-20260911-long-step-2000,single_seq,pair_network,,,,,,long,L,0.02857142857142857,5671,67,140,eval-test
foldbench_monomer,8wj5_A,140,sparsa-scale-main-20260911-long-step-2000,single_seq,pair_network,,,,,,long,L/2,0.04285714285714286,5671,67,70,eval-test
foldbench_monomer,8wj5_A,140,sparsa-scale-main-20260911-long-step-2000,single_seq,pair_network,,,,,,long,L/5,0.03571428571428571,5671,67,28,eval-test
foldbench_monomer,8wj5_A,140,sparsa-scale-main-20260911-long-step-2000,single_seq,pair_network,,,,,,long,R,0.04477611940298507,5671,67,67,eval-test
foldbench_monomer,8wj5_A,140,sparsa-scale-main-20260911-long-step-2000,single_seq,pair_network,,,,,,long,AUC,0.7554491993991498,5671,67,5671,eval-test
foldbench_monomer,8kbl_A,104,sparsa-scale-main-20260911-long-step-2000,single_seq,pair_network,,,,,,all,L,0.2692307692307692,4851,84,104,eval-test
foldbench_monomer,8kbl_A,104,sparsa-scale-main-20260911-long-step-2000,single_seq,pair_network,,,,,,all,L/2,0.38461538461538464,4851,84,52,eval-test
foldbench_monomer,8kbl_A,104,sparsa-scale-main-20260911-long-step-2000,single_seq,pair_network,,,,,,all,L/5,0.65,4851,84,20,eval-test
foldbench_monomer,8kbl_A,104,sparsa-scale-main-20260911-long-step-2000,single_seq,pair_network,,,,,,all,R,0.30952380952380953,4851,84,84,eval-test
foldbench_monomer,8kbl_A,104,sparsa-scale-main-20260911-long-step-2000,single_seq,pair_network,,,,,,all,AUC,0.8988457350634821,4851,84,4851,eval-test
foldbench_monomer,8kbl_A,104,sparsa-scale-main-20260911-long-step-2000,single_seq,pair_network,,,,,,short,L,0.10576923076923077,573,13,104,eval-test
foldbench_monomer,8kbl_A,104,sparsa-scale-main-20260911-long-step-2000,single_seq,pair_network,,,,,,short,L/2,0.17307692307692307,573,13,52,eval-test
foldbench_monomer,8kbl_A,104,sparsa-scale-main-20260911-long-step-2000,single_seq,pair_network,,,,,,short,L/5,0.35,573,13,20,eval-test
foldbench_monomer,8kbl_A,104,sparsa-scale-main-20260911-long-step-2000,single_seq,pair_network,,,,,,short,R,0.38461538461538464,573,13,13,eval-test
foldbench_monomer,8kbl_A,104,sparsa-scale-main-20260911-long-step-2000,single_seq,pair_network,,,,,,short,AUC,0.9442307692307692,573,13,573,eval-test
foldbench_monomer,8kbl_A,104,sparsa-scale-main-20260911-long-step-2000,single_seq,pair_network,,,,,,medium,L,0.07692307692307693,1038,14,104,eval-test
foldbench_monomer,8kbl_A,104,sparsa-scale-main-20260911-long-step-2000,single_seq,pair_network,,,,,,medium,L/2,0.1346153846153846,1038,14,52,eval-test
foldbench_monomer,8kbl_A,104,sparsa-scale-main-20260911-long-step-2000,single_seq,pair_network,,,,,,medium,L/5,0.15,1038,14,20,eval-test
foldbench_monomer,8kbl_A,104,sparsa-scale-main-20260911-long-step-2000,single_seq,pair_network,,,,,,medium,R,0.21428571428571427,1038,14,14,eval-test
foldbench_monomer,8kbl_A,104,sparsa-scale-main-20260911-long-step-2000,single_seq,pair_network,,,,,,medium,AUC,0.791748046875,1038,14,1038,eval-test
foldbench_monomer,8kbl_A,104,sparsa-scale-main-20260911-long-step-2000,single_seq,pair_network,,,,,,long,L,0.2403846153846154,3240,57,104,eval-test
foldbench_monomer,8kbl_A,104,sparsa-scale-main-20260911-long-step-2000,single_seq,pair_network,,,,,,long,L/2,0.3076923076923077,3240,57,52,eval-test
foldbench_monomer,8kbl_A,104,sparsa-scale-main-20260911-long-step-2000,single_seq,pair_network,,,,,,long,L/5,0.55,3240,57,20,eval-test
foldbench_monomer,8kbl_A,104,sparsa-scale-main-20260911-long-step-2000,single_seq,pair_network,,,,,,long,R,0.2807017543859649,3240,57,57,eval-test
foldbench_monomer,8kbl_A,104,sparsa-scale-main-20260911-long-step-2000,single_seq,pair_network,,,,,,long,AUC,0.9200439836632108,3240,57,3240,eval-test
foldbench_monomer,8wnj_A,920,sparsa-scale-main-20260911-long-step-2000,single_seq,pair_network,,,,,,all,L,0.15108695652173912,415416,1140,920,eval-test
foldbench_monomer,8wnj_A,920,sparsa-scale-main-20260911-long-step-2000,single_seq,pair_network,,,,,,all,L/2,0.21956521739130436,415416,1140,460,eval-test
foldbench_monomer,8wnj_A,920,sparsa-scale-main-20260911-long-step-2000,single_seq,pair_network,,,,,,all,L/5,0.358695652173913,415416,1140,184,eval-test
foldbench_monomer,8wnj_A,920,sparsa-scale-main-20260911-long-step-2000,single_seq,pair_network,,,,,,all,R,0.13859649122807016,415416,1140,1140,eval-test
foldbench_monomer,8wnj_A,920,sparsa-scale-main-20260911-long-step-2000,single_seq,pair_network,,,,,,all,AUC,0.8617182620688675,415416,1140,415416,eval-test
foldbench_monomer,8wnj_A,920,sparsa-scale-main-20260911-long-step-2000,single_seq,pair_network,,,,,,short,L,0.10217391304347827,5451,116,920,eval-test
foldbench_monomer,8wnj_A,920,sparsa-scale-main-20260911-long-step-2000,single_seq,pair_network,,,,,,short,L/2,0.14782608695652175,5451,116,460,eval-test
foldbench_monomer,8wnj_A,920,sparsa-scale-main-20260911-long-step-2000,single_seq,pair_network,,,,,,short,L/5,0.2391304347826087,5451,116,184,eval-test
foldbench_monomer,8wnj_A,920,sparsa-scale-main-20260911-long-step-2000,single_seq,pair_network,,,,,,short,R,0.33620689655172414,5451,116,116,eval-test
foldbench_monomer,8wnj_A,920,sparsa-scale-main-20260911-long-step-2000,single_seq,pair_network,,,,,,short,AUC,0.8904808842064441,5451,116,5451,eval-test
foldbench_monomer,8wnj_A,920,sparsa-scale-main-20260911-long-step-2000,single_seq,pair_network,,,,,,medium,L,0.08369565217391305,10794,138,920,eval-test
foldbench_monomer,8wnj_A,920,sparsa-scale-main-20260911-long-step-2000,single_seq,pair_network,,,,,,medium,L/2,0.12173913043478261,10794,138,460,eval-test
foldbench_monomer,8wnj_A,920,sparsa-scale-main-20260911-long-step-2000,single_seq,pair_network,,,,,,medium,L/5,0.22826086956521738,10794,138,184,eval-test
foldbench_monomer,8wnj_A,920,sparsa-scale-main-20260911-long-step-2000,single_seq,pair_network,,,,,,medium,R,0.26811594202898553,10794,138,138,eval-test
foldbench_monomer,8wnj_A,920,sparsa-scale-main-20260911-long-step-2000,single_seq,pair_network,,,,,,medium,AUC,0.850157222439831,10794,138,10794,eval-test
foldbench_monomer,8wnj_A,920,sparsa-scale-main-20260911-long-step-2000,single_seq,pair_network,,,,,,long,L,0.07282608695652174,399171,886,920,eval-test
foldbench_monomer,8wnj_A,920,sparsa-scale-main-20260911-long-step-2000,single_seq,pair_network,,,,,,long,L/2,0.10217391304347827,399171,886,460,eval-test
foldbench_monomer,8wnj_A,920,sparsa-scale-main-20260911-long-step-2000,single_seq,pair_network,,,,,,long,L/5,0.14673913043478262,399171,886,184,eval-test
foldbench_monomer,8wnj_A,920,sparsa-scale-main-20260911-long-step-2000,single_seq,pair_network,,,,,,long,R,0.07336343115124154,399171,886,886,eval-test
foldbench_monomer,8wnj_A,920,sparsa-scale-main-20260911-long-step-2000,single_seq,pair_network,,,,,,long,AUC,0.8415272807217379,399171,886,399171,eval-test
foldbench_monomer,8wrx_A,88,sparsa-scale-main-20260911-long-step-2000,single_seq,pair_network,,,,,,all,L,0.4090909090909091,3240,78,88,eval-test
foldbench_monomer,8wrx_A,88,sparsa-scale-main-20260911-long-step-2000,single_seq,pair_network,,,,,,all,L/2,0.5227272727272727,3240,78,44,eval-test
foldbench_monomer,8wrx_A,88,sparsa-scale-main-20260911-long-step-2000,single_seq,pair_network,,,,,,all,L/5,0.7058823529411765,3240,78,17,eval-test
foldbench_monomer,8wrx_A,88,sparsa-scale-main-20260911-long-step-2000,single_seq,pair_network,,,,,,all,R,0.4358974358974359,3240,78,78,eval-test
foldbench_monomer,8wrx_A,88,sparsa-scale-main-20260911-long-step-2000,single_seq,pair_network,,,,,,all,AUC,0.9482658654859794,3240,78,3240,eval-test
foldbench_monomer,8wrx_A,88,sparsa-scale-main-20260911-long-step-2000,single_seq,pair_network,,,,,,short,L,0.14772727272727273,465,14,88,eval-test
foldbench_monomer,8wrx_A,88,sparsa-scale-main-20260911-long-step-2000,single_seq,pair_network,,,,,,short,L/2,0.25,465,14,44,eval-test
foldbench_monomer,8wrx_A,88,sparsa-scale-main-20260911-long-step-2000,single_seq,pair_network,,,,,,short,L/5,0.35294117647058826,465,14,17,eval-test
foldbench_monomer,8wrx_A,88,sparsa-scale-main-20260911-long-step-2000,single_seq,pair_network,,,,,,short,R,0.42857142857142855,465,14,14,eval-test
foldbench_monomer,8wrx_A,88,sparsa-scale-main-20260911-long-step-2000,single_seq,pair_network,,,,,,short,AUC,0.9523281596452329,465,14,465,eval-test
foldbench_monomer,8wrx_A,88,sparsa-scale-main-20260911-long-step-2000,single_seq,pair_network,,,,,,medium,L,0.125,822,12,88,eval-test
foldbench_monomer,8wrx_A,88,sparsa-scale-main-20260911-long-step-2000,single_seq,pair_network,,,,,,medium,L/2,0.20454545454545456,822,12,44,eval-test
foldbench_monomer,8wrx_A,88,sparsa-scale-main-20260911-long-step-2000,single_seq,pair_network,,,,,,medium,L/5,0.4117647058823529,822,12,17,eval-test
foldbench_monomer,8wrx_A,88,sparsa-scale-main-20260911-long-step-2000,single_seq,pair_network,,,,,,medium,R,0.4166666666666667,822,12,12,eval-test
foldbench_monomer,8wrx_A,88,sparsa-scale-main-20260911-long-step-2000,single_seq,pair_network,,,,,,medium,AUC,0.9665123456790123,822,12,822,eval-test
foldbench_monomer,8wrx_A,88,sparsa-scale-main-20260911-long-step-2000,single_seq,pair_network,,,,,,long,L,0.3068181818181818,1953,52,88,eval-test
foldbench_monomer,8wrx_A,88,sparsa-scale-main-20260911-long-step-2000,single_seq,pair_network,,,,,,long,L/2,0.4772727272727273,1953,52,44,eval-test
foldbench_monomer,8wrx_A,88,sparsa-scale-main-20260911-long-step-2000,single_seq,pair_network,,,,,,long,L/5,0.7058823529411765,1953,52,17,eval-test
foldbench_monomer,8wrx_A,88,sparsa-scale-main-20260911-long-step-2000,single_seq,pair_network,,,,,,long,R,0.4230769230769231,1953,52,52,eval-test
foldbench_monomer,8wrx_A,88,sparsa-scale-main-20260911-long-step-2000,single_seq,pair_network,,,,,,long,AUC,0.9399405171367297,1953,52,1953,eval-test
foldbench_monomer,8wt3_A,135,sparsa-scale-main-20260911-long-step-2000,single_seq,pair_network,,,,,,all,L,0.2740740740740741,8256,116,135,eval-test
foldbench_monomer,8wt3_A,135,sparsa-scale-main-20260911-long-step-2000,single_seq,pair_network,,,,,,all,L/2,0.4626865671641791,8256,116,67,eval-test
foldbench_monomer,8wt3_A,135,sparsa-scale-main-20260911-long-step-2000,single_seq,pair_network,,,,,,all,L/5,0.7037037037037037,8256,116,27,eval-test
foldbench_monomer,8wt3_A,135,sparsa-scale-main-20260911-long-step-2000,single_seq,pair_network,,,,,,all,R,0.3103448275862069,8256,116,116,eval-test
foldbench_monomer,8wt3_A,135,sparsa-scale-main-20260911-long-step-2000,single_seq,pair_network,,,,,,all,AUC,0.8932707786156061,8256,116,8256,eval-test
foldbench_monomer,8wt3_A,135,sparsa-scale-main-20260911-long-step-2000,single_seq,pair_network,,,,,,short,L,0.15555555555555556,753,23,135,eval-test
foldbench_monomer,8wt3_A,135,sparsa-scale-main-20260911-long-step-2000,single_seq,pair_network,,,,,,short,L/2,0.2537313432835821,753,23,67,eval-test
foldbench_monomer,8wt3_A,135,sparsa-scale-main-20260911-long-step-2000,single_seq,pair_network,,,,,,short,L/5,0.37037037037037035,753,23,27,eval-test
foldbench_monomer,8wt3_A,135,sparsa-scale-main-20260911-long-step-2000,single_seq,pair_network,,,,,,short,R,0.391304347826087,753,23,23,eval-test
foldbench_monomer,8wt3_A,135,sparsa-scale-main-20260911-long-step-2000,single_seq,pair_network,,,,,,short,AUC,0.9406491959499702,753,23,753,eval-test
foldbench_monomer,8wt3_A,135,sparsa-scale-main-20260911-long-step-2000,single_seq,pair_network,,,,,,medium,L,0.16296296296296298,1398,36,135,eval-test
foldbench_monomer,8wt3_A,135,sparsa-scale-main-20260911-long-step-2000,single_seq,pair_network,,,,,,medium,L/2,0.22388059701492538,1398,36,67,eval-test
foldbench_monomer,8wt3_A,135,sparsa-scale-main-20260911-long-step-2000,single_seq,pair_network,,,,,,medium,L/5,0.37037037037037035,1398,36,27,eval-test
foldbench_monomer,8wt3_A,135,sparsa-scale-main-20260911-long-step-2000,single_seq,pair_network,,,,,,medium,R,0.3055555555555556,1398,36,36,eval-test
foldbench_monomer,8wt3_A,135,sparsa-scale-main-20260911-long-step-2000,single_seq,pair_network,,,,,,medium,AUC,0.9047866699298417,1398,36,1398,eval-test
foldbench_monomer,8wt3_A,135,sparsa-scale-main-20260911-long-step-2000,single_seq,pair_network,,,,,,long,L,0.14074074074074075,6105,57,135,eval-test
foldbench_monomer,8wt3_A,135,sparsa-scale-main-20260911-long-step-2000,single_seq,pair_network,,,,,,long,L/2,0.208955223880597,6105,57,67,eval-test
foldbench_monomer,8wt3_A,135,sparsa-scale-main-20260911-long-step-2000,single_seq,pair_network,,,,,,long,L/5,0.4444444444444444,6105,57,27,eval-test
foldbench_monomer,8wt3_A,135,sparsa-scale-main-20260911-long-step-2000,single_seq,pair_network,,,,,,long,R,0.22807017543859648,6105,57,57,eval-test
foldbench_monomer,8wt3_A,135,sparsa-scale-main-20260911-long-step-2000,single_seq,pair_network,,,,,,long,AUC,0.8555474333983106,6105,57,6105,eval-test
foldbench_monomer,8wim_A,620,sparsa-scale-main-20260911-long-step-2000,single_seq,pair_network,,,,,,all,L,0.12419354838709677,159961,709,620,eval-test
foldbench_monomer,8wim_A,620,sparsa-scale-main-20260911-long-step-2000,single_seq,pair_network,,,,,,all,L/2,0.16129032258064516,159961,709,310,eval-test
foldbench_monomer,8wim_A,620,sparsa-scale-main-20260911-long-step-2000,single_seq,pair_network,,,,,,all,L/5,0.21774193548387097,159961,709,124,eval-test
foldbench_monomer,8wim_A,620,sparsa-scale-main-20260911-long-step-2000,single_seq,pair_network,,,,,,all,R,0.11847672778561354,159961,709,709,eval-test
foldbench_monomer,8wim_A,620,sparsa-scale-main-20260911-long-step-2000,single_seq,pair_network,,,,,,all,AUC,0.8130836457689344,159961,709,159961,eval-test
foldbench_monomer,8wim_A,620,sparsa-scale-main-20260911-long-step-2000,single_seq,pair_network,,,,,,short,L,0.1,3212,92,620,eval-test
foldbench_monomer,8wim_A,620,sparsa-scale-main-20260911-long-step-2000,single_seq,pair_network,,,,,,short,L/2,0.15161290322580645,3212,92,310,eval-test
foldbench_monomer,8wim_A,620,sparsa-scale-main-20260911-long-step-2000,single_seq,pair_network,,,,,,short,L/5,0.23387096774193547,3212,92,124,eval-test
foldbench_monomer,8wim_A,620,sparsa-scale-main-20260911-long-step-2000,single_seq,pair_network,,,,,,short,R,0.2717391304347826,3212,92,92,eval-test
foldbench_monomer,8wim_A,620,sparsa-scale-main-20260911-long-step-2000,single_seq,pair_network,,,,,,short,AUC,0.8634057971014493,3212,92,3212,eval-test
foldbench_monomer,8wim_A,620,sparsa-scale-main-20260911-long-step-2000,single_seq,pair_network,,,,,,medium,L,0.06451612903225806,6240,90,620,eval-test
foldbench_monomer,8wim_A,620,sparsa-scale-main-20260911-long-step-2000,single_seq,pair_network,,,,,,medium,L/2,0.08387096774193549,6240,90,310,eval-test
foldbench_monomer,8wim_A,620,sparsa-scale-main-20260911-long-step-2000,single_seq,pair_network,,,,,,medium,L/5,0.13709677419354838,6240,90,124,eval-test
foldbench_monomer,8wim_A,620,sparsa-scale-main-20260911-long-step-2000,single_seq,pair_network,,,,,,medium,R,0.13333333333333333,6240,90,90,eval-test
foldbench_monomer,8wim_A,620,sparsa-scale-main-20260911-long-step-2000,single_seq,pair_network,,,,,,medium,AUC,0.8185085817524842,6240,90,6240,eval-test
foldbench_monomer,8wim_A,620,sparsa-scale-main-20260911-long-step-2000,single_seq,pair_network,,,,,,long,L,0.06129032258064516,150509,527,620,eval-test
foldbench_monomer,8wim_A,620,sparsa-scale-main-20260911-long-step-2000,single_seq,pair_network,,,,,,long,L/2,0.06451612903225806,150509,527,310,eval-test
foldbench_monomer,8wim_A,620,sparsa-scale-main-20260911-long-step-2000,single_seq,pair_network,,,,,,long,L/5,0.08870967741935484,150509,527,124,eval-test
foldbench_monomer,8wim_A,620,sparsa-scale-main-20260911-long-step-2000,single_seq,pair_network,,,,,,long,R,0.06261859582542695,150509,527,527,eval-test
foldbench_monomer,8wim_A,620,sparsa-scale-main-20260911-long-step-2000,single_seq,pair_network,,,,,,long,AUC,0.7770941304860441,150509,527,150509,eval-test
foldbench_monomer,8x7c_A,353,sparsa-scale-main-20260911-long-step-2000,single_seq,pair_network,,,,,,all,L,0.09915014164305949,59340,407,353,eval-test
foldbench_monomer,8x7c_A,353,sparsa-scale-main-20260911-long-step-2000,single_seq,pair_network,,,,,,all,L/2,0.125,59340,407,176,eval-test
foldbench_monomer,8x7c_A,353,sparsa-scale-main-20260911-long-step-2000,single_seq,pair_network,,,,,,all,L/5,0.12857142857142856,59340,407,70,eval-test
foldbench_monomer,8x7c_A,353,sparsa-scale-main-20260911-long-step-2000,single_seq,pair_network,,,,,,all,R,0.11302211302211303,59340,407,407,eval-test
foldbench_monomer,8x7c_A,353,sparsa-scale-main-20260911-long-step-2000,single_seq,pair_network,,,,,,all,AUC,0.8210486893228311,59340,407,59340,eval-test
foldbench_monomer,8x7c_A,353,sparsa-scale-main-20260911-long-step-2000,single_seq,pair_network,,,,,,short,L,0.0821529745042493,2049,48,353,eval-test
foldbench_monomer,8x7c_A,353,sparsa-scale-main-20260911-long-step-2000,single_seq,pair_network,,,,,,short,L/2,0.125,2049,48,176,eval-test
foldbench_monomer,8x7c_A,353,sparsa-scale-main-20260911-long-step-2000,single_seq,pair_network,,,,,,short,L/5,0.17142857142857143,2049,48,70,eval-test
foldbench_monomer,8x7c_A,353,sparsa-scale-main-20260911-long-step-2000,single_seq,pair_network,,,,,,short,R,0.14583333333333334,2049,48,48,eval-test
foldbench_monomer,8x7c_A,353,sparsa-scale-main-20260911-long-step-2000,single_seq,pair_network,,,,,,short,AUC,0.8410950774612693,2049,48,2049,eval-test
foldbench_monomer,8x7c_A,353,sparsa-scale-main-20260911-long-step-2000,single_seq,pair_network,,,,,,medium,L,0.053824362606232294,3990,45,353,eval-test
foldbench_monomer,8x7c_A,353,sparsa-scale-main-20260911-long-step-2000,single_seq,pair_network,,,,,,medium,L/2,0.0625,3990,45,176,eval-test
foldbench_monomer,8x7c_A,353,sparsa-scale-main-20260911-long-step-2000,single_seq,pair_network,,,,,,medium,L/5,0.014285714285714285,3990,45,70,eval-test
foldbench_monomer,8x7c_A,353,sparsa-scale-main-20260911-long-step-2000,single_seq,pair_network,,,,,,medium,R,0.022222222222222223,3990,45,45,eval-test
foldbench_monomer,8x7c_A,353,sparsa-scale-main-20260911-long-step-2000,single_seq,pair_network,,,,,,medium,AUC,0.8445965356991973,3990,45,3990,eval-test
foldbench_monomer,8x7c_A,353,sparsa-scale-main-20260911-long-step-2000,single_seq,pair_network,,,,,,long,L,0.07365439093484419,53301,314,353,eval-test
foldbench_monomer,8x7c_A,353,sparsa-scale-main-20260911-long-step-2000,single_seq,pair_network,,,,,,long,L/2,0.10227272727272728,53301,314,176,eval-test
foldbench_monomer,8x7c_A,353,sparsa-scale-main-20260911-long-step-2000,single_seq,pair_network,,,,,,long,L/5,0.12857142857142856,53301,314,70,eval-test
foldbench_monomer,8x7c_A,353,sparsa-scale-main-20260911-long-step-2000,single_seq,pair_network,,,,,,long,R,0.08280254777070063,53301,314,314,eval-test
foldbench_monomer,8x7c_A,353,sparsa-scale-main-20260911-long-step-2000,single_seq,pair_network,,,,,,long,AUC,0.8024311094693459,53301,314,53301,eval-test
foldbench_monomer,8xf9_A,283,sparsa-scale-main-20260911-long-step-2000,single_seq,pair_network,,,,,,all,L,0.24028268551236748,37401,273,283,eval-test
foldbench_monomer,8xf9_A,283,sparsa-scale-main-20260911-long-step-2000,single_seq,pair_network,,,,,,all,L/2,0.3617021276595745,37401,273,141,eval-test
foldbench_monomer,8xf9_A,283,sparsa-scale-main-20260911-long-step-2000,single_seq,pair_network,,,,,,all,L/5,0.48214285714285715,37401,273,56,eval-test
foldbench_monomer,8xf9_A,283,sparsa-scale-main-20260911-long-step-2000,single_seq,pair_network,,,,,,all,R,0.2490842490842491,37401,273,273,eval-test
foldbench_monomer,8xf9_A,283,sparsa-scale-main-20260911-long-step-2000,single_seq,pair_network,,,,,,all,AUC,0.9017157158721477,37401,273,37401,eval-test
foldbench_monomer,8xf9_A,283,sparsa-scale-main-20260911-long-step-2000,single_seq,pair_network,,,,,,short,L,0.0989399293286219,1623,34,283,eval-test
foldbench_monomer,8xf9_A,283,sparsa-scale-main-20260911-long-step-2000,single_seq,pair_network,,,,,,short,L/2,0.1347517730496454,1623,34,141,eval-test
foldbench_monomer,8xf9_A,283,sparsa-scale-main-20260911-long-step-2000,single_seq,pair_network,,,,,,short,L/5,0.25,1623,34,56,eval-test
foldbench_monomer,8xf9_A,283,sparsa-scale-main-20260911-long-step-2000,single_seq,pair_network,,,,,,short,R,0.3235294117647059,1623,34,34,eval-test
foldbench_monomer,8xf9_A,283,sparsa-scale-main-20260911-long-step-2000,single_seq,pair_network,,,,,,short,AUC,0.9106818939029355,1623,34,1623,eval-test
foldbench_monomer,8xf9_A,283,sparsa-scale-main-20260911-long-step-2000,single_seq,pair_network,,,,,,medium,L,0.127208480565371,3138,57,283,eval-test
foldbench_monomer,8xf9_A,283,sparsa-scale-main-20260911-long-step-2000,single_seq,pair_network,,,,,,medium,L/2,0.19148936170212766,3138,57,141,eval-test
foldbench_monomer,8xf9_A,283,sparsa-scale-main-20260911-long-step-2000,single_seq,pair_network,,,,,,medium,L/5,0.30357142857142855,3138,57,56,eval-test
foldbench_monomer,8xf9_A,283,sparsa-scale-main-20260911-long-step-2000,single_seq,pair_network,,,,,,medium,R,0.3157894736842105,3138,57,57,eval-test
foldbench_monomer,8xf9_A,283,sparsa-scale-main-20260911-long-step-2000,single_seq,pair_network,,,,,,medium,AUC,0.8866168992751271,3138,57,3138,eval-test
foldbench_monomer,8xf9_A,283,sparsa-scale-main-20260911-long-step-2000,single_seq,pair_network,,,,,,long,L,0.14840989399293286,32640,182,283,eval-test
foldbench_monomer,8xf9_A,283,sparsa-scale-main-20260911-long-step-2000,single_seq,pair_network,,,,,,long,L/2,0.2198581560283688,32640,182,141,eval-test
foldbench_monomer,8xf9_A,283,sparsa-scale-main-20260911-long-step-2000,single_seq,pair_network,,,,,,long,L/5,0.4107142857142857,32640,182,56,eval-test
foldbench_monomer,8xf9_A,283,sparsa-scale-main-20260911-long-step-2000,single_seq,pair_network,,,,,,long,R,0.17582417582417584,32640,182,182,eval-test
foldbench_monomer,8xf9_A,283,sparsa-scale-main-20260911-long-step-2000,single_seq,pair_network,,,,,,long,AUC,0.892214384912641,32640,182,32640,eval-test
foldbench_monomer,8xif_A,224,sparsa-scale-main-20260911-long-step-2000,single_seq,pair_network,,,,,,all,L,0.16071428571428573,23653,233,224,eval-test
foldbench_monomer,8xif_A,224,sparsa-scale-main-20260911-long-step-2000,single_seq,pair_network,,,,,,all,L/2,0.20535714285714285,23653,233,112,eval-test
foldbench_monomer,8xif_A,224,sparsa-scale-main-20260911-long-step-2000,single_seq,pair_network,,,,,,all,L/5,0.36363636363636365,23653,233,44,eval-test
foldbench_monomer,8xif_A,224,sparsa-scale-main-20260911-long-step-2000,single_seq,pair_network,,,,,,all,R,0.15450643776824036,23653,233,233,eval-test
foldbench_monomer,8xif_A,224,sparsa-scale-main-20260911-long-step-2000,single_seq,pair_network,,,,,,all,AUC,0.7931949875935977,23653,233,23653,eval-test
foldbench_monomer,8xif_A,224,sparsa-scale-main-20260911-long-step-2000,single_seq,pair_network,,,,,,short,L,0.09821428571428571,1287,27,224,eval-test
foldbench_monomer,8xif_A,224,sparsa-scale-main-20260911-long-step-2000,single_seq,pair_network,,,,,,short,L/2,0.14285714285714285,1287,27,112,eval-test
foldbench_monomer,8xif_A,224,sparsa-scale-main-20260911-long-step-2000,single_seq,pair_network,,,,,,short,L/5,0.25,1287,27,44,eval-test
foldbench_monomer,8xif_A,224,sparsa-scale-main-20260911-long-step-2000,single_seq,pair_network,,,,,,short,R,0.2962962962962963,1287,27,27,eval-test
foldbench_monomer,8xif_A,224,sparsa-scale-main-20260911-long-step-2000,single_seq,pair_network,,,,,,short,AUC,0.8805996472663138,1287,27,1287,eval-test
foldbench_monomer,8xif_A,224,sparsa-scale-main-20260911-long-step-2000,single_seq,pair_network,,,,,,medium,L,0.08035714285714286,2466,33,224,eval-test
foldbench_monomer,8xif_A,224,sparsa-scale-main-20260911-long-step-2000,single_seq,pair_network,,,,,,medium,L/2,0.10714285714285714,2466,33,112,eval-test
foldbench_monomer,8xif_A,224,sparsa-scale-main-20260911-long-step-2000,single_seq,pair_network,,,,,,medium,L/5,0.1590909090909091,2466,33,44,eval-test
foldbench_monomer,8xif_A,224,sparsa-scale-main-20260911-long-step-2000,single_seq,pair_network,,,,,,medium,R,0.21212121212121213,2466,33,33,eval-test
foldbench_monomer,8xif_A,224,sparsa-scale-main-20260911-long-step-2000,single_seq,pair_network,,,,,,medium,AUC,0.8647324041898641,2466,33,2466,eval-test
foldbench_monomer,8xif_A,224,sparsa-scale-main-20260911-long-step-2000,single_seq,pair_network,,,,,,long,L,0.12053571428571429,19900,173,224,eval-test
foldbench_monomer,8xif_A,224,sparsa-scale-main-20260911-long-step-2000,single_seq,pair_network,,,,,,long,L/2,0.13392857142857142,19900,173,112,eval-test
foldbench_monomer,8xif_A,224,sparsa-scale-main-20260911-long-step-2000,single_seq,pair_network,,,,,,long,L/5,0.20454545454545456,19900,173,44,eval-test
foldbench_monomer,8xif_A,224,sparsa-scale-main-20260911-long-step-2000,single_seq,pair_network,,,,,,long,R,0.12138728323699421,19900,173,173,eval-test
foldbench_monomer,8xif_A,224,sparsa-scale-main-20260911-long-step-2000,single_seq,pair_network,,,,,,long,AUC,0.7654058827855722,19900,173,19900,eval-test
foldbench_monomer,8xjg_A,153,sparsa-scale-main-20260911-long-step-2000,single_seq,pair_network,,,,,,all,L,0.5490196078431373,10153,109,153,eval-test
foldbench_monomer,8xjg_A,153,sparsa-scale-main-20260911-long-step-2000,single_seq,pair_network,,,,,,all,L/2,0.8026315789473685,10153,109,76,eval-test
foldbench_monomer,8xjg_A,153,sparsa-scale-main-20260911-long-step-2000,single_seq,pair_network,,,,,,all,L/5,1.0,10153,109,30,eval-test
foldbench_monomer,8xjg_A,153,sparsa-scale-main-20260911-long-step-2000,single_seq,pair_network,,,,,,all,R,0.7155963302752294,10153,109,109,eval-test
foldbench_monomer,8xjg_A,153,sparsa-scale-main-20260911-long-step-2000,single_seq,pair_network,,,,,,all,AUC,0.9912750868654981,10153,109,10153,eval-test
foldbench_monomer,8xjg_A,153,sparsa-scale-main-20260911-long-step-2000,single_seq,pair_network,,,,,,short,L,0.09803921568627451,837,17,153,eval-test
foldbench_monomer,8xjg_A,153,sparsa-scale-main-20260911-long-step-2000,single_seq,pair_network,,,,,,short,L/2,0.19736842105263158,837,17,76,eval-test
foldbench_monomer,8xjg_A,153,sparsa-scale-main-20260911-long-step-2000,single_seq,pair_network,,,,,,short,L/5,0.4666666666666667,837,17,30,eval-test
foldbench_monomer,8xjg_A,153,sparsa-scale-main-20260911-long-step-2000,single_seq,pair_network,,,,,,short,R,0.8235294117647058,837,17,17,eval-test
foldbench_monomer,8xjg_A,153,sparsa-scale-main-20260911-long-step-2000,single_seq,pair_network,,,,,,short,AUC,0.9724533715925394,837,17,837,eval-test
foldbench_monomer,8xjg_A,153,sparsa-scale-main-20260911-long-step-2000,single_seq,pair_network,,,,,,medium,L,0.23529411764705882,1566,36,153,eval-test
foldbench_monomer,8xjg_A,153,sparsa-scale-main-20260911-long-step-2000,single_seq,pair_network,,,,,,medium,L/2,0.47368421052631576,1566,36,76,eval-test
foldbench_monomer,8xjg_A,153,sparsa-scale-main-20260911-long-step-2000,single_seq,pair_network,,,,,,medium,L/5,0.9333333333333333,1566,36,30,eval-test
foldbench_monomer,8xjg_A,153,sparsa-scale-main-20260911-long-step-2000,single_seq,pair_network,,,,,,medium,R,0.8611111111111112,1566,36,36,eval-test
foldbench_monomer,8xjg_A,153,sparsa-scale-main-20260911-long-step-2000,single_seq,pair_network,,,,,,medium,AUC,0.99840232389252,1566,36,1566,eval-test
foldbench_monomer,8xjg_A,153,sparsa-scale-main-20260911-long-step-2000,single_seq,pair_network,,,,,,long,L,0.30718954248366015,7750,56,153,eval-test
foldbench_monomer,8xjg_A,153,sparsa-scale-main-20260911-long-step-2000,single_seq,pair_network,,,,,,long,L/2,0.4868421052631579,7750,56,76,eval-test
foldbench_monomer,8xjg_A,153,sparsa-scale-main-20260911-long-step-2000,single_seq,pair_network,,,,,,long,L/5,0.6666666666666666,7750,56,30,eval-test
foldbench_monomer,8xjg_A,153,sparsa-scale-main-20260911-long-step-2000,single_seq,pair_network,,,,,,long,R,0.6071428571428571,7750,56,56,eval-test
foldbench_monomer,8xjg_A,153,sparsa-scale-main-20260911-long-step-2000,single_seq,pair_network,,,,,,long,AUC,0.9922899105054032,7750,56,7750,eval-test
foldbench_monomer,8xpk_A,269,sparsa-scale-main-20260911-long-step-2000,single_seq,pair_network,,,,,,all,L,0.21561338289962825,30876,317,269,eval-test
foldbench_monomer,8xpk_A,269,sparsa-scale-main-20260911-long-step-2000,single_seq,pair_network,,,,,,all,L/2,0.31343283582089554,30876,317,134,eval-test
foldbench_monomer,8xpk_A,269,sparsa-scale-main-20260911-long-step-2000,single_seq,pair_network,,,,,,all,L/5,0.49056603773584906,30876,317,53,eval-test
foldbench_monomer,8xpk_A,269,sparsa-scale-main-20260911-long-step-2000,single_seq,pair_network,,,,,,all,R,0.19873817034700317,30876,317,317,eval-test
foldbench_monomer,8xpk_A,269,sparsa-scale-main-20260911-long-step-2000,single_seq,pair_network,,,,,,all,AUC,0.891317235738737,30876,317,30876,eval-test
foldbench_monomer,8xpk_A,269,sparsa-scale-main-20260911-long-step-2000,single_seq,pair_network,,,,,,short,L,0.10037174721189591,1473,39,269,eval-test
foldbench_monomer,8xpk_A,269,sparsa-scale-main-20260911-long-step-2000,single_seq,pair_network,,,,,,short,L/2,0.15671641791044777,1473,39,134,eval-test
foldbench_monomer,8xpk_A,269,sparsa-scale-main-20260911-long-step-2000,single_seq,pair_network,,,,,,short,L/5,0.24528301886792453,1473,39,53,eval-test
foldbench_monomer,8xpk_A,269,sparsa-scale-main-20260911-long-step-2000,single_seq,pair_network,,,,,,short,R,0.2564102564102564,1473,39,39,eval-test
foldbench_monomer,8xpk_A,269,sparsa-scale-main-20260911-long-step-2000,single_seq,pair_network,,,,,,short,AUC,0.8831312806208205,1473,39,1473,eval-test
foldbench_monomer,8xpk_A,269,sparsa-scale-main-20260911-long-step-2000,single_seq,pair_network,,,,,,medium,L,0.11895910780669144,2838,48,269,eval-test
foldbench_monomer,8xpk_A,269,sparsa-scale-main-20260911-long-step-2000,single_seq,pair_network,,,,,,medium,L/2,0.16417910447761194,2838,48,134,eval-test
foldbench_monomer,8xpk_A,269,sparsa-scale-main-20260911-long-step-2000,single_seq,pair_network,,,,,,medium,L/5,0.2641509433962264,2838,48,53,eval-test
foldbench_monomer,8xpk_A,269,sparsa-scale-main-20260911-long-step-2000,single_seq,pair_network,,,,,,medium,R,0.2916666666666667,2838,48,48,eval-test
foldbench_monomer,8xpk_A,269,sparsa-scale-main-20260911-long-step-2000,single_seq,pair_network,,,,,,medium,AUC,0.91213784348865,2838,48,2838,eval-test
foldbench_monomer,8xpk_A,269,sparsa-scale-main-20260911-long-step-2000,single_seq,pair_network,,,,,,long,L,0.1449814126394052,26565,230,269,eval-test
foldbench_monomer,8xpk_A,269,sparsa-scale-main-20260911-long-step-2000,single_seq,pair_network,,,,,,long,L/2,0.208955223880597,26565,230,134,eval-test
foldbench_monomer,8xpk_A,269,sparsa-scale-main-20260911-long-step-2000,single_seq,pair_network,,,,,,long,L/5,0.33962264150943394,26565,230,53,eval-test
foldbench_monomer,8xpk_A,269,sparsa-scale-main-20260911-long-step-2000,single_seq,pair_network,,,,,,long,R,0.1608695652173913,26565,230,230,eval-test
foldbench_monomer,8xpk_A,269,sparsa-scale-main-20260911-long-step-2000,single_seq,pair_network,,,,,,long,AUC,0.8852800455667362,26565,230,26565,eval-test
foldbench_monomer,8y9p_A,256,sparsa-scale-main-20260911-long-step-2000,single_seq,pair_network,,,,,,all,L,0.25390625,17970,200,256,eval-test
foldbench_monomer,8y9p_A,256,sparsa-scale-main-20260911-long-step-2000,single_seq,pair_network,,,,,,all,L/2,0.390625,17970,200,128,eval-test
foldbench_monomer,8y9p_A,256,sparsa-scale-main-20260911-long-step-2000,single_seq,pair_network,,,,,,all,L/5,0.5294117647058824,17970,200,51,eval-test
foldbench_monomer,8y9p_A,256,sparsa-scale-main-20260911-long-step-2000,single_seq,pair_network,,,,,,all,R,0.315,17970,200,200,eval-test
foldbench_monomer,8y9p_A,256,sparsa-scale-main-20260911-long-step-2000,single_seq,pair_network,,,,,,all,AUC,0.919559229037704,17970,200,17970,eval-test
foldbench_monomer,8y9p_A,256,sparsa-scale-main-20260911-long-step-2000,single_seq,pair_network,,,,,,short,L,0.078125,1068,21,256,eval-test
foldbench_monomer,8y9p_A,256,sparsa-scale-main-20260911-long-step-2000,single_seq,pair_network,,,,,,short,L/2,0.1171875,1068,21,128,eval-test
foldbench_monomer,8y9p_A,256,sparsa-scale-main-20260911-long-step-2000,single_seq,pair_network,,,,,,short,L/5,0.2549019607843137,1068,21,51,eval-test
foldbench_monomer,8y9p_A,256,sparsa-scale-main-20260911-long-step-2000,single_seq,pair_network,,,,,,short,R,0.38095238095238093,1068,21,21,eval-test
foldbench_monomer,8y9p_A,256,sparsa-scale-main-20260911-long-step-2000,single_seq,pair_network,,,,,,short,AUC,0.9390094146541137,1068,21,1068,eval-test
foldbench_monomer,8y9p_A,256,sparsa-scale-main-20260911-long-step-2000,single_seq,pair_network,,,,,,medium,L,0.09375,1930,29,256,eval-test
foldbench_monomer,8y9p_A,256,sparsa-scale-main-20260911-long-step-2000,single_seq,pair_network,,,,,,medium,L/2,0.109375,1930,29,128,eval-test
foldbench_monomer,8y9p_A,256,sparsa-scale-main-20260911-long-step-2000,single_seq,pair_network,,,,,,medium,L/5,0.1568627450980392,1930,29,51,eval-test
foldbench_monomer,8y9p_A,256,sparsa-scale-main-20260911-long-step-2000,single_seq,pair_network,,,,,,medium,R,0.20689655172413793,1930,29,29,eval-test
foldbench_monomer,8y9p_A,256,sparsa-scale-main-20260911-long-step-2000,single_seq,pair_network,,,,,,medium,AUC,0.9189627963503781,1930,29,1930,eval-test
foldbench_monomer,8y9p_A,256,sparsa-scale-main-20260911-long-step-2000,single_seq,pair_network,,,,,,long,L,0.2109375,14972,150,256,eval-test
foldbench_monomer,8y9p_A,256,sparsa-scale-main-20260911-long-step-2000,single_seq,pair_network,,,,,,long,L/2,0.3515625,14972,150,128,eval-test
foldbench_monomer,8y9p_A,256,sparsa-scale-main-20260911-long-step-2000,single_seq,pair_network,,,,,,long,L/5,0.5686274509803921,14972,150,51,eval-test
foldbench_monomer,8y9p_A,256,sparsa-scale-main-20260911-long-step-2000,single_seq,pair_network,,,,,,long,R,0.30666666666666664,14972,150,150,eval-test
foldbench_monomer,8y9p_A,256,sparsa-scale-main-20260911-long-step-2000,single_seq,pair_network,,,,,,long,AUC,0.9156703998560697,14972,150,14972,eval-test
foldbench_monomer,8ye0_A,290,sparsa-scale-main-20260911-long-step-2000,single_seq,pair_network,,,,,,all,L,0.1896551724137931,39903,326,290,eval-test
foldbench_monomer,8ye0_A,290,sparsa-scale-main-20260911-long-step-2000,single_seq,pair_network,,,,,,all,L/2,0.2206896551724138,39903,326,145,eval-test
foldbench_monomer,8ye0_A,290,sparsa-scale-main-20260911-long-step-2000,single_seq,pair_network,,,,,,all,L/5,0.27586206896551724,39903,326,58,eval-test
foldbench_monomer,8ye0_A,290,sparsa-scale-main-20260911-long-step-2000,single_seq,pair_network,,,,,,all,R,0.18098159509202455,39903,326,326,eval-test
foldbench_monomer,8ye0_A,290,sparsa-scale-main-20260911-long-step-2000,single_seq,pair_network,,,,,,all,AUC,0.8698102836266525,39903,326,39903,eval-test
foldbench_monomer,8ye0_A,290,sparsa-scale-main-20260911-long-step-2000,single_seq,pair_network,,,,,,short,L,0.1,1677,43,290,eval-test
foldbench_monomer,8ye0_A,290,sparsa-scale-main-20260911-long-step-2000,single_seq,pair_network,,,,,,short,L/2,0.16551724137931034,1677,43,145,eval-test
foldbench_monomer,8ye0_A,290,sparsa-scale-main-20260911-long-step-2000,single_seq,pair_network,,,,,,short,L/5,0.2413793103448276,1677,43,58,eval-test
foldbench_monomer,8ye0_A,290,sparsa-scale-main-20260911-long-step-2000,single_seq,pair_network,,,,,,short,R,0.2558139534883721,1677,43,43,eval-test
foldbench_monomer,8ye0_A,290,sparsa-scale-main-20260911-long-step-2000,single_seq,pair_network,,,,,,short,AUC,0.8689334206256583,1677,43,1677,eval-test
foldbench_monomer,8ye0_A,290,sparsa-scale-main-20260911-long-step-2000,single_seq,pair_network,,,,,,medium,L,0.07931034482758621,3246,57,290,eval-test
foldbench_monomer,8ye0_A,290,sparsa-scale-main-20260911-long-step-2000,single_seq,pair_network,,,,,,medium,L/2,0.12413793103448276,3246,57,145,eval-test
foldbench_monomer,8ye0_A,290,sparsa-scale-main-20260911-long-step-2000,single_seq,pair_network,,,,,,medium,L/5,0.1724137931034483,3246,57,58,eval-test
foldbench_monomer,8ye0_A,290,sparsa-scale-main-20260911-long-step-2000,single_seq,pair_network,,,,,,medium,R,0.17543859649122806,3246,57,57,eval-test
foldbench_monomer,8ye0_A,290,sparsa-scale-main-20260911-long-step-2000,single_seq,pair_network,,,,,,medium,AUC,0.8426966601200399,3246,57,3246,eval-test
foldbench_monomer,8ye0_A,290,sparsa-scale-main-20260911-long-step-2000,single_seq,pair_network,,,,,,long,L,0.11724137931034483,34980,226,290,eval-test
foldbench_monomer,8ye0_A,290,sparsa-scale-main-20260911-long-step-2000,single_seq,pair_network,,,,,,long,L/2,0.15862068965517243,34980,226,145,eval-test
foldbench_monomer,8ye0_A,290,sparsa-scale-main-20260911-long-step-2000,single_seq,pair_network,,,,,,long,L/5,0.20689655172413793,34980,226,58,eval-test
foldbench_monomer,8ye0_A,290,sparsa-scale-main-20260911-long-step-2000,single_seq,pair_network,,,,,,long,R,0.13716814159292035,34980,226,226,eval-test
foldbench_monomer,8ye0_A,290,sparsa-scale-main-20260911-long-step-2000,single_seq,pair_network,,,,,,long,AUC,0.8592837215910972,34980,226,34980,eval-test
foldbench_monomer,8wqn_A,173,sparsa-scale-main-20260911-long-step-2000,single_seq,pair_network,,,,,,all,L,0.057803468208092484,11175,159,173,eval-test
foldbench_monomer,8wqn_A,173,sparsa-scale-main-20260911-long-step-2000,single_seq,pair_network,,,,,,all,L/2,0.09302325581395349,11175,159,86,eval-test
foldbench_monomer,8wqn_A,173,sparsa-scale-main-20260911-long-step-2000,single_seq,pair_network,,,,,,all,L/5,0.14705882352941177,11175,159,34,eval-test
foldbench_monomer,8wqn_A,173,sparsa-scale-main-20260911-long-step-2000,single_seq,pair_network,,,,,,all,R,0.06289308176100629,11175,159,159,eval-test
foldbench_monomer,8wqn_A,173,sparsa-scale-main-20260911-long-step-2000,single_seq,pair_network,,,,,,all,AUC,0.7656764546023395,11175,159,11175,eval-test
foldbench_monomer,8wqn_A,173,sparsa-scale-main-20260911-long-step-2000,single_seq,pair_network,,,,,,short,L,0.11560693641618497,879,32,173,eval-test
foldbench_monomer,8wqn_A,173,sparsa-scale-main-20260911-long-step-2000,single_seq,pair_network,,,,,,short,L/2,0.06976744186046512,879,32,86,eval-test
foldbench_monomer,8wqn_A,173,sparsa-scale-main-20260911-long-step-2000,single_seq,pair_network,,,,,,short,L/5,0.14705882352941177,879,32,34,eval-test
foldbench_monomer,8wqn_A,173,sparsa-scale-main-20260911-long-step-2000,single_seq,pair_network,,,,,,short,R,0.15625,879,32,32,eval-test
foldbench_monomer,8wqn_A,173,sparsa-scale-main-20260911-long-step-2000,single_seq,pair_network,,,,,,short,AUC,0.7993469598583235,879,32,879,eval-test
foldbench_monomer,8wqn_A,173,sparsa-scale-main-20260911-long-step-2000,single_seq,pair_network,,,,,,medium,L,0.05202312138728324,1650,38,173,eval-test
foldbench_monomer,8wqn_A,173,sparsa-scale-main-20260911-long-step-2000,single_seq,pair_network,,,,,,medium,L/2,0.06976744186046512,1650,38,86,eval-test
foldbench_monomer,8wqn_A,173,sparsa-scale-main-20260911-long-step-2000,single_seq,pair_network,,,,,,medium,L/5,0.08823529411764706,1650,38,34,eval-test
foldbench_monomer,8wqn_A,173,sparsa-scale-main-20260911-long-step-2000,single_seq,pair_network,,,,,,medium,R,0.07894736842105263,1650,38,38,eval-test
foldbench_monomer,8wqn_A,173,sparsa-scale-main-20260911-long-step-2000,single_seq,pair_network,,,,,,medium,AUC,0.7477308345304949,1650,38,1650,eval-test
foldbench_monomer,8wqn_A,173,sparsa-scale-main-20260911-long-step-2000,single_seq,pair_network,,,,,,long,L,0.03468208092485549,8646,89,173,eval-test
foldbench_monomer,8wqn_A,173,sparsa-scale-main-20260911-long-step-2000,single_seq,pair_network,,,,,,long,L/2,0.046511627906976744,8646,89,86,eval-test
foldbench_monomer,8wqn_A,173,sparsa-scale-main-20260911-long-step-2000,single_seq,pair_network,,,,,,long,L/5,0.029411764705882353,8646,89,34,eval-test
foldbench_monomer,8wqn_A,173,sparsa-scale-main-20260911-long-step-2000,single_seq,pair_network,,,,,,long,R,0.0449438202247191,8646,89,89,eval-test
foldbench_monomer,8wqn_A,173,sparsa-scale-main-20260911-long-step-2000,single_seq,pair_network,,,,,,long,AUC,0.7293995454145564,8646,89,8646,eval-test
foldbench_monomer,8yxk_A,201,sparsa-scale-main-20260911-long-step-2000,single_seq,pair_network,,,,,,all,L,0.17412935323383086,10585,132,201,eval-test
foldbench_monomer,8yxk_A,201,sparsa-scale-main-20260911-long-step-2000,single_seq,pair_network,,,,,,all,L/2,0.24,10585,132,100,eval-test
foldbench_monomer,8yxk_A,201,sparsa-scale-main-20260911-long-step-2000,single_seq,pair_network,,,,,,all,L/5,0.275,10585,132,40,eval-test
foldbench_monomer,8yxk_A,201,sparsa-scale-main-20260911-long-step-2000,single_seq,pair_network,,,,,,all,R,0.20454545454545456,10585,132,132,eval-test
foldbench_monomer,8yxk_A,201,sparsa-scale-main-20260911-long-step-2000,single_seq,pair_network,,,,,,all,AUC,0.8686925458546046,10585,132,10585,eval-test
foldbench_monomer,8yxk_A,201,sparsa-scale-main-20260911-long-step-2000,single_seq,pair_network,,,,,,short,L,0.10945273631840796,855,28,201,eval-test
foldbench_monomer,8yxk_A,201,sparsa-scale-main-20260911-long-step-2000,single_seq,pair_network,,,,,,short,L/2,0.15,855,28,100,eval-test
foldbench_monomer,8yxk_A,201,sparsa-scale-main-20260911-long-step-2000,single_seq,pair_network,,,,,,short,L/5,0.25,855,28,40,eval-test
foldbench_monomer,8yxk_A,201,sparsa-scale-main-20260911-long-step-2000,single_seq,pair_network,,,,,,short,R,0.25,855,28,28,eval-test
foldbench_monomer,8yxk_A,201,sparsa-scale-main-20260911-long-step-2000,single_seq,pair_network,,,,,,short,AUC,0.8833995508723441,855,28,855,eval-test
foldbench_monomer,8yxk_A,201,sparsa-scale-main-20260911-long-step-2000,single_seq,pair_network,,,,,,medium,L,0.13432835820895522,1602,30,201,eval-test
foldbench_monomer,8yxk_A,201,sparsa-scale-main-20260911-long-step-2000,single_seq,pair_network,,,,,,medium,L/2,0.2,1602,30,100,eval-test
foldbench_monomer,8yxk_A,201,sparsa-scale-main-20260911-long-step-2000,single_seq,pair_network,,,,,,medium,L/5,0.3,1602,30,40,eval-test
foldbench_monomer,8yxk_A,201,sparsa-scale-main-20260911-long-step-2000,single_seq,pair_network,,,,,,medium,R,0.26666666666666666,1602,30,30,eval-test
foldbench_monomer,8yxk_A,201,sparsa-scale-main-20260911-long-step-2000,single_seq,pair_network,,,,,,medium,AUC,0.9530004240882103,1602,30,1602,eval-test
foldbench_monomer,8yxk_A,201,sparsa-scale-main-20260911-long-step-2000,single_seq,pair_network,,,,,,long,L,0.06467661691542288,8128,74,201,eval-test
foldbench_monomer,8yxk_A,201,sparsa-scale-main-20260911-long-step-2000,single_seq,pair_network,,,,,,long,L/2,0.07,8128,74,100,eval-test
foldbench_monomer,8yxk_A,201,sparsa-scale-main-20260911-long-step-2000,single_seq,pair_network,,,,,,long,L/5,0.125,8128,74,40,eval-test
foldbench_monomer,8yxk_A,201,sparsa-scale-main-20260911-long-step-2000,single_seq,pair_network,,,,,,long,R,0.0945945945945946,8128,74,74,eval-test
foldbench_monomer,8yxk_A,201,sparsa-scale-main-20260911-long-step-2000,single_seq,pair_network,,,,,,long,AUC,0.8213167538037168,8128,74,8128,eval-test
foldbench_monomer,8z4q_A,473,sparsa-scale-main-20260911-long-step-2000,single_seq,pair_network,,,,,,all,L,0.10782241014799154,104201,545,473,eval-test
foldbench_monomer,8z4q_A,473,sparsa-scale-main-20260911-long-step-2000,single_seq,pair_network,,,,,,all,L/2,0.17796610169491525,104201,545,236,eval-test
foldbench_monomer,8z4q_A,473,sparsa-scale-main-20260911-long-step-2000,single_seq,pair_network,,,,,,all,L/5,0.30851063829787234,104201,545,94,eval-test
foldbench_monomer,8z4q_A,473,sparsa-scale-main-20260911-long-step-2000,single_seq,pair_network,,,,,,all,R,0.09357798165137615,104201,545,545,eval-test
foldbench_monomer,8z4q_A,473,sparsa-scale-main-20260911-long-step-2000,single_seq,pair_network,,,,,,all,AUC,0.8446342365325533,104201,545,104201,eval-test
foldbench_monomer,8z4q_A,473,sparsa-scale-main-20260911-long-step-2000,single_seq,pair_network,,,,,,short,L,0.09090909090909091,2715,51,473,eval-test
foldbench_monomer,8z4q_A,473,sparsa-scale-main-20260911-long-step-2000,single_seq,pair_network,,,,,,short,L/2,0.1483050847457627,2715,51,236,eval-test
foldbench_monomer,8z4q_A,473,sparsa-scale-main-20260911-long-step-2000,single_seq,pair_network,,,,,,short,L/5,0.2872340425531915,2715,51,94,eval-test
foldbench_monomer,8z4q_A,473,sparsa-scale-main-20260911-long-step-2000,single_seq,pair_network,,,,,,short,R,0.4117647058823529,2715,51,51,eval-test
foldbench_monomer,8z4q_A,473,sparsa-scale-main-20260911-long-step-2000,single_seq,pair_network,,,,,,short,AUC,0.9104398516163221,2715,51,2715,eval-test
foldbench_monomer,8z4q_A,473,sparsa-scale-main-20260911-long-step-2000,single_seq,pair_network,,,,,,medium,L,0.06342494714587738,5322,60,473,eval-test
foldbench_monomer,8z4q_A,473,sparsa-scale-main-20260911-long-step-2000,single_seq,pair_network,,,,,,medium,L/2,0.06779661016949153,5322,60,236,eval-test
foldbench_monomer,8z4q_A,473,sparsa-scale-main-20260911-long-step-2000,single_seq,pair_network,,,,,,medium,L/5,0.11702127659574468,5322,60,94,eval-test
foldbench_monomer,8z4q_A,473,sparsa-scale-main-20260911-long-step-2000,single_seq,pair_network,,,,,,medium,R,0.13333333333333333,5322,60,60,eval-test
foldbench_monomer,8z4q_A,473,sparsa-scale-main-20260911-long-step-2000,single_seq,pair_network,,,,,,medium,AUC,0.8733133789433676,5322,60,5322,eval-test
foldbench_monomer,8z4q_A,473,sparsa-scale-main-20260911-long-step-2000,single_seq,pair_network,,,,,,long,L,0.042283298097251586,96164,434,473,eval-test
foldbench_monomer,8z4q_A,473,sparsa-scale-main-20260911-long-step-2000,single_seq,pair_network,,,,,,long,L/2,0.029661016949152543,96164,434,236,eval-test
foldbench_monomer,8z4q_A,473,sparsa-scale-main-20260911-long-step-2000,single_seq,pair_network,,,,,,long,L/5,0.05319148936170213,96164,434,94,eval-test
foldbench_monomer,8z4q_A,473,sparsa-scale-main-20260911-long-step-2000,single_seq,pair_network,,,,,,long,R,0.04377880184331797,96164,434,434,eval-test
foldbench_monomer,8z4q_A,473,sparsa-scale-main-20260911-long-step-2000,single_seq,pair_network,,,,,,long,AUC,0.8300978149470886,96164,434,96164,eval-test
foldbench_monomer,8hel_A,76,sparsa-scale-main-20260911-long-step-2000,single_seq,pair_network,,,,,,all,L,0.25,1953,40,76,eval-test
foldbench_monomer,8hel_A,76,sparsa-scale-main-20260911-long-step-2000,single_seq,pair_network,,,,,,all,L/2,0.3684210526315789,1953,40,38,eval-test
foldbench_monomer,8hel_A,76,sparsa-scale-main-20260911-long-step-2000,single_seq,pair_network,,,,,,all,L/5,0.2,1953,40,15,eval-test
foldbench_monomer,8hel_A,76,sparsa-scale-main-20260911-long-step-2000,single_seq,pair_network,,,,,,all,R,0.375,1953,40,40,eval-test
foldbench_monomer,8hel_A,76,sparsa-scale-main-20260911-long-step-2000,single_seq,pair_network,,,,,,all,AUC,0.9231638787245164,1953,40,1953,eval-test
foldbench_monomer,8hel_A,76,sparsa-scale-main-20260911-long-step-2000,single_seq,pair_network,,,,,,short,L,0.02631578947368421,357,4,76,eval-test
foldbench_monomer,8hel_A,76,sparsa-scale-main-20260911-long-step-2000,single_seq,pair_network,,,,,,short,L/2,0.05263157894736842,357,4,38,eval-test
foldbench_monomer,8hel_A,76,sparsa-scale-main-20260911-long-step-2000,single_seq,pair_network,,,,,,short,L/5,0.13333333333333333,357,4,15,eval-test
foldbench_monomer,8hel_A,76,sparsa-scale-main-20260911-long-step-2000,single_seq,pair_network,,,,,,short,R,0.25,357,4,4,eval-test
foldbench_monomer,8hel_A,76,sparsa-scale-main-20260911-long-step-2000,single_seq,pair_network,,,,,,short,AUC,0.8537535410764873,357,4,357,eval-test
foldbench_monomer,8hel_A,76,sparsa-scale-main-20260911-long-step-2000,single_seq,pair_network,,,,,,medium,L,0.14473684210526316,606,16,76,eval-test
foldbench_monomer,8hel_A,76,sparsa-scale-main-20260911-long-step-2000,single_seq,pair_network,,,,,,medium,L/2,0.23684210526315788,606,16,38,eval-test
foldbench_monomer,8hel_A,76,sparsa-scale-main-20260911-long-step-2000,single_seq,pair_network,,,,,,medium,L/5,0.5333333333333333,606,16,15,eval-test
foldbench_monomer,8hel_A,76,sparsa-scale-main-20260911-long-step-2000,single_seq,pair_network,,,,,,medium,R,0.5,606,16,16,eval-test
foldbench_monomer,8hel_A,76,sparsa-scale-main-20260911-long-step-2000,single_seq,pair_network,,,,,,medium,AUC,0.9198093220338983,606,16,606,eval-test
foldbench_monomer,8hel_A,76,sparsa-scale-main-20260911-long-step-2000,single_seq,pair_network,,,,,,long,L,0.19736842105263158,990,20,76,eval-test
foldbench_monomer,8hel_A,76,sparsa-scale-main-20260911-long-step-2000,single_seq,pair_network,,,,,,long,L/2,0.23684210526315788,990,20,38,eval-test
foldbench_monomer,8hel_A,76,sparsa-scale-main-20260911-long-step-2000,single_seq,pair_network,,,,,,long,L/5,0.4666666666666667,990,20,15,eval-test
foldbench_monomer,8hel_A,76,sparsa-scale-main-20260911-long-step-2000,single_seq,pair_network,,,,,,long,R,0.4,990,20,20,eval-test
foldbench_monomer,8hel_A,76,sparsa-scale-main-20260911-long-step-2000,single_seq,pair_network,,,,,,long,AUC,0.9501804123711339,990,20,990,eval-test
foldbench_monomer,8zqf_A,214,sparsa-scale-main-20260911-long-step-2000,single_seq,pair_network,,,,,,all,L,0.2336448598130841,18336,211,214,eval-test
foldbench_monomer,8zqf_A,214,sparsa-scale-main-20260911-long-step-2000,single_seq,pair_network,,,,,,all,L/2,0.32710280373831774,18336,211,107,eval-test
foldbench_monomer,8zqf_A,214,sparsa-scale-main-20260911-long-step-2000,single_seq,pair_network,,,,,,all,L/5,0.5238095238095238,18336,211,42,eval-test
foldbench_monomer,8zqf_A,214,sparsa-scale-main-20260911-long-step-2000,single_seq,pair_network,,,,,,all,R,0.23222748815165878,18336,211,211,eval-test
foldbench_monomer,8zqf_A,214,sparsa-scale-main-20260911-long-step-2000,single_seq,pair_network,,,,,,all,AUC,0.9159662689982024,18336,211,18336,eval-test
foldbench_monomer,8zqf_A,214,sparsa-scale-main-20260911-long-step-2000,single_seq,pair_network,,,,,,short,L,0.11214953271028037,1131,28,214,eval-test
foldbench_monomer,8zqf_A,214,sparsa-scale-main-20260911-long-step-2000,single_seq,pair_network,,,,,,short,L/2,0.14018691588785046,1131,28,107,eval-test
foldbench_monomer,8zqf_A,214,sparsa-scale-main-20260911-long-step-2000,single_seq,pair_network,,,,,,short,L/5,0.19047619047619047,1131,28,42,eval-test
foldbench_monomer,8zqf_A,214,sparsa-scale-main-20260911-long-step-2000,single_seq,pair_network,,,,,,short,R,0.10714285714285714,1131,28,28,eval-test
foldbench_monomer,8zqf_A,214,sparsa-scale-main-20260911-long-step-2000,single_seq,pair_network,,,,,,short,AUC,0.900514829685274,1131,28,1131,eval-test
foldbench_monomer,8zqf_A,214,sparsa-scale-main-20260911-long-step-2000,single_seq,pair_network,,,,,,medium,L,0.07009345794392523,2154,20,214,eval-test
foldbench_monomer,8zqf_A,214,sparsa-scale-main-20260911-long-step-2000,single_seq,pair_network,,,,,,medium,L/2,0.11214953271028037,2154,20,107,eval-test
foldbench_monomer,8zqf_A,214,sparsa-scale-main-20260911-long-step-2000,single_seq,pair_network,,,,,,medium,L/5,0.23809523809523808,2154,20,42,eval-test
foldbench_monomer,8zqf_A,214,sparsa-scale-main-20260911-long-step-2000,single_seq,pair_network,,,,,,medium,R,0.35,2154,20,20,eval-test
foldbench_monomer,8zqf_A,214,sparsa-scale-main-20260911-long-step-2000,single_seq,pair_network,,,,,,medium,AUC,0.9047680412371134,2154,20,2154,eval-test
foldbench_monomer,8zqf_A,214,sparsa-scale-main-20260911-long-step-2000,single_seq,pair_network,,,,,,long,L,0.2102803738317757,15051,163,214,eval-test
foldbench_monomer,8zqf_A,214,sparsa-scale-main-20260911-long-step-2000,single_seq,pair_network,,,,,,long,L/2,0.29906542056074764,15051,163,107,eval-test
foldbench_monomer,8zqf_A,214,sparsa-scale-main-20260911-long-step-2000,single_seq,pair_network,,,,,,long,L/5,0.47619047619047616,15051,163,42,eval-test
foldbench_monomer,8zqf_A,214,sparsa-scale-main-20260911-long-step-2000,single_seq,pair_network,,,,,,long,R,0.2331288343558282,15051,163,163,eval-test
foldbench_monomer,8zqf_A,214,sparsa-scale-main-20260911-long-step-2000,single_seq,pair_network,,,,,,long,AUC,0.9196073009761228,15051,163,15051,eval-test
foldbench_monomer,9aue_A,415,sparsa-scale-main-20260911-long-step-2000,single_seq,pair_network,,,,,,all,L,0.15421686746987953,83845,361,415,eval-test
foldbench_monomer,9aue_A,415,sparsa-scale-main-20260911-long-step-2000,single_seq,pair_network,,,,,,all,L/2,0.20772946859903382,83845,361,207,eval-test
foldbench_monomer,9aue_A,415,sparsa-scale-main-20260911-long-step-2000,single_seq,pair_network,,,,,,all,L/5,0.26506024096385544,83845,361,83,eval-test
foldbench_monomer,9aue_A,415,sparsa-scale-main-20260911-long-step-2000,single_seq,pair_network,,,,,,all,R,0.1634349030470914,83845,361,361,eval-test
foldbench_monomer,9aue_A,415,sparsa-scale-main-20260911-long-step-2000,single_seq,pair_network,,,,,,all,AUC,0.8871215191963401,83845,361,83845,eval-test
foldbench_monomer,9aue_A,415,sparsa-scale-main-20260911-long-step-2000,single_seq,pair_network,,,,,,short,L,0.1180722891566265,2439,56,415,eval-test
foldbench_monomer,9aue_A,415,sparsa-scale-main-20260911-long-step-2000,single_seq,pair_network,,,,,,short,L/2,0.18840579710144928,2439,56,207,eval-test
foldbench_monomer,9aue_A,415,sparsa-scale-main-20260911-long-step-2000,single_seq,pair_network,,,,,,short,L/5,0.24096385542168675,2439,56,83,eval-test
foldbench_monomer,9aue_A,415,sparsa-scale-main-20260911-long-step-2000,single_seq,pair_network,,,,,,short,R,0.2857142857142857,2439,56,56,eval-test
foldbench_monomer,9aue_A,415,sparsa-scale-main-20260911-long-step-2000,single_seq,pair_network,,,,,,short,AUC,0.9239141838019304,2439,56,2439,eval-test
foldbench_monomer,9aue_A,415,sparsa-scale-main-20260911-long-step-2000,single_seq,pair_network,,,,,,medium,L,0.060240963855421686,4770,48,415,eval-test
foldbench_monomer,9aue_A,415,sparsa-scale-main-20260911-long-step-2000,single_seq,pair_network,,,,,,medium,L/2,0.057971014492753624,4770,48,207,eval-test
foldbench_monomer,9aue_A,415,sparsa-scale-main-20260911-long-step-2000,single_seq,pair_network,,,,,,medium,L/5,0.08433734939759036,4770,48,83,eval-test
foldbench_monomer,9aue_A,415,sparsa-scale-main-20260911-long-step-2000,single_seq,pair_network,,,,,,medium,R,0.14583333333333334,4770,48,48,eval-test
foldbench_monomer,9aue_A,415,sparsa-scale-main-20260911-long-step-2000,single_seq,pair_network,,,,,,medium,AUC,0.8895131829733164,4770,48,4770,eval-test
foldbench_monomer,9aue_A,415,sparsa-scale-main-20260911-long-step-2000,single_seq,pair_network,,,,,,long,L,0.09397590361445783,76636,257,415,eval-test
foldbench_monomer,9aue_A,415,sparsa-scale-main-20260911-long-step-2000,single_seq,pair_network,,,,,,long,L/2,0.14492753623188406,76636,257,207,eval-test
foldbench_monomer,9aue_A,415,sparsa-scale-main-20260911-long-step-2000,single_seq,pair_network,,,,,,long,L/5,0.18072289156626506,76636,257,83,eval-test
foldbench_monomer,9aue_A,415,sparsa-scale-main-20260911-long-step-2000,single_seq,pair_network,,,,,,long,R,0.1245136186770428,76636,257,257,eval-test
foldbench_monomer,9aue_A,415,sparsa-scale-main-20260911-long-step-2000,single_seq,pair_network,,,,,,long,AUC,0.8658224348442997,76636,257,76636,eval-test
foldbench_monomer,9azz_A,186,sparsa-scale-main-20260911-long-step-2000,single_seq,pair_network,,,,,,all,L,0.2903225806451613,14196,175,186,eval-test
foldbench_monomer,9azz_A,186,sparsa-scale-main-20260911-long-step-2000,single_seq,pair_network,,,,,,all,L/2,0.41935483870967744,14196,175,93,eval-test
foldbench_monomer,9azz_A,186,sparsa-scale-main-20260911-long-step-2000,single_seq,pair_network,,,,,,all,L/5,0.7297297297297297,14196,175,37,eval-test
foldbench_monomer,9azz_A,186,sparsa-scale-main-20260911-long-step-2000,single_seq,pair_network,,,,,,all,R,0.2914285714285714,14196,175,175,eval-test
foldbench_monomer,9azz_A,186,sparsa-scale-main-20260911-long-step-2000,single_seq,pair_network,,,,,,all,AUC,0.8862563297910278,14196,175,14196,eval-test
foldbench_monomer,9azz_A,186,sparsa-scale-main-20260911-long-step-2000,single_seq,pair_network,,,,,,short,L,0.17204301075268819,993,33,186,eval-test
foldbench_monomer,9azz_A,186,sparsa-scale-main-20260911-long-step-2000,single_seq,pair_network,,,,,,short,L/2,0.27956989247311825,993,33,93,eval-test
foldbench_monomer,9azz_A,186,sparsa-scale-main-20260911-long-step-2000,single_seq,pair_network,,,,,,short,L/5,0.43243243243243246,993,33,37,eval-test
foldbench_monomer,9azz_A,186,sparsa-scale-main-20260911-long-step-2000,single_seq,pair_network,,,,,,short,R,0.45454545454545453,993,33,33,eval-test
foldbench_monomer,9azz_A,186,sparsa-scale-main-20260911-long-step-2000,single_seq,pair_network,,,,,,short,AUC,0.9628156565656566,993,33,993,eval-test
foldbench_monomer,9azz_A,186,sparsa-scale-main-20260911-long-step-2000,single_seq,pair_network,,,,,,medium,L,0.24193548387096775,1878,58,186,eval-test
foldbench_monomer,9azz_A,186,sparsa-scale-main-20260911-long-step-2000,single_seq,pair_network,,,,,,medium,L/2,0.34408602150537637,1878,58,93,eval-test
foldbench_monomer,9azz_A,186,sparsa-scale-main-20260911-long-step-2000,single_seq,pair_network,,,,,,medium,L/5,0.5405405405405406,1878,58,37,eval-test
foldbench_monomer,9azz_A,186,sparsa-scale-main-20260911-long-step-2000,single_seq,pair_network,,,,,,medium,R,0.43103448275862066,1878,58,58,eval-test
foldbench_monomer,9azz_A,186,sparsa-scale-main-20260911-long-step-2000,single_seq,pair_network,,,,,,medium,AUC,0.9363347859037514,1878,58,1878,eval-test
foldbench_monomer,9azz_A,186,sparsa-scale-main-20260911-long-step-2000,single_seq,pair_network,,,,,,long,L,0.03763440860215054,11325,84,186,eval-test
foldbench_monomer,9azz_A,186,sparsa-scale-main-20260911-long-step-2000,single_seq,pair_network,,,,,,long,L/2,0.03225806451612903,11325,84,93,eval-test
foldbench_monomer,9azz_A,186,sparsa-scale-main-20260911-long-step-2000,single_seq,pair_network,,,,,,long,L/5,0.02702702702702703,11325,84,37,eval-test
foldbench_monomer,9azz_A,186,sparsa-scale-main-20260911-long-step-2000,single_seq,pair_network,,,,,,long,R,0.023809523809523808,11325,84,84,eval-test
foldbench_monomer,9azz_A,186,sparsa-scale-main-20260911-long-step-2000,single_seq,pair_network,,,,,,long,AUC,0.8092643426910842,11325,84,11325,eval-test
foldbench_monomer,9b1u_A,310,sparsa-scale-main-20260911-long-step-2000,single_seq,pair_network,,,,,,all,L,0.2161290322580645,42778,303,310,eval-test
foldbench_monomer,9b1u_A,310,sparsa-scale-main-20260911-long-step-2000,single_seq,pair_network,,,,,,all,L/2,0.3096774193548387,42778,303,155,eval-test
foldbench_monomer,9b1u_A,310,sparsa-scale-main-20260911-long-step-2000,single_seq,pair_network,,,,,,all,L/5,0.41935483870967744,42778,303,62,eval-test
foldbench_monomer,9b1u_A,310,sparsa-scale-main-20260911-long-step-2000,single_seq,pair_network,,,,,,all,R,0.22112211221122113,42778,303,303,eval-test
foldbench_monomer,9b1u_A,310,sparsa-scale-main-20260911-long-step-2000,single_seq,pair_network,,,,,,all,AUC,0.8965385579170042,42778,303,42778,eval-test
foldbench_monomer,9b1u_A,310,sparsa-scale-main-20260911-long-step-2000,single_seq,pair_network,,,,,,short,L,0.11935483870967742,1737,43,310,eval-test
foldbench_monomer,9b1u_A,310,sparsa-scale-main-20260911-long-step-2000,single_seq,pair_network,,,,,,short,L/2,0.21935483870967742,1737,43,155,eval-test
foldbench_monomer,9b1u_A,310,sparsa-scale-main-20260911-long-step-2000,single_seq,pair_network,,,,,,short,L/5,0.4032258064516129,1737,43,62,eval-test
foldbench_monomer,9b1u_A,310,sparsa-scale-main-20260911-long-step-2000,single_seq,pair_network,,,,,,short,R,0.46511627906976744,1737,43,43,eval-test
foldbench_monomer,9b1u_A,310,sparsa-scale-main-20260911-long-step-2000,single_seq,pair_network,,,,,,short,AUC,0.9470497789736689,1737,43,1737,eval-test
foldbench_monomer,9b1u_A,310,sparsa-scale-main-20260911-long-step-2000,single_seq,pair_network,,,,,,medium,L,0.0967741935483871,3366,46,310,eval-test
foldbench_monomer,9b1u_A,310,sparsa-scale-main-20260911-long-step-2000,single_seq,pair_network,,,,,,medium,L/2,0.16129032258064516,3366,46,155,eval-test
foldbench_monomer,9b1u_A,310,sparsa-scale-main-20260911-long-step-2000,single_seq,pair_network,,,,,,medium,L/5,0.24193548387096775,3366,46,62,eval-test
foldbench_monomer,9b1u_A,310,sparsa-scale-main-20260911-long-step-2000,single_seq,pair_network,,,,,,medium,R,0.2391304347826087,3366,46,46,eval-test
foldbench_monomer,9b1u_A,310,sparsa-scale-main-20260911-long-step-2000,single_seq,pair_network,,,,,,medium,AUC,0.9143661602933473,3366,46,3366,eval-test
foldbench_monomer,9b1u_A,310,sparsa-scale-main-20260911-long-step-2000,single_seq,pair_network,,,,,,long,L,0.12258064516129032,37675,214,310,eval-test
foldbench_monomer,9b1u_A,310,sparsa-scale-main-20260911-long-step-2000,single_seq,pair_network,,,,,,long,L/2,0.16774193548387098,37675,214,155,eval-test
foldbench_monomer,9b1u_A,310,sparsa-scale-main-20260911-long-step-2000,single_seq,pair_network,,,,,,long,L/5,0.24193548387096775,37675,214,62,eval-test
foldbench_monomer,9b1u_A,310,sparsa-scale-main-20260911-long-step-2000,single_seq,pair_network,,,,,,long,R,0.14485981308411214,37675,214,214,eval-test
foldbench_monomer,9b1u_A,310,sparsa-scale-main-20260911-long-step-2000,single_seq,pair_network,,,,,,long,AUC,0.8788086026913473,37675,214,37675,eval-test
foldbench_monomer,9b8e_A,233,sparsa-scale-main-20260911-long-step-2000,single_seq,pair_network,,,,,,all,L,0.12446351931330472,23240,237,233,eval-test
foldbench_monomer,9b8e_A,233,sparsa-scale-main-20260911-long-step-2000,single_seq,pair_network,,,,,,all,L/2,0.1724137931034483,23240,237,116,eval-test
foldbench_monomer,9b8e_A,233,sparsa-scale-main-20260911-long-step-2000,single_seq,pair_network,,,,,,all,L/5,0.2391304347826087,23240,237,46,eval-test
foldbench_monomer,9b8e_A,233,sparsa-scale-main-20260911-long-step-2000,single_seq,pair_network,,,,,,all,R,0.12236286919831224,23240,237,237,eval-test
foldbench_monomer,9b8e_A,233,sparsa-scale-main-20260911-long-step-2000,single_seq,pair_network,,,,,,all,AUC,0.8147399045914211,23240,237,23240,eval-test
foldbench_monomer,9b8e_A,233,sparsa-scale-main-20260911-long-step-2000,single_seq,pair_network,,,,,,short,L,0.13733905579399142,1233,42,233,eval-test
foldbench_monomer,9b8e_A,233,sparsa-scale-main-20260911-long-step-2000,single_seq,pair_network,,,,,,short,L/2,0.21551724137931033,1233,42,116,eval-test
foldbench_monomer,9b8e_A,233,sparsa-scale-main-20260911-long-step-2000,single_seq,pair_network,,,,,,short,L/5,0.2608695652173913,1233,42,46,eval-test
foldbench_monomer,9b8e_A,233,sparsa-scale-main-20260911-long-step-2000,single_seq,pair_network,,,,,,short,R,0.2857142857142857,1233,42,42,eval-test
foldbench_monomer,9b8e_A,233,sparsa-scale-main-20260911-long-step-2000,single_seq,pair_network,,,,,,short,AUC,0.889638559034025,1233,42,1233,eval-test
foldbench_monomer,9b8e_A,233,sparsa-scale-main-20260911-long-step-2000,single_seq,pair_network,,,,,,medium,L,0.09871244635193133,2358,44,233,eval-test
foldbench_monomer,9b8e_A,233,sparsa-scale-main-20260911-long-step-2000,single_seq,pair_network,,,,,,medium,L/2,0.12931034482758622,2358,44,116,eval-test
foldbench_monomer,9b8e_A,233,sparsa-scale-main-20260911-long-step-2000,single_seq,pair_network,,,,,,medium,L/5,0.15217391304347827,2358,44,46,eval-test
foldbench_monomer,9b8e_A,233,sparsa-scale-main-20260911-long-step-2000,single_seq,pair_network,,,,,,medium,R,0.1590909090909091,2358,44,44,eval-test
foldbench_monomer,9b8e_A,233,sparsa-scale-main-20260911-long-step-2000,single_seq,pair_network,,,,,,medium,AUC,0.8799059086980435,2358,44,2358,eval-test
foldbench_monomer,9b8e_A,233,sparsa-scale-main-20260911-long-step-2000,single_seq,pair_network,,,,,,long,L,0.04721030042918455,19649,151,233,eval-test
foldbench_monomer,9b8e_A,233,sparsa-scale-main-20260911-long-step-2000,single_seq,pair_network,,,,,,long,L/2,0.034482758620689655,19649,151,116,eval-test
foldbench_monomer,9b8e_A,233,sparsa-scale-main-20260911-long-step-2000,single_seq,pair_network,,,,,,long,L/5,0.043478260869565216,19649,151,46,eval-test
foldbench_monomer,9b8e_A,233,sparsa-scale-main-20260911-long-step-2000,single_seq,pair_network,,,,,,long,R,0.039735099337748346,19649,151,151,eval-test
foldbench_monomer,9b8e_A,233,sparsa-scale-main-20260911-long-step-2000,single_seq,pair_network,,,,,,long,AUC,0.7596134838757448,19649,151,19649,eval-test
foldbench_monomer,9bks_A,80,sparsa-scale-main-20260911-long-step-2000,single_seq,pair_network,,,,,,all,L,0.475,2278,74,80,eval-test
foldbench_monomer,9bks_A,80,sparsa-scale-main-20260911-long-step-2000,single_seq,pair_network,,,,,,all,L/2,0.675,2278,74,40,eval-test
foldbench_monomer,9bks_A,80,sparsa-scale-main-20260911-long-step-2000,single_seq,pair_network,,,,,,all,L/5,0.9375,2278,74,16,eval-test
foldbench_monomer,9bks_A,80,sparsa-scale-main-20260911-long-step-2000,single_seq,pair_network,,,,,,all,R,0.5,2278,74,74,eval-test
foldbench_monomer,9bks_A,80,sparsa-scale-main-20260911-long-step-2000,single_seq,pair_network,,,,,,all,AUC,0.9352007406680728,2278,74,2278,eval-test
foldbench_monomer,9bks_A,80,sparsa-scale-main-20260911-long-step-2000,single_seq,pair_network,,,,,,short,L,0.2625,387,21,80,eval-test
foldbench_monomer,9bks_A,80,sparsa-scale-main-20260911-long-step-2000,single_seq,pair_network,,,,,,short,L/2,0.5,387,21,40,eval-test
foldbench_monomer,9bks_A,80,sparsa-scale-main-20260911-long-step-2000,single_seq,pair_network,,,,,,short,L/5,0.875,387,21,16,eval-test
foldbench_monomer,9bks_A,80,sparsa-scale-main-20260911-long-step-2000,single_seq,pair_network,,,,,,short,R,0.7619047619047619,387,21,21,eval-test
foldbench_monomer,9bks_A,80,sparsa-scale-main-20260911-long-step-2000,single_seq,pair_network,,,,,,short,AUC,0.989591465001301,387,21,387,eval-test
foldbench_monomer,9bks_A,80,sparsa-scale-main-20260911-long-step-2000,single_seq,pair_network,,,,,,medium,L,0.2875,666,29,80,eval-test
foldbench_monomer,9bks_A,80,sparsa-scale-main-20260911-long-step-2000,single_seq,pair_network,,,,,,medium,L/2,0.45,666,29,40,eval-test
foldbench_monomer,9bks_A,80,sparsa-scale-main-20260911-long-step-2000,single_seq,pair_network,,,,,,medium,L/5,0.5625,666,29,16,eval-test
foldbench_monomer,9bks_A,80,sparsa-scale-main-20260911-long-step-2000,single_seq,pair_network,,,,,,medium,R,0.4827586206896552,666,29,29,eval-test
foldbench_monomer,9bks_A,80,sparsa-scale-main-20260911-long-step-2000,single_seq,pair_network,,,,,,medium,AUC,0.9402641693282088,666,29,666,eval-test
foldbench_monomer,9bks_A,80,sparsa-scale-main-20260911-long-step-2000,single_seq,pair_network,,,,,,long,L,0.125,1225,24,80,eval-test
foldbench_monomer,9bks_A,80,sparsa-scale-main-20260911-long-step-2000,single_seq,pair_network,,,,,,long,L/2,0.175,1225,24,40,eval-test
foldbench_monomer,9bks_A,80,sparsa-scale-main-20260911-long-step-2000,single_seq,pair_network,,,,,,long,L/5,0.0625,1225,24,16,eval-test
foldbench_monomer,9bks_A,80,sparsa-scale-main-20260911-long-step-2000,single_seq,pair_network,,,,,,long,R,0.16666666666666666,1225,24,24,eval-test
foldbench_monomer,9bks_A,80,sparsa-scale-main-20260911-long-step-2000,single_seq,pair_network,,,,,,long,AUC,0.8867783791285041,1225,24,1225,eval-test
foldbench_monomer,9bjx_A,368,sparsa-scale-main-20260911-long-step-2000,single_seq,pair_network,,,,,,all,L,0.32065217391304346,65703,420,368,eval-test
foldbench_monomer,9bjx_A,368,sparsa-scale-main-20260911-long-step-2000,single_seq,pair_network,,,,,,all,L/2,0.42934782608695654,65703,420,184,eval-test
foldbench_monomer,9bjx_A,368,sparsa-scale-main-20260911-long-step-2000,single_seq,pair_network,,,,,,all,L/5,0.6164383561643836,65703,420,73,eval-test
foldbench_monomer,9bjx_A,368,sparsa-scale-main-20260911-long-step-2000,single_seq,pair_network,,,,,,all,R,0.3047619047619048,65703,420,420,eval-test
foldbench_monomer,9bjx_A,368,sparsa-scale-main-20260911-long-step-2000,single_seq,pair_network,,,,,,all,AUC,0.9644698576089596,65703,420,65703,eval-test
foldbench_monomer,9bjx_A,368,sparsa-scale-main-20260911-long-step-2000,single_seq,pair_network,,,,,,short,L,0.08423913043478261,2157,41,368,eval-test
foldbench_monomer,9bjx_A,368,sparsa-scale-main-20260911-long-step-2000,single_seq,pair_network,,,,,,short,L/2,0.11413043478260869,2157,41,184,eval-test
foldbench_monomer,9bjx_A,368,sparsa-scale-main-20260911-long-step-2000,single_seq,pair_network,,,,,,short,L/5,0.1506849315068493,2157,41,73,eval-test
foldbench_monomer,9bjx_A,368,sparsa-scale-main-20260911-long-step-2000,single_seq,pair_network,,,,,,short,R,0.21951219512195122,2157,41,41,eval-test
foldbench_monomer,9bjx_A,368,sparsa-scale-main-20260911-long-step-2000,single_seq,pair_network,,,,,,short,AUC,0.9042832772373093,2157,41,2157,eval-test
foldbench_monomer,9bjx_A,368,sparsa-scale-main-20260911-long-step-2000,single_seq,pair_network,,,,,,medium,L,0.10054347826086957,4206,49,368,eval-test
foldbench_monomer,9bjx_A,368,sparsa-scale-main-20260911-long-step-2000,single_seq,pair_network,,,,,,medium,L/2,0.14673913043478262,4206,49,184,eval-test
foldbench_monomer,9bjx_A,368,sparsa-scale-main-20260911-long-step-2000,single_seq,pair_network,,,,,,medium,L/5,0.2602739726027397,4206,49,73,eval-test
foldbench_monomer,9bjx_A,368,sparsa-scale-main-20260911-long-step-2000,single_seq,pair_network,,,,,,medium,R,0.30612244897959184,4206,49,49,eval-test
foldbench_monomer,9bjx_A,368,sparsa-scale-main-20260911-long-step-2000,single_seq,pair_network,,,,,,medium,AUC,0.9454890447879898,4206,49,4206,eval-test
foldbench_monomer,9bjx_A,368,sparsa-scale-main-20260911-long-step-2000,single_seq,pair_network,,,,,,long,L,0.3016304347826087,59340,330,368,eval-test
foldbench_monomer,9bjx_A,368,sparsa-scale-main-20260911-long-step-2000,single_seq,pair_network,,,,,,long,L/2,0.3967391304347826,59340,330,184,eval-test
foldbench_monomer,9bjx_A,368,sparsa-scale-main-20260911-long-step-2000,single_seq,pair_network,,,,,,long,L/5,0.6027397260273972,59340,330,73,eval-test
foldbench_monomer,9bjx_A,368,sparsa-scale-main-20260911-long-step-2000,single_seq,pair_network,,,,,,long,R,0.31212121212121213,59340,330,330,eval-test
foldbench_monomer,9bjx_A,368,sparsa-scale-main-20260911-long-step-2000,single_seq,pair_network,,,,,,long,AUC,0.9669457154154664,59340,330,59340,eval-test
foldbench_monomer,9cfj_A,276,sparsa-scale-main-20260911-long-step-2000,single_seq,pair_network,,,,,,all,L,0.35144927536231885,36320,272,276,eval-test
foldbench_monomer,9cfj_A,276,sparsa-scale-main-20260911-long-step-2000,single_seq,pair_network,,,,,,all,L/2,0.4855072463768116,36320,272,138,eval-test
foldbench_monomer,9cfj_A,276,sparsa-scale-main-20260911-long-step-2000,single_seq,pair_network,,,,,,all,L/5,0.8181818181818182,36320,272,55,eval-test
foldbench_monomer,9cfj_A,276,sparsa-scale-main-20260911-long-step-2000,single_seq,pair_network,,,,,,all,R,0.35294117647058826,36320,272,272,eval-test
foldbench_monomer,9cfj_A,276,sparsa-scale-main-20260911-long-step-2000,single_seq,pair_network,,,,,,all,AUC,0.948195655384324,36320,272,36320,eval-test
foldbench_monomer,9cfj_A,276,sparsa-scale-main-20260911-long-step-2000,single_seq,pair_network,,,,,,short,L,0.09420289855072464,1593,28,276,eval-test
foldbench_monomer,9cfj_A,276,sparsa-scale-main-20260911-long-step-2000,single_seq,pair_network,,,,,,short,L/2,0.14492753623188406,1593,28,138,eval-test
foldbench_monomer,9cfj_A,276,sparsa-scale-main-20260911-long-step-2000,single_seq,pair_network,,,,,,short,L/5,0.21818181818181817,1593,28,55,eval-test
foldbench_monomer,9cfj_A,276,sparsa-scale-main-20260911-long-step-2000,single_seq,pair_network,,,,,,short,R,0.32142857142857145,1593,28,28,eval-test
foldbench_monomer,9cfj_A,276,sparsa-scale-main-20260911-long-step-2000,single_seq,pair_network,,,,,,short,AUC,0.9360680054769512,1593,28,1593,eval-test
foldbench_monomer,9cfj_A,276,sparsa-scale-main-20260911-long-step-2000,single_seq,pair_network,,,,,,medium,L,0.08333333333333333,3078,23,276,eval-test
foldbench_monomer,9cfj_A,276,sparsa-scale-main-20260911-long-step-2000,single_seq,pair_network,,,,,,medium,L/2,0.15217391304347827,3078,23,138,eval-test
foldbench_monomer,9cfj_A,276,sparsa-scale-main-20260911-long-step-2000,single_seq,pair_network,,,,,,medium,L/5,0.23636363636363636,3078,23,55,eval-test
foldbench_monomer,9cfj_A,276,sparsa-scale-main-20260911-long-step-2000,single_seq,pair_network,,,,,,medium,R,0.2608695652173913,3078,23,23,eval-test
foldbench_monomer,9cfj_A,276,sparsa-scale-main-20260911-long-step-2000,single_seq,pair_network,,,,,,medium,AUC,0.9820607699423611,3078,23,3078,eval-test
foldbench_monomer,9cfj_A,276,sparsa-scale-main-20260911-long-step-2000,single_seq,pair_network,,,,,,long,L,0.3079710144927536,31649,221,276,eval-test
foldbench_monomer,9cfj_A,276,sparsa-scale-main-20260911-long-step-2000,single_seq,pair_network,,,,,,long,L/2,0.463768115942029,31649,221,138,eval-test
foldbench_monomer,9cfj_A,276,sparsa-scale-main-20260911-long-step-2000,single_seq,pair_network,,,,,,long,L/5,0.7818181818181819,31649,221,55,eval-test
foldbench_monomer,9cfj_A,276,sparsa-scale-main-20260911-long-step-2000,single_seq,pair_network,,,,,,long,R,0.3574660633484163,31649,221,221,eval-test
foldbench_monomer,9cfj_A,276,sparsa-scale-main-20260911-long-step-2000,single_seq,pair_network,,,,,,long,AUC,0.9472442793900243,31649,221,31649,eval-test
foldbench_monomer,9crn_A,379,sparsa-scale-main-20260911-long-step-2000,single_seq,pair_network,,,,,,all,L,0.15567282321899736,63220,395,379,eval-test
foldbench_monomer,9crn_A,379,sparsa-scale-main-20260911-long-step-2000,single_seq,pair_network,,,,,,all,L/2,0.2275132275132275,63220,395,189,eval-test
foldbench_monomer,9crn_A,379,sparsa-scale-main-20260911-long-step-2000,single_seq,pair_network,,,,,,all,L/5,0.38666666666666666,63220,395,75,eval-test
foldbench_monomer,9crn_A,379,sparsa-scale-main-20260911-long-step-2000,single_seq,pair_network,,,,,,all,R,0.15949367088607594,63220,395,395,eval-test
foldbench_monomer,9crn_A,379,sparsa-scale-main-20260911-long-step-2000,single_seq,pair_network,,,,,,all,AUC,0.8600480942138853,63220,395,63220,eval-test
foldbench_monomer,9crn_A,379,sparsa-scale-main-20260911-long-step-2000,single_seq,pair_network,,,,,,short,L,0.11345646437994723,2037,53,379,eval-test
foldbench_monomer,9crn_A,379,sparsa-scale-main-20260911-long-step-2000,single_seq,pair_network,,,,,,short,L/2,0.15873015873015872,2037,53,189,eval-test
foldbench_monomer,9crn_A,379,sparsa-scale-main-20260911-long-step-2000,single_seq,pair_network,,,,,,short,L/5,0.3333333333333333,2037,53,75,eval-test
foldbench_monomer,9crn_A,379,sparsa-scale-main-20260911-long-step-2000,single_seq,pair_network,,,,,,short,R,0.37735849056603776,2037,53,53,eval-test
foldbench_monomer,9crn_A,379,sparsa-scale-main-20260911-long-step-2000,single_seq,pair_network,,,,,,short,AUC,0.8845575928180158,2037,53,2037,eval-test
foldbench_monomer,9crn_A,379,sparsa-scale-main-20260911-long-step-2000,single_seq,pair_network,,,,,,medium,L,0.10026385224274406,3954,68,379,eval-test
foldbench_monomer,9crn_A,379,sparsa-scale-main-20260911-long-step-2000,single_seq,pair_network,,,,,,medium,L/2,0.15343915343915343,3954,68,189,eval-test
foldbench_monomer,9crn_A,379,sparsa-scale-main-20260911-long-step-2000,single_seq,pair_network,,,,,,medium,L/5,0.2,3954,68,75,eval-test
foldbench_monomer,9crn_A,379,sparsa-scale-main-20260911-long-step-2000,single_seq,pair_network,,,,,,medium,R,0.22058823529411764,3954,68,68,eval-test
foldbench_monomer,9crn_A,379,sparsa-scale-main-20260911-long-step-2000,single_seq,pair_network,,,,,,medium,AUC,0.8384964124610216,3954,68,3954,eval-test
foldbench_monomer,9crn_A,379,sparsa-scale-main-20260911-long-step-2000,single_seq,pair_network,,,,,,long,L,0.07651715039577836,57229,274,379,eval-test
foldbench_monomer,9crn_A,379,sparsa-scale-main-20260911-long-step-2000,single_seq,pair_network,,,,,,long,L/2,0.08994708994708994,57229,274,189,eval-test
foldbench_monomer,9crn_A,379,sparsa-scale-main-20260911-long-step-2000,single_seq,pair_network,,,,,,long,L/5,0.09333333333333334,57229,274,75,eval-test
foldbench_monomer,9crn_A,379,sparsa-scale-main-20260911-long-step-2000,single_seq,pair_network,,,,,,long,R,0.08394160583941605,57229,274,274,eval-test
foldbench_monomer,9crn_A,379,sparsa-scale-main-20260911-long-step-2000,single_seq,pair_network,,,,,,long,AUC,0.845369439440921,57229,274,57229,eval-test
foldbench_monomer,9d91_A,320,sparsa-scale-main-20260911-long-step-2000,single_seq,pair_network,,,,,,all,L,0.253125,47601,287,320,eval-test
foldbench_monomer,9d91_A,320,sparsa-scale-main-20260911-long-step-2000,single_seq,pair_network,,,,,,all,L/2,0.40625,47601,287,160,eval-test
foldbench_monomer,9d91_A,320,sparsa-scale-main-20260911-long-step-2000,single_seq,pair_network,,,,,,all,L/5,0.640625,47601,287,64,eval-test
foldbench_monomer,9d91_A,320,sparsa-scale-main-20260911-long-step-2000,single_seq,pair_network,,,,,,all,R,0.27526132404181186,47601,287,287,eval-test
foldbench_monomer,9d91_A,320,sparsa-scale-main-20260911-long-step-2000,single_seq,pair_network,,,,,,all,AUC,0.9053849447364696,47601,287,47601,eval-test
foldbench_monomer,9d91_A,320,sparsa-scale-main-20260911-long-step-2000,single_seq,pair_network,,,,,,short,L,0.075,1797,31,320,eval-test
foldbench_monomer,9d91_A,320,sparsa-scale-main-20260911-long-step-2000,single_seq,pair_network,,,,,,short,L/2,0.125,1797,31,160,eval-test
foldbench_monomer,9d91_A,320,sparsa-scale-main-20260911-long-step-2000,single_seq,pair_network,,,,,,short,L/5,0.15625,1797,31,64,eval-test
foldbench_monomer,9d91_A,320,sparsa-scale-main-20260911-long-step-2000,single_seq,pair_network,,,,,,short,R,0.2903225806451613,1797,31,31,eval-test
foldbench_monomer,9d91_A,320,sparsa-scale-main-20260911-long-step-2000,single_seq,pair_network,,,,,,short,AUC,0.9015818507288204,1797,31,1797,eval-test
foldbench_monomer,9d91_A,320,sparsa-scale-main-20260911-long-step-2000,single_seq,pair_network,,,,,,medium,L,0.065625,3507,36,320,eval-test
foldbench_monomer,9d91_A,320,sparsa-scale-main-20260911-long-step-2000,single_seq,pair_network,,,,,,medium,L/2,0.10625,3507,36,160,eval-test
foldbench_monomer,9d91_A,320,sparsa-scale-main-20260911-long-step-2000,single_seq,pair_network,,,,,,medium,L/5,0.1875,3507,36,64,eval-test
foldbench_monomer,9d91_A,320,sparsa-scale-main-20260911-long-step-2000,single_seq,pair_network,,,,,,medium,R,0.2222222222222222,3507,36,36,eval-test
foldbench_monomer,9d91_A,320,sparsa-scale-main-20260911-long-step-2000,single_seq,pair_network,,,,,,medium,AUC,0.88535164377861,3507,36,3507,eval-test
foldbench_monomer,9d91_A,320,sparsa-scale-main-20260911-long-step-2000,single_seq,pair_network,,,,,,long,L,0.203125,42297,220,320,eval-test
foldbench_monomer,9d91_A,320,sparsa-scale-main-20260911-long-step-2000,single_seq,pair_network,,,,,,long,L/2,0.35625,42297,220,160,eval-test
foldbench_monomer,9d91_A,320,sparsa-scale-main-20260911-long-step-2000,single_seq,pair_network,,,,,,long,L/5,0.59375,42297,220,64,eval-test
foldbench_monomer,9d91_A,320,sparsa-scale-main-20260911-long-step-2000,single_seq,pair_network,,,,,,long,R,0.2681818181818182,42297,220,220,eval-test
foldbench_monomer,9d91_A,320,sparsa-scale-main-20260911-long-step-2000,single_seq,pair_network,,,,,,long,AUC,0.9011862451306804,42297,220,42297,eval-test
foldbench_monomer,9etn_A,586,sparsa-scale-main-20260911-long-step-2000,single_seq,pair_network,,,,,,all,L,0.4249146757679181,148800,649,586,eval-test
foldbench_monomer,9etn_A,586,sparsa-scale-main-20260911-long-step-2000,single_seq,pair_network,,,,,,all,L/2,0.5836177474402731,148800,649,293,eval-test
foldbench_monomer,9etn_A,586,sparsa-scale-main-20260911-long-step-2000,single_seq,pair_network,,,,,,all,L/5,0.7777777777777778,148800,649,117,eval-test
foldbench_monomer,9etn_A,586,sparsa-scale-main-20260911-long-step-2000,single_seq,pair_network,,,,,,all,R,0.39445300462249616,148800,649,649,eval-test
foldbench_monomer,9etn_A,586,sparsa-scale-main-20260911-long-step-2000,single_seq,pair_network,,,,,,all,AUC,0.9658171707313278,148800,649,148800,eval-test
foldbench_monomer,9etn_A,586,sparsa-scale-main-20260911-long-step-2000,single_seq,pair_network,,,,,,short,L,0.18430034129692832,3210,119,586,eval-test
foldbench_monomer,9etn_A,586,sparsa-scale-main-20260911-long-step-2000,single_seq,pair_network,,,,,,short,L/2,0.33447098976109213,3210,119,293,eval-test
foldbench_monomer,9etn_A,586,sparsa-scale-main-20260911-long-step-2000,single_seq,pair_network,,,,,,short,L/5,0.6068376068376068,3210,119,117,eval-test
foldbench_monomer,9etn_A,586,sparsa-scale-main-20260911-long-step-2000,single_seq,pair_network,,,,,,short,R,0.5966386554621849,3210,119,119,eval-test
foldbench_monomer,9etn_A,586,sparsa-scale-main-20260911-long-step-2000,single_seq,pair_network,,,,,,short,AUC,0.9601812255151171,3210,119,3210,eval-test
foldbench_monomer,9etn_A,586,sparsa-scale-main-20260911-long-step-2000,single_seq,pair_network,,,,,,medium,L,0.22184300341296928,6306,162,586,eval-test
foldbench_monomer,9etn_A,586,sparsa-scale-main-20260911-long-step-2000,single_seq,pair_network,,,,,,medium,L/2,0.3310580204778157,6306,162,293,eval-test
foldbench_monomer,9etn_A,586,sparsa-scale-main-20260911-long-step-2000,single_seq,pair_network,,,,,,medium,L/5,0.5726495726495726,6306,162,117,eval-test
foldbench_monomer,9etn_A,586,sparsa-scale-main-20260911-long-step-2000,single_seq,pair_network,,,,,,medium,R,0.47530864197530864,6306,162,162,eval-test
foldbench_monomer,9etn_A,586,sparsa-scale-main-20260911-long-step-2000,single_seq,pair_network,,,,,,medium,AUC,0.9584744928305041,6306,162,6306,eval-test
foldbench_monomer,9etn_A,586,sparsa-scale-main-20260911-long-step-2000,single_seq,pair_network,,,,,,long,L,0.19965870307167236,139284,368,586,eval-test
foldbench_monomer,9etn_A,586,sparsa-scale-main-20260911-long-step-2000,single_seq,pair_network,,,,,,long,L/2,0.29692832764505117,139284,368,293,eval-test
foldbench_monomer,9etn_A,586,sparsa-scale-main-20260911-long-step-2000,single_seq,pair_network,,,,,,long,L/5,0.41025641025641024,139284,368,117,eval-test
foldbench_monomer,9etn_A,586,sparsa-scale-main-20260911-long-step-2000,single_seq,pair_network,,,,,,long,R,0.2717391304347826,139284,368,368,eval-test
foldbench_monomer,9etn_A,586,sparsa-scale-main-20260911-long-step-2000,single_seq,pair_network,,,,,,long,AUC,0.9527190814092221,139284,368,139284,eval-test
foldbench_monomer,9evq_A,226,sparsa-scale-main-20260911-long-step-2000,single_seq,pair_network,,,,,,all,L,0.40707964601769914,21762,213,226,eval-test
foldbench_monomer,9evq_A,226,sparsa-scale-main-20260911-long-step-2000,single_seq,pair_network,,,,,,all,L/2,0.6460176991150443,21762,213,113,eval-test
foldbench_monomer,9evq_A,226,sparsa-scale-main-20260911-long-step-2000,single_seq,pair_network,,,,,,all,L/5,0.8444444444444444,21762,213,45,eval-test
foldbench_monomer,9evq_A,226,sparsa-scale-main-20260911-long-step-2000,single_seq,pair_network,,,,,,all,R,0.4225352112676056,21762,213,213,eval-test
foldbench_monomer,9evq_A,226,sparsa-scale-main-20260911-long-step-2000,single_seq,pair_network,,,,,,all,AUC,0.8981628723880087,21762,213,21762,eval-test
foldbench_monomer,9evq_A,226,sparsa-scale-main-20260911-long-step-2000,single_seq,pair_network,,,,,,short,L,0.07964601769911504,1192,19,226,eval-test
foldbench_monomer,9evq_A,226,sparsa-scale-main-20260911-long-step-2000,single_seq,pair_network,,,,,,short,L/2,0.1504424778761062,1192,19,113,eval-test
foldbench_monomer,9evq_A,226,sparsa-scale-main-20260911-long-step-2000,single_seq,pair_network,,,,,,short,L/5,0.28888888888888886,1192,19,45,eval-test
foldbench_monomer,9evq_A,226,sparsa-scale-main-20260911-long-step-2000,single_seq,pair_network,,,,,,short,R,0.5789473684210527,1192,19,19,eval-test
foldbench_monomer,9evq_A,226,sparsa-scale-main-20260911-long-step-2000,single_seq,pair_network,,,,,,short,AUC,0.9694216359312604,1192,19,1192,eval-test
foldbench_monomer,9evq_A,226,sparsa-scale-main-20260911-long-step-2000,single_seq,pair_network,,,,,,medium,L,0.09292035398230089,2309,25,226,eval-test
foldbench_monomer,9evq_A,226,sparsa-scale-main-20260911-long-step-2000,single_seq,pair_network,,,,,,medium,L/2,0.1592920353982301,2309,25,113,eval-test
foldbench_monomer,9evq_A,226,sparsa-scale-main-20260911-long-step-2000,single_seq,pair_network,,,,,,medium,L/5,0.3111111111111111,2309,25,45,eval-test
foldbench_monomer,9evq_A,226,sparsa-scale-main-20260911-long-step-2000,single_seq,pair_network,,,,,,medium,R,0.44,2309,25,25,eval-test
foldbench_monomer,9evq_A,226,sparsa-scale-main-20260911-long-step-2000,single_seq,pair_network,,,,,,medium,AUC,0.9611646234676006,2309,25,2309,eval-test
foldbench_monomer,9evq_A,226,sparsa-scale-main-20260911-long-step-2000,single_seq,pair_network,,,,,,long,L,0.3407079646017699,18261,169,226,eval-test
foldbench_monomer,9evq_A,226,sparsa-scale-main-20260911-long-step-2000,single_seq,pair_network,,,,,,long,L/2,0.5309734513274337,18261,169,113,eval-test
foldbench_monomer,9evq_A,226,sparsa-scale-main-20260911-long-step-2000,single_seq,pair_network,,,,,,long,L/5,0.8,18261,169,45,eval-test
foldbench_monomer,9evq_A,226,sparsa-scale-main-20260911-long-step-2000,single_seq,pair_network,,,,,,long,R,0.40828402366863903,18261,169,169,eval-test
foldbench_monomer,9evq_A,226,sparsa-scale-main-20260911-long-step-2000,single_seq,pair_network,,,,,,long,AUC,0.8841565201919971,18261,169,18261,eval-test
foldbench_monomer,9fce_A,229,sparsa-scale-main-20260911-long-step-2000,single_seq,pair_network,,,,,,all,L,0.5109170305676856,20518,197,229,eval-test
foldbench_monomer,9fce_A,229,sparsa-scale-main-20260911-long-step-2000,single_seq,pair_network,,,,,,all,L/2,0.7105263157894737,20518,197,114,eval-test
foldbench_monomer,9fce_A,229,sparsa-scale-main-20260911-long-step-2000,single_seq,pair_network,,,,,,all,L/5,0.8888888888888888,20518,197,45,eval-test
foldbench_monomer,9fce_A,229,sparsa-scale-main-20260911-long-step-2000,single_seq,pair_network,,,,,,all,R,0.5329949238578681,20518,197,197,eval-test
foldbench_monomer,9fce_A,229,sparsa-scale-main-20260911-long-step-2000,single_seq,pair_network,,,,,,all,AUC,0.9829729041772944,20518,197,20518,eval-test
foldbench_monomer,9fce_A,229,sparsa-scale-main-20260911-long-step-2000,single_seq,pair_network,,,,,,short,L,0.13973799126637554,1167,32,229,eval-test
foldbench_monomer,9fce_A,229,sparsa-scale-main-20260911-long-step-2000,single_seq,pair_network,,,,,,short,L/2,0.21052631578947367,1167,32,114,eval-test
foldbench_monomer,9fce_A,229,sparsa-scale-main-20260911-long-step-2000,single_seq,pair_network,,,,,,short,L/5,0.4666666666666667,1167,32,45,eval-test
foldbench_monomer,9fce_A,229,sparsa-scale-main-20260911-long-step-2000,single_seq,pair_network,,,,,,short,R,0.625,1167,32,32,eval-test
foldbench_monomer,9fce_A,229,sparsa-scale-main-20260911-long-step-2000,single_seq,pair_network,,,,,,short,AUC,0.9675936123348018,1167,32,1167,eval-test
foldbench_monomer,9fce_A,229,sparsa-scale-main-20260911-long-step-2000,single_seq,pair_network,,,,,,medium,L,0.1222707423580786,2226,29,229,eval-test
foldbench_monomer,9fce_A,229,sparsa-scale-main-20260911-long-step-2000,single_seq,pair_network,,,,,,medium,L/2,0.21929824561403508,2226,29,114,eval-test
foldbench_monomer,9fce_A,229,sparsa-scale-main-20260911-long-step-2000,single_seq,pair_network,,,,,,medium,L/5,0.4222222222222222,2226,29,45,eval-test
foldbench_monomer,9fce_A,229,sparsa-scale-main-20260911-long-step-2000,single_seq,pair_network,,,,,,medium,R,0.5517241379310345,2226,29,29,eval-test
foldbench_monomer,9fce_A,229,sparsa-scale-main-20260911-long-step-2000,single_seq,pair_network,,,,,,medium,AUC,0.9792114639084645,2226,29,2226,eval-test
foldbench_monomer,9fce_A,229,sparsa-scale-main-20260911-long-step-2000,single_seq,pair_network,,,,,,long,L,0.3930131004366812,17125,136,229,eval-test
foldbench_monomer,9fce_A,229,sparsa-scale-main-20260911-long-step-2000,single_seq,pair_network,,,,,,long,L/2,0.5526315789473685,17125,136,114,eval-test
foldbench_monomer,9fce_A,229,sparsa-scale-main-20260911-long-step-2000,single_seq,pair_network,,,,,,long,L/5,0.8666666666666667,17125,136,45,eval-test
foldbench_monomer,9fce_A,229,sparsa-scale-main-20260911-long-step-2000,single_seq,pair_network,,,,,,long,R,0.5294117647058824,17125,136,136,eval-test
foldbench_monomer,9fce_A,229,sparsa-scale-main-20260911-long-step-2000,single_seq,pair_network,,,,,,long,AUC,0.9844282892390578,17125,136,17125,eval-test
foldbench_monomer,9fgp_A,140,sparsa-scale-main-20260911-long-step-2000,single_seq,pair_network,,,,,,all,L,0.2714285714285714,9045,168,140,eval-test
foldbench_monomer,9fgp_A,140,sparsa-scale-main-20260911-long-step-2000,single_seq,pair_network,,,,,,all,L/2,0.45714285714285713,9045,168,70,eval-test
foldbench_monomer,9fgp_A,140,sparsa-scale-main-20260911-long-step-2000,single_seq,pair_network,,,,,,all,L/5,0.75,9045,168,28,eval-test
foldbench_monomer,9fgp_A,140,sparsa-scale-main-20260911-long-step-2000,single_seq,pair_network,,,,,,all,R,0.2261904761904762,9045,168,168,eval-test
foldbench_monomer,9fgp_A,140,sparsa-scale-main-20260911-long-step-2000,single_seq,pair_network,,,,,,all,AUC,0.8101296421463706,9045,168,9045,eval-test
foldbench_monomer,9fgp_A,140,sparsa-scale-main-20260911-long-step-2000,single_seq,pair_network,,,,,,short,L,0.17857142857142858,789,30,140,eval-test
foldbench_monomer,9fgp_A,140,sparsa-scale-main-20260911-long-step-2000,single_seq,pair_network,,,,,,short,L/2,0.3142857142857143,789,30,70,eval-test
foldbench_monomer,9fgp_A,140,sparsa-scale-main-20260911-long-step-2000,single_seq,pair_network,,,,,,short,L/5,0.6071428571428571,789,30,28,eval-test
foldbench_monomer,9fgp_A,140,sparsa-scale-main-20260911-long-step-2000,single_seq,pair_network,,,,,,short,R,0.6,789,30,30,eval-test
foldbench_monomer,9fgp_A,140,sparsa-scale-main-20260911-long-step-2000,single_seq,pair_network,,,,,,short,AUC,0.9213438735177866,789,30,789,eval-test
foldbench_monomer,9fgp_A,140,sparsa-scale-main-20260911-long-step-2000,single_seq,pair_network,,,,,,medium,L,0.15714285714285714,1470,39,140,eval-test
foldbench_monomer,9fgp_A,140,sparsa-scale-main-20260911-long-step-2000,single_seq,pair_network,,,,,,medium,L/2,0.22857142857142856,1470,39,70,eval-test
foldbench_monomer,9fgp_A,140,sparsa-scale-main-20260911-long-step-2000,single_seq,pair_network,,,,,,medium,L/5,0.42857142857142855,1470,39,28,eval-test
foldbench_monomer,9fgp_A,140,sparsa-scale-main-20260911-long-step-2000,single_seq,pair_network,,,,,,medium,R,0.358974358974359,1470,39,39,eval-test
foldbench_monomer,9fgp_A,140,sparsa-scale-main-20260911-long-step-2000,single_seq,pair_network,,,,,,medium,AUC,0.8407783690802558,1470,39,1470,eval-test
foldbench_monomer,9fgp_A,140,sparsa-scale-main-20260911-long-step-2000,single_seq,pair_network,,,,,,long,L,0.05,6786,99,140,eval-test
foldbench_monomer,9fgp_A,140,sparsa-scale-main-20260911-long-step-2000,single_seq,pair_network,,,,,,long,L/2,0.04285714285714286,6786,99,70,eval-test
foldbench_monomer,9fgp_A,140,sparsa-scale-main-20260911-long-step-2000,single_seq,pair_network,,,,,,long,L/5,0.0,6786,99,28,eval-test
foldbench_monomer,9fgp_A,140,sparsa-scale-main-20260911-long-step-2000,single_seq,pair_network,,,,,,long,R,0.06060606060606061,6786,99,99,eval-test
foldbench_monomer,9fgp_A,140,sparsa-scale-main-20260911-long-step-2000,single_seq,pair_network,,,,,,long,AUC,0.7641368069811318,6786,99,6786,eval-test
foldbench_monomer,9f9u_A,170,sparsa-scale-main-20260911-long-step-2000,single_seq,pair_network,,,,,,all,L,0.3411764705882353,13530,186,170,eval-test
foldbench_monomer,9f9u_A,170,sparsa-scale-main-20260911-long-step-2000,single_seq,pair_network,,,,,,all,L/2,0.47058823529411764,13530,186,85,eval-test
foldbench_monomer,9f9u_A,170,sparsa-scale-main-20260911-long-step-2000,single_seq,pair_network,,,,,,all,L/5,0.6764705882352942,13530,186,34,eval-test
foldbench_monomer,9f9u_A,170,sparsa-scale-main-20260911-long-step-2000,single_seq,pair_network,,,,,,all,R,0.3172043010752688,13530,186,186,eval-test
foldbench_monomer,9f9u_A,170,sparsa-scale-main-20260911-long-step-2000,single_seq,pair_network,,,,,,all,AUC,0.918979332662902,13530,186,13530,eval-test
foldbench_monomer,9f9u_A,170,sparsa-scale-main-20260911-long-step-2000,single_seq,pair_network,,,,,,short,L,0.11176470588235295,969,25,170,eval-test
foldbench_monomer,9f9u_A,170,sparsa-scale-main-20260911-long-step-2000,single_seq,pair_network,,,,,,short,L/2,0.2,969,25,85,eval-test
foldbench_monomer,9f9u_A,170,sparsa-scale-main-20260911-long-step-2000,single_seq,pair_network,,,,,,short,L/5,0.35294117647058826,969,25,34,eval-test
foldbench_monomer,9f9u_A,170,sparsa-scale-main-20260911-long-step-2000,single_seq,pair_network,,,,,,short,R,0.44,969,25,25,eval-test
foldbench_monomer,9f9u_A,170,sparsa-scale-main-20260911-long-step-2000,single_seq,pair_network,,,,,,short,AUC,0.9329872881355932,969,25,969,eval-test
foldbench_monomer,9f9u_A,170,sparsa-scale-main-20260911-long-step-2000,single_seq,pair_network,,,,,,medium,L,0.16470588235294117,1830,35,170,eval-test
foldbench_monomer,9f9u_A,170,sparsa-scale-main-20260911-long-step-2000,single_seq,pair_network,,,,,,medium,L/2,0.23529411764705882,1830,35,85,eval-test
foldbench_monomer,9f9u_A,170,sparsa-scale-main-20260911-long-step-2000,single_seq,pair_network,,,,,,medium,L/5,0.38235294117647056,1830,35,34,eval-test
foldbench_monomer,9f9u_A,170,sparsa-scale-main-20260911-long-step-2000,single_seq,pair_network,,,,,,medium,R,0.37142857142857144,1830,35,35,eval-test
foldbench_monomer,9f9u_A,170,sparsa-scale-main-20260911-long-step-2000,single_seq,pair_network,,,,,,medium,AUC,0.9546120175089534,1830,35,1830,eval-test
foldbench_monomer,9f9u_A,170,sparsa-scale-main-20260911-long-step-2000,single_seq,pair_network,,,,,,long,L,0.25882352941176473,10731,126,170,eval-test
foldbench_monomer,9f9u_A,170,sparsa-scale-main-20260911-long-step-2000,single_seq,pair_network,,,,,,long,L/2,0.35294117647058826,10731,126,85,eval-test
foldbench_monomer,9f9u_A,170,sparsa-scale-main-20260911-long-step-2000,single_seq,pair_network,,,,,,long,L/5,0.5294117647058824,10731,126,34,eval-test
foldbench_monomer,9f9u_A,170,sparsa-scale-main-20260911-long-step-2000,single_seq,pair_network,,,,,,long,R,0.29365079365079366,10731,126,126,eval-test
foldbench_monomer,9f9u_A,170,sparsa-scale-main-20260911-long-step-2000,single_seq,pair_network,,,,,,long,AUC,0.9019779528973305,10731,126,10731,eval-test
foldbench_monomer,9fow_A,146,sparsa-scale-main-20260911-long-step-2000,single_seq,pair_network,,,,,,all,L,0.2602739726027397,6932,137,146,eval-test
foldbench_monomer,9fow_A,146,sparsa-scale-main-20260911-long-step-2000,single_seq,pair_network,,,,,,all,L/2,0.2328767123287671,6932,137,73,eval-test
foldbench_monomer,9fow_A,146,sparsa-scale-main-20260911-long-step-2000,single_seq,pair_network,,,,,,all,L/5,0.20689655172413793,6932,137,29,eval-test
foldbench_monomer,9fow_A,146,sparsa-scale-main-20260911-long-step-2000,single_seq,pair_network,,,,,,all,R,0.27007299270072993,6932,137,137,eval-test
foldbench_monomer,9fow_A,146,sparsa-scale-main-20260911-long-step-2000,single_seq,pair_network,,,,,,all,AUC,0.8841575224376016,6932,137,6932,eval-test
foldbench_monomer,9fow_A,146,sparsa-scale-main-20260911-long-step-2000,single_seq,pair_network,,,,,,short,L,0.0821917808219178,633,14,146,eval-test
foldbench_monomer,9fow_A,146,sparsa-scale-main-20260911-long-step-2000,single_seq,pair_network,,,,,,short,L/2,0.136986301369863,633,14,73,eval-test
foldbench_monomer,9fow_A,146,sparsa-scale-main-20260911-long-step-2000,single_seq,pair_network,,,,,,short,L/5,0.1724137931034483,633,14,29,eval-test
foldbench_monomer,9fow_A,146,sparsa-scale-main-20260911-long-step-2000,single_seq,pair_network,,,,,,short,R,0.07142857142857142,633,14,14,eval-test
foldbench_monomer,9fow_A,146,sparsa-scale-main-20260911-long-step-2000,single_seq,pair_network,,,,,,short,AUC,0.8957996768982229,633,14,633,eval-test
foldbench_monomer,9fow_A,146,sparsa-scale-main-20260911-long-step-2000,single_seq,pair_network,,,,,,medium,L,0.0821917808219178,1200,18,146,eval-test
foldbench_monomer,9fow_A,146,sparsa-scale-main-20260911-long-step-2000,single_seq,pair_network,,,,,,medium,L/2,0.1232876712328767,1200,18,73,eval-test
foldbench_monomer,9fow_A,146,sparsa-scale-main-20260911-long-step-2000,single_seq,pair_network,,,,,,medium,L/5,0.20689655172413793,1200,18,29,eval-test
foldbench_monomer,9fow_A,146,sparsa-scale-main-20260911-long-step-2000,single_seq,pair_network,,,,,,medium,R,0.2222222222222222,1200,18,18,eval-test
foldbench_monomer,9fow_A,146,sparsa-scale-main-20260911-long-step-2000,single_seq,pair_network,,,,,,medium,AUC,0.9182177100958827,1200,18,1200,eval-test
foldbench_monomer,9fow_A,146,sparsa-scale-main-20260911-long-step-2000,single_seq,pair_network,,,,,,long,L,0.3082191780821918,5099,105,146,eval-test
foldbench_monomer,9fow_A,146,sparsa-scale-main-20260911-long-step-2000,single_seq,pair_network,,,,,,long,L/2,0.3835616438356164,5099,105,73,eval-test
foldbench_monomer,9fow_A,146,sparsa-scale-main-20260911-long-step-2000,single_seq,pair_network,,,,,,long,L/5,0.3448275862068966,5099,105,29,eval-test
foldbench_monomer,9fow_A,146,sparsa-scale-main-20260911-long-step-2000,single_seq,pair_network,,,,,,long,R,0.3238095238095238,5099,105,105,eval-test
foldbench_monomer,9fow_A,146,sparsa-scale-main-20260911-long-step-2000,single_seq,pair_network,,,,,,long,AUC,0.8790014684287811,5099,105,5099,eval-test
foldbench_monomer,9fym_A,330,sparsa-scale-main-20260911-long-step-2000,single_seq,pair_network,,,,,,all,L,0.30303030303030304,50086,403,330,eval-test
foldbench_monomer,9fym_A,330,sparsa-scale-main-20260911-long-step-2000,single_seq,pair_network,,,,,,all,L/2,0.41818181818181815,50086,403,165,eval-test
foldbench_monomer,9fym_A,330,sparsa-scale-main-20260911-long-step-2000,single_seq,pair_network,,,,,,all,L/5,0.4696969696969697,50086,403,66,eval-test
foldbench_monomer,9fym_A,330,sparsa-scale-main-20260911-long-step-2000,single_seq,pair_network,,,,,,all,R,0.2878411910669975,50086,403,403,eval-test
foldbench_monomer,9fym_A,330,sparsa-scale-main-20260911-long-step-2000,single_seq,pair_network,,,,,,all,AUC,0.9319612397188748,50086,403,50086,eval-test
foldbench_monomer,9fym_A,330,sparsa-scale-main-20260911-long-step-2000,single_seq,pair_network,,,,,,short,L,0.10303030303030303,1881,43,330,eval-test
foldbench_monomer,9fym_A,330,sparsa-scale-main-20260911-long-step-2000,single_seq,pair_network,,,,,,short,L/2,0.17575757575757575,1881,43,165,eval-test
foldbench_monomer,9fym_A,330,sparsa-scale-main-20260911-long-step-2000,single_seq,pair_network,,,,,,short,L/5,0.24242424242424243,1881,43,66,eval-test
foldbench_monomer,9fym_A,330,sparsa-scale-main-20260911-long-step-2000,single_seq,pair_network,,,,,,short,R,0.3023255813953488,1881,43,43,eval-test
foldbench_monomer,9fym_A,330,sparsa-scale-main-20260911-long-step-2000,single_seq,pair_network,,,,,,short,AUC,0.9117531695219778,1881,43,1881,eval-test
foldbench_monomer,9fym_A,330,sparsa-scale-main-20260911-long-step-2000,single_seq,pair_network,,,,,,medium,L,0.09090909090909091,3654,50,330,eval-test
foldbench_monomer,9fym_A,330,sparsa-scale-main-20260911-long-step-2000,single_seq,pair_network,,,,,,medium,L/2,0.10909090909090909,3654,50,165,eval-test
foldbench_monomer,9fym_A,330,sparsa-scale-main-20260911-long-step-2000,single_seq,pair_network,,,,,,medium,L/5,0.19696969696969696,3654,50,66,eval-test
foldbench_monomer,9fym_A,330,sparsa-scale-main-20260911-long-step-2000,single_seq,pair_network,,,,,,medium,R,0.22,3654,50,50,eval-test
foldbench_monomer,9fym_A,330,sparsa-scale-main-20260911-long-step-2000,single_seq,pair_network,,,,,,medium,AUC,0.8956687014428413,3654,50,3654,eval-test
foldbench_monomer,9fym_A,330,sparsa-scale-main-20260911-long-step-2000,single_seq,pair_network,,,,,,long,L,0.2787878787878788,44551,310,330,eval-test
foldbench_monomer,9fym_A,330,sparsa-scale-main-20260911-long-step-2000,single_seq,pair_network,,,,,,long,L/2,0.3696969696969697,44551,310,165,eval-test
foldbench_monomer,9fym_A,330,sparsa-scale-main-20260911-long-step-2000,single_seq,pair_network,,,,,,long,L/5,0.4393939393939394,44551,310,66,eval-test
foldbench_monomer,9fym_A,330,sparsa-scale-main-20260911-long-step-2000,single_seq,pair_network,,,,,,long,R,0.29354838709677417,44551,310,310,eval-test
foldbench_monomer,9fym_A,330,sparsa-scale-main-20260911-long-step-2000,single_seq,pair_network,,,,,,long,AUC,0.9331146265579076,44551,310,44551,eval-test
foldbench_monomer,9gso_A,177,sparsa-scale-main-20260911-long-step-2000,single_seq,pair_network,,,,,,all,L,0.1807909604519774,13056,156,177,eval-test
foldbench_monomer,9gso_A,177,sparsa-scale-main-20260911-long-step-2000,single_seq,pair_network,,,,,,all,L/2,0.26136363636363635,13056,156,88,eval-test
foldbench_monomer,9gso_A,177,sparsa-scale-main-20260911-long-step-2000,single_seq,pair_network,,,,,,all,L/5,0.45714285714285713,13056,156,35,eval-test
foldbench_monomer,9gso_A,177,sparsa-scale-main-20260911-long-step-2000,single_seq,pair_network,,,,,,all,R,0.1858974358974359,13056,156,156,eval-test
foldbench_monomer,9gso_A,177,sparsa-scale-main-20260911-long-step-2000,single_seq,pair_network,,,,,,all,AUC,0.8575203736831644,13056,156,13056,eval-test
foldbench_monomer,9gso_A,177,sparsa-scale-main-20260911-long-step-2000,single_seq,pair_network,,,,,,short,L,0.1016949152542373,901,21,177,eval-test
foldbench_monomer,9gso_A,177,sparsa-scale-main-20260911-long-step-2000,single_seq,pair_network,,,,,,short,L/2,0.1590909090909091,901,21,88,eval-test
foldbench_monomer,9gso_A,177,sparsa-scale-main-20260911-long-step-2000,single_seq,pair_network,,,,,,short,L/5,0.2571428571428571,901,21,35,eval-test
foldbench_monomer,9gso_A,177,sparsa-scale-main-20260911-long-step-2000,single_seq,pair_network,,,,,,short,R,0.42857142857142855,901,21,21,eval-test
foldbench_monomer,9gso_A,177,sparsa-scale-main-20260911-long-step-2000,single_seq,pair_network,,,,,,short,AUC,0.9214556277056276,901,21,901,eval-test
foldbench_monomer,9gso_A,177,sparsa-scale-main-20260911-long-step-2000,single_seq,pair_network,,,,,,medium,L,0.11299435028248588,1677,27,177,eval-test
foldbench_monomer,9gso_A,177,sparsa-scale-main-20260911-long-step-2000,single_seq,pair_network,,,,,,medium,L/2,0.20454545454545456,1677,27,88,eval-test
foldbench_monomer,9gso_A,177,sparsa-scale-main-20260911-long-step-2000,single_seq,pair_network,,,,,,medium,L/5,0.37142857142857144,1677,27,35,eval-test
foldbench_monomer,9gso_A,177,sparsa-scale-main-20260911-long-step-2000,single_seq,pair_network,,,,,,medium,R,0.4074074074074074,1677,27,27,eval-test
foldbench_monomer,9gso_A,177,sparsa-scale-main-20260911-long-step-2000,single_seq,pair_network,,,,,,medium,AUC,0.9138496071829405,1677,27,1677,eval-test
foldbench_monomer,9gso_A,177,sparsa-scale-main-20260911-long-step-2000,single_seq,pair_network,,,,,,long,L,0.0847457627118644,10478,108,177,eval-test
foldbench_monomer,9gso_A,177,sparsa-scale-main-20260911-long-step-2000,single_seq,pair_network,,,,,,long,L/2,0.07954545454545454,10478,108,88,eval-test
foldbench_monomer,9gso_A,177,sparsa-scale-main-20260911-long-step-2000,single_seq,pair_network,,,,,,long,L/5,0.11428571428571428,10478,108,35,eval-test
foldbench_monomer,9gso_A,177,sparsa-scale-main-20260911-long-step-2000,single_seq,pair_network,,,,,,long,R,0.08333333333333333,10478,108,108,eval-test
foldbench_monomer,9gso_A,177,sparsa-scale-main-20260911-long-step-2000,single_seq,pair_network,,,,,,long,AUC,0.8335052144719455,10478,108,10478,eval-test
foldbench_monomer,9ijc_A,321,sparsa-scale-main-20260911-long-step-2000,single_seq,pair_network,,,,,,all,L,0.27102803738317754,37950,371,321,eval-test
foldbench_monomer,9ijc_A,321,sparsa-scale-main-20260911-long-step-2000,single_seq,pair_network,,,,,,all,L/2,0.34375,37950,371,160,eval-test
foldbench_monomer,9ijc_A,321,sparsa-scale-main-20260911-long-step-2000,single_seq,pair_network,,,,,,all,L/5,0.546875,37950,371,64,eval-test
foldbench_monomer,9ijc_A,321,sparsa-scale-main-20260911-long-step-2000,single_seq,pair_network,,,,,,all,R,0.2587601078167116,37950,371,371,eval-test
foldbench_monomer,9ijc_A,321,sparsa-scale-main-20260911-long-step-2000,single_seq,pair_network,,,,,,all,AUC,0.8741350925120261,37950,371,37950,eval-test
foldbench_monomer,9ijc_A,321,sparsa-scale-main-20260911-long-step-2000,single_seq,pair_network,,,,,,short,L,0.11526479750778816,1635,51,321,eval-test
foldbench_monomer,9ijc_A,321,sparsa-scale-main-20260911-long-step-2000,single_seq,pair_network,,,,,,short,L/2,0.1375,1635,51,160,eval-test
foldbench_monomer,9ijc_A,321,sparsa-scale-main-20260911-long-step-2000,single_seq,pair_network,,,,,,short,L/5,0.234375,1635,51,64,eval-test
foldbench_monomer,9ijc_A,321,sparsa-scale-main-20260911-long-step-2000,single_seq,pair_network,,,,,,short,R,0.2549019607843137,1635,51,51,eval-test
foldbench_monomer,9ijc_A,321,sparsa-scale-main-20260911-long-step-2000,single_seq,pair_network,,,,,,short,AUC,0.8486333927510399,1635,51,1635,eval-test
foldbench_monomer,9ijc_A,321,sparsa-scale-main-20260911-long-step-2000,single_seq,pair_network,,,,,,medium,L,0.11838006230529595,3162,54,321,eval-test
foldbench_monomer,9ijc_A,321,sparsa-scale-main-20260911-long-step-2000,single_seq,pair_network,,,,,,medium,L/2,0.18125,3162,54,160,eval-test
foldbench_monomer,9ijc_A,321,sparsa-scale-main-20260911-long-step-2000,single_seq,pair_network,,,,,,medium,L/5,0.28125,3162,54,64,eval-test
foldbench_monomer,9ijc_A,321,sparsa-scale-main-20260911-long-step-2000,single_seq,pair_network,,,,,,medium,R,0.2777777777777778,3162,54,54,eval-test
foldbench_monomer,9ijc_A,321,sparsa-scale-main-20260911-long-step-2000,single_seq,pair_network,,,,,,medium,AUC,0.9275257400257401,3162,54,3162,eval-test
foldbench_monomer,9ijc_A,321,sparsa-scale-main-20260911-long-step-2000,single_seq,pair_network,,,,,,long,L,0.19003115264797507,33153,266,321,eval-test
foldbench_monomer,9ijc_A,321,sparsa-scale-main-20260911-long-step-2000,single_seq,pair_network,,,,,,long,L/2,0.3125,33153,266,160,eval-test
foldbench_monomer,9ijc_A,321,sparsa-scale-main-20260911-long-step-2000,single_seq,pair_network,,,,,,long,L/5,0.46875,33153,266,64,eval-test
foldbench_monomer,9ijc_A,321,sparsa-scale-main-20260911-long-step-2000,single_seq,pair_network,,,,,,long,R,0.21428571428571427,33153,266,266,eval-test
foldbench_monomer,9ijc_A,321,sparsa-scale-main-20260911-long-step-2000,single_seq,pair_network,,,,,,long,AUC,0.8586320645472959,33153,266,33153,eval-test
foldbench_monomer,9iuh_A,411,sparsa-scale-main-20260911-long-step-2000,single_seq,pair_network,,,,,,all,L,0.291970802919708,82215,457,411,eval-test
foldbench_monomer,9iuh_A,411,sparsa-scale-main-20260911-long-step-2000,single_seq,pair_network,,,,,,all,L/2,0.44878048780487806,82215,457,205,eval-test
foldbench_monomer,9iuh_A,411,sparsa-scale-main-20260911-long-step-2000,single_seq,pair_network,,,,,,all,L/5,0.6707317073170732,82215,457,82,eval-test
foldbench_monomer,9iuh_A,411,sparsa-scale-main-20260911-long-step-2000,single_seq,pair_network,,,,,,all,R,0.26695842450765866,82215,457,457,eval-test
foldbench_monomer,9iuh_A,411,sparsa-scale-main-20260911-long-step-2000,single_seq,pair_network,,,,,,all,AUC,0.9410424734832794,82215,457,82215,eval-test
foldbench_monomer,9iuh_A,411,sparsa-scale-main-20260911-long-step-2000,single_seq,pair_network,,,,,,short,L,0.11435523114355231,2415,54,411,eval-test
foldbench_monomer,9iuh_A,411,sparsa-scale-main-20260911-long-step-2000,single_seq,pair_network,,,,,,short,L/2,0.18048780487804877,2415,54,205,eval-test
foldbench_monomer,9iuh_A,411,sparsa-scale-main-20260911-long-step-2000,single_seq,pair_network,,,,,,short,L/5,0.35365853658536583,2415,54,82,eval-test
foldbench_monomer,9iuh_A,411,sparsa-scale-main-20260911-long-step-2000,single_seq,pair_network,,,,,,short,R,0.5,2415,54,54,eval-test
foldbench_monomer,9iuh_A,411,sparsa-scale-main-20260911-long-step-2000,single_seq,pair_network,,,,,,short,AUC,0.9367734952233047,2415,54,2415,eval-test
foldbench_monomer,9iuh_A,411,sparsa-scale-main-20260911-long-step-2000,single_seq,pair_network,,,,,,medium,L,0.09002433090024331,4722,73,411,eval-test
foldbench_monomer,9iuh_A,411,sparsa-scale-main-20260911-long-step-2000,single_seq,pair_network,,,,,,medium,L/2,0.14634146341463414,4722,73,205,eval-test
foldbench_monomer,9iuh_A,411,sparsa-scale-main-20260911-long-step-2000,single_seq,pair_network,,,,,,medium,L/5,0.23170731707317074,4722,73,82,eval-test
foldbench_monomer,9iuh_A,411,sparsa-scale-main-20260911-long-step-2000,single_seq,pair_network,,,,,,medium,R,0.2602739726027397,4722,73,73,eval-test
foldbench_monomer,9iuh_A,411,sparsa-scale-main-20260911-long-step-2000,single_seq,pair_network,,,,,,medium,AUC,0.8635057767615366,4722,73,4722,eval-test
foldbench_monomer,9iuh_A,411,sparsa-scale-main-20260911-long-step-2000,single_seq,pair_network,,,,,,long,L,0.21897810218978103,75078,330,411,eval-test
foldbench_monomer,9iuh_A,411,sparsa-scale-main-20260911-long-step-2000,single_seq,pair_network,,,,,,long,L/2,0.32195121951219513,75078,330,205,eval-test
foldbench_monomer,9iuh_A,411,sparsa-scale-main-20260911-long-step-2000,single_seq,pair_network,,,,,,long,L/5,0.5,75078,330,82,eval-test
foldbench_monomer,9iuh_A,411,sparsa-scale-main-20260911-long-step-2000,single_seq,pair_network,,,,,,long,R,0.24848484848484848,75078,330,330,eval-test
foldbench_monomer,9iuh_A,411,sparsa-scale-main-20260911-long-step-2000,single_seq,pair_network,,,,,,long,AUC,0.944772861055571,75078,330,75078,eval-test
foldbench_monomer,9j0v_A,286,sparsa-scale-main-20260911-long-step-2000,single_seq,pair_network,,,,,,all,L,0.14335664335664336,28685,224,286,eval-test
foldbench_monomer,9j0v_A,286,sparsa-scale-main-20260911-long-step-2000,single_seq,pair_network,,,,,,all,L/2,0.1958041958041958,28685,224,143,eval-test
foldbench_monomer,9j0v_A,286,sparsa-scale-main-20260911-long-step-2000,single_seq,pair_network,,,,,,all,L/5,0.3333333333333333,28685,224,57,eval-test
foldbench_monomer,9j0v_A,286,sparsa-scale-main-20260911-long-step-2000,single_seq,pair_network,,,,,,all,R,0.16517857142857142,28685,224,224,eval-test
foldbench_monomer,9j0v_A,286,sparsa-scale-main-20260911-long-step-2000,single_seq,pair_network,,,,,,all,AUC,0.87646182181632,28685,224,28685,eval-test
foldbench_monomer,9j0v_A,286,sparsa-scale-main-20260911-long-step-2000,single_seq,pair_network,,,,,,short,L,0.08041958041958042,1413,27,286,eval-test
foldbench_monomer,9j0v_A,286,sparsa-scale-main-20260911-long-step-2000,single_seq,pair_network,,,,,,short,L/2,0.14685314685314685,1413,27,143,eval-test
foldbench_monomer,9j0v_A,286,sparsa-scale-main-20260911-long-step-2000,single_seq,pair_network,,,,,,short,L/5,0.3157894736842105,1413,27,57,eval-test
foldbench_monomer,9j0v_A,286,sparsa-scale-main-20260911-long-step-2000,single_seq,pair_network,,,,,,short,R,0.37037037037037035,1413,27,27,eval-test
foldbench_monomer,9j0v_A,286,sparsa-scale-main-20260911-long-step-2000,single_seq,pair_network,,,,,,short,AUC,0.9365881032547699,1413,27,1413,eval-test
foldbench_monomer,9j0v_A,286,sparsa-scale-main-20260911-long-step-2000,single_seq,pair_network,,,,,,medium,L,0.07342657342657342,2718,36,286,eval-test
foldbench_monomer,9j0v_A,286,sparsa-scale-main-20260911-long-step-2000,single_seq,pair_network,,,,,,medium,L/2,0.09090909090909091,2718,36,143,eval-test
foldbench_monomer,9j0v_A,286,sparsa-scale-main-20260911-long-step-2000,single_seq,pair_network,,,,,,medium,L/5,0.15789473684210525,2718,36,57,eval-test
foldbench_monomer,9j0v_A,286,sparsa-scale-main-20260911-long-step-2000,single_seq,pair_network,,,,,,medium,R,0.2222222222222222,2718,36,36,eval-test
foldbench_monomer,9j0v_A,286,sparsa-scale-main-20260911-long-step-2000,single_seq,pair_network,,,,,,medium,AUC,0.8831199768000662,2718,36,2718,eval-test
foldbench_monomer,9j0v_A,286,sparsa-scale-main-20260911-long-step-2000,single_seq,pair_network,,,,,,long,L,0.07692307692307693,24554,161,286,eval-test
foldbench_monomer,9j0v_A,286,sparsa-scale-main-20260911-long-step-2000,single_seq,pair_network,,,,,,long,L/2,0.0979020979020979,24554,161,143,eval-test
foldbench_monomer,9j0v_A,286,sparsa-scale-main-20260911-long-step-2000,single_seq,pair_network,,,,,,long,L/5,0.10526315789473684,24554,161,57,eval-test
foldbench_monomer,9j0v_A,286,sparsa-scale-main-20260911-long-step-2000,single_seq,pair_network,,,,,,long,R,0.08695652173913043,24554,161,161,eval-test
foldbench_monomer,9j0v_A,286,sparsa-scale-main-20260911-long-step-2000,single_seq,pair_network,,,,,,long,AUC,0.8636567918756859,24554,161,24554,eval-test
foldbench_monomer,9jq9_A,179,sparsa-scale-main-20260911-long-step-2000,single_seq,pair_network,,,,,,all,L,0.40782122905027934,12720,176,179,eval-test
foldbench_monomer,9jq9_A,179,sparsa-scale-main-20260911-long-step-2000,single_seq,pair_network,,,,,,all,L/2,0.5730337078651685,12720,176,89,eval-test
foldbench_monomer,9jq9_A,179,sparsa-scale-main-20260911-long-step-2000,single_seq,pair_network,,,,,,all,L/5,0.6285714285714286,12720,176,35,eval-test
foldbench_monomer,9jq9_A,179,sparsa-scale-main-20260911-long-step-2000,single_seq,pair_network,,,,,,all,R,0.4090909090909091,12720,176,176,eval-test
foldbench_monomer,9jq9_A,179,sparsa-scale-main-20260911-long-step-2000,single_seq,pair_network,,,,,,all,AUC,0.9187340108273423,12720,176,12720,eval-test
foldbench_monomer,9jq9_A,179,sparsa-scale-main-20260911-long-step-2000,single_seq,pair_network,,,,,,short,L,0.15083798882681565,939,31,179,eval-test
foldbench_monomer,9jq9_A,179,sparsa-scale-main-20260911-long-step-2000,single_seq,pair_network,,,,,,short,L/2,0.25842696629213485,939,31,89,eval-test
foldbench_monomer,9jq9_A,179,sparsa-scale-main-20260911-long-step-2000,single_seq,pair_network,,,,,,short,L/5,0.5142857142857142,939,31,35,eval-test
foldbench_monomer,9jq9_A,179,sparsa-scale-main-20260911-long-step-2000,single_seq,pair_network,,,,,,short,R,0.5161290322580645,939,31,31,eval-test
foldbench_monomer,9jq9_A,179,sparsa-scale-main-20260911-long-step-2000,single_seq,pair_network,,,,,,short,AUC,0.9301904220548529,939,31,939,eval-test
foldbench_monomer,9jq9_A,179,sparsa-scale-main-20260911-long-step-2000,single_seq,pair_network,,,,,,medium,L,0.11173184357541899,1770,23,179,eval-test
foldbench_monomer,9jq9_A,179,sparsa-scale-main-20260911-long-step-2000,single_seq,pair_network,,,,,,medium,L/2,0.15730337078651685,1770,23,89,eval-test
foldbench_monomer,9jq9_A,179,sparsa-scale-main-20260911-long-step-2000,single_seq,pair_network,,,,,,medium,L/5,0.22857142857142856,1770,23,35,eval-test
foldbench_monomer,9jq9_A,179,sparsa-scale-main-20260911-long-step-2000,single_seq,pair_network,,,,,,medium,R,0.2608695652173913,1770,23,23,eval-test
foldbench_monomer,9jq9_A,179,sparsa-scale-main-20260911-long-step-2000,single_seq,pair_network,,,,,,medium,AUC,0.9557004554391378,1770,23,1770,eval-test
foldbench_monomer,9jq9_A,179,sparsa-scale-main-20260911-long-step-2000,single_seq,pair_network,,,,,,long,L,0.3128491620111732,10011,122,179,eval-test
foldbench_monomer,9jq9_A,179,sparsa-scale-main-20260911-long-step-2000,single_seq,pair_network,,,,,,long,L/2,0.5056179775280899,10011,122,89,eval-test
foldbench_monomer,9jq9_A,179,sparsa-scale-main-20260911-long-step-2000,single_seq,pair_network,,,,,,long,L/5,0.7142857142857143,10011,122,35,eval-test
foldbench_monomer,9jq9_A,179,sparsa-scale-main-20260911-long-step-2000,single_seq,pair_network,,,,,,long,R,0.4344262295081967,10011,122,122,eval-test
foldbench_monomer,9jq9_A,179,sparsa-scale-main-20260911-long-step-2000,single_seq,pair_network,,,,,,long,AUC,0.9059963131745987,10011,122,10011,eval-test
foldbench_monomer,7pv5_A,81,sparsa-scale-main-20260911-long-step-2000,single_seq,pair_network,,,,,,all,L,0.4074074074074074,2420,64,81,eval-val
foldbench_monomer,7pv5_A,81,sparsa-scale-main-20260911-long-step-2000,single_seq,pair_network,,,,,,all,L/2,0.6,2420,64,40,eval-val
foldbench_monomer,7pv5_A,81,sparsa-scale-main-20260911-long-step-2000,single_seq,pair_network,,,,,,all,L/5,0.6875,2420,64,16,eval-val
foldbench_monomer,7pv5_A,81,sparsa-scale-main-20260911-long-step-2000,single_seq,pair_network,,,,,,all,R,0.5,2420,64,64,eval-val
foldbench_monomer,7pv5_A,81,sparsa-scale-main-20260911-long-step-2000,single_seq,pair_network,,,,,,all,AUC,0.9651355581494058,2420,64,2420,eval-val
foldbench_monomer,7pv5_A,81,sparsa-scale-main-20260911-long-step-2000,single_seq,pair_network,,,,,,short,L,0.14814814814814814,393,12,81,eval-val
foldbench_monomer,7pv5_A,81,sparsa-scale-main-20260911-long-step-2000,single_seq,pair_network,,,,,,short,L/2,0.25,393,12,40,eval-val
foldbench_monomer,7pv5_A,81,sparsa-scale-main-20260911-long-step-2000,single_seq,pair_network,,,,,,short,L/5,0.5,393,12,16,eval-val
foldbench_monomer,7pv5_A,81,sparsa-scale-main-20260911-long-step-2000,single_seq,pair_network,,,,,,short,R,0.5833333333333334,393,12,12,eval-val
foldbench_monomer,7pv5_A,81,sparsa-scale-main-20260911-long-step-2000,single_seq,pair_network,,,,,,short,AUC,0.9708005249343833,393,12,393,eval-val
foldbench_monomer,7pv5_A,81,sparsa-scale-main-20260911-long-step-2000,single_seq,pair_network,,,,,,medium,L,0.12345679012345678,678,11,81,eval-val
foldbench_monomer,7pv5_A,81,sparsa-scale-main-20260911-long-step-2000,single_seq,pair_network,,,,,,medium,L/2,0.225,678,11,40,eval-val
foldbench_monomer,7pv5_A,81,sparsa-scale-main-20260911-long-step-2000,single_seq,pair_network,,,,,,medium,L/5,0.3125,678,11,16,eval-val
foldbench_monomer,7pv5_A,81,sparsa-scale-main-20260911-long-step-2000,single_seq,pair_network,,,,,,medium,R,0.45454545454545453,678,11,11,eval-val
foldbench_monomer,7pv5_A,81,sparsa-scale-main-20260911-long-step-2000,single_seq,pair_network,,,,,,medium,AUC,0.9739675616737086,678,11,678,eval-val
foldbench_monomer,7pv5_A,81,sparsa-scale-main-20260911-long-step-2000,single_seq,pair_network,,,,,,long,L,0.30864197530864196,1349,41,81,eval-val
foldbench_monomer,7pv5_A,81,sparsa-scale-main-20260911-long-step-2000,single_seq,pair_network,,,,,,long,L/2,0.5,1349,41,40,eval-val
foldbench_monomer,7pv5_A,81,sparsa-scale-main-20260911-long-step-2000,single_seq,pair_network,,,,,,long,L/5,0.625,1349,41,16,eval-val
foldbench_monomer,7pv5_A,81,sparsa-scale-main-20260911-long-step-2000,single_seq,pair_network,,,,,,long,R,0.4878048780487805,1349,41,41,eval-val
foldbench_monomer,7pv5_A,81,sparsa-scale-main-20260911-long-step-2000,single_seq,pair_network,,,,,,long,AUC,0.9592283881554412,1349,41,1349,eval-val
foldbench_monomer,7qp5_A,245,sparsa-scale-main-20260911-long-step-2000,single_seq,pair_network,,,,,,all,L,0.19591836734693877,27730,241,245,eval-val
foldbench_monomer,7qp5_A,245,sparsa-scale-main-20260911-long-step-2000,single_seq,pair_network,,,,,,all,L/2,0.2786885245901639,27730,241,122,eval-val
foldbench_monomer,7qp5_A,245,sparsa-scale-main-20260911-long-step-2000,single_seq,pair_network,,,,,,all,L/5,0.40816326530612246,27730,241,49,eval-val
foldbench_monomer,7qp5_A,245,sparsa-scale-main-20260911-long-step-2000,single_seq,pair_network,,,,,,all,R,0.1991701244813278,27730,241,241,eval-val
foldbench_monomer,7qp5_A,245,sparsa-scale-main-20260911-long-step-2000,single_seq,pair_network,,,,,,all,AUC,0.8475615066849072,27730,241,27730,eval-val
foldbench_monomer,7qp5_A,245,sparsa-scale-main-20260911-long-step-2000,single_seq,pair_network,,,,,,short,L,0.10612244897959183,1395,34,245,eval-val
foldbench_monomer,7qp5_A,245,sparsa-scale-main-20260911-long-step-2000,single_seq,pair_network,,,,,,short,L/2,0.19672131147540983,1395,34,122,eval-val
foldbench_monomer,7qp5_A,245,sparsa-scale-main-20260911-long-step-2000,single_seq,pair_network,,,,,,short,L/5,0.32653061224489793,1395,34,49,eval-val
foldbench_monomer,7qp5_A,245,sparsa-scale-main-20260911-long-step-2000,single_seq,pair_network,,,,,,short,R,0.38235294117647056,1395,34,34,eval-val
foldbench_monomer,7qp5_A,245,sparsa-scale-main-20260911-long-step-2000,single_seq,pair_network,,,,,,short,AUC,0.9225050784457796,1395,34,1395,eval-val
foldbench_monomer,7qp5_A,245,sparsa-scale-main-20260911-long-step-2000,single_seq,pair_network,,,,,,medium,L,0.11836734693877551,2682,42,245,eval-val
foldbench_monomer,7qp5_A,245,sparsa-scale-main-20260911-long-step-2000,single_seq,pair_network,,,,,,medium,L/2,0.1557377049180328,2682,42,122,eval-val
foldbench_monomer,7qp5_A,245,sparsa-scale-main-20260911-long-step-2000,single_seq,pair_network,,,,,,medium,L/5,0.24489795918367346,2682,42,49,eval-val
foldbench_monomer,7qp5_A,245,sparsa-scale-main-20260911-long-step-2000,single_seq,pair_network,,,,,,medium,R,0.2619047619047619,2682,42,42,eval-val
foldbench_monomer,7qp5_A,245,sparsa-scale-main-20260911-long-step-2000,single_seq,pair_network,,,,,,medium,AUC,0.8938356782106782,2682,42,2682,eval-val
foldbench_monomer,7qp5_A,245,sparsa-scale-main-20260911-long-step-2000,single_seq,pair_network,,,,,,long,L,0.11020408163265306,23653,165,245,eval-val
foldbench_monomer,7qp5_A,245,sparsa-scale-main-20260911-long-step-2000,single_seq,pair_network,,,,,,long,L/2,0.14754098360655737,23653,165,122,eval-val
foldbench_monomer,7qp5_A,245,sparsa-scale-main-20260911-long-step-2000,single_seq,pair_network,,,,,,long,L/5,0.14285714285714285,23653,165,49,eval-val
foldbench_monomer,7qp5_A,245,sparsa-scale-main-20260911-long-step-2000,single_seq,pair_network,,,,,,long,R,0.13333333333333333,23653,165,165,eval-val
foldbench_monomer,7qp5_A,245,sparsa-scale-main-20260911-long-step-2000,single_seq,pair_network,,,,,,long,AUC,0.81607758442738,23653,165,23653,eval-val
foldbench_monomer,7qsj_A,373,sparsa-scale-main-20260911-long-step-2000,single_seq,pair_network,,,,,,all,L,0.353887399463807,57970,347,373,eval-val
foldbench_monomer,7qsj_A,373,sparsa-scale-main-20260911-long-step-2000,single_seq,pair_network,,,,,,all,L/2,0.478494623655914,57970,347,186,eval-val
foldbench_monomer,7qsj_A,373,sparsa-scale-main-20260911-long-step-2000,single_seq,pair_network,,,,,,all,L/5,0.6621621621621622,57970,347,74,eval-val
foldbench_monomer,7qsj_A,373,sparsa-scale-main-20260911-long-step-2000,single_seq,pair_network,,,,,,all,R,0.3631123919308357,57970,347,347,eval-val
foldbench_monomer,7qsj_A,373,sparsa-scale-main-20260911-long-step-2000,single_seq,pair_network,,,,,,all,AUC,0.9650796359382793,57970,347,57970,eval-val
foldbench_monomer,7qsj_A,373,sparsa-scale-main-20260911-long-step-2000,single_seq,pair_network,,,,,,short,L,0.13941018766756033,2025,57,373,eval-val
foldbench_monomer,7qsj_A,373,sparsa-scale-main-20260911-long-step-2000,single_seq,pair_network,,,,,,short,L/2,0.23655913978494625,2025,57,186,eval-val
foldbench_monomer,7qsj_A,373,sparsa-scale-main-20260911-long-step-2000,single_seq,pair_network,,,,,,short,L/5,0.4189189189189189,2025,57,74,eval-val
foldbench_monomer,7qsj_A,373,sparsa-scale-main-20260911-long-step-2000,single_seq,pair_network,,,,,,short,R,0.45614035087719296,2025,57,57,eval-val
foldbench_monomer,7qsj_A,373,sparsa-scale-main-20260911-long-step-2000,single_seq,pair_network,,,,,,short,AUC,0.9444890172585937,2025,57,2025,eval-val
foldbench_monomer,7qsj_A,373,sparsa-scale-main-20260911-long-step-2000,single_seq,pair_network,,,,,,medium,L,0.1447721179624665,3942,64,373,eval-val
foldbench_monomer,7qsj_A,373,sparsa-scale-main-20260911-long-step-2000,single_seq,pair_network,,,,,,medium,L/2,0.1989247311827957,3942,64,186,eval-val
foldbench_monomer,7qsj_A,373,sparsa-scale-main-20260911-long-step-2000,single_seq,pair_network,,,,,,medium,L/5,0.2972972972972973,3942,64,74,eval-val
foldbench_monomer,7qsj_A,373,sparsa-scale-main-20260911-long-step-2000,single_seq,pair_network,,,,,,medium,R,0.328125,3942,64,64,eval-val
foldbench_monomer,7qsj_A,373,sparsa-scale-main-20260911-long-step-2000,single_seq,pair_network,,,,,,medium,AUC,0.9500064466219701,3942,64,3942,eval-val
foldbench_monomer,7qsj_A,373,sparsa-scale-main-20260911-long-step-2000,single_seq,pair_network,,,,,,long,L,0.2546916890080429,52003,226,373,eval-val
foldbench_monomer,7qsj_A,373,sparsa-scale-main-20260911-long-step-2000,single_seq,pair_network,,,,,,long,L/2,0.3763440860215054,52003,226,186,eval-val
foldbench_monomer,7qsj_A,373,sparsa-scale-main-20260911-long-step-2000,single_seq,pair_network,,,,,,long,L/5,0.5675675675675675,52003,226,74,eval-val
foldbench_monomer,7qsj_A,373,sparsa-scale-main-20260911-long-step-2000,single_seq,pair_network,,,,,,long,R,0.3495575221238938,52003,226,226,eval-val
foldbench_monomer,7qsj_A,373,sparsa-scale-main-20260911-long-step-2000,single_seq,pair_network,,,,,,long,AUC,0.961486769076576,52003,226,52003,eval-val
foldbench_monomer,7t9r_A,38,sparsa-scale-main-20260911-long-step-2000,single_seq,pair_network,,,,,,all,L,0.23684210526315788,528,24,38,eval-val
foldbench_monomer,7t9r_A,38,sparsa-scale-main-20260911-long-step-2000,single_seq,pair_network,,,,,,all,L/2,0.15789473684210525,528,24,19,eval-val
foldbench_monomer,7t9r_A,38,sparsa-scale-main-20260911-long-step-2000,single_seq,pair_network,,,,,,all,L/5,0.2857142857142857,528,24,7,eval-val
foldbench_monomer,7t9r_A,38,sparsa-scale-main-20260911-long-step-2000,single_seq,pair_network,,,,,,all,R,0.20833333333333334,528,24,24,eval-val
foldbench_monomer,7t9r_A,38,sparsa-scale-main-20260911-long-step-2000,single_seq,pair_network,,,,,,all,AUC,0.7801752645502645,528,24,528,eval-val
foldbench_monomer,7t9r_A,38,sparsa-scale-main-20260911-long-step-2000,single_seq,pair_network,,,,,,short,L,0.13157894736842105,177,7,38,eval-val
foldbench_monomer,7t9r_A,38,sparsa-scale-main-20260911-long-step-2000,single_seq,pair_network,,,,,,short,L/2,0.15789473684210525,177,7,19,eval-val
foldbench_monomer,7t9r_A,38,sparsa-scale-main-20260911-long-step-2000,single_seq,pair_network,,,,,,short,L/5,0.0,177,7,7,eval-val
foldbench_monomer,7t9r_A,38,sparsa-scale-main-20260911-long-step-2000,single_seq,pair_network,,,,,,short,R,0.0,177,7,7,eval-val
foldbench_monomer,7t9r_A,38,sparsa-scale-main-20260911-long-step-2000,single_seq,pair_network,,,,,,short,AUC,0.8029411764705882,177,7,177,eval-val
foldbench_monomer,7t9r_A,38,sparsa-scale-main-20260911-long-step-2000,single_seq,pair_network,,,,,,medium,L,0.21052631578947367,246,10,38,eval-val
foldbench_monomer,7t9r_A,38,sparsa-scale-main-20260911-long-step-2000,single_seq,pair_network,,,,,,medium,L/2,0.2631578947368421,246,10,19,eval-val
foldbench_monomer,7t9r_A,38,sparsa-scale-main-20260911-long-step-2000,single_seq,pair_network,,,,,,medium,L/5,0.2857142857142857,246,10,7,eval-val
foldbench_monomer,7t9r_A,38,sparsa-scale-main-20260911-long-step-2000,single_seq,pair_network,,,,,,medium,R,0.2,246,10,10,eval-val
foldbench_monomer,7t9r_A,38,sparsa-scale-main-20260911-long-step-2000,single_seq,pair_network,,,,,,medium,AUC,0.9076271186440678,246,10,246,eval-val
foldbench_monomer,7t9r_A,38,sparsa-scale-main-20260911-long-step-2000,single_seq,pair_network,,,,,,long,L,0.07894736842105263,105,7,38,eval-val
foldbench_monomer,7t9r_A,38,sparsa-scale-main-20260911-long-step-2000,single_seq,pair_network,,,,,,long,L/2,0.05263157894736842,105,7,19,eval-val
foldbench_monomer,7t9r_A,38,sparsa-scale-main-20260911-long-step-2000,single_seq,pair_network,,,,,,long,L/5,0.14285714285714285,105,7,7,eval-val
foldbench_monomer,7t9r_A,38,sparsa-scale-main-20260911-long-step-2000,single_seq,pair_network,,,,,,long,R,0.14285714285714285,105,7,7,eval-val
foldbench_monomer,7t9r_A,38,sparsa-scale-main-20260911-long-step-2000,single_seq,pair_network,,,,,,long,AUC,0.5816326530612245,105,7,105,eval-val
foldbench_monomer,7tlh_A,136,sparsa-scale-main-20260911-long-step-2000,single_seq,pair_network,,,,,,all,L,0.07352941176470588,7021,114,136,eval-val
foldbench_monomer,7tlh_A,136,sparsa-scale-main-20260911-long-step-2000,single_seq,pair_network,,,,,,all,L/2,0.1323529411764706,7021,114,68,eval-val
foldbench_monomer,7tlh_A,136,sparsa-scale-main-20260911-long-step-2000,single_seq,pair_network,,,,,,all,L/5,0.2222222222222222,7021,114,27,eval-val
foldbench_monomer,7tlh_A,136,sparsa-scale-main-20260911-long-step-2000,single_seq,pair_network,,,,,,all,R,0.08771929824561403,7021,114,114,eval-val
foldbench_monomer,7tlh_A,136,sparsa-scale-main-20260911-long-step-2000,single_seq,pair_network,,,,,,all,AUC,0.8066225720664771,7021,114,7021,eval-val
foldbench_monomer,7tlh_A,136,sparsa-scale-main-20260911-long-step-2000,single_seq,pair_network,,,,,,short,L,0.04411764705882353,693,13,136,eval-val
foldbench_monomer,7tlh_A,136,sparsa-scale-main-20260911-long-step-2000,single_seq,pair_network,,,,,,short,L/2,0.07352941176470588,693,13,68,eval-val
foldbench_monomer,7tlh_A,136,sparsa-scale-main-20260911-long-step-2000,single_seq,pair_network,,,,,,short,L/5,0.07407407407407407,693,13,27,eval-val
foldbench_monomer,7tlh_A,136,sparsa-scale-main-20260911-long-step-2000,single_seq,pair_network,,,,,,short,R,0.15384615384615385,693,13,13,eval-val
foldbench_monomer,7tlh_A,136,sparsa-scale-main-20260911-long-step-2000,single_seq,pair_network,,,,,,short,AUC,0.7309389140271493,693,13,693,eval-val
foldbench_monomer,7tlh_A,136,sparsa-scale-main-20260911-long-step-2000,single_seq,pair_network,,,,,,medium,L,0.09558823529411764,1278,24,136,eval-val
foldbench_monomer,7tlh_A,136,sparsa-scale-main-20260911-long-step-2000,single_seq,pair_network,,,,,,medium,L/2,0.14705882352941177,1278,24,68,eval-val
foldbench_monomer,7tlh_A,136,sparsa-scale-main-20260911-long-step-2000,single_seq,pair_network,,,,,,medium,L/5,0.2222222222222222,1278,24,27,eval-val
foldbench_monomer,7tlh_A,136,sparsa-scale-main-20260911-long-step-2000,single_seq,pair_network,,,,,,medium,R,0.20833333333333334,1278,24,24,eval-val
foldbench_monomer,7tlh_A,136,sparsa-scale-main-20260911-long-step-2000,single_seq,pair_network,,,,,,medium,AUC,0.8584197235513026,1278,24,1278,eval-val
foldbench_monomer,7tlh_A,136,sparsa-scale-main-20260911-long-step-2000,single_seq,pair_network,,,,,,long,L,0.07352941176470588,5050,77,136,eval-val
foldbench_monomer,7tlh_A,136,sparsa-scale-main-20260911-long-step-2000,single_seq,pair_network,,,,,,long,L/2,0.058823529411764705,5050,77,68,eval-val
foldbench_monomer,7tlh_A,136,sparsa-scale-main-20260911-long-step-2000,single_seq,pair_network,,,,,,long,L/5,0.0,5050,77,27,eval-val
foldbench_monomer,7tlh_A,136,sparsa-scale-main-20260911-long-step-2000,single_seq,pair_network,,,,,,long,R,0.06493506493506493,5050,77,77,eval-val
foldbench_monomer,7tlh_A,136,sparsa-scale-main-20260911-long-step-2000,single_seq,pair_network,,,,,,long,AUC,0.8062106805320157,5050,77,5050,eval-val
foldbench_monomer,7tjb_A,227,sparsa-scale-main-20260911-long-step-2000,single_seq,pair_network,,,,,,all,L,0.3920704845814978,23436,201,227,eval-val
foldbench_monomer,7tjb_A,227,sparsa-scale-main-20260911-long-step-2000,single_seq,pair_network,,,,,,all,L/2,0.4690265486725664,23436,201,113,eval-val
foldbench_monomer,7tjb_A,227,sparsa-scale-main-20260911-long-step-2000,single_seq,pair_network,,,,,,all,L/5,0.6666666666666666,23436,201,45,eval-val
foldbench_monomer,7tjb_A,227,sparsa-scale-main-20260911-long-step-2000,single_seq,pair_network,,,,,,all,R,0.4079601990049751,23436,201,201,eval-val
foldbench_monomer,7tjb_A,227,sparsa-scale-main-20260911-long-step-2000,single_seq,pair_network,,,,,,all,AUC,0.972487251712173,23436,201,23436,eval-val
foldbench_monomer,7tjb_A,227,sparsa-scale-main-20260911-long-step-2000,single_seq,pair_network,,,,,,short,L,0.13656387665198239,1281,34,227,eval-val
foldbench_monomer,7tjb_A,227,sparsa-scale-main-20260911-long-step-2000,single_seq,pair_network,,,,,,short,L/2,0.20353982300884957,1281,34,113,eval-val
foldbench_monomer,7tjb_A,227,sparsa-scale-main-20260911-long-step-2000,single_seq,pair_network,,,,,,short,L/5,0.37777777777777777,1281,34,45,eval-val
foldbench_monomer,7tjb_A,227,sparsa-scale-main-20260911-long-step-2000,single_seq,pair_network,,,,,,short,R,0.4411764705882353,1281,34,34,eval-val
foldbench_monomer,7tjb_A,227,sparsa-scale-main-20260911-long-step-2000,single_seq,pair_network,,,,,,short,AUC,0.9492075097881976,1281,34,1281,eval-val
foldbench_monomer,7tjb_A,227,sparsa-scale-main-20260911-long-step-2000,single_seq,pair_network,,,,,,medium,L,0.14096916299559473,2454,33,227,eval-val
foldbench_monomer,7tjb_A,227,sparsa-scale-main-20260911-long-step-2000,single_seq,pair_network,,,,,,medium,L/2,0.23008849557522124,2454,33,113,eval-val
foldbench_monomer,7tjb_A,227,sparsa-scale-main-20260911-long-step-2000,single_seq,pair_network,,,,,,medium,L/5,0.4666666666666667,2454,33,45,eval-val
foldbench_monomer,7tjb_A,227,sparsa-scale-main-20260911-long-step-2000,single_seq,pair_network,,,,,,medium,R,0.5151515151515151,2454,33,33,eval-val
foldbench_monomer,7tjb_A,227,sparsa-scale-main-20260911-long-step-2000,single_seq,pair_network,,,,,,medium,AUC,0.9796790707571377,2454,33,2454,eval-val
foldbench_monomer,7tjb_A,227,sparsa-scale-main-20260911-long-step-2000,single_seq,pair_network,,,,,,long,L,0.3039647577092511,19701,134,227,eval-val
foldbench_monomer,7tjb_A,227,sparsa-scale-main-20260911-long-step-2000,single_seq,pair_network,,,,,,long,L/2,0.4247787610619469,19701,134,113,eval-val
foldbench_monomer,7tjb_A,227,sparsa-scale-main-20260911-long-step-2000,single_seq,pair_network,,,,,,long,L/5,0.6,19701,134,45,eval-val
foldbench_monomer,7tjb_A,227,sparsa-scale-main-20260911-long-step-2000,single_seq,pair_network,,,,,,long,R,0.39552238805970147,19701,134,134,eval-val
foldbench_monomer,7tjb_A,227,sparsa-scale-main-20260911-long-step-2000,single_seq,pair_network,,,,,,long,AUC,0.9710413283406649,19701,134,19701,eval-val
foldbench_monomer,7uba_A,213,sparsa-scale-main-20260911-long-step-2000,single_seq,pair_network,,,,,,all,L,0.22065727699530516,16486,208,213,eval-val
foldbench_monomer,7uba_A,213,sparsa-scale-main-20260911-long-step-2000,single_seq,pair_network,,,,,,all,L/2,0.36792452830188677,16486,208,106,eval-val
foldbench_monomer,7uba_A,213,sparsa-scale-main-20260911-long-step-2000,single_seq,pair_network,,,,,,all,L/5,0.47619047619047616,16486,208,42,eval-val
foldbench_monomer,7uba_A,213,sparsa-scale-main-20260911-long-step-2000,single_seq,pair_network,,,,,,all,R,0.22596153846153846,16486,208,208,eval-val
foldbench_monomer,7uba_A,213,sparsa-scale-main-20260911-long-step-2000,single_seq,pair_network,,,,,,all,AUC,0.8559641611613599,16486,208,16486,eval-val
foldbench_monomer,7uba_A,213,sparsa-scale-main-20260911-long-step-2000,single_seq,pair_network,,,,,,short,L,0.07511737089201878,1020,23,213,eval-val
foldbench_monomer,7uba_A,213,sparsa-scale-main-20260911-long-step-2000,single_seq,pair_network,,,,,,short,L/2,0.1320754716981132,1020,23,106,eval-val
foldbench_monomer,7uba_A,213,sparsa-scale-main-20260911-long-step-2000,single_seq,pair_network,,,,,,short,L/5,0.21428571428571427,1020,23,42,eval-val
foldbench_monomer,7uba_A,213,sparsa-scale-main-20260911-long-step-2000,single_seq,pair_network,,,,,,short,R,0.34782608695652173,1020,23,23,eval-val
foldbench_monomer,7uba_A,213,sparsa-scale-main-20260911-long-step-2000,single_seq,pair_network,,,,,,short,AUC,0.8651170904016398,1020,23,1020,eval-val
foldbench_monomer,7uba_A,213,sparsa-scale-main-20260911-long-step-2000,single_seq,pair_network,,,,,,medium,L,0.1267605633802817,1834,48,213,eval-val
foldbench_monomer,7uba_A,213,sparsa-scale-main-20260911-long-step-2000,single_seq,pair_network,,,,,,medium,L/2,0.22641509433962265,1834,48,106,eval-val
foldbench_monomer,7uba_A,213,sparsa-scale-main-20260911-long-step-2000,single_seq,pair_network,,,,,,medium,L/5,0.40476190476190477,1834,48,42,eval-val
foldbench_monomer,7uba_A,213,sparsa-scale-main-20260911-long-step-2000,single_seq,pair_network,,,,,,medium,R,0.3541666666666667,1834,48,48,eval-val
foldbench_monomer,7uba_A,213,sparsa-scale-main-20260911-long-step-2000,single_seq,pair_network,,,,,,medium,AUC,0.8722471071295259,1834,48,1834,eval-val
foldbench_monomer,7uba_A,213,sparsa-scale-main-20260911-long-step-2000,single_seq,pair_network,,,,,,long,L,0.1267605633802817,13632,137,213,eval-val
foldbench_monomer,7uba_A,213,sparsa-scale-main-20260911-long-step-2000,single_seq,pair_network,,,,,,long,L/2,0.19811320754716982,13632,137,106,eval-val
foldbench_monomer,7uba_A,213,sparsa-scale-main-20260911-long-step-2000,single_seq,pair_network,,,,,,long,L/5,0.3333333333333333,13632,137,42,eval-val
foldbench_monomer,7uba_A,213,sparsa-scale-main-20260911-long-step-2000,single_seq,pair_network,,,,,,long,R,0.1678832116788321,13632,137,137,eval-val
foldbench_monomer,7uba_A,213,sparsa-scale-main-20260911-long-step-2000,single_seq,pair_network,,,,,,long,AUC,0.8380476142826622,13632,137,13632,eval-val
foldbench_monomer,7uk8_A,394,sparsa-scale-main-20260911-long-step-2000,single_seq,pair_network,,,,,,all,L,0.18527918781725888,71279,526,394,eval-val
foldbench_monomer,7uk8_A,394,sparsa-scale-main-20260911-long-step-2000,single_seq,pair_network,,,,,,all,L/2,0.27411167512690354,71279,526,197,eval-val
foldbench_monomer,7uk8_A,394,sparsa-scale-main-20260911-long-step-2000,single_seq,pair_network,,,,,,all,L/5,0.38461538461538464,71279,526,78,eval-val
foldbench_monomer,7uk8_A,394,sparsa-scale-main-20260911-long-step-2000,single_seq,pair_network,,,,,,all,R,0.15779467680608364,71279,526,526,eval-val
foldbench_monomer,7uk8_A,394,sparsa-scale-main-20260911-long-step-2000,single_seq,pair_network,,,,,,all,AUC,0.8156011898943247,71279,526,71279,eval-val
foldbench_monomer,7uk8_A,394,sparsa-scale-main-20260911-long-step-2000,single_seq,pair_network,,,,,,short,L,0.10152284263959391,2205,52,394,eval-val
foldbench_monomer,7uk8_A,394,sparsa-scale-main-20260911-long-step-2000,single_seq,pair_network,,,,,,short,L/2,0.16243654822335024,2205,52,197,eval-val
foldbench_monomer,7uk8_A,394,sparsa-scale-main-20260911-long-step-2000,single_seq,pair_network,,,,,,short,L/5,0.2692307692307692,2205,52,78,eval-val
foldbench_monomer,7uk8_A,394,sparsa-scale-main-20260911-long-step-2000,single_seq,pair_network,,,,,,short,R,0.28846153846153844,2205,52,52,eval-val
foldbench_monomer,7uk8_A,394,sparsa-scale-main-20260911-long-step-2000,single_seq,pair_network,,,,,,short,AUC,0.8921540605237772,2205,52,2205,eval-val
foldbench_monomer,7uk8_A,394,sparsa-scale-main-20260911-long-step-2000,single_seq,pair_network,,,,,,medium,L,0.10152284263959391,4314,76,394,eval-val
foldbench_monomer,7uk8_A,394,sparsa-scale-main-20260911-long-step-2000,single_seq,pair_network,,,,,,medium,L/2,0.14720812182741116,4314,76,197,eval-val
foldbench_monomer,7uk8_A,394,sparsa-scale-main-20260911-long-step-2000,single_seq,pair_network,,,,,,medium,L/5,0.21794871794871795,4314,76,78,eval-val
foldbench_monomer,7uk8_A,394,sparsa-scale-main-20260911-long-step-2000,single_seq,pair_network,,,,,,medium,R,0.21052631578947367,4314,76,76,eval-val
foldbench_monomer,7uk8_A,394,sparsa-scale-main-20260911-long-step-2000,single_seq,pair_network,,,,,,medium,AUC,0.8675936390054891,4314,76,4314,eval-val
foldbench_monomer,7uk8_A,394,sparsa-scale-main-20260911-long-step-2000,single_seq,pair_network,,,,,,long,L,0.09137055837563451,64760,398,394,eval-val
foldbench_monomer,7uk8_A,394,sparsa-scale-main-20260911-long-step-2000,single_seq,pair_network,,,,,,long,L/2,0.14213197969543148,64760,398,197,eval-val
foldbench_monomer,7uk8_A,394,sparsa-scale-main-20260911-long-step-2000,single_seq,pair_network,,,,,,long,L/5,0.2564102564102564,64760,398,78,eval-val
foldbench_monomer,7uk8_A,394,sparsa-scale-main-20260911-long-step-2000,single_seq,pair_network,,,,,,long,R,0.09045226130653267,64760,398,398,eval-val
foldbench_monomer,7uk8_A,394,sparsa-scale-main-20260911-long-step-2000,single_seq,pair_network,,,,,,long,AUC,0.7864465463016271,64760,398,64760,eval-val
foldbench_monomer,7ur2_A,195,sparsa-scale-main-20260911-long-step-2000,single_seq,pair_network,,,,,,all,L,0.18461538461538463,11959,137,195,eval-val
foldbench_monomer,7ur2_A,195,sparsa-scale-main-20260911-long-step-2000,single_seq,pair_network,,,,,,all,L/2,0.24742268041237114,11959,137,97,eval-val
foldbench_monomer,7ur2_A,195,sparsa-scale-main-20260911-long-step-2000,single_seq,pair_network,,,,,,all,L/5,0.2564102564102564,11959,137,39,eval-val
foldbench_monomer,7ur2_A,195,sparsa-scale-main-20260911-long-step-2000,single_seq,pair_network,,,,,,all,R,0.21897810218978103,11959,137,137,eval-val
foldbench_monomer,7ur2_A,195,sparsa-scale-main-20260911-long-step-2000,single_seq,pair_network,,,,,,all,AUC,0.8938277885965422,11959,137,11959,eval-val
foldbench_monomer,7ur2_A,195,sparsa-scale-main-20260911-long-step-2000,single_seq,pair_network,,,,,,short,L,0.05641025641025641,846,11,195,eval-val
foldbench_monomer,7ur2_A,195,sparsa-scale-main-20260911-long-step-2000,single_seq,pair_network,,,,,,short,L/2,0.10309278350515463,846,11,97,eval-val
foldbench_monomer,7ur2_A,195,sparsa-scale-main-20260911-long-step-2000,single_seq,pair_network,,,,,,short,L/5,0.1794871794871795,846,11,39,eval-val
foldbench_monomer,7ur2_A,195,sparsa-scale-main-20260911-long-step-2000,single_seq,pair_network,,,,,,short,R,0.45454545454545453,846,11,11,eval-val
foldbench_monomer,7ur2_A,195,sparsa-scale-main-20260911-long-step-2000,single_seq,pair_network,,,,,,short,AUC,0.9627109417528579,846,11,846,eval-val
foldbench_monomer,7ur2_A,195,sparsa-scale-main-20260911-long-step-2000,single_seq,pair_network,,,,,,medium,L,0.06153846153846154,1542,14,195,eval-val
foldbench_monomer,7ur2_A,195,sparsa-scale-main-20260911-long-step-2000,single_seq,pair_network,,,,,,medium,L/2,0.09278350515463918,1542,14,97,eval-val
foldbench_monomer,7ur2_A,195,sparsa-scale-main-20260911-long-step-2000,single_seq,pair_network,,,,,,medium,L/5,0.1282051282051282,1542,14,39,eval-val
foldbench_monomer,7ur2_A,195,sparsa-scale-main-20260911-long-step-2000,single_seq,pair_network,,,,,,medium,R,0.14285714285714285,1542,14,14,eval-val
foldbench_monomer,7ur2_A,195,sparsa-scale-main-20260911-long-step-2000,single_seq,pair_network,,,,,,medium,AUC,0.9514070680628273,1542,14,1542,eval-val
foldbench_monomer,7ur2_A,195,sparsa-scale-main-20260911-long-step-2000,single_seq,pair_network,,,,,,long,L,0.16923076923076924,9571,112,195,eval-val
foldbench_monomer,7ur2_A,195,sparsa-scale-main-20260911-long-step-2000,single_seq,pair_network,,,,,,long,L/2,0.21649484536082475,9571,112,97,eval-val
foldbench_monomer,7ur2_A,195,sparsa-scale-main-20260911-long-step-2000,single_seq,pair_network,,,,,,long,L/5,0.23076923076923078,9571,112,39,eval-val
foldbench_monomer,7ur2_A,195,sparsa-scale-main-20260911-long-step-2000,single_seq,pair_network,,,,,,long,R,0.20535714285714285,9571,112,112,eval-val
foldbench_monomer,7ur2_A,195,sparsa-scale-main-20260911-long-step-2000,single_seq,pair_network,,,,,,long,AUC,0.8859598945826348,9571,112,9571,eval-val
foldbench_monomer,7urp_A,160,sparsa-scale-main-20260911-long-step-2000,single_seq,pair_network,,,,,,all,L,0.25,11781,134,160,eval-val
foldbench_monomer,7urp_A,160,sparsa-scale-main-20260911-long-step-2000,single_seq,pair_network,,,,,,all,L/2,0.3625,11781,134,80,eval-val
foldbench_monomer,7urp_A,160,sparsa-scale-main-20260911-long-step-2000,single_seq,pair_network,,,,,,all,L/5,0.5625,11781,134,32,eval-val
foldbench_monomer,7urp_A,160,sparsa-scale-main-20260911-long-step-2000,single_seq,pair_network,,,,,,all,R,0.26119402985074625,11781,134,134,eval-val
foldbench_monomer,7urp_A,160,sparsa-scale-main-20260911-long-step-2000,single_seq,pair_network,,,,,,all,AUC,0.9211394517068644,11781,134,11781,eval-val
foldbench_monomer,7urp_A,160,sparsa-scale-main-20260911-long-step-2000,single_seq,pair_network,,,,,,short,L,0.06875,903,12,160,eval-val
foldbench_monomer,7urp_A,160,sparsa-scale-main-20260911-long-step-2000,single_seq,pair_network,,,,,,short,L/2,0.0875,903,12,80,eval-val
foldbench_monomer,7urp_A,160,sparsa-scale-main-20260911-long-step-2000,single_seq,pair_network,,,,,,short,L/5,0.21875,903,12,32,eval-val
foldbench_monomer,7urp_A,160,sparsa-scale-main-20260911-long-step-2000,single_seq,pair_network,,,,,,short,R,0.25,903,12,12,eval-val
foldbench_monomer,7urp_A,160,sparsa-scale-main-20260911-long-step-2000,single_seq,pair_network,,,,,,short,AUC,0.9294332210998878,903,12,903,eval-val
foldbench_monomer,7urp_A,160,sparsa-scale-main-20260911-long-step-2000,single_seq,pair_network,,,,,,medium,L,0.09375,1698,24,160,eval-val
foldbench_monomer,7urp_A,160,sparsa-scale-main-20260911-long-step-2000,single_seq,pair_network,,,,,,medium,L/2,0.15,1698,24,80,eval-val
foldbench_monomer,7urp_A,160,sparsa-scale-main-20260911-long-step-2000,single_seq,pair_network,,,,,,medium,L/5,0.25,1698,24,32,eval-val
foldbench_monomer,7urp_A,160,sparsa-scale-main-20260911-long-step-2000,single_seq,pair_network,,,,,,medium,R,0.125,1698,24,24,eval-val
foldbench_monomer,7urp_A,160,sparsa-scale-main-20260911-long-step-2000,single_seq,pair_network,,,,,,medium,AUC,0.9088386101154918,1698,24,1698,eval-val
foldbench_monomer,7urp_A,160,sparsa-scale-main-20260911-long-step-2000,single_seq,pair_network,,,,,,long,L,0.23125,9180,98,160,eval-val
foldbench_monomer,7urp_A,160,sparsa-scale-main-20260911-long-step-2000,single_seq,pair_network,,,,,,long,L/2,0.3375,9180,98,80,eval-val
foldbench_monomer,7urp_A,160,sparsa-scale-main-20260911-long-step-2000,single_seq,pair_network,,,,,,long,L/5,0.625,9180,98,32,eval-val
foldbench_monomer,7urp_A,160,sparsa-scale-main-20260911-long-step-2000,single_seq,pair_network,,,,,,long,R,0.29591836734693877,9180,98,98,eval-val
foldbench_monomer,7urp_A,160,sparsa-scale-main-20260911-long-step-2000,single_seq,pair_network,,,,,,long,AUC,0.921097011806264,9180,98,9180,eval-val
foldbench_monomer,7uvg_A,183,sparsa-scale-main-20260911-long-step-2000,single_seq,pair_network,,,,,,all,L,0.25136612021857924,12894,178,183,eval-val
foldbench_monomer,7uvg_A,183,sparsa-scale-main-20260911-long-step-2000,single_seq,pair_network,,,,,,all,L/2,0.26373626373626374,12894,178,91,eval-val
foldbench_monomer,7uvg_A,183,sparsa-scale-main-20260911-long-step-2000,single_seq,pair_network,,,,,,all,L/5,0.3055555555555556,12894,178,36,eval-val
foldbench_monomer,7uvg_A,183,sparsa-scale-main-20260911-long-step-2000,single_seq,pair_network,,,,,,all,R,0.25842696629213485,12894,178,178,eval-val
foldbench_monomer,7uvg_A,183,sparsa-scale-main-20260911-long-step-2000,single_seq,pair_network,,,,,,all,AUC,0.8346856212292043,12894,178,12894,eval-val
foldbench_monomer,7uvg_A,183,sparsa-scale-main-20260911-long-step-2000,single_seq,pair_network,,,,,,short,L,0.09836065573770492,921,23,183,eval-val
foldbench_monomer,7uvg_A,183,sparsa-scale-main-20260911-long-step-2000,single_seq,pair_network,,,,,,short,L/2,0.16483516483516483,921,23,91,eval-val
foldbench_monomer,7uvg_A,183,sparsa-scale-main-20260911-long-step-2000,single_seq,pair_network,,,,,,short,L/5,0.3055555555555556,921,23,36,eval-val
foldbench_monomer,7uvg_A,183,sparsa-scale-main-20260911-long-step-2000,single_seq,pair_network,,,,,,short,R,0.30434782608695654,921,23,23,eval-val
foldbench_monomer,7uvg_A,183,sparsa-scale-main-20260911-long-step-2000,single_seq,pair_network,,,,,,short,AUC,0.9011329524547304,921,23,921,eval-val
foldbench_monomer,7uvg_A,183,sparsa-scale-main-20260911-long-step-2000,single_seq,pair_network,,,,,,medium,L,0.08743169398907104,1740,27,183,eval-val
foldbench_monomer,7uvg_A,183,sparsa-scale-main-20260911-long-step-2000,single_seq,pair_network,,,,,,medium,L/2,0.15384615384615385,1740,27,91,eval-val
foldbench_monomer,7uvg_A,183,sparsa-scale-main-20260911-long-step-2000,single_seq,pair_network,,,,,,medium,L/5,0.2222222222222222,1740,27,36,eval-val
foldbench_monomer,7uvg_A,183,sparsa-scale-main-20260911-long-step-2000,single_seq,pair_network,,,,,,medium,R,0.2222222222222222,1740,27,27,eval-val
foldbench_monomer,7uvg_A,183,sparsa-scale-main-20260911-long-step-2000,single_seq,pair_network,,,,,,medium,AUC,0.8956995524421093,1740,27,1740,eval-val
foldbench_monomer,7uvg_A,183,sparsa-scale-main-20260911-long-step-2000,single_seq,pair_network,,,,,,long,L,0.18032786885245902,10233,128,183,eval-val
foldbench_monomer,7uvg_A,183,sparsa-scale-main-20260911-long-step-2000,single_seq,pair_network,,,,,,long,L/2,0.23076923076923078,10233,128,91,eval-val
foldbench_monomer,7uvg_A,183,sparsa-scale-main-20260911-long-step-2000,single_seq,pair_network,,,,,,long,L/5,0.3333333333333333,10233,128,36,eval-val
foldbench_monomer,7uvg_A,183,sparsa-scale-main-20260911-long-step-2000,single_seq,pair_network,,,,,,long,R,0.2109375,10233,128,128,eval-val
foldbench_monomer,7uvg_A,183,sparsa-scale-main-20260911-long-step-2000,single_seq,pair_network,,,,,,long,AUC,0.8073424356754082,10233,128,10233,eval-val
foldbench_monomer,7uww_A,635,sparsa-scale-main-20260911-long-step-2000,single_seq,pair_network,,,,,,all,L,0.27874015748031494,196251,693,635,eval-val
foldbench_monomer,7uww_A,635,sparsa-scale-main-20260911-long-step-2000,single_seq,pair_network,,,,,,all,L/2,0.4195583596214511,196251,693,317,eval-val
foldbench_monomer,7uww_A,635,sparsa-scale-main-20260911-long-step-2000,single_seq,pair_network,,,,,,all,L/5,0.6614173228346457,196251,693,127,eval-val
foldbench_monomer,7uww_A,635,sparsa-scale-main-20260911-long-step-2000,single_seq,pair_network,,,,,,all,R,0.26262626262626265,196251,693,693,eval-val
foldbench_monomer,7uww_A,635,sparsa-scale-main-20260911-long-step-2000,single_seq,pair_network,,,,,,all,AUC,0.9261572689609384,196251,693,196251,eval-val
foldbench_monomer,7uww_A,635,sparsa-scale-main-20260911-long-step-2000,single_seq,pair_network,,,,,,short,L,0.12125984251968504,3741,96,635,eval-val
foldbench_monomer,7uww_A,635,sparsa-scale-main-20260911-long-step-2000,single_seq,pair_network,,,,,,short,L/2,0.20189274447949526,3741,96,317,eval-val
foldbench_monomer,7uww_A,635,sparsa-scale-main-20260911-long-step-2000,single_seq,pair_network,,,,,,short,L/5,0.3543307086614173,3741,96,127,eval-val
foldbench_monomer,7uww_A,635,sparsa-scale-main-20260911-long-step-2000,single_seq,pair_network,,,,,,short,R,0.4270833333333333,3741,96,96,eval-val
foldbench_monomer,7uww_A,635,sparsa-scale-main-20260911-long-step-2000,single_seq,pair_network,,,,,,short,AUC,0.9189028920896205,3741,96,3741,eval-val
foldbench_monomer,7uww_A,635,sparsa-scale-main-20260911-long-step-2000,single_seq,pair_network,,,,,,medium,L,0.13228346456692913,7374,123,635,eval-val
foldbench_monomer,7uww_A,635,sparsa-scale-main-20260911-long-step-2000,single_seq,pair_network,,,,,,medium,L/2,0.20504731861198738,7374,123,317,eval-val
foldbench_monomer,7uww_A,635,sparsa-scale-main-20260911-long-step-2000,single_seq,pair_network,,,,,,medium,L/5,0.3700787401574803,7374,123,127,eval-val
foldbench_monomer,7uww_A,635,sparsa-scale-main-20260911-long-step-2000,single_seq,pair_network,,,,,,medium,R,0.35772357723577236,7374,123,123,eval-val
foldbench_monomer,7uww_A,635,sparsa-scale-main-20260911-long-step-2000,single_seq,pair_network,,,,,,medium,AUC,0.8971495941686765,7374,123,7374,eval-val
foldbench_monomer,7uww_A,635,sparsa-scale-main-20260911-long-step-2000,single_seq,pair_network,,,,,,long,L,0.15905511811023623,185136,474,635,eval-val
foldbench_monomer,7uww_A,635,sparsa-scale-main-20260911-long-step-2000,single_seq,pair_network,,,,,,long,L/2,0.24605678233438485,185136,474,317,eval-val
foldbench_monomer,7uww_A,635,sparsa-scale-main-20260911-long-step-2000,single_seq,pair_network,,,,,,long,L/5,0.4094488188976378,185136,474,127,eval-val
foldbench_monomer,7uww_A,635,sparsa-scale-main-20260911-long-step-2000,single_seq,pair_network,,,,,,long,R,0.189873417721519,185136,474,474,eval-val
foldbench_monomer,7uww_A,635,sparsa-scale-main-20260911-long-step-2000,single_seq,pair_network,,,,,,long,AUC,0.9116162488591883,185136,474,185136,eval-val
foldbench_monomer,7v3o_A,328,sparsa-scale-main-20260911-long-step-2000,single_seq,pair_network,,,,,,all,L,0.11585365853658537,36865,272,328,eval-val
foldbench_monomer,7v3o_A,328,sparsa-scale-main-20260911-long-step-2000,single_seq,pair_network,,,,,,all,L/2,0.15853658536585366,36865,272,164,eval-val
foldbench_monomer,7v3o_A,328,sparsa-scale-main-20260911-long-step-2000,single_seq,pair_network,,,,,,all,L/5,0.2923076923076923,36865,272,65,eval-val
foldbench_monomer,7v3o_A,328,sparsa-scale-main-20260911-long-step-2000,single_seq,pair_network,,,,,,all,R,0.125,36865,272,272,eval-val
foldbench_monomer,7v3o_A,328,sparsa-scale-main-20260911-long-step-2000,single_seq,pair_network,,,,,,all,AUC,0.8326603569310107,36865,272,36865,eval-val
foldbench_monomer,7v3o_A,328,sparsa-scale-main-20260911-long-step-2000,single_seq,pair_network,,,,,,short,L,0.09146341463414634,1599,47,328,eval-val
foldbench_monomer,7v3o_A,328,sparsa-scale-main-20260911-long-step-2000,single_seq,pair_network,,,,,,short,L/2,0.1402439024390244,1599,47,164,eval-val
foldbench_monomer,7v3o_A,328,sparsa-scale-main-20260911-long-step-2000,single_seq,pair_network,,,,,,short,L/5,0.23076923076923078,1599,47,65,eval-val
foldbench_monomer,7v3o_A,328,sparsa-scale-main-20260911-long-step-2000,single_seq,pair_network,,,,,,short,R,0.2978723404255319,1599,47,47,eval-val
foldbench_monomer,7v3o_A,328,sparsa-scale-main-20260911-long-step-2000,single_seq,pair_network,,,,,,short,AUC,0.8536411493748628,1599,47,1599,eval-val
foldbench_monomer,7v3o_A,328,sparsa-scale-main-20260911-long-step-2000,single_seq,pair_network,,,,,,medium,L,0.051829268292682924,3090,38,328,eval-val
foldbench_monomer,7v3o_A,328,sparsa-scale-main-20260911-long-step-2000,single_seq,pair_network,,,,,,medium,L/2,0.06097560975609756,3090,38,164,eval-val
foldbench_monomer,7v3o_A,328,sparsa-scale-main-20260911-long-step-2000,single_seq,pair_network,,,,,,medium,L/5,0.1076923076923077,3090,38,65,eval-val
foldbench_monomer,7v3o_A,328,sparsa-scale-main-20260911-long-step-2000,single_seq,pair_network,,,,,,medium,R,0.15789473684210525,3090,38,38,eval-val
foldbench_monomer,7v3o_A,328,sparsa-scale-main-20260911-long-step-2000,single_seq,pair_network,,,,,,medium,AUC,0.779333655239015,3090,38,3090,eval-val
foldbench_monomer,7v3o_A,328,sparsa-scale-main-20260911-long-step-2000,single_seq,pair_network,,,,,,long,L,0.051829268292682924,32176,187,328,eval-val
foldbench_monomer,7v3o_A,328,sparsa-scale-main-20260911-long-step-2000,single_seq,pair_network,,,,,,long,L/2,0.07926829268292683,32176,187,164,eval-val
foldbench_monomer,7v3o_A,328,sparsa-scale-main-20260911-long-step-2000,single_seq,pair_network,,,,,,long,L/5,0.13846153846153847,32176,187,65,eval-val
foldbench_monomer,7v3o_A,328,sparsa-scale-main-20260911-long-step-2000,single_seq,pair_network,,,,,,long,R,0.06951871657754011,32176,187,187,eval-val
foldbench_monomer,7v3o_A,328,sparsa-scale-main-20260911-long-step-2000,single_seq,pair_network,,,,,,long,AUC,0.8135861541977247,32176,187,32176,eval-val
foldbench_monomer,7w15_A,302,sparsa-scale-main-20260911-long-step-2000,single_seq,pair_network,,,,,,all,L,0.23509933774834438,41328,303,302,eval-val
foldbench_monomer,7w15_A,302,sparsa-scale-main-20260911-long-step-2000,single_seq,pair_network,,,,,,all,L/2,0.3443708609271523,41328,303,151,eval-val
foldbench_monomer,7w15_A,302,sparsa-scale-main-20260911-long-step-2000,single_seq,pair_network,,,,,,all,L/5,0.48333333333333334,41328,303,60,eval-val
foldbench_monomer,7w15_A,302,sparsa-scale-main-20260911-long-step-2000,single_seq,pair_network,,,,,,all,R,0.23432343234323433,41328,303,303,eval-val
foldbench_monomer,7w15_A,302,sparsa-scale-main-20260911-long-step-2000,single_seq,pair_network,,,,,,all,AUC,0.8538323850666603,41328,303,41328,eval-val
foldbench_monomer,7w15_A,302,sparsa-scale-main-20260911-long-step-2000,single_seq,pair_network,,,,,,short,L,0.11589403973509933,1707,47,302,eval-val
foldbench_monomer,7w15_A,302,sparsa-scale-main-20260911-long-step-2000,single_seq,pair_network,,,,,,short,L/2,0.18543046357615894,1707,47,151,eval-val
foldbench_monomer,7w15_A,302,sparsa-scale-main-20260911-long-step-2000,single_seq,pair_network,,,,,,short,L/5,0.38333333333333336,1707,47,60,eval-val
foldbench_monomer,7w15_A,302,sparsa-scale-main-20260911-long-step-2000,single_seq,pair_network,,,,,,short,R,0.44680851063829785,1707,47,47,eval-val
foldbench_monomer,7w15_A,302,sparsa-scale-main-20260911-long-step-2000,single_seq,pair_network,,,,,,short,AUC,0.9126441937964624,1707,47,1707,eval-val
foldbench_monomer,7w15_A,302,sparsa-scale-main-20260911-long-step-2000,single_seq,pair_network,,,,,,medium,L,0.13245033112582782,3306,59,302,eval-val
foldbench_monomer,7w15_A,302,sparsa-scale-main-20260911-long-step-2000,single_seq,pair_network,,,,,,medium,L/2,0.2052980132450331,3306,59,151,eval-val
foldbench_monomer,7w15_A,302,sparsa-scale-main-20260911-long-step-2000,single_seq,pair_network,,,,,,medium,L/5,0.36666666666666664,3306,59,60,eval-val
foldbench_monomer,7w15_A,302,sparsa-scale-main-20260911-long-step-2000,single_seq,pair_network,,,,,,medium,R,0.3728813559322034,3306,59,59,eval-val
foldbench_monomer,7w15_A,302,sparsa-scale-main-20260911-long-step-2000,single_seq,pair_network,,,,,,medium,AUC,0.921740015555428,3306,59,3306,eval-val
foldbench_monomer,7w15_A,302,sparsa-scale-main-20260911-long-step-2000,single_seq,pair_network,,,,,,long,L,0.09602649006622517,36315,197,302,eval-val
foldbench_monomer,7w15_A,302,sparsa-scale-main-20260911-long-step-2000,single_seq,pair_network,,,,,,long,L/2,0.152317880794702,36315,197,151,eval-val
foldbench_monomer,7w15_A,302,sparsa-scale-main-20260911-long-step-2000,single_seq,pair_network,,,,,,long,L/5,0.26666666666666666,36315,197,60,eval-val
foldbench_monomer,7w15_A,302,sparsa-scale-main-20260911-long-step-2000,single_seq,pair_network,,,,,,long,R,0.1218274111675127,36315,197,197,eval-val
foldbench_monomer,7w15_A,302,sparsa-scale-main-20260911-long-step-2000,single_seq,pair_network,,,,,,long,AUC,0.8079639129834724,36315,197,36315,eval-val
foldbench_monomer,7y3h_A,413,sparsa-scale-main-20260911-long-step-2000,single_seq,pair_network,,,,,,all,L,0.25181598062953997,76245,312,413,eval-val
foldbench_monomer,7y3h_A,413,sparsa-scale-main-20260911-long-step-2000,single_seq,pair_network,,,,,,all,L/2,0.3737864077669903,76245,312,206,eval-val
foldbench_monomer,7y3h_A,413,sparsa-scale-main-20260911-long-step-2000,single_seq,pair_network,,,,,,all,L/5,0.5609756097560976,76245,312,82,eval-val
foldbench_monomer,7y3h_A,413,sparsa-scale-main-20260911-long-step-2000,single_seq,pair_network,,,,,,all,R,0.2916666666666667,76245,312,312,eval-val
foldbench_monomer,7y3h_A,413,sparsa-scale-main-20260911-long-step-2000,single_seq,pair_network,,,,,,all,AUC,0.9630260879446016,76245,312,76245,eval-val
foldbench_monomer,7y3h_A,413,sparsa-scale-main-20260911-long-step-2000,single_seq,pair_network,,,,,,short,L,0.1234866828087167,2325,58,413,eval-val
foldbench_monomer,7y3h_A,413,sparsa-scale-main-20260911-long-step-2000,single_seq,pair_network,,,,,,short,L/2,0.22330097087378642,2325,58,206,eval-val
foldbench_monomer,7y3h_A,413,sparsa-scale-main-20260911-long-step-2000,single_seq,pair_network,,,,,,short,L/5,0.3780487804878049,2325,58,82,eval-val
foldbench_monomer,7y3h_A,413,sparsa-scale-main-20260911-long-step-2000,single_seq,pair_network,,,,,,short,R,0.5,2325,58,58,eval-val
foldbench_monomer,7y3h_A,413,sparsa-scale-main-20260911-long-step-2000,single_seq,pair_network,,,,,,short,AUC,0.9441575528953653,2325,58,2325,eval-val
foldbench_monomer,7y3h_A,413,sparsa-scale-main-20260911-long-step-2000,single_seq,pair_network,,,,,,medium,L,0.09685230024213075,4542,55,413,eval-val
foldbench_monomer,7y3h_A,413,sparsa-scale-main-20260911-long-step-2000,single_seq,pair_network,,,,,,medium,L/2,0.1553398058252427,4542,55,206,eval-val
foldbench_monomer,7y3h_A,413,sparsa-scale-main-20260911-long-step-2000,single_seq,pair_network,,,,,,medium,L/5,0.25609756097560976,4542,55,82,eval-val
foldbench_monomer,7y3h_A,413,sparsa-scale-main-20260911-long-step-2000,single_seq,pair_network,,,,,,medium,R,0.34545454545454546,4542,55,55,eval-val
foldbench_monomer,7y3h_A,413,sparsa-scale-main-20260911-long-step-2000,single_seq,pair_network,,,,,,medium,AUC,0.9242680876066212,4542,55,4542,eval-val
foldbench_monomer,7y3h_A,413,sparsa-scale-main-20260911-long-step-2000,single_seq,pair_network,,,,,,long,L,0.14769975786924938,69378,199,413,eval-val
foldbench_monomer,7y3h_A,413,sparsa-scale-main-20260911-long-step-2000,single_seq,pair_network,,,,,,long,L/2,0.21844660194174756,69378,199,206,eval-val
foldbench_monomer,7y3h_A,413,sparsa-scale-main-20260911-long-step-2000,single_seq,pair_network,,,,,,long,L/5,0.3170731707317073,69378,199,82,eval-val
foldbench_monomer,7y3h_A,413,sparsa-scale-main-20260911-long-step-2000,single_seq,pair_network,,,,,,long,R,0.22613065326633167,69378,199,199,eval-val
foldbench_monomer,7y3h_A,413,sparsa-scale-main-20260911-long-step-2000,single_seq,pair_network,,,,,,long,AUC,0.9613675352869815,69378,199,69378,eval-val
foldbench_monomer,7wz5_A,161,sparsa-scale-main-20260911-long-step-2000,single_seq,pair_network,,,,,,all,L,0.037267080745341616,12090,113,161,eval-val
foldbench_monomer,7wz5_A,161,sparsa-scale-main-20260911-long-step-2000,single_seq,pair_network,,,,,,all,L/2,0.05,12090,113,80,eval-val
foldbench_monomer,7wz5_A,161,sparsa-scale-main-20260911-long-step-2000,single_seq,pair_network,,,,,,all,L/5,0.09375,12090,113,32,eval-val
foldbench_monomer,7wz5_A,161,sparsa-scale-main-20260911-long-step-2000,single_seq,pair_network,,,,,,all,R,0.04424778761061947,12090,113,113,eval-val
foldbench_monomer,7wz5_A,161,sparsa-scale-main-20260911-long-step-2000,single_seq,pair_network,,,,,,all,AUC,0.7478448737661639,12090,113,12090,eval-val
foldbench_monomer,7wz5_A,161,sparsa-scale-main-20260911-long-step-2000,single_seq,pair_network,,,,,,short,L,0.018633540372670808,915,5,161,eval-val
foldbench_monomer,7wz5_A,161,sparsa-scale-main-20260911-long-step-2000,single_seq,pair_network,,,,,,short,L/2,0.0375,915,5,80,eval-val
foldbench_monomer,7wz5_A,161,sparsa-scale-main-20260911-long-step-2000,single_seq,pair_network,,,,,,short,L/5,0.09375,915,5,32,eval-val
foldbench_monomer,7wz5_A,161,sparsa-scale-main-20260911-long-step-2000,single_seq,pair_network,,,,,,short,R,0.2,915,5,5,eval-val
foldbench_monomer,7wz5_A,161,sparsa-scale-main-20260911-long-step-2000,single_seq,pair_network,,,,,,short,AUC,0.8995604395604395,915,5,915,eval-val
foldbench_monomer,7wz5_A,161,sparsa-scale-main-20260911-long-step-2000,single_seq,pair_network,,,,,,medium,L,0.006211180124223602,1722,5,161,eval-val
foldbench_monomer,7wz5_A,161,sparsa-scale-main-20260911-long-step-2000,single_seq,pair_network,,,,,,medium,L/2,0.0,1722,5,80,eval-val
foldbench_monomer,7wz5_A,161,sparsa-scale-main-20260911-long-step-2000,single_seq,pair_network,,,,,,medium,L/5,0.0,1722,5,32,eval-val
foldbench_monomer,7wz5_A,161,sparsa-scale-main-20260911-long-step-2000,single_seq,pair_network,,,,,,medium,R,0.0,1722,5,5,eval-val
foldbench_monomer,7wz5_A,161,sparsa-scale-main-20260911-long-step-2000,single_seq,pair_network,,,,,,medium,AUC,0.8494467093768201,1722,5,1722,eval-val
foldbench_monomer,7wz5_A,161,sparsa-scale-main-20260911-long-step-2000,single_seq,pair_network,,,,,,long,L,0.043478260869565216,9453,103,161,eval-val
foldbench_monomer,7wz5_A,161,sparsa-scale-main-20260911-long-step-2000,single_seq,pair_network,,,,,,long,L/2,0.0375,9453,103,80,eval-val
foldbench_monomer,7wz5_A,161,sparsa-scale-main-20260911-long-step-2000,single_seq,pair_network,,,,,,long,L/5,0.0625,9453,103,32,eval-val
foldbench_monomer,7wz5_A,161,sparsa-scale-main-20260911-long-step-2000,single_seq,pair_network,,,,,,long,R,0.04854368932038835,9453,103,103,eval-val
foldbench_monomer,7wz5_A,161,sparsa-scale-main-20260911-long-step-2000,single_seq,pair_network,,,,,,long,AUC,0.7528072270390945,9453,103,9453,eval-val
foldbench_monomer,7wzm_A,492,sparsa-scale-main-20260911-long-step-2000,single_seq,pair_network,,,,,,all,L,0.17276422764227642,102393,456,492,eval-val
foldbench_monomer,7wzm_A,492,sparsa-scale-main-20260911-long-step-2000,single_seq,pair_network,,,,,,all,L/2,0.2764227642276423,102393,456,246,eval-val
foldbench_monomer,7wzm_A,492,sparsa-scale-main-20260911-long-step-2000,single_seq,pair_network,,,,,,all,L/5,0.4489795918367347,102393,456,98,eval-val
foldbench_monomer,7wzm_A,492,sparsa-scale-main-20260911-long-step-2000,single_seq,pair_network,,,,,,all,R,0.17105263157894737,102393,456,456,eval-val
foldbench_monomer,7wzm_A,492,sparsa-scale-main-20260911-long-step-2000,single_seq,pair_network,,,,,,all,AUC,0.874922111765282,102393,456,102393,eval-val
foldbench_monomer,7wzm_A,492,sparsa-scale-main-20260911-long-step-2000,single_seq,pair_network,,,,,,short,L,0.08333333333333333,2652,55,492,eval-val
foldbench_monomer,7wzm_A,492,sparsa-scale-main-20260911-long-step-2000,single_seq,pair_network,,,,,,short,L/2,0.12601626016260162,2652,55,246,eval-val
foldbench_monomer,7wzm_A,492,sparsa-scale-main-20260911-long-step-2000,single_seq,pair_network,,,,,,short,L/5,0.22448979591836735,2652,55,98,eval-val
foldbench_monomer,7wzm_A,492,sparsa-scale-main-20260911-long-step-2000,single_seq,pair_network,,,,,,short,R,0.36363636363636365,2652,55,55,eval-val
foldbench_monomer,7wzm_A,492,sparsa-scale-main-20260911-long-step-2000,single_seq,pair_network,,,,,,short,AUC,0.8834039276087793,2652,55,2652,eval-val
foldbench_monomer,7wzm_A,492,sparsa-scale-main-20260911-long-step-2000,single_seq,pair_network,,,,,,medium,L,0.08943089430894309,5190,66,492,eval-val
foldbench_monomer,7wzm_A,492,sparsa-scale-main-20260911-long-step-2000,single_seq,pair_network,,,,,,medium,L/2,0.15447154471544716,5190,66,246,eval-val
foldbench_monomer,7wzm_A,492,sparsa-scale-main-20260911-long-step-2000,single_seq,pair_network,,,,,,medium,L/5,0.2653061224489796,5190,66,98,eval-val
foldbench_monomer,7wzm_A,492,sparsa-scale-main-20260911-long-step-2000,single_seq,pair_network,,,,,,medium,R,0.3787878787878788,5190,66,66,eval-val
foldbench_monomer,7wzm_A,492,sparsa-scale-main-20260911-long-step-2000,single_seq,pair_network,,,,,,medium,AUC,0.9116723440493932,5190,66,5190,eval-val
foldbench_monomer,7wzm_A,492,sparsa-scale-main-20260911-long-step-2000,single_seq,pair_network,,,,,,long,L,0.10365853658536585,94551,335,492,eval-val
foldbench_monomer,7wzm_A,492,sparsa-scale-main-20260911-long-step-2000,single_seq,pair_network,,,,,,long,L/2,0.13414634146341464,94551,335,246,eval-val
foldbench_monomer,7wzm_A,492,sparsa-scale-main-20260911-long-step-2000,single_seq,pair_network,,,,,,long,L/5,0.23469387755102042,94551,335,98,eval-val
foldbench_monomer,7wzm_A,492,sparsa-scale-main-20260911-long-step-2000,single_seq,pair_network,,,,,,long,R,0.11641791044776119,94551,335,335,eval-val
foldbench_monomer,7wzm_A,492,sparsa-scale-main-20260911-long-step-2000,single_seq,pair_network,,,,,,long,AUC,0.8534923560849063,94551,335,94551,eval-val
foldbench_monomer,7x4p_A,307,sparsa-scale-main-20260911-long-step-2000,single_seq,pair_network,,,,,,all,L,0.2280130293159609,45150,333,307,eval-val
foldbench_monomer,7x4p_A,307,sparsa-scale-main-20260911-long-step-2000,single_seq,pair_network,,,,,,all,L/2,0.3202614379084967,45150,333,153,eval-val
foldbench_monomer,7x4p_A,307,sparsa-scale-main-20260911-long-step-2000,single_seq,pair_network,,,,,,all,L/5,0.4098360655737705,45150,333,61,eval-val
foldbench_monomer,7x4p_A,307,sparsa-scale-main-20260911-long-step-2000,single_seq,pair_network,,,,,,all,R,0.22522522522522523,45150,333,333,eval-val
foldbench_monomer,7x4p_A,307,sparsa-scale-main-20260911-long-step-2000,single_seq,pair_network,,,,,,all,AUC,0.8857727464394578,45150,333,45150,eval-val
foldbench_monomer,7x4p_A,307,sparsa-scale-main-20260911-long-step-2000,single_seq,pair_network,,,,,,short,L,0.10423452768729642,1785,40,307,eval-val
foldbench_monomer,7x4p_A,307,sparsa-scale-main-20260911-long-step-2000,single_seq,pair_network,,,,,,short,L/2,0.1503267973856209,1785,40,153,eval-val
foldbench_monomer,7x4p_A,307,sparsa-scale-main-20260911-long-step-2000,single_seq,pair_network,,,,,,short,L/5,0.2459016393442623,1785,40,61,eval-val
foldbench_monomer,7x4p_A,307,sparsa-scale-main-20260911-long-step-2000,single_seq,pair_network,,,,,,short,R,0.3,1785,40,40,eval-val
foldbench_monomer,7x4p_A,307,sparsa-scale-main-20260911-long-step-2000,single_seq,pair_network,,,,,,short,AUC,0.8819340974212034,1785,40,1785,eval-val
foldbench_monomer,7x4p_A,307,sparsa-scale-main-20260911-long-step-2000,single_seq,pair_network,,,,,,medium,L,0.11074918566775244,3462,52,307,eval-val
foldbench_monomer,7x4p_A,307,sparsa-scale-main-20260911-long-step-2000,single_seq,pair_network,,,,,,medium,L/2,0.17647058823529413,3462,52,153,eval-val
foldbench_monomer,7x4p_A,307,sparsa-scale-main-20260911-long-step-2000,single_seq,pair_network,,,,,,medium,L/5,0.32786885245901637,3462,52,61,eval-val
foldbench_monomer,7x4p_A,307,sparsa-scale-main-20260911-long-step-2000,single_seq,pair_network,,,,,,medium,R,0.36538461538461536,3462,52,52,eval-val
foldbench_monomer,7x4p_A,307,sparsa-scale-main-20260911-long-step-2000,single_seq,pair_network,,,,,,medium,AUC,0.9147163320550418,3462,52,3462,eval-val
foldbench_monomer,7x4p_A,307,sparsa-scale-main-20260911-long-step-2000,single_seq,pair_network,,,,,,long,L,0.1465798045602606,39903,241,307,eval-val
foldbench_monomer,7x4p_A,307,sparsa-scale-main-20260911-long-step-2000,single_seq,pair_network,,,,,,long,L/2,0.21568627450980393,39903,241,153,eval-val
foldbench_monomer,7x4p_A,307,sparsa-scale-main-20260911-long-step-2000,single_seq,pair_network,,,,,,long,L/5,0.3114754098360656,39903,241,61,eval-val
foldbench_monomer,7x4p_A,307,sparsa-scale-main-20260911-long-step-2000,single_seq,pair_network,,,,,,long,R,0.17012448132780084,39903,241,241,eval-val
foldbench_monomer,7x4p_A,307,sparsa-scale-main-20260911-long-step-2000,single_seq,pair_network,,,,,,long,AUC,0.8720299602177822,39903,241,39903,eval-val
foldbench_monomer,7x3h_A,290,sparsa-scale-main-20260911-long-step-2000,single_seq,pair_network,,,,,,all,L,0.29310344827586204,36615,296,290,eval-val
foldbench_monomer,7x3h_A,290,sparsa-scale-main-20260911-long-step-2000,single_seq,pair_network,,,,,,all,L/2,0.3931034482758621,36615,296,145,eval-val
foldbench_monomer,7x3h_A,290,sparsa-scale-main-20260911-long-step-2000,single_seq,pair_network,,,,,,all,L/5,0.5517241379310345,36615,296,58,eval-val
foldbench_monomer,7x3h_A,290,sparsa-scale-main-20260911-long-step-2000,single_seq,pair_network,,,,,,all,R,0.28716216216216217,36615,296,296,eval-val
foldbench_monomer,7x3h_A,290,sparsa-scale-main-20260911-long-step-2000,single_seq,pair_network,,,,,,all,AUC,0.928883874719732,36615,296,36615,eval-val
foldbench_monomer,7x3h_A,290,sparsa-scale-main-20260911-long-step-2000,single_seq,pair_network,,,,,,short,L,0.1413793103448276,1545,47,290,eval-val
foldbench_monomer,7x3h_A,290,sparsa-scale-main-20260911-long-step-2000,single_seq,pair_network,,,,,,short,L/2,0.23448275862068965,1545,47,145,eval-val
foldbench_monomer,7x3h_A,290,sparsa-scale-main-20260911-long-step-2000,single_seq,pair_network,,,,,,short,L/5,0.4482758620689655,1545,47,58,eval-val
foldbench_monomer,7x3h_A,290,sparsa-scale-main-20260911-long-step-2000,single_seq,pair_network,,,,,,short,R,0.5106382978723404,1545,47,47,eval-val
foldbench_monomer,7x3h_A,290,sparsa-scale-main-20260911-long-step-2000,single_seq,pair_network,,,,,,short,AUC,0.938570576371332,1545,47,1545,eval-val
foldbench_monomer,7x3h_A,290,sparsa-scale-main-20260911-long-step-2000,single_seq,pair_network,,,,,,medium,L,0.1206896551724138,2982,53,290,eval-val
foldbench_monomer,7x3h_A,290,sparsa-scale-main-20260911-long-step-2000,single_seq,pair_network,,,,,,medium,L/2,0.1793103448275862,2982,53,145,eval-val
foldbench_monomer,7x3h_A,290,sparsa-scale-main-20260911-long-step-2000,single_seq,pair_network,,,,,,medium,L/5,0.3448275862068966,2982,53,58,eval-val
foldbench_monomer,7x3h_A,290,sparsa-scale-main-20260911-long-step-2000,single_seq,pair_network,,,,,,medium,R,0.37735849056603776,2982,53,53,eval-val
foldbench_monomer,7x3h_A,290,sparsa-scale-main-20260911-long-step-2000,single_seq,pair_network,,,,,,medium,AUC,0.9123179396664456,2982,53,2982,eval-val
foldbench_monomer,7x3h_A,290,sparsa-scale-main-20260911-long-step-2000,single_seq,pair_network,,,,,,long,L,0.1724137931034483,32088,196,290,eval-val
foldbench_monomer,7x3h_A,290,sparsa-scale-main-20260911-long-step-2000,single_seq,pair_network,,,,,,long,L/2,0.25517241379310346,32088,196,145,eval-val
foldbench_monomer,7x3h_A,290,sparsa-scale-main-20260911-long-step-2000,single_seq,pair_network,,,,,,long,L/5,0.3448275862068966,32088,196,58,eval-val
foldbench_monomer,7x3h_A,290,sparsa-scale-main-20260911-long-step-2000,single_seq,pair_network,,,,,,long,R,0.1989795918367347,32088,196,196,eval-val
foldbench_monomer,7x3h_A,290,sparsa-scale-main-20260911-long-step-2000,single_seq,pair_network,,,,,,long,AUC,0.9202684538634217,32088,196,32088,eval-val
foldbench_monomer,7x8l_A,514,sparsa-scale-main-20260911-long-step-2000,single_seq,pair_network,,,,,,all,L,0.23151750972762647,127777,580,514,eval-val
foldbench_monomer,7x8l_A,514,sparsa-scale-main-20260911-long-step-2000,single_seq,pair_network,,,,,,all,L/2,0.3424124513618677,127777,580,257,eval-val
foldbench_monomer,7x8l_A,514,sparsa-scale-main-20260911-long-step-2000,single_seq,pair_network,,,,,,all,L/5,0.5490196078431373,127777,580,102,eval-val
foldbench_monomer,7x8l_A,514,sparsa-scale-main-20260911-long-step-2000,single_seq,pair_network,,,,,,all,R,0.2189655172413793,127777,580,580,eval-val
foldbench_monomer,7x8l_A,514,sparsa-scale-main-20260911-long-step-2000,single_seq,pair_network,,,,,,all,AUC,0.9061571610477693,127777,580,127777,eval-val
foldbench_monomer,7x8l_A,514,sparsa-scale-main-20260911-long-step-2000,single_seq,pair_network,,,,,,short,L,0.0933852140077821,2997,61,514,eval-val
foldbench_monomer,7x8l_A,514,sparsa-scale-main-20260911-long-step-2000,single_seq,pair_network,,,,,,short,L/2,0.14007782101167315,2997,61,257,eval-val
foldbench_monomer,7x8l_A,514,sparsa-scale-main-20260911-long-step-2000,single_seq,pair_network,,,,,,short,L/5,0.21568627450980393,2997,61,102,eval-val
foldbench_monomer,7x8l_A,514,sparsa-scale-main-20260911-long-step-2000,single_seq,pair_network,,,,,,short,R,0.2786885245901639,2997,61,61,eval-val
foldbench_monomer,7x8l_A,514,sparsa-scale-main-20260911-long-step-2000,single_seq,pair_network,,,,,,short,AUC,0.8901873855362487,2997,61,2997,eval-val
foldbench_monomer,7x8l_A,514,sparsa-scale-main-20260911-long-step-2000,single_seq,pair_network,,,,,,medium,L,0.0914396887159533,5886,79,514,eval-val
foldbench_monomer,7x8l_A,514,sparsa-scale-main-20260911-long-step-2000,single_seq,pair_network,,,,,,medium,L/2,0.12840466926070038,5886,79,257,eval-val
foldbench_monomer,7x8l_A,514,sparsa-scale-main-20260911-long-step-2000,single_seq,pair_network,,,,,,medium,L/5,0.22549019607843138,5886,79,102,eval-val
foldbench_monomer,7x8l_A,514,sparsa-scale-main-20260911-long-step-2000,single_seq,pair_network,,,,,,medium,R,0.25316455696202533,5886,79,79,eval-val
foldbench_monomer,7x8l_A,514,sparsa-scale-main-20260911-long-step-2000,single_seq,pair_network,,,,,,medium,AUC,0.8659594596656589,5886,79,5886,eval-val
foldbench_monomer,7x8l_A,514,sparsa-scale-main-20260911-long-step-2000,single_seq,pair_network,,,,,,long,L,0.18093385214007782,118894,440,514,eval-val
foldbench_monomer,7x8l_A,514,sparsa-scale-main-20260911-long-step-2000,single_seq,pair_network,,,,,,long,L/2,0.2801556420233463,118894,440,257,eval-val
foldbench_monomer,7x8l_A,514,sparsa-scale-main-20260911-long-step-2000,single_seq,pair_network,,,,,,long,L/5,0.46078431372549017,118894,440,102,eval-val
foldbench_monomer,7x8l_A,514,sparsa-scale-main-20260911-long-step-2000,single_seq,pair_network,,,,,,long,R,0.2,118894,440,440,eval-val
foldbench_monomer,7x8l_A,514,sparsa-scale-main-20260911-long-step-2000,single_seq,pair_network,,,,,,long,AUC,0.9020868860485928,118894,440,118894,eval-val
foldbench_monomer,7xcd_A,178,sparsa-scale-main-20260911-long-step-2000,single_seq,pair_network,,,,,,all,L,0.12359550561797752,14878,148,178,eval-val
foldbench_monomer,7xcd_A,178,sparsa-scale-main-20260911-long-step-2000,single_seq,pair_network,,,,,,all,L/2,0.15730337078651685,14878,148,89,eval-val
foldbench_monomer,7xcd_A,178,sparsa-scale-main-20260911-long-step-2000,single_seq,pair_network,,,,,,all,L/5,0.22857142857142856,14878,148,35,eval-val
foldbench_monomer,7xcd_A,178,sparsa-scale-main-20260911-long-step-2000,single_seq,pair_network,,,,,,all,R,0.12837837837837837,14878,148,148,eval-val
foldbench_monomer,7xcd_A,178,sparsa-scale-main-20260911-long-step-2000,single_seq,pair_network,,,,,,all,AUC,0.838105264123594,14878,148,14878,eval-val
foldbench_monomer,7xcd_A,178,sparsa-scale-main-20260911-long-step-2000,single_seq,pair_network,,,,,,short,L,0.07303370786516854,1017,14,178,eval-val
foldbench_monomer,7xcd_A,178,sparsa-scale-main-20260911-long-step-2000,single_seq,pair_network,,,,,,short,L/2,0.10112359550561797,1017,14,89,eval-val
foldbench_monomer,7xcd_A,178,sparsa-scale-main-20260911-long-step-2000,single_seq,pair_network,,,,,,short,L/5,0.11428571428571428,1017,14,35,eval-val
foldbench_monomer,7xcd_A,178,sparsa-scale-main-20260911-long-step-2000,single_seq,pair_network,,,,,,short,R,0.2857142857142857,1017,14,14,eval-val
foldbench_monomer,7xcd_A,178,sparsa-scale-main-20260911-long-step-2000,single_seq,pair_network,,,,,,short,AUC,0.9180672268907564,1017,14,1017,eval-val
foldbench_monomer,7xcd_A,178,sparsa-scale-main-20260911-long-step-2000,single_seq,pair_network,,,,,,medium,L,0.12359550561797752,1926,31,178,eval-val
foldbench_monomer,7xcd_A,178,sparsa-scale-main-20260911-long-step-2000,single_seq,pair_network,,,,,,medium,L/2,0.1348314606741573,1926,31,89,eval-val
foldbench_monomer,7xcd_A,178,sparsa-scale-main-20260911-long-step-2000,single_seq,pair_network,,,,,,medium,L/5,0.2,1926,31,35,eval-val
foldbench_monomer,7xcd_A,178,sparsa-scale-main-20260911-long-step-2000,single_seq,pair_network,,,,,,medium,R,0.1935483870967742,1926,31,31,eval-val
foldbench_monomer,7xcd_A,178,sparsa-scale-main-20260911-long-step-2000,single_seq,pair_network,,,,,,medium,AUC,0.9180185547706188,1926,31,1926,eval-val
foldbench_monomer,7xcd_A,178,sparsa-scale-main-20260911-long-step-2000,single_seq,pair_network,,,,,,long,L,0.08426966292134831,11935,103,178,eval-val
foldbench_monomer,7xcd_A,178,sparsa-scale-main-20260911-long-step-2000,single_seq,pair_network,,,,,,long,L/2,0.10112359550561797,11935,103,89,eval-val
foldbench_monomer,7xcd_A,178,sparsa-scale-main-20260911-long-step-2000,single_seq,pair_network,,,,,,long,L/5,0.17142857142857143,11935,103,35,eval-val
foldbench_monomer,7xcd_A,178,sparsa-scale-main-20260911-long-step-2000,single_seq,pair_network,,,,,,long,R,0.0970873786407767,11935,103,103,eval-val
foldbench_monomer,7xcd_A,178,sparsa-scale-main-20260911-long-step-2000,single_seq,pair_network,,,,,,long,AUC,0.7971122412808445,11935,103,11935,eval-val
foldbench_monomer,7xg9_A,288,sparsa-scale-main-20260911-long-step-2000,single_seq,pair_network,,,,,,all,L,0.2743055555555556,39340,241,288,eval-val
foldbench_monomer,7xg9_A,288,sparsa-scale-main-20260911-long-step-2000,single_seq,pair_network,,,,,,all,L/2,0.3680555555555556,39340,241,144,eval-val
foldbench_monomer,7xg9_A,288,sparsa-scale-main-20260911-long-step-2000,single_seq,pair_network,,,,,,all,L/5,0.43859649122807015,39340,241,57,eval-val
foldbench_monomer,7xg9_A,288,sparsa-scale-main-20260911-long-step-2000,single_seq,pair_network,,,,,,all,R,0.3112033195020747,39340,241,241,eval-val
foldbench_monomer,7xg9_A,288,sparsa-scale-main-20260911-long-step-2000,single_seq,pair_network,,,,,,all,AUC,0.9546062930581898,39340,241,39340,eval-val
foldbench_monomer,7xg9_A,288,sparsa-scale-main-20260911-long-step-2000,single_seq,pair_network,,,,,,short,L,0.0625,1665,19,288,eval-val
foldbench_monomer,7xg9_A,288,sparsa-scale-main-20260911-long-step-2000,single_seq,pair_network,,,,,,short,L/2,0.11805555555555555,1665,19,144,eval-val
foldbench_monomer,7xg9_A,288,sparsa-scale-main-20260911-long-step-2000,single_seq,pair_network,,,,,,short,L/5,0.2631578947368421,1665,19,57,eval-val
foldbench_monomer,7xg9_A,288,sparsa-scale-main-20260911-long-step-2000,single_seq,pair_network,,,,,,short,R,0.47368421052631576,1665,19,19,eval-val
foldbench_monomer,7xg9_A,288,sparsa-scale-main-20260911-long-step-2000,single_seq,pair_network,,,,,,short,AUC,0.9746594615335423,1665,19,1665,eval-val
foldbench_monomer,7xg9_A,288,sparsa-scale-main-20260911-long-step-2000,single_seq,pair_network,,,,,,medium,L,0.05555555555555555,3222,21,288,eval-val
foldbench_monomer,7xg9_A,288,sparsa-scale-main-20260911-long-step-2000,single_seq,pair_network,,,,,,medium,L/2,0.08333333333333333,3222,21,144,eval-val
foldbench_monomer,7xg9_A,288,sparsa-scale-main-20260911-long-step-2000,single_seq,pair_network,,,,,,medium,L/5,0.12280701754385964,3222,21,57,eval-val
foldbench_monomer,7xg9_A,288,sparsa-scale-main-20260911-long-step-2000,single_seq,pair_network,,,,,,medium,R,0.23809523809523808,3222,21,21,eval-val
foldbench_monomer,7xg9_A,288,sparsa-scale-main-20260911-long-step-2000,single_seq,pair_network,,,,,,medium,AUC,0.9517933383912764,3222,21,3222,eval-val
foldbench_monomer,7xg9_A,288,sparsa-scale-main-20260911-long-step-2000,single_seq,pair_network,,,,,,long,L,0.24305555555555555,34453,201,288,eval-val
foldbench_monomer,7xg9_A,288,sparsa-scale-main-20260911-long-step-2000,single_seq,pair_network,,,,,,long,L/2,0.3194444444444444,34453,201,144,eval-val
foldbench_monomer,7xg9_A,288,sparsa-scale-main-20260911-long-step-2000,single_seq,pair_network,,,,,,long,L/5,0.38596491228070173,34453,201,57,eval-val
foldbench_monomer,7xg9_A,288,sparsa-scale-main-20260911-long-step-2000,single_seq,pair_network,,,,,,long,R,0.2935323383084577,34453,201,201,eval-val
foldbench_monomer,7xg9_A,288,sparsa-scale-main-20260911-long-step-2000,single_seq,pair_network,,,,,,long,AUC,0.9544058290818476,34453,201,34453,eval-val
foldbench_monomer,7xi5_A,65,sparsa-scale-main-20260911-long-step-2000,single_seq,pair_network,,,,,,all,L,0.5692307692307692,1326,42,65,eval-val
foldbench_monomer,7xi5_A,65,sparsa-scale-main-20260911-long-step-2000,single_seq,pair_network,,,,,,all,L/2,0.875,1326,42,32,eval-val
foldbench_monomer,7xi5_A,65,sparsa-scale-main-20260911-long-step-2000,single_seq,pair_network,,,,,,all,L/5,1.0,1326,42,13,eval-val
foldbench_monomer,7xi5_A,65,sparsa-scale-main-20260911-long-step-2000,single_seq,pair_network,,,,,,all,R,0.7619047619047619,1326,42,42,eval-val
foldbench_monomer,7xi5_A,65,sparsa-scale-main-20260911-long-step-2000,single_seq,pair_network,,,,,,all,AUC,0.9893098205014094,1326,42,1326,eval-val
foldbench_monomer,7xi5_A,65,sparsa-scale-main-20260911-long-step-2000,single_seq,pair_network,,,,,,short,L,0.16923076923076924,291,11,65,eval-val
foldbench_monomer,7xi5_A,65,sparsa-scale-main-20260911-long-step-2000,single_seq,pair_network,,,,,,short,L/2,0.34375,291,11,32,eval-val
foldbench_monomer,7xi5_A,65,sparsa-scale-main-20260911-long-step-2000,single_seq,pair_network,,,,,,short,L/5,0.6923076923076923,291,11,13,eval-val
foldbench_monomer,7xi5_A,65,sparsa-scale-main-20260911-long-step-2000,single_seq,pair_network,,,,,,short,R,0.7272727272727273,291,11,11,eval-val
foldbench_monomer,7xi5_A,65,sparsa-scale-main-20260911-long-step-2000,single_seq,pair_network,,,,,,short,AUC,0.9918831168831168,291,11,291,eval-val
foldbench_monomer,7xi5_A,65,sparsa-scale-main-20260911-long-step-2000,single_seq,pair_network,,,,,,medium,L,0.12307692307692308,474,8,65,eval-val
foldbench_monomer,7xi5_A,65,sparsa-scale-main-20260911-long-step-2000,single_seq,pair_network,,,,,,medium,L/2,0.25,474,8,32,eval-val
foldbench_monomer,7xi5_A,65,sparsa-scale-main-20260911-long-step-2000,single_seq,pair_network,,,,,,medium,L/5,0.5384615384615384,474,8,13,eval-val
foldbench_monomer,7xi5_A,65,sparsa-scale-main-20260911-long-step-2000,single_seq,pair_network,,,,,,medium,R,0.75,474,8,8,eval-val
foldbench_monomer,7xi5_A,65,sparsa-scale-main-20260911-long-step-2000,single_seq,pair_network,,,,,,medium,AUC,0.9962446351931331,474,8,474,eval-val
foldbench_monomer,7xi5_A,65,sparsa-scale-main-20260911-long-step-2000,single_seq,pair_network,,,,,,long,L,0.3384615384615385,561,23,65,eval-val
foldbench_monomer,7xi5_A,65,sparsa-scale-main-20260911-long-step-2000,single_seq,pair_network,,,,,,long,L/2,0.625,561,23,32,eval-val
foldbench_monomer,7xi5_A,65,sparsa-scale-main-20260911-long-step-2000,single_seq,pair_network,,,,,,long,L/5,0.9230769230769231,561,23,13,eval-val
foldbench_monomer,7xi5_A,65,sparsa-scale-main-20260911-long-step-2000,single_seq,pair_network,,,,,,long,R,0.7391304347826086,561,23,23,eval-val
foldbench_monomer,7xi5_A,65,sparsa-scale-main-20260911-long-step-2000,single_seq,pair_network,,,,,,long,AUC,0.9812510101826409,561,23,561,eval-val
foldbench_monomer,7xp9_A,84,sparsa-scale-main-20260911-long-step-2000,single_seq,pair_network,,,,,,all,L,0.23809523809523808,2485,45,84,eval-val
foldbench_monomer,7xp9_A,84,sparsa-scale-main-20260911-long-step-2000,single_seq,pair_network,,,,,,all,L/2,0.2857142857142857,2485,45,42,eval-val
foldbench_monomer,7xp9_A,84,sparsa-scale-main-20260911-long-step-2000,single_seq,pair_network,,,,,,all,L/5,0.4375,2485,45,16,eval-val
foldbench_monomer,7xp9_A,84,sparsa-scale-main-20260911-long-step-2000,single_seq,pair_network,,,,,,all,R,0.28888888888888886,2485,45,45,eval-val
foldbench_monomer,7xp9_A,84,sparsa-scale-main-20260911-long-step-2000,single_seq,pair_network,,,,,,all,AUC,0.9289298724954463,2485,45,2485,eval-val
foldbench_monomer,7xp9_A,84,sparsa-scale-main-20260911-long-step-2000,single_seq,pair_network,,,,,,short,L,0.09523809523809523,405,8,84,eval-val
foldbench_monomer,7xp9_A,84,sparsa-scale-main-20260911-long-step-2000,single_seq,pair_network,,,,,,short,L/2,0.16666666666666666,405,8,42,eval-val
foldbench_monomer,7xp9_A,84,sparsa-scale-main-20260911-long-step-2000,single_seq,pair_network,,,,,,short,L/5,0.25,405,8,16,eval-val
foldbench_monomer,7xp9_A,84,sparsa-scale-main-20260911-long-step-2000,single_seq,pair_network,,,,,,short,R,0.5,405,8,8,eval-val
foldbench_monomer,7xp9_A,84,sparsa-scale-main-20260911-long-step-2000,single_seq,pair_network,,,,,,short,AUC,0.9674118387909321,405,8,405,eval-val
foldbench_monomer,7xp9_A,84,sparsa-scale-main-20260911-long-step-2000,single_seq,pair_network,,,,,,medium,L,0.11904761904761904,702,10,84,eval-val
foldbench_monomer,7xp9_A,84,sparsa-scale-main-20260911-long-step-2000,single_seq,pair_network,,,,,,medium,L/2,0.19047619047619047,702,10,42,eval-val
foldbench_monomer,7xp9_A,84,sparsa-scale-main-20260911-long-step-2000,single_seq,pair_network,,,,,,medium,L/5,0.3125,702,10,16,eval-val
foldbench_monomer,7xp9_A,84,sparsa-scale-main-20260911-long-step-2000,single_seq,pair_network,,,,,,medium,R,0.4,702,10,10,eval-val
foldbench_monomer,7xp9_A,84,sparsa-scale-main-20260911-long-step-2000,single_seq,pair_network,,,,,,medium,AUC,0.972471098265896,702,10,702,eval-val
foldbench_monomer,7xp9_A,84,sparsa-scale-main-20260911-long-step-2000,single_seq,pair_network,,,,,,long,L,0.14285714285714285,1378,27,84,eval-val
foldbench_monomer,7xp9_A,84,sparsa-scale-main-20260911-long-step-2000,single_seq,pair_network,,,,,,long,L/2,0.19047619047619047,1378,27,42,eval-val
foldbench_monomer,7xp9_A,84,sparsa-scale-main-20260911-long-step-2000,single_seq,pair_network,,,,,,long,L/5,0.3125,1378,27,16,eval-val
foldbench_monomer,7xp9_A,84,sparsa-scale-main-20260911-long-step-2000,single_seq,pair_network,,,,,,long,R,0.2222222222222222,1378,27,27,eval-val
foldbench_monomer,7xp9_A,84,sparsa-scale-main-20260911-long-step-2000,single_seq,pair_network,,,,,,long,AUC,0.8871754804397292,1378,27,1378,eval-val
foldbench_monomer,8ycm_A,229,sparsa-scale-main-20260911-long-step-2000,single_seq,pair_network,,,,,,all,L,0.13973799126637554,23436,196,229,eval-val
foldbench_monomer,8ycm_A,229,sparsa-scale-main-20260911-long-step-2000,single_seq,pair_network,,,,,,all,L/2,0.19298245614035087,23436,196,114,eval-val
foldbench_monomer,8ycm_A,229,sparsa-scale-main-20260911-long-step-2000,single_seq,pair_network,,,,,,all,L/5,0.28888888888888886,23436,196,45,eval-val
foldbench_monomer,8ycm_A,229,sparsa-scale-main-20260911-long-step-2000,single_seq,pair_network,,,,,,all,R,0.15306122448979592,23436,196,196,eval-val
foldbench_monomer,8ycm_A,229,sparsa-scale-main-20260911-long-step-2000,single_seq,pair_network,,,,,,all,AUC,0.8773290684604307,23436,196,23436,eval-val
foldbench_monomer,8ycm_A,229,sparsa-scale-main-20260911-long-step-2000,single_seq,pair_network,,,,,,short,L,0.11790393013100436,1281,33,229,eval-val
foldbench_monomer,8ycm_A,229,sparsa-scale-main-20260911-long-step-2000,single_seq,pair_network,,,,,,short,L/2,0.17543859649122806,1281,33,114,eval-val
foldbench_monomer,8ycm_A,229,sparsa-scale-main-20260911-long-step-2000,single_seq,pair_network,,,,,,short,L/5,0.28888888888888886,1281,33,45,eval-val
foldbench_monomer,8ycm_A,229,sparsa-scale-main-20260911-long-step-2000,single_seq,pair_network,,,,,,short,R,0.36363636363636365,1281,33,33,eval-val
foldbench_monomer,8ycm_A,229,sparsa-scale-main-20260911-long-step-2000,single_seq,pair_network,,,,,,short,AUC,0.9026806526806528,1281,33,1281,eval-val
foldbench_monomer,8ycm_A,229,sparsa-scale-main-20260911-long-step-2000,single_seq,pair_network,,,,,,medium,L,0.06550218340611354,2454,35,229,eval-val
foldbench_monomer,8ycm_A,229,sparsa-scale-main-20260911-long-step-2000,single_seq,pair_network,,,,,,medium,L/2,0.10526315789473684,2454,35,114,eval-val
foldbench_monomer,8ycm_A,229,sparsa-scale-main-20260911-long-step-2000,single_seq,pair_network,,,,,,medium,L/5,0.1111111111111111,2454,35,45,eval-val
foldbench_monomer,8ycm_A,229,sparsa-scale-main-20260911-long-step-2000,single_seq,pair_network,,,,,,medium,R,0.11428571428571428,2454,35,35,eval-val
foldbench_monomer,8ycm_A,229,sparsa-scale-main-20260911-long-step-2000,single_seq,pair_network,,,,,,medium,AUC,0.8220752377015296,2454,35,2454,eval-val
foldbench_monomer,8ycm_A,229,sparsa-scale-main-20260911-long-step-2000,single_seq,pair_network,,,,,,long,L,0.10043668122270742,19701,128,229,eval-val
foldbench_monomer,8ycm_A,229,sparsa-scale-main-20260911-long-step-2000,single_seq,pair_network,,,,,,long,L/2,0.12280701754385964,19701,128,114,eval-val
foldbench_monomer,8ycm_A,229,sparsa-scale-main-20260911-long-step-2000,single_seq,pair_network,,,,,,long,L/5,0.1111111111111111,19701,128,45,eval-val
foldbench_monomer,8ycm_A,229,sparsa-scale-main-20260911-long-step-2000,single_seq,pair_network,,,,,,long,R,0.109375,19701,128,128,eval-val
foldbench_monomer,8ycm_A,229,sparsa-scale-main-20260911-long-step-2000,single_seq,pair_network,,,,,,long,AUC,0.8730286140346396,19701,128,19701,eval-val
foldbench_monomer,7xq4_A,514,sparsa-scale-main-20260911-long-step-2000,single_seq,pair_network,,,,,,all,L,0.22178988326848248,116915,472,514,eval-val
foldbench_monomer,7xq4_A,514,sparsa-scale-main-20260911-long-step-2000,single_seq,pair_network,,,,,,all,L/2,0.311284046692607,116915,472,257,eval-val
foldbench_monomer,7xq4_A,514,sparsa-scale-main-20260911-long-step-2000,single_seq,pair_network,,,,,,all,L/5,0.49019607843137253,116915,472,102,eval-val
foldbench_monomer,7xq4_A,514,sparsa-scale-main-20260911-long-step-2000,single_seq,pair_network,,,,,,all,R,0.2330508474576271,116915,472,472,eval-val
foldbench_monomer,7xq4_A,514,sparsa-scale-main-20260911-long-step-2000,single_seq,pair_network,,,,,,all,AUC,0.9447035317490757,116915,472,116915,eval-val
foldbench_monomer,7xq4_A,514,sparsa-scale-main-20260911-long-step-2000,single_seq,pair_network,,,,,,short,L,0.12062256809338522,2808,77,514,eval-val
foldbench_monomer,7xq4_A,514,sparsa-scale-main-20260911-long-step-2000,single_seq,pair_network,,,,,,short,L/2,0.20233463035019456,2808,77,257,eval-val
foldbench_monomer,7xq4_A,514,sparsa-scale-main-20260911-long-step-2000,single_seq,pair_network,,,,,,short,L/5,0.37254901960784315,2808,77,102,eval-val
foldbench_monomer,7xq4_A,514,sparsa-scale-main-20260911-long-step-2000,single_seq,pair_network,,,,,,short,R,0.45454545454545453,2808,77,77,eval-val
foldbench_monomer,7xq4_A,514,sparsa-scale-main-20260911-long-step-2000,single_seq,pair_network,,,,,,short,AUC,0.9325707247713838,2808,77,2808,eval-val
foldbench_monomer,7xq4_A,514,sparsa-scale-main-20260911-long-step-2000,single_seq,pair_network,,,,,,medium,L,0.08171206225680934,5436,60,514,eval-val
foldbench_monomer,7xq4_A,514,sparsa-scale-main-20260911-long-step-2000,single_seq,pair_network,,,,,,medium,L/2,0.12062256809338522,5436,60,257,eval-val
foldbench_monomer,7xq4_A,514,sparsa-scale-main-20260911-long-step-2000,single_seq,pair_network,,,,,,medium,L/5,0.14705882352941177,5436,60,102,eval-val
foldbench_monomer,7xq4_A,514,sparsa-scale-main-20260911-long-step-2000,single_seq,pair_network,,,,,,medium,R,0.25,5436,60,60,eval-val
foldbench_monomer,7xq4_A,514,sparsa-scale-main-20260911-long-step-2000,single_seq,pair_network,,,,,,medium,AUC,0.9297944568452381,5436,60,5436,eval-val
foldbench_monomer,7xq4_A,514,sparsa-scale-main-20260911-long-step-2000,single_seq,pair_network,,,,,,long,L,0.14591439688715954,108671,335,514,eval-val
foldbench_monomer,7xq4_A,514,sparsa-scale-main-20260911-long-step-2000,single_seq,pair_network,,,,,,long,L/2,0.21011673151750973,108671,335,257,eval-val
foldbench_monomer,7xq4_A,514,sparsa-scale-main-20260911-long-step-2000,single_seq,pair_network,,,,,,long,L/5,0.2549019607843137,108671,335,102,eval-val
foldbench_monomer,7xq4_A,514,sparsa-scale-main-20260911-long-step-2000,single_seq,pair_network,,,,,,long,R,0.18208955223880596,108671,335,335,eval-val
foldbench_monomer,7xq4_A,514,sparsa-scale-main-20260911-long-step-2000,single_seq,pair_network,,,,,,long,AUC,0.9361948289125924,108671,335,108671,eval-val
foldbench_monomer,7xrx_A,398,sparsa-scale-main-20260911-long-step-2000,single_seq,pair_network,,,,,,all,L,0.16331658291457288,77028,396,398,eval-val
foldbench_monomer,7xrx_A,398,sparsa-scale-main-20260911-long-step-2000,single_seq,pair_network,,,,,,all,L/2,0.22110552763819097,77028,396,199,eval-val
foldbench_monomer,7xrx_A,398,sparsa-scale-main-20260911-long-step-2000,single_seq,pair_network,,,,,,all,L/5,0.35443037974683544,77028,396,79,eval-val
foldbench_monomer,7xrx_A,398,sparsa-scale-main-20260911-long-step-2000,single_seq,pair_network,,,,,,all,R,0.1590909090909091,77028,396,396,eval-val
foldbench_monomer,7xrx_A,398,sparsa-scale-main-20260911-long-step-2000,single_seq,pair_network,,,,,,all,AUC,0.873407497962188,77028,396,77028,eval-val
foldbench_monomer,7xrx_A,398,sparsa-scale-main-20260911-long-step-2000,single_seq,pair_network,,,,,,short,L,0.09045226130653267,2337,57,398,eval-val
foldbench_monomer,7xrx_A,398,sparsa-scale-main-20260911-long-step-2000,single_seq,pair_network,,,,,,short,L/2,0.1407035175879397,2337,57,199,eval-val
foldbench_monomer,7xrx_A,398,sparsa-scale-main-20260911-long-step-2000,single_seq,pair_network,,,,,,short,L/5,0.25316455696202533,2337,57,79,eval-val
foldbench_monomer,7xrx_A,398,sparsa-scale-main-20260911-long-step-2000,single_seq,pair_network,,,,,,short,R,0.3157894736842105,2337,57,57,eval-val
foldbench_monomer,7xrx_A,398,sparsa-scale-main-20260911-long-step-2000,single_seq,pair_network,,,,,,short,AUC,0.8646198830409356,2337,57,2337,eval-val
foldbench_monomer,7xrx_A,398,sparsa-scale-main-20260911-long-step-2000,single_seq,pair_network,,,,,,medium,L,0.04020100502512563,4566,37,398,eval-val
foldbench_monomer,7xrx_A,398,sparsa-scale-main-20260911-long-step-2000,single_seq,pair_network,,,,,,medium,L/2,0.06030150753768844,4566,37,199,eval-val
foldbench_monomer,7xrx_A,398,sparsa-scale-main-20260911-long-step-2000,single_seq,pair_network,,,,,,medium,L/5,0.0759493670886076,4566,37,79,eval-val
foldbench_monomer,7xrx_A,398,sparsa-scale-main-20260911-long-step-2000,single_seq,pair_network,,,,,,medium,R,0.13513513513513514,4566,37,37,eval-val
foldbench_monomer,7xrx_A,398,sparsa-scale-main-20260911-long-step-2000,single_seq,pair_network,,,,,,medium,AUC,0.8210451564392831,4566,37,4566,eval-val
foldbench_monomer,7xrx_A,398,sparsa-scale-main-20260911-long-step-2000,single_seq,pair_network,,,,,,long,L,0.10301507537688442,70125,302,398,eval-val
foldbench_monomer,7xrx_A,398,sparsa-scale-main-20260911-long-step-2000,single_seq,pair_network,,,,,,long,L/2,0.1708542713567839,70125,302,199,eval-val
foldbench_monomer,7xrx_A,398,sparsa-scale-main-20260911-long-step-2000,single_seq,pair_network,,,,,,long,L/5,0.24050632911392406,70125,302,79,eval-val
foldbench_monomer,7xrx_A,398,sparsa-scale-main-20260911-long-step-2000,single_seq,pair_network,,,,,,long,R,0.12582781456953643,70125,302,302,eval-val
foldbench_monomer,7xrx_A,398,sparsa-scale-main-20260911-long-step-2000,single_seq,pair_network,,,,,,long,AUC,0.8661230957407627,70125,302,70125,eval-val
foldbench_monomer,7xjr_A,337,sparsa-scale-main-20260911-long-step-2000,single_seq,pair_network,,,,,,all,L,0.29080118694362017,45150,354,337,eval-val
foldbench_monomer,7xjr_A,337,sparsa-scale-main-20260911-long-step-2000,single_seq,pair_network,,,,,,all,L/2,0.38095238095238093,45150,354,168,eval-val
foldbench_monomer,7xjr_A,337,sparsa-scale-main-20260911-long-step-2000,single_seq,pair_network,,,,,,all,L/5,0.4626865671641791,45150,354,67,eval-val
foldbench_monomer,7xjr_A,337,sparsa-scale-main-20260911-long-step-2000,single_seq,pair_network,,,,,,all,R,0.288135593220339,45150,354,354,eval-val
foldbench_monomer,7xjr_A,337,sparsa-scale-main-20260911-long-step-2000,single_seq,pair_network,,,,,,all,AUC,0.9570289266142104,45150,354,45150,eval-val
foldbench_monomer,7xjr_A,337,sparsa-scale-main-20260911-long-step-2000,single_seq,pair_network,,,,,,short,L,0.09198813056379822,1785,37,337,eval-val
foldbench_monomer,7xjr_A,337,sparsa-scale-main-20260911-long-step-2000,single_seq,pair_network,,,,,,short,L/2,0.14285714285714285,1785,37,168,eval-val
foldbench_monomer,7xjr_A,337,sparsa-scale-main-20260911-long-step-2000,single_seq,pair_network,,,,,,short,L/5,0.23880597014925373,1785,37,67,eval-val
foldbench_monomer,7xjr_A,337,sparsa-scale-main-20260911-long-step-2000,single_seq,pair_network,,,,,,short,R,0.2972972972972973,1785,37,37,eval-val
foldbench_monomer,7xjr_A,337,sparsa-scale-main-20260911-long-step-2000,single_seq,pair_network,,,,,,short,AUC,0.9194910012987816,1785,37,1785,eval-val
foldbench_monomer,7xjr_A,337,sparsa-scale-main-20260911-long-step-2000,single_seq,pair_network,,,,,,medium,L,0.09792284866468842,3462,42,337,eval-val
foldbench_monomer,7xjr_A,337,sparsa-scale-main-20260911-long-step-2000,single_seq,pair_network,,,,,,medium,L/2,0.13690476190476192,3462,42,168,eval-val
foldbench_monomer,7xjr_A,337,sparsa-scale-main-20260911-long-step-2000,single_seq,pair_network,,,,,,medium,L/5,0.19402985074626866,3462,42,67,eval-val
foldbench_monomer,7xjr_A,337,sparsa-scale-main-20260911-long-step-2000,single_seq,pair_network,,,,,,medium,R,0.21428571428571427,3462,42,42,eval-val
foldbench_monomer,7xjr_A,337,sparsa-scale-main-20260911-long-step-2000,single_seq,pair_network,,,,,,medium,AUC,0.9466409078251183,3462,42,3462,eval-val
foldbench_monomer,7xjr_A,337,sparsa-scale-main-20260911-long-step-2000,single_seq,pair_network,,,,,,long,L,0.26112759643916916,39903,275,337,eval-val
foldbench_monomer,7xjr_A,337,sparsa-scale-main-20260911-long-step-2000,single_seq,pair_network,,,,,,long,L/2,0.36904761904761907,39903,275,168,eval-val
foldbench_monomer,7xjr_A,337,sparsa-scale-main-20260911-long-step-2000,single_seq,pair_network,,,,,,long,L/5,0.44776119402985076,39903,275,67,eval-val
foldbench_monomer,7xjr_A,337,sparsa-scale-main-20260911-long-step-2000,single_seq,pair_network,,,,,,long,R,0.29454545454545455,39903,275,275,eval-val
foldbench_monomer,7xjr_A,337,sparsa-scale-main-20260911-long-step-2000,single_seq,pair_network,,,,,,long,AUC,0.9587209686447599,39903,275,39903,eval-val
foldbench_monomer,7xyr_A,591,sparsa-scale-main-20260911-long-step-2000,single_seq,pair_network,,,,,,all,L,0.3096446700507614,146099,707,591,eval-val
foldbench_monomer,7xyr_A,591,sparsa-scale-main-20260911-long-step-2000,single_seq,pair_network,,,,,,all,L/2,0.4542372881355932,146099,707,295,eval-val
foldbench_monomer,7xyr_A,591,sparsa-scale-main-20260911-long-step-2000,single_seq,pair_network,,,,,,all,L/5,0.652542372881356,146099,707,118,eval-val
foldbench_monomer,7xyr_A,591,sparsa-scale-main-20260911-long-step-2000,single_seq,pair_network,,,,,,all,R,0.2842998585572843,146099,707,707,eval-val
foldbench_monomer,7xyr_A,591,sparsa-scale-main-20260911-long-step-2000,single_seq,pair_network,,,,,,all,AUC,0.9283022591687552,146099,707,146099,eval-val
foldbench_monomer,7xyr_A,591,sparsa-scale-main-20260911-long-step-2000,single_seq,pair_network,,,,,,short,L,0.10490693739424704,3150,74,591,eval-val
foldbench_monomer,7xyr_A,591,sparsa-scale-main-20260911-long-step-2000,single_seq,pair_network,,,,,,short,L/2,0.16610169491525423,3150,74,295,eval-val
foldbench_monomer,7xyr_A,591,sparsa-scale-main-20260911-long-step-2000,single_seq,pair_network,,,,,,short,L/5,0.288135593220339,3150,74,118,eval-val
foldbench_monomer,7xyr_A,591,sparsa-scale-main-20260911-long-step-2000,single_seq,pair_network,,,,,,short,R,0.36486486486486486,3150,74,74,eval-val
foldbench_monomer,7xyr_A,591,sparsa-scale-main-20260911-long-step-2000,single_seq,pair_network,,,,,,short,AUC,0.9201797701472605,3150,74,3150,eval-val
foldbench_monomer,7xyr_A,591,sparsa-scale-main-20260911-long-step-2000,single_seq,pair_network,,,,,,medium,L,0.13705583756345177,6105,106,591,eval-val
foldbench_monomer,7xyr_A,591,sparsa-scale-main-20260911-long-step-2000,single_seq,pair_network,,,,,,medium,L/2,0.22372881355932203,6105,106,295,eval-val
foldbench_monomer,7xyr_A,591,sparsa-scale-main-20260911-long-step-2000,single_seq,pair_network,,,,,,medium,L/5,0.3644067796610169,6105,106,118,eval-val
foldbench_monomer,7xyr_A,591,sparsa-scale-main-20260911-long-step-2000,single_seq,pair_network,,,,,,medium,R,0.39622641509433965,6105,106,106,eval-val
foldbench_monomer,7xyr_A,591,sparsa-scale-main-20260911-long-step-2000,single_seq,pair_network,,,,,,medium,AUC,0.9198223288787125,6105,106,6105,eval-val
foldbench_monomer,7xyr_A,591,sparsa-scale-main-20260911-long-step-2000,single_seq,pair_network,,,,,,long,L,0.24873096446700507,136844,527,591,eval-val
foldbench_monomer,7xyr_A,591,sparsa-scale-main-20260911-long-step-2000,single_seq,pair_network,,,,,,long,L/2,0.33559322033898303,136844,527,295,eval-val
foldbench_monomer,7xyr_A,591,sparsa-scale-main-20260911-long-step-2000,single_seq,pair_network,,,,,,long,L/5,0.5169491525423728,136844,527,118,eval-val
foldbench_monomer,7xyr_A,591,sparsa-scale-main-20260911-long-step-2000,single_seq,pair_network,,,,,,long,R,0.2618595825426945,136844,527,527,eval-val
foldbench_monomer,7xyr_A,591,sparsa-scale-main-20260911-long-step-2000,single_seq,pair_network,,,,,,long,AUC,0.9200903438893875,136844,527,136844,eval-val
foldbench_monomer,7xz3_A,325,sparsa-scale-main-20260911-long-step-2000,single_seq,pair_network,,,,,,all,L,0.12,35832,316,325,eval-val
foldbench_monomer,7xz3_A,325,sparsa-scale-main-20260911-long-step-2000,single_seq,pair_network,,,,,,all,L/2,0.1728395061728395,35832,316,162,eval-val
foldbench_monomer,7xz3_A,325,sparsa-scale-main-20260911-long-step-2000,single_seq,pair_network,,,,,,all,L/5,0.26153846153846155,35832,316,65,eval-val
foldbench_monomer,7xz3_A,325,sparsa-scale-main-20260911-long-step-2000,single_seq,pair_network,,,,,,all,R,0.11708860759493671,35832,316,316,eval-val
foldbench_monomer,7xz3_A,325,sparsa-scale-main-20260911-long-step-2000,single_seq,pair_network,,,,,,all,AUC,0.8329407783405876,35832,316,35832,eval-val
foldbench_monomer,7xz3_A,325,sparsa-scale-main-20260911-long-step-2000,single_seq,pair_network,,,,,,short,L,0.05846153846153846,1443,22,325,eval-val
foldbench_monomer,7xz3_A,325,sparsa-scale-main-20260911-long-step-2000,single_seq,pair_network,,,,,,short,L/2,0.09876543209876543,1443,22,162,eval-val
foldbench_monomer,7xz3_A,325,sparsa-scale-main-20260911-long-step-2000,single_seq,pair_network,,,,,,short,L/5,0.13846153846153847,1443,22,65,eval-val
foldbench_monomer,7xz3_A,325,sparsa-scale-main-20260911-long-step-2000,single_seq,pair_network,,,,,,short,R,0.2727272727272727,1443,22,22,eval-val
foldbench_monomer,7xz3_A,325,sparsa-scale-main-20260911-long-step-2000,single_seq,pair_network,,,,,,short,AUC,0.9075235109717867,1443,22,1443,eval-val
foldbench_monomer,7xz3_A,325,sparsa-scale-main-20260911-long-step-2000,single_seq,pair_network,,,,,,medium,L,0.07076923076923076,2645,40,325,eval-val
foldbench_monomer,7xz3_A,325,sparsa-scale-main-20260911-long-step-2000,single_seq,pair_network,,,,,,medium,L/2,0.09876543209876543,2645,40,162,eval-val
foldbench_monomer,7xz3_A,325,sparsa-scale-main-20260911-long-step-2000,single_seq,pair_network,,,,,,medium,L/5,0.16923076923076924,2645,40,65,eval-val
foldbench_monomer,7xz3_A,325,sparsa-scale-main-20260911-long-step-2000,single_seq,pair_network,,,,,,medium,R,0.225,2645,40,40,eval-val
foldbench_monomer,7xz3_A,325,sparsa-scale-main-20260911-long-step-2000,single_seq,pair_network,,,,,,medium,AUC,0.8825479846449137,2645,40,2645,eval-val
foldbench_monomer,7xz3_A,325,sparsa-scale-main-20260911-long-step-2000,single_seq,pair_network,,,,,,long,L,0.09230769230769231,31744,254,325,eval-val
foldbench_monomer,7xz3_A,325,sparsa-scale-main-20260911-long-step-2000,single_seq,pair_network,,,,,,long,L/2,0.10493827160493827,31744,254,162,eval-val
foldbench_monomer,7xz3_A,325,sparsa-scale-main-20260911-long-step-2000,single_seq,pair_network,,,,,,long,L/5,0.15384615384615385,31744,254,65,eval-val
foldbench_monomer,7xz3_A,325,sparsa-scale-main-20260911-long-step-2000,single_seq,pair_network,,,,,,long,R,0.09055118110236221,31744,254,254,eval-val
foldbench_monomer,7xz3_A,325,sparsa-scale-main-20260911-long-step-2000,single_seq,pair_network,,,,,,long,AUC,0.8216502926813412,31744,254,31744,eval-val
foldbench_monomer,7y4h_A,338,sparsa-scale-main-20260911-long-step-2000,single_seq,pair_network,,,,,,all,L,0.35502958579881655,52353,320,338,eval-val
foldbench_monomer,7y4h_A,338,sparsa-scale-main-20260911-long-step-2000,single_seq,pair_network,,,,,,all,L/2,0.5325443786982249,52353,320,169,eval-val
foldbench_monomer,7y4h_A,338,sparsa-scale-main-20260911-long-step-2000,single_seq,pair_network,,,,,,all,L/5,0.7611940298507462,52353,320,67,eval-val
foldbench_monomer,7y4h_A,338,sparsa-scale-main-20260911-long-step-2000,single_seq,pair_network,,,,,,all,R,0.36875,52353,320,320,eval-val
foldbench_monomer,7y4h_A,338,sparsa-scale-main-20260911-long-step-2000,single_seq,pair_network,,,,,,all,AUC,0.9726383977475833,52353,320,52353,eval-val
foldbench_monomer,7y4h_A,338,sparsa-scale-main-20260911-long-step-2000,single_seq,pair_network,,,,,,short,L,0.10946745562130178,1869,43,338,eval-val
foldbench_monomer,7y4h_A,338,sparsa-scale-main-20260911-long-step-2000,single_seq,pair_network,,,,,,short,L/2,0.16568047337278108,1869,43,169,eval-val
foldbench_monomer,7y4h_A,338,sparsa-scale-main-20260911-long-step-2000,single_seq,pair_network,,,,,,short,L/5,0.3283582089552239,1869,43,67,eval-val
foldbench_monomer,7y4h_A,338,sparsa-scale-main-20260911-long-step-2000,single_seq,pair_network,,,,,,short,R,0.4418604651162791,1869,43,43,eval-val
foldbench_monomer,7y4h_A,338,sparsa-scale-main-20260911-long-step-2000,single_seq,pair_network,,,,,,short,AUC,0.9339323467230445,1869,43,1869,eval-val
foldbench_monomer,7y4h_A,338,sparsa-scale-main-20260911-long-step-2000,single_seq,pair_network,,,,,,medium,L,0.09467455621301775,3630,51,338,eval-val
foldbench_monomer,7y4h_A,338,sparsa-scale-main-20260911-long-step-2000,single_seq,pair_network,,,,,,medium,L/2,0.13609467455621302,3630,51,169,eval-val
foldbench_monomer,7y4h_A,338,sparsa-scale-main-20260911-long-step-2000,single_seq,pair_network,,,,,,medium,L/5,0.26865671641791045,3630,51,67,eval-val
foldbench_monomer,7y4h_A,338,sparsa-scale-main-20260911-long-step-2000,single_seq,pair_network,,,,,,medium,R,0.3333333333333333,3630,51,51,eval-val
foldbench_monomer,7y4h_A,338,sparsa-scale-main-20260911-long-step-2000,single_seq,pair_network,,,,,,medium,AUC,0.9317149603624628,3630,51,3630,eval-val
foldbench_monomer,7y4h_A,338,sparsa-scale-main-20260911-long-step-2000,single_seq,pair_network,,,,,,long,L,0.29289940828402367,46854,226,338,eval-val
foldbench_monomer,7y4h_A,338,sparsa-scale-main-20260911-long-step-2000,single_seq,pair_network,,,,,,long,L/2,0.4319526627218935,46854,226,169,eval-val
foldbench_monomer,7y4h_A,338,sparsa-scale-main-20260911-long-step-2000,single_seq,pair_network,,,,,,long,L/5,0.7164179104477612,46854,226,67,eval-val
foldbench_monomer,7y4h_A,338,sparsa-scale-main-20260911-long-step-2000,single_seq,pair_network,,,,,,long,R,0.37610619469026546,46854,226,226,eval-val
foldbench_monomer,7y4h_A,338,sparsa-scale-main-20260911-long-step-2000,single_seq,pair_network,,,,,,long,AUC,0.9775331545252539,46854,226,46854,eval-val
foldbench_monomer,7y54_A,100,sparsa-scale-main-20260911-long-step-2000,single_seq,pair_network,,,,,,all,L,0.51,4465,105,100,eval-val
foldbench_monomer,7y54_A,100,sparsa-scale-main-20260911-long-step-2000,single_seq,pair_network,,,,,,all,L/2,0.66,4465,105,50,eval-val
foldbench_monomer,7y54_A,100,sparsa-scale-main-20260911-long-step-2000,single_seq,pair_network,,,,,,all,L/5,0.8,4465,105,20,eval-val
foldbench_monomer,7y54_A,100,sparsa-scale-main-20260911-long-step-2000,single_seq,pair_network,,,,,,all,R,0.5047619047619047,4465,105,105,eval-val
foldbench_monomer,7y54_A,100,sparsa-scale-main-20260911-long-step-2000,single_seq,pair_network,,,,,,all,AUC,0.9752774137177807,4465,105,4465,eval-val
foldbench_monomer,7y54_A,100,sparsa-scale-main-20260911-long-step-2000,single_seq,pair_network,,,,,,short,L,0.19,549,19,100,eval-val
foldbench_monomer,7y54_A,100,sparsa-scale-main-20260911-long-step-2000,single_seq,pair_network,,,,,,short,L/2,0.36,549,19,50,eval-val
foldbench_monomer,7y54_A,100,sparsa-scale-main-20260911-long-step-2000,single_seq,pair_network,,,,,,short,L/5,0.5,549,19,20,eval-val
foldbench_monomer,7y54_A,100,sparsa-scale-main-20260911-long-step-2000,single_seq,pair_network,,,,,,short,R,0.47368421052631576,549,19,19,eval-val
foldbench_monomer,7y54_A,100,sparsa-scale-main-20260911-long-step-2000,single_seq,pair_network,,,,,,short,AUC,0.9734856007944389,549,19,549,eval-val
foldbench_monomer,7y54_A,100,sparsa-scale-main-20260911-long-step-2000,single_seq,pair_network,,,,,,medium,L,0.21,990,28,100,eval-val
foldbench_monomer,7y54_A,100,sparsa-scale-main-20260911-long-step-2000,single_seq,pair_network,,,,,,medium,L/2,0.26,990,28,50,eval-val
foldbench_monomer,7y54_A,100,sparsa-scale-main-20260911-long-step-2000,single_seq,pair_network,,,,,,medium,L/5,0.4,990,28,20,eval-val
foldbench_monomer,7y54_A,100,sparsa-scale-main-20260911-long-step-2000,single_seq,pair_network,,,,,,medium,R,0.32142857142857145,990,28,28,eval-val
foldbench_monomer,7y54_A,100,sparsa-scale-main-20260911-long-step-2000,single_seq,pair_network,,,,,,medium,AUC,0.9473010098010097,990,28,990,eval-val
foldbench_monomer,7y54_A,100,sparsa-scale-main-20260911-long-step-2000,single_seq,pair_network,,,,,,long,L,0.42,2926,58,100,eval-val
foldbench_monomer,7y54_A,100,sparsa-scale-main-20260911-long-step-2000,single_seq,pair_network,,,,,,long,L/2,0.58,2926,58,50,eval-val
foldbench_monomer,7y54_A,100,sparsa-scale-main-20260911-long-step-2000,single_seq,pair_network,,,,,,long,L/5,0.95,2926,58,20,eval-val
foldbench_monomer,7y54_A,100,sparsa-scale-main-20260911-long-step-2000,single_seq,pair_network,,,,,,long,R,0.5689655172413793,2926,58,58,eval-val
foldbench_monomer,7y54_A,100,sparsa-scale-main-20260911-long-step-2000,single_seq,pair_network,,,,,,long,AUC,0.9861912662915404,2926,58,2926,eval-val
foldbench_monomer,7y5m_A,170,sparsa-scale-main-20260911-long-step-2000,single_seq,pair_network,,,,,,all,L,0.1588235294117647,11175,148,170,eval-val
foldbench_monomer,7y5m_A,170,sparsa-scale-main-20260911-long-step-2000,single_seq,pair_network,,,,,,all,L/2,0.2235294117647059,11175,148,85,eval-val
foldbench_monomer,7y5m_A,170,sparsa-scale-main-20260911-long-step-2000,single_seq,pair_network,,,,,,all,L/5,0.3235294117647059,11175,148,34,eval-val
foldbench_monomer,7y5m_A,170,sparsa-scale-main-20260911-long-step-2000,single_seq,pair_network,,,,,,all,R,0.17567567567567569,11175,148,148,eval-val
foldbench_monomer,7y5m_A,170,sparsa-scale-main-20260911-long-step-2000,single_seq,pair_network,,,,,,all,AUC,0.8210207010311299,11175,148,11175,eval-val
foldbench_monomer,7y5m_A,170,sparsa-scale-main-20260911-long-step-2000,single_seq,pair_network,,,,,,short,L,0.12941176470588237,879,23,170,eval-val
foldbench_monomer,7y5m_A,170,sparsa-scale-main-20260911-long-step-2000,single_seq,pair_network,,,,,,short,L/2,0.2,879,23,85,eval-val
foldbench_monomer,7y5m_A,170,sparsa-scale-main-20260911-long-step-2000,single_seq,pair_network,,,,,,short,L/5,0.29411764705882354,879,23,34,eval-val
foldbench_monomer,7y5m_A,170,sparsa-scale-main-20260911-long-step-2000,single_seq,pair_network,,,,,,short,R,0.30434782608695654,879,23,23,eval-val
foldbench_monomer,7y5m_A,170,sparsa-scale-main-20260911-long-step-2000,single_seq,pair_network,,,,,,short,AUC,0.9328524989841529,879,23,879,eval-val
foldbench_monomer,7y5m_A,170,sparsa-scale-main-20260911-long-step-2000,single_seq,pair_network,,,,,,medium,L,0.058823529411764705,1650,18,170,eval-val
foldbench_monomer,7y5m_A,170,sparsa-scale-main-20260911-long-step-2000,single_seq,pair_network,,,,,,medium,L/2,0.09411764705882353,1650,18,85,eval-val
foldbench_monomer,7y5m_A,170,sparsa-scale-main-20260911-long-step-2000,single_seq,pair_network,,,,,,medium,L/5,0.14705882352941177,1650,18,34,eval-val
foldbench_monomer,7y5m_A,170,sparsa-scale-main-20260911-long-step-2000,single_seq,pair_network,,,,,,medium,R,0.2222222222222222,1650,18,18,eval-val
foldbench_monomer,7y5m_A,170,sparsa-scale-main-20260911-long-step-2000,single_seq,pair_network,,,,,,medium,AUC,0.8601579520697168,1650,18,1650,eval-val
foldbench_monomer,7y5m_A,170,sparsa-scale-main-20260911-long-step-2000,single_seq,pair_network,,,,,,long,L,0.1,8646,107,170,eval-val
foldbench_monomer,7y5m_A,170,sparsa-scale-main-20260911-long-step-2000,single_seq,pair_network,,,,,,long,L/2,0.10588235294117647,8646,107,85,eval-val
foldbench_monomer,7y5m_A,170,sparsa-scale-main-20260911-long-step-2000,single_seq,pair_network,,,,,,long,L/5,0.20588235294117646,8646,107,34,eval-val
foldbench_monomer,7y5m_A,170,sparsa-scale-main-20260911-long-step-2000,single_seq,pair_network,,,,,,long,R,0.12149532710280374,8646,107,107,eval-val
foldbench_monomer,7y5m_A,170,sparsa-scale-main-20260911-long-step-2000,single_seq,pair_network,,,,,,long,AUC,0.7941260166383378,8646,107,8646,eval-val
foldbench_monomer,7y5r_A,105,sparsa-scale-main-20260911-long-step-2000,single_seq,pair_network,,,,,,all,L,0.5238095238095238,4950,97,105,eval-val
foldbench_monomer,7y5r_A,105,sparsa-scale-main-20260911-long-step-2000,single_seq,pair_network,,,,,,all,L/2,0.6730769230769231,4950,97,52,eval-val
foldbench_monomer,7y5r_A,105,sparsa-scale-main-20260911-long-step-2000,single_seq,pair_network,,,,,,all,L/5,0.8095238095238095,4950,97,21,eval-val
foldbench_monomer,7y5r_A,105,sparsa-scale-main-20260911-long-step-2000,single_seq,pair_network,,,,,,all,R,0.5463917525773195,4950,97,97,eval-val
foldbench_monomer,7y5r_A,105,sparsa-scale-main-20260911-long-step-2000,single_seq,pair_network,,,,,,all,AUC,0.9795556367514195,4950,97,4950,eval-val
foldbench_monomer,7y5r_A,105,sparsa-scale-main-20260911-long-step-2000,single_seq,pair_network,,,,,,short,L,0.12380952380952381,579,13,105,eval-val
foldbench_monomer,7y5r_A,105,sparsa-scale-main-20260911-long-step-2000,single_seq,pair_network,,,,,,short,L/2,0.25,579,13,52,eval-val
foldbench_monomer,7y5r_A,105,sparsa-scale-main-20260911-long-step-2000,single_seq,pair_network,,,,,,short,L/5,0.47619047619047616,579,13,21,eval-val
foldbench_monomer,7y5r_A,105,sparsa-scale-main-20260911-long-step-2000,single_seq,pair_network,,,,,,short,R,0.6153846153846154,579,13,13,eval-val
foldbench_monomer,7y5r_A,105,sparsa-scale-main-20260911-long-step-2000,single_seq,pair_network,,,,,,short,AUC,0.9881761348192444,579,13,579,eval-val
foldbench_monomer,7y5r_A,105,sparsa-scale-main-20260911-long-step-2000,single_seq,pair_network,,,,,,medium,L,0.22857142857142856,1050,24,105,eval-val
foldbench_monomer,7y5r_A,105,sparsa-scale-main-20260911-long-step-2000,single_seq,pair_network,,,,,,medium,L/2,0.4423076923076923,1050,24,52,eval-val
foldbench_monomer,7y5r_A,105,sparsa-scale-main-20260911-long-step-2000,single_seq,pair_network,,,,,,medium,L/5,0.6666666666666666,1050,24,21,eval-val
foldbench_monomer,7y5r_A,105,sparsa-scale-main-20260911-long-step-2000,single_seq,pair_network,,,,,,medium,R,0.6666666666666666,1050,24,24,eval-val
foldbench_monomer,7y5r_A,105,sparsa-scale-main-20260911-long-step-2000,single_seq,pair_network,,,,,,medium,AUC,0.9922636452241715,1050,24,1050,eval-val
foldbench_monomer,7y5r_A,105,sparsa-scale-main-20260911-long-step-2000,single_seq,pair_network,,,,,,long,L,0.4095238095238095,3321,60,105,eval-val
foldbench_monomer,7y5r_A,105,sparsa-scale-main-20260911-long-step-2000,single_seq,pair_network,,,,,,long,L/2,0.5384615384615384,3321,60,52,eval-val
foldbench_monomer,7y5r_A,105,sparsa-scale-main-20260911-long-step-2000,single_seq,pair_network,,,,,,long,L/5,0.6190476190476191,3321,60,21,eval-val
foldbench_monomer,7y5r_A,105,sparsa-scale-main-20260911-long-step-2000,single_seq,pair_network,,,,,,long,R,0.5,3321,60,60,eval-val
foldbench_monomer,7y5r_A,105,sparsa-scale-main-20260911-long-step-2000,single_seq,pair_network,,,,,,long,AUC,0.9746166819993868,3321,60,3321,eval-val
foldbench_monomer,7y8h_A,100,sparsa-scale-main-20260911-long-step-2000,single_seq,pair_network,,,,,,all,L,0.46,3767,83,100,eval-val
foldbench_monomer,7y8h_A,100,sparsa-scale-main-20260911-long-step-2000,single_seq,pair_network,,,,,,all,L/2,0.68,3767,83,50,eval-val
foldbench_monomer,7y8h_A,100,sparsa-scale-main-20260911-long-step-2000,single_seq,pair_network,,,,,,all,L/5,0.8,3767,83,20,eval-val
foldbench_monomer,7y8h_A,100,sparsa-scale-main-20260911-long-step-2000,single_seq,pair_network,,,,,,all,R,0.5180722891566265,3767,83,83,eval-val
foldbench_monomer,7y8h_A,100,sparsa-scale-main-20260911-long-step-2000,single_seq,pair_network,,,,,,all,AUC,0.9777186923590127,3767,83,3767,eval-val
foldbench_monomer,7y8h_A,100,sparsa-scale-main-20260911-long-step-2000,single_seq,pair_network,,,,,,short,L,0.09,459,9,100,eval-val
foldbench_monomer,7y8h_A,100,sparsa-scale-main-20260911-long-step-2000,single_seq,pair_network,,,,,,short,L/2,0.16,459,9,50,eval-val
foldbench_monomer,7y8h_A,100,sparsa-scale-main-20260911-long-step-2000,single_seq,pair_network,,,,,,short,L/5,0.25,459,9,20,eval-val
foldbench_monomer,7y8h_A,100,sparsa-scale-main-20260911-long-step-2000,single_seq,pair_network,,,,,,short,R,0.3333333333333333,459,9,9,eval-val
foldbench_monomer,7y8h_A,100,sparsa-scale-main-20260911-long-step-2000,single_seq,pair_network,,,,,,short,AUC,0.9645679012345678,459,9,459,eval-val
foldbench_monomer,7y8h_A,100,sparsa-scale-main-20260911-long-step-2000,single_seq,pair_network,,,,,,medium,L,0.25,822,25,100,eval-val
foldbench_monomer,7y8h_A,100,sparsa-scale-main-20260911-long-step-2000,single_seq,pair_network,,,,,,medium,L/2,0.46,822,25,50,eval-val
foldbench_monomer,7y8h_A,100,sparsa-scale-main-20260911-long-step-2000,single_seq,pair_network,,,,,,medium,L/5,0.65,822,25,20,eval-val
foldbench_monomer,7y8h_A,100,sparsa-scale-main-20260911-long-step-2000,single_seq,pair_network,,,,,,medium,R,0.64,822,25,25,eval-val
foldbench_monomer,7y8h_A,100,sparsa-scale-main-20260911-long-step-2000,single_seq,pair_network,,,,,,medium,AUC,0.9886323713927226,822,25,822,eval-val
foldbench_monomer,7y8h_A,100,sparsa-scale-main-20260911-long-step-2000,single_seq,pair_network,,,,,,long,L,0.35,2486,49,100,eval-val
foldbench_monomer,7y8h_A,100,sparsa-scale-main-20260911-long-step-2000,single_seq,pair_network,,,,,,long,L/2,0.44,2486,49,50,eval-val
foldbench_monomer,7y8h_A,100,sparsa-scale-main-20260911-long-step-2000,single_seq,pair_network,,,,,,long,L/5,0.75,2486,49,20,eval-val
foldbench_monomer,7y8h_A,100,sparsa-scale-main-20260911-long-step-2000,single_seq,pair_network,,,,,,long,R,0.4489795918367347,2486,49,49,eval-val
foldbench_monomer,7y8h_A,100,sparsa-scale-main-20260911-long-step-2000,single_seq,pair_network,,,,,,long,AUC,0.9739684958924071,2486,49,2486,eval-val
foldbench_monomer,7y8i_A,97,sparsa-scale-main-20260911-long-step-2000,single_seq,pair_network,,,,,,all,L,0.6494845360824743,2941,83,97,eval-val
foldbench_monomer,7y8i_A,97,sparsa-scale-main-20260911-long-step-2000,single_seq,pair_network,,,,,,all,L/2,0.875,2941,83,48,eval-val
foldbench_monomer,7y8i_A,97,sparsa-scale-main-20260911-long-step-2000,single_seq,pair_network,,,,,,all,L/5,0.9473684210526315,2941,83,19,eval-val
foldbench_monomer,7y8i_A,97,sparsa-scale-main-20260911-long-step-2000,single_seq,pair_network,,,,,,all,R,0.7228915662650602,2941,83,83,eval-val
foldbench_monomer,7y8i_A,97,sparsa-scale-main-20260911-long-step-2000,single_seq,pair_network,,,,,,all,AUC,0.989853044086774,2941,83,2941,eval-val
foldbench_monomer,7y8i_A,97,sparsa-scale-main-20260911-long-step-2000,single_seq,pair_network,,,,,,short,L,0.16494845360824742,390,16,97,eval-val
foldbench_monomer,7y8i_A,97,sparsa-scale-main-20260911-long-step-2000,single_seq,pair_network,,,,,,short,L/2,0.3333333333333333,390,16,48,eval-val
foldbench_monomer,7y8i_A,97,sparsa-scale-main-20260911-long-step-2000,single_seq,pair_network,,,,,,short,L/5,0.7894736842105263,390,16,19,eval-val
foldbench_monomer,7y8i_A,97,sparsa-scale-main-20260911-long-step-2000,single_seq,pair_network,,,,,,short,R,0.8125,390,16,16,eval-val
foldbench_monomer,7y8i_A,97,sparsa-scale-main-20260911-long-step-2000,single_seq,pair_network,,,,,,short,AUC,0.9949866310160428,390,16,390,eval-val
foldbench_monomer,7y8i_A,97,sparsa-scale-main-20260911-long-step-2000,single_seq,pair_network,,,,,,medium,L,0.1958762886597938,645,20,97,eval-val
foldbench_monomer,7y8i_A,97,sparsa-scale-main-20260911-long-step-2000,single_seq,pair_network,,,,,,medium,L/2,0.3958333333333333,645,20,48,eval-val
foldbench_monomer,7y8i_A,97,sparsa-scale-main-20260911-long-step-2000,single_seq,pair_network,,,,,,medium,L/5,0.7894736842105263,645,20,19,eval-val
foldbench_monomer,7y8i_A,97,sparsa-scale-main-20260911-long-step-2000,single_seq,pair_network,,,,,,medium,R,0.75,645,20,20,eval-val
foldbench_monomer,7y8i_A,97,sparsa-scale-main-20260911-long-step-2000,single_seq,pair_network,,,,,,medium,AUC,0.98712,645,20,645,eval-val
foldbench_monomer,7y8i_A,97,sparsa-scale-main-20260911-long-step-2000,single_seq,pair_network,,,,,,long,L,0.4329896907216495,1906,47,97,eval-val
foldbench_monomer,7y8i_A,97,sparsa-scale-main-20260911-long-step-2000,single_seq,pair_network,,,,,,long,L/2,0.6458333333333334,1906,47,48,eval-val
foldbench_monomer,7y8i_A,97,sparsa-scale-main-20260911-long-step-2000,single_seq,pair_network,,,,,,long,L/5,0.8421052631578947,1906,47,19,eval-val
foldbench_monomer,7y8i_A,97,sparsa-scale-main-20260911-long-step-2000,single_seq,pair_network,,,,,,long,R,0.6595744680851063,1906,47,47,eval-val
foldbench_monomer,7y8i_A,97,sparsa-scale-main-20260911-long-step-2000,single_seq,pair_network,,,,,,long,AUC,0.9894761539606056,1906,47,1906,eval-val
foldbench_monomer,7y5j_A,102,sparsa-scale-main-20260911-long-step-2000,single_seq,pair_network,,,,,,all,L,0.4117647058823529,4005,91,102,eval-val
foldbench_monomer,7y5j_A,102,sparsa-scale-main-20260911-long-step-2000,single_seq,pair_network,,,,,,all,L/2,0.45098039215686275,4005,91,51,eval-val
foldbench_monomer,7y5j_A,102,sparsa-scale-main-20260911-long-step-2000,single_seq,pair_network,,,,,,all,L/5,0.75,4005,91,20,eval-val
foldbench_monomer,7y5j_A,102,sparsa-scale-main-20260911-long-step-2000,single_seq,pair_network,,,,,,all,R,0.4175824175824176,4005,91,91,eval-val
foldbench_monomer,7y5j_A,102,sparsa-scale-main-20260911-long-step-2000,single_seq,pair_network,,,,,,all,AUC,0.9595731299870288,4005,91,4005,eval-val
foldbench_monomer,7y5j_A,102,sparsa-scale-main-20260911-long-step-2000,single_seq,pair_network,,,,,,short,L,0.14705882352941177,519,16,102,eval-val
foldbench_monomer,7y5j_A,102,sparsa-scale-main-20260911-long-step-2000,single_seq,pair_network,,,,,,short,L/2,0.27450980392156865,519,16,51,eval-val
foldbench_monomer,7y5j_A,102,sparsa-scale-main-20260911-long-step-2000,single_seq,pair_network,,,,,,short,L/5,0.35,519,16,20,eval-val
foldbench_monomer,7y5j_A,102,sparsa-scale-main-20260911-long-step-2000,single_seq,pair_network,,,,,,short,R,0.4375,519,16,16,eval-val
foldbench_monomer,7y5j_A,102,sparsa-scale-main-20260911-long-step-2000,single_seq,pair_network,,,,,,short,AUC,0.9592445328031809,519,16,519,eval-val
foldbench_monomer,7y5j_A,102,sparsa-scale-main-20260911-long-step-2000,single_seq,pair_network,,,,,,medium,L,0.19607843137254902,930,25,102,eval-val
foldbench_monomer,7y5j_A,102,sparsa-scale-main-20260911-long-step-2000,single_seq,pair_network,,,,,,medium,L/2,0.21568627450980393,930,25,51,eval-val
foldbench_monomer,7y5j_A,102,sparsa-scale-main-20260911-long-step-2000,single_seq,pair_network,,,,,,medium,L/5,0.3,930,25,20,eval-val
foldbench_monomer,7y5j_A,102,sparsa-scale-main-20260911-long-step-2000,single_seq,pair_network,,,,,,medium,R,0.36,930,25,25,eval-val
foldbench_monomer,7y5j_A,102,sparsa-scale-main-20260911-long-step-2000,single_seq,pair_network,,,,,,medium,AUC,0.9348066298342541,930,25,930,eval-val
foldbench_monomer,7y5j_A,102,sparsa-scale-main-20260911-long-step-2000,single_seq,pair_network,,,,,,long,L,0.3333333333333333,2556,50,102,eval-val
foldbench_monomer,7y5j_A,102,sparsa-scale-main-20260911-long-step-2000,single_seq,pair_network,,,,,,long,L/2,0.43137254901960786,2556,50,51,eval-val
foldbench_monomer,7y5j_A,102,sparsa-scale-main-20260911-long-step-2000,single_seq,pair_network,,,,,,long,L/5,0.65,2556,50,20,eval-val
foldbench_monomer,7y5j_A,102,sparsa-scale-main-20260911-long-step-2000,single_seq,pair_network,,,,,,long,R,0.44,2556,50,50,eval-val
foldbench_monomer,7y5j_A,102,sparsa-scale-main-20260911-long-step-2000,single_seq,pair_network,,,,,,long,AUC,0.9703551476456505,2556,50,2556,eval-val
foldbench_monomer,7yd4_A,185,sparsa-scale-main-20260911-long-step-2000,single_seq,pair_network,,,,,,all,L,0.1783783783783784,15063,142,185,eval-val
foldbench_monomer,7yd4_A,185,sparsa-scale-main-20260911-long-step-2000,single_seq,pair_network,,,,,,all,L/2,0.2391304347826087,15063,142,92,eval-val
foldbench_monomer,7yd4_A,185,sparsa-scale-main-20260911-long-step-2000,single_seq,pair_network,,,,,,all,L/5,0.3783783783783784,15063,142,37,eval-val
foldbench_monomer,7yd4_A,185,sparsa-scale-main-20260911-long-step-2000,single_seq,pair_network,,,,,,all,R,0.19014084507042253,15063,142,142,eval-val
foldbench_monomer,7yd4_A,185,sparsa-scale-main-20260911-long-step-2000,single_seq,pair_network,,,,,,all,AUC,0.9052106351668081,15063,142,15063,eval-val
foldbench_monomer,7yd4_A,185,sparsa-scale-main-20260911-long-step-2000,single_seq,pair_network,,,,,,short,L,0.05945945945945946,1005,18,185,eval-val
foldbench_monomer,7yd4_A,185,sparsa-scale-main-20260911-long-step-2000,single_seq,pair_network,,,,,,short,L/2,0.08695652173913043,1005,18,92,eval-val
foldbench_monomer,7yd4_A,185,sparsa-scale-main-20260911-long-step-2000,single_seq,pair_network,,,,,,short,L/5,0.10810810810810811,1005,18,37,eval-val
foldbench_monomer,7yd4_A,185,sparsa-scale-main-20260911-long-step-2000,single_seq,pair_network,,,,,,short,R,0.16666666666666666,1005,18,18,eval-val
foldbench_monomer,7yd4_A,185,sparsa-scale-main-20260911-long-step-2000,single_seq,pair_network,,,,,,short,AUC,0.8858493752110774,1005,18,1005,eval-val
foldbench_monomer,7yd4_A,185,sparsa-scale-main-20260911-long-step-2000,single_seq,pair_network,,,,,,medium,L,0.08108108108108109,1902,23,185,eval-val
foldbench_monomer,7yd4_A,185,sparsa-scale-main-20260911-long-step-2000,single_seq,pair_network,,,,,,medium,L/2,0.10869565217391304,1902,23,92,eval-val
foldbench_monomer,7yd4_A,185,sparsa-scale-main-20260911-long-step-2000,single_seq,pair_network,,,,,,medium,L/5,0.13513513513513514,1902,23,37,eval-val
foldbench_monomer,7yd4_A,185,sparsa-scale-main-20260911-long-step-2000,single_seq,pair_network,,,,,,medium,R,0.13043478260869565,1902,23,23,eval-val
foldbench_monomer,7yd4_A,185,sparsa-scale-main-20260911-long-step-2000,single_seq,pair_network,,,,,,medium,AUC,0.8616979429391212,1902,23,1902,eval-val
foldbench_monomer,7yd4_A,185,sparsa-scale-main-20260911-long-step-2000,single_seq,pair_network,,,,,,long,L,0.17297297297297298,12156,101,185,eval-val
foldbench_monomer,7yd4_A,185,sparsa-scale-main-20260911-long-step-2000,single_seq,pair_network,,,,,,long,L/2,0.22826086956521738,12156,101,92,eval-val
foldbench_monomer,7yd4_A,185,sparsa-scale-main-20260911-long-step-2000,single_seq,pair_network,,,,,,long,L/5,0.40540540540540543,12156,101,37,eval-val
foldbench_monomer,7yd4_A,185,sparsa-scale-main-20260911-long-step-2000,single_seq,pair_network,,,,,,long,R,0.2376237623762376,12156,101,101,eval-val
foldbench_monomer,7yd4_A,185,sparsa-scale-main-20260911-long-step-2000,single_seq,pair_network,,,,,,long,AUC,0.9122158752582018,12156,101,12156,eval-val
foldbench_monomer,7yhr_A,60,sparsa-scale-main-20260911-long-step-2000,single_seq,pair_network,,,,,,all,L,0.4,1431,41,60,eval-val
foldbench_monomer,7yhr_A,60,sparsa-scale-main-20260911-long-step-2000,single_seq,pair_network,,,,,,all,L/2,0.4666666666666667,1431,41,30,eval-val
foldbench_monomer,7yhr_A,60,sparsa-scale-main-20260911-long-step-2000,single_seq,pair_network,,,,,,all,L/5,0.6666666666666666,1431,41,12,eval-val
foldbench_monomer,7yhr_A,60,sparsa-scale-main-20260911-long-step-2000,single_seq,pair_network,,,,,,all,R,0.43902439024390244,1431,41,41,eval-val
foldbench_monomer,7yhr_A,60,sparsa-scale-main-20260911-long-step-2000,single_seq,pair_network,,,,,,all,AUC,0.9288910335146517,1431,41,1431,eval-val
foldbench_monomer,7yhr_A,60,sparsa-scale-main-20260911-long-step-2000,single_seq,pair_network,,,,,,short,L,0.13333333333333333,303,9,60,eval-val
foldbench_monomer,7yhr_A,60,sparsa-scale-main-20260911-long-step-2000,single_seq,pair_network,,,,,,short,L/2,0.26666666666666666,303,9,30,eval-val
foldbench_monomer,7yhr_A,60,sparsa-scale-main-20260911-long-step-2000,single_seq,pair_network,,,,,,short,L/5,0.5833333333333334,303,9,12,eval-val
foldbench_monomer,7yhr_A,60,sparsa-scale-main-20260911-long-step-2000,single_seq,pair_network,,,,,,short,R,0.7777777777777778,303,9,9,eval-val
foldbench_monomer,7yhr_A,60,sparsa-scale-main-20260911-long-step-2000,single_seq,pair_network,,,,,,short,AUC,0.9703325774754347,303,9,303,eval-val
foldbench_monomer,7yhr_A,60,sparsa-scale-main-20260911-long-step-2000,single_seq,pair_network,,,,,,medium,L,0.15,498,9,60,eval-val
foldbench_monomer,7yhr_A,60,sparsa-scale-main-20260911-long-step-2000,single_seq,pair_network,,,,,,medium,L/2,0.26666666666666666,498,9,30,eval-val
foldbench_monomer,7yhr_A,60,sparsa-scale-main-20260911-long-step-2000,single_seq,pair_network,,,,,,medium,L/5,0.4166666666666667,498,9,12,eval-val
foldbench_monomer,7yhr_A,60,sparsa-scale-main-20260911-long-step-2000,single_seq,pair_network,,,,,,medium,R,0.4444444444444444,498,9,9,eval-val
foldbench_monomer,7yhr_A,60,sparsa-scale-main-20260911-long-step-2000,single_seq,pair_network,,,,,,medium,AUC,0.981027039309248,498,9,498,eval-val
foldbench_monomer,7yhr_A,60,sparsa-scale-main-20260911-long-step-2000,single_seq,pair_network,,,,,,long,L,0.25,630,23,60,eval-val
foldbench_monomer,7yhr_A,60,sparsa-scale-main-20260911-long-step-2000,single_seq,pair_network,,,,,,long,L/2,0.36666666666666664,630,23,30,eval-val
foldbench_monomer,7yhr_A,60,sparsa-scale-main-20260911-long-step-2000,single_seq,pair_network,,,,,,long,L/5,0.25,630,23,12,eval-val
foldbench_monomer,7yhr_A,60,sparsa-scale-main-20260911-long-step-2000,single_seq,pair_network,,,,,,long,R,0.34782608695652173,630,23,23,eval-val
foldbench_monomer,7yhr_A,60,sparsa-scale-main-20260911-long-step-2000,single_seq,pair_network,,,,,,long,AUC,0.885932239810902,630,23,630,eval-val
foldbench_monomer,7ykm_A,105,sparsa-scale-main-20260911-long-step-2000,single_seq,pair_network,,,,,,all,L,0.24761904761904763,2850,55,105,eval-val
foldbench_monomer,7ykm_A,105,sparsa-scale-main-20260911-long-step-2000,single_seq,pair_network,,,,,,all,L/2,0.34615384615384615,2850,55,52,eval-val
foldbench_monomer,7ykm_A,105,sparsa-scale-main-20260911-long-step-2000,single_seq,pair_network,,,,,,all,L/5,0.42857142857142855,2850,55,21,eval-val
foldbench_monomer,7ykm_A,105,sparsa-scale-main-20260911-long-step-2000,single_seq,pair_network,,,,,,all,R,0.32727272727272727,2850,55,55,eval-val
foldbench_monomer,7ykm_A,105,sparsa-scale-main-20260911-long-step-2000,single_seq,pair_network,,,,,,all,AUC,0.9198731501057082,2850,55,2850,eval-val
foldbench_monomer,7ykm_A,105,sparsa-scale-main-20260911-long-step-2000,single_seq,pair_network,,,,,,short,L,0.06666666666666667,435,7,105,eval-val
foldbench_monomer,7ykm_A,105,sparsa-scale-main-20260911-long-step-2000,single_seq,pair_network,,,,,,short,L/2,0.1346153846153846,435,7,52,eval-val
foldbench_monomer,7ykm_A,105,sparsa-scale-main-20260911-long-step-2000,single_seq,pair_network,,,,,,short,L/5,0.19047619047619047,435,7,21,eval-val
foldbench_monomer,7ykm_A,105,sparsa-scale-main-20260911-long-step-2000,single_seq,pair_network,,,,,,short,R,0.14285714285714285,435,7,7,eval-val
foldbench_monomer,7ykm_A,105,sparsa-scale-main-20260911-long-step-2000,single_seq,pair_network,,,,,,short,AUC,0.965287049399199,435,7,435,eval-val
foldbench_monomer,7ykm_A,105,sparsa-scale-main-20260911-long-step-2000,single_seq,pair_network,,,,,,medium,L,0.10476190476190476,762,14,105,eval-val
foldbench_monomer,7ykm_A,105,sparsa-scale-main-20260911-long-step-2000,single_seq,pair_network,,,,,,medium,L/2,0.15384615384615385,762,14,52,eval-val
foldbench_monomer,7ykm_A,105,sparsa-scale-main-20260911-long-step-2000,single_seq,pair_network,,,,,,medium,L/5,0.23809523809523808,762,14,21,eval-val
foldbench_monomer,7ykm_A,105,sparsa-scale-main-20260911-long-step-2000,single_seq,pair_network,,,,,,medium,R,0.2857142857142857,762,14,14,eval-val
foldbench_monomer,7ykm_A,105,sparsa-scale-main-20260911-long-step-2000,single_seq,pair_network,,,,,,medium,AUC,0.9060828877005347,762,14,762,eval-val
foldbench_monomer,7ykm_A,105,sparsa-scale-main-20260911-long-step-2000,single_seq,pair_network,,,,,,long,L,0.17142857142857143,1653,34,105,eval-val
foldbench_monomer,7ykm_A,105,sparsa-scale-main-20260911-long-step-2000,single_seq,pair_network,,,,,,long,L/2,0.28846153846153844,1653,34,52,eval-val
foldbench_monomer,7ykm_A,105,sparsa-scale-main-20260911-long-step-2000,single_seq,pair_network,,,,,,long,L/5,0.47619047619047616,1653,34,21,eval-val
foldbench_monomer,7ykm_A,105,sparsa-scale-main-20260911-long-step-2000,single_seq,pair_network,,,,,,long,R,0.3235294117647059,1653,34,34,eval-val
foldbench_monomer,7ykm_A,105,sparsa-scale-main-20260911-long-step-2000,single_seq,pair_network,,,,,,long,AUC,0.9203393525415107,1653,34,1653,eval-val
foldbench_monomer,7ylr_A,330,sparsa-scale-main-20260911-long-step-2000,single_seq,pair_network,,,,,,all,L,0.45454545454545453,51365,364,330,eval-val
foldbench_monomer,7ylr_A,330,sparsa-scale-main-20260911-long-step-2000,single_seq,pair_network,,,,,,all,L/2,0.593939393939394,51365,364,165,eval-val
foldbench_monomer,7ylr_A,330,sparsa-scale-main-20260911-long-step-2000,single_seq,pair_network,,,,,,all,L/5,0.6818181818181818,51365,364,66,eval-val
foldbench_monomer,7ylr_A,330,sparsa-scale-main-20260911-long-step-2000,single_seq,pair_network,,,,,,all,R,0.4258241758241758,51365,364,364,eval-val
foldbench_monomer,7ylr_A,330,sparsa-scale-main-20260911-long-step-2000,single_seq,pair_network,,,,,,all,AUC,0.9559279811578786,51365,364,51365,eval-val
foldbench_monomer,7ylr_A,330,sparsa-scale-main-20260911-long-step-2000,single_seq,pair_network,,,,,,short,L,0.1303030303030303,1899,49,330,eval-val
foldbench_monomer,7ylr_A,330,sparsa-scale-main-20260911-long-step-2000,single_seq,pair_network,,,,,,short,L/2,0.20606060606060606,1899,49,165,eval-val
foldbench_monomer,7ylr_A,330,sparsa-scale-main-20260911-long-step-2000,single_seq,pair_network,,,,,,short,L/5,0.3787878787878788,1899,49,66,eval-val
foldbench_monomer,7ylr_A,330,sparsa-scale-main-20260911-long-step-2000,single_seq,pair_network,,,,,,short,R,0.4897959183673469,1899,49,49,eval-val
foldbench_monomer,7ylr_A,330,sparsa-scale-main-20260911-long-step-2000,single_seq,pair_network,,,,,,short,AUC,0.9388306674020959,1899,49,1899,eval-val
foldbench_monomer,7ylr_A,330,sparsa-scale-main-20260911-long-step-2000,single_seq,pair_network,,,,,,medium,L,0.1787878787878788,3690,73,330,eval-val
foldbench_monomer,7ylr_A,330,sparsa-scale-main-20260911-long-step-2000,single_seq,pair_network,,,,,,medium,L/2,0.2909090909090909,3690,73,165,eval-val
foldbench_monomer,7ylr_A,330,sparsa-scale-main-20260911-long-step-2000,single_seq,pair_network,,,,,,medium,L/5,0.5,3690,73,66,eval-val
foldbench_monomer,7ylr_A,330,sparsa-scale-main-20260911-long-step-2000,single_seq,pair_network,,,,,,medium,R,0.4657534246575342,3690,73,73,eval-val
foldbench_monomer,7ylr_A,330,sparsa-scale-main-20260911-long-step-2000,single_seq,pair_network,,,,,,medium,AUC,0.9545506190326503,3690,73,3690,eval-val
foldbench_monomer,7ylr_A,330,sparsa-scale-main-20260911-long-step-2000,single_seq,pair_network,,,,,,long,L,0.30606060606060603,45776,242,330,eval-val
foldbench_monomer,7ylr_A,330,sparsa-scale-main-20260911-long-step-2000,single_seq,pair_network,,,,,,long,L/2,0.47878787878787876,45776,242,165,eval-val
foldbench_monomer,7ylr_A,330,sparsa-scale-main-20260911-long-step-2000,single_seq,pair_network,,,,,,long,L/5,0.6212121212121212,45776,242,66,eval-val
foldbench_monomer,7ylr_A,330,sparsa-scale-main-20260911-long-step-2000,single_seq,pair_network,,,,,,long,R,0.39669421487603307,45776,242,242,eval-val
foldbench_monomer,7ylr_A,330,sparsa-scale-main-20260911-long-step-2000,single_seq,pair_network,,,,,,long,AUC,0.9498515231738557,45776,242,45776,eval-val
foldbench_monomer,8gmy_A,236,sparsa-scale-main-20260911-long-step-2000,single_seq,pair_network,,,,,,all,L,0.2966101694915254,22800,254,236,eval-val
foldbench_monomer,8gmy_A,236,sparsa-scale-main-20260911-long-step-2000,single_seq,pair_network,,,,,,all,L/2,0.4406779661016949,22800,254,118,eval-val
foldbench_monomer,8gmy_A,236,sparsa-scale-main-20260911-long-step-2000,single_seq,pair_network,,,,,,all,L/5,0.723404255319149,22800,254,47,eval-val
foldbench_monomer,8gmy_A,236,sparsa-scale-main-20260911-long-step-2000,single_seq,pair_network,,,,,,all,R,0.29133858267716534,22800,254,254,eval-val
foldbench_monomer,8gmy_A,236,sparsa-scale-main-20260911-long-step-2000,single_seq,pair_network,,,,,,all,AUC,0.8721101076993247,22800,254,22800,eval-val
foldbench_monomer,8gmy_A,236,sparsa-scale-main-20260911-long-step-2000,single_seq,pair_network,,,,,,short,L,0.11016949152542373,1251,33,236,eval-val
foldbench_monomer,8gmy_A,236,sparsa-scale-main-20260911-long-step-2000,single_seq,pair_network,,,,,,short,L/2,0.1694915254237288,1251,33,118,eval-val
foldbench_monomer,8gmy_A,236,sparsa-scale-main-20260911-long-step-2000,single_seq,pair_network,,,,,,short,L/5,0.2765957446808511,1251,33,47,eval-val
foldbench_monomer,8gmy_A,236,sparsa-scale-main-20260911-long-step-2000,single_seq,pair_network,,,,,,short,R,0.2727272727272727,1251,33,33,eval-val
foldbench_monomer,8gmy_A,236,sparsa-scale-main-20260911-long-step-2000,single_seq,pair_network,,,,,,short,AUC,0.9093894611135991,1251,33,1251,eval-val
foldbench_monomer,8gmy_A,236,sparsa-scale-main-20260911-long-step-2000,single_seq,pair_network,,,,,,medium,L,0.15254237288135594,2394,53,236,eval-val
foldbench_monomer,8gmy_A,236,sparsa-scale-main-20260911-long-step-2000,single_seq,pair_network,,,,,,medium,L/2,0.2457627118644068,2394,53,118,eval-val
foldbench_monomer,8gmy_A,236,sparsa-scale-main-20260911-long-step-2000,single_seq,pair_network,,,,,,medium,L/5,0.40425531914893614,2394,53,47,eval-val
foldbench_monomer,8gmy_A,236,sparsa-scale-main-20260911-long-step-2000,single_seq,pair_network,,,,,,medium,R,0.37735849056603776,2394,53,53,eval-val
foldbench_monomer,8gmy_A,236,sparsa-scale-main-20260911-long-step-2000,single_seq,pair_network,,,,,,medium,AUC,0.9062608303176356,2394,53,2394,eval-val
foldbench_monomer,8gmy_A,236,sparsa-scale-main-20260911-long-step-2000,single_seq,pair_network,,,,,,long,L,0.17372881355932204,19155,168,236,eval-val
foldbench_monomer,8gmy_A,236,sparsa-scale-main-20260911-long-step-2000,single_seq,pair_network,,,,,,long,L/2,0.288135593220339,19155,168,118,eval-val
foldbench_monomer,8gmy_A,236,sparsa-scale-main-20260911-long-step-2000,single_seq,pair_network,,,,,,long,L/5,0.574468085106383,19155,168,47,eval-val
foldbench_monomer,8gmy_A,236,sparsa-scale-main-20260911-long-step-2000,single_seq,pair_network,,,,,,long,R,0.23809523809523808,19155,168,168,eval-val
foldbench_monomer,8gmy_A,236,sparsa-scale-main-20260911-long-step-2000,single_seq,pair_network,,,,,,long,AUC,0.8502995157087432,19155,168,19155,eval-val
foldbench_monomer,7yug_A,118,sparsa-scale-main-20260911-long-step-2000,single_seq,pair_network,,,,,,all,L,0.2627118644067797,6216,94,118,eval-val
foldbench_monomer,7yug_A,118,sparsa-scale-main-20260911-long-step-2000,single_seq,pair_network,,,,,,all,L/2,0.3559322033898305,6216,94,59,eval-val
foldbench_monomer,7yug_A,118,sparsa-scale-main-20260911-long-step-2000,single_seq,pair_network,,,,,,all,L/5,0.5217391304347826,6216,94,23,eval-val
foldbench_monomer,7yug_A,118,sparsa-scale-main-20260911-long-step-2000,single_seq,pair_network,,,,,,all,R,0.2765957446808511,6216,94,94,eval-val
foldbench_monomer,7yug_A,118,sparsa-scale-main-20260911-long-step-2000,single_seq,pair_network,,,,,,all,AUC,0.8869381095039168,6216,94,6216,eval-val
foldbench_monomer,7yug_A,118,sparsa-scale-main-20260911-long-step-2000,single_seq,pair_network,,,,,,short,L,0.15254237288135594,651,19,118,eval-val
foldbench_monomer,7yug_A,118,sparsa-scale-main-20260911-long-step-2000,single_seq,pair_network,,,,,,short,L/2,0.2542372881355932,651,19,59,eval-val
foldbench_monomer,7yug_A,118,sparsa-scale-main-20260911-long-step-2000,single_seq,pair_network,,,,,,short,L/5,0.5652173913043478,651,19,23,eval-val
foldbench_monomer,7yug_A,118,sparsa-scale-main-20260911-long-step-2000,single_seq,pair_network,,,,,,short,R,0.631578947368421,651,19,19,eval-val
foldbench_monomer,7yug_A,118,sparsa-scale-main-20260911-long-step-2000,single_seq,pair_network,,,,,,short,AUC,0.9599017321785476,651,19,651,eval-val
foldbench_monomer,7yug_A,118,sparsa-scale-main-20260911-long-step-2000,single_seq,pair_network,,,,,,medium,L,0.1694915254237288,1194,25,118,eval-val
foldbench_monomer,7yug_A,118,sparsa-scale-main-20260911-long-step-2000,single_seq,pair_network,,,,,,medium,L/2,0.2542372881355932,1194,25,59,eval-val
foldbench_monomer,7yug_A,118,sparsa-scale-main-20260911-long-step-2000,single_seq,pair_network,,,,,,medium,L/5,0.43478260869565216,1194,25,23,eval-val
foldbench_monomer,7yug_A,118,sparsa-scale-main-20260911-long-step-2000,single_seq,pair_network,,,,,,medium,R,0.44,1194,25,25,eval-val
foldbench_monomer,7yug_A,118,sparsa-scale-main-20260911-long-step-2000,single_seq,pair_network,,,,,,medium,AUC,0.9412660393498717,1194,25,1194,eval-val
foldbench_monomer,7yug_A,118,sparsa-scale-main-20260911-long-step-2000,single_seq,pair_network,,,,,,long,L,0.1016949152542373,4371,50,118,eval-val
foldbench_monomer,7yug_A,118,sparsa-scale-main-20260911-long-step-2000,single_seq,pair_network,,,,,,long,L/2,0.1016949152542373,4371,50,59,eval-val
foldbench_monomer,7yug_A,118,sparsa-scale-main-20260911-long-step-2000,single_seq,pair_network,,,,,,long,L/5,0.08695652173913043,4371,50,23,eval-val
foldbench_monomer,7yug_A,118,sparsa-scale-main-20260911-long-step-2000,single_seq,pair_network,,,,,,long,R,0.1,4371,50,50,eval-val
foldbench_monomer,7yug_A,118,sparsa-scale-main-20260911-long-step-2000,single_seq,pair_network,,,,,,long,AUC,0.8380560055542698,4371,50,4371,eval-val
foldbench_monomer,7yyg_A,365,sparsa-scale-main-20260911-long-step-2000,single_seq,pair_network,,,,,,all,L,0.1863013698630137,36330,221,365,eval-val
foldbench_monomer,7yyg_A,365,sparsa-scale-main-20260911-long-step-2000,single_seq,pair_network,,,,,,all,L/2,0.2692307692307692,36330,221,182,eval-val
foldbench_monomer,7yyg_A,365,sparsa-scale-main-20260911-long-step-2000,single_seq,pair_network,,,,,,all,L/5,0.3835616438356164,36330,221,73,eval-val
foldbench_monomer,7yyg_A,365,sparsa-scale-main-20260911-long-step-2000,single_seq,pair_network,,,,,,all,R,0.24434389140271492,36330,221,221,eval-val
foldbench_monomer,7yyg_A,365,sparsa-scale-main-20260911-long-step-2000,single_seq,pair_network,,,,,,all,AUC,0.9208524491393517,36330,221,36330,eval-val
foldbench_monomer,7yyg_A,365,sparsa-scale-main-20260911-long-step-2000,single_seq,pair_network,,,,,,short,L,0.07123287671232877,1563,29,365,eval-val
foldbench_monomer,7yyg_A,365,sparsa-scale-main-20260911-long-step-2000,single_seq,pair_network,,,,,,short,L/2,0.12637362637362637,1563,29,182,eval-val
foldbench_monomer,7yyg_A,365,sparsa-scale-main-20260911-long-step-2000,single_seq,pair_network,,,,,,short,L/5,0.273972602739726,1563,29,73,eval-val
foldbench_monomer,7yyg_A,365,sparsa-scale-main-20260911-long-step-2000,single_seq,pair_network,,,,,,short,R,0.41379310344827586,1563,29,29,eval-val
foldbench_monomer,7yyg_A,365,sparsa-scale-main-20260911-long-step-2000,single_seq,pair_network,,,,,,short,AUC,0.9273591691768197,1563,29,1563,eval-val
foldbench_monomer,7yyg_A,365,sparsa-scale-main-20260911-long-step-2000,single_seq,pair_network,,,,,,medium,L,0.11232876712328767,3018,52,365,eval-val
foldbench_monomer,7yyg_A,365,sparsa-scale-main-20260911-long-step-2000,single_seq,pair_network,,,,,,medium,L/2,0.15934065934065933,3018,52,182,eval-val
foldbench_monomer,7yyg_A,365,sparsa-scale-main-20260911-long-step-2000,single_seq,pair_network,,,,,,medium,L/5,0.2328767123287671,3018,52,73,eval-val
foldbench_monomer,7yyg_A,365,sparsa-scale-main-20260911-long-step-2000,single_seq,pair_network,,,,,,medium,R,0.25,3018,52,52,eval-val
foldbench_monomer,7yyg_A,365,sparsa-scale-main-20260911-long-step-2000,single_seq,pair_network,,,,,,medium,AUC,0.9335903055137715,3018,52,3018,eval-val
foldbench_monomer,7yyg_A,365,sparsa-scale-main-20260911-long-step-2000,single_seq,pair_network,,,,,,long,L,0.09315068493150686,31749,140,365,eval-val
foldbench_monomer,7yyg_A,365,sparsa-scale-main-20260911-long-step-2000,single_seq,pair_network,,,,,,long,L/2,0.13186813186813187,31749,140,182,eval-val
foldbench_monomer,7yyg_A,365,sparsa-scale-main-20260911-long-step-2000,single_seq,pair_network,,,,,,long,L/5,0.2054794520547945,31749,140,73,eval-val
foldbench_monomer,7yyg_A,365,sparsa-scale-main-20260911-long-step-2000,single_seq,pair_network,,,,,,long,R,0.14285714285714285,31749,140,140,eval-val
foldbench_monomer,7yyg_A,365,sparsa-scale-main-20260911-long-step-2000,single_seq,pair_network,,,,,,long,AUC,0.9058982975011639,31749,140,31749,eval-val
foldbench_monomer,7z65_A,283,sparsa-scale-main-20260911-long-step-2000,single_seq,pair_network,,,,,,all,L,0.26855123674911663,38503,320,283,eval-val
foldbench_monomer,7z65_A,283,sparsa-scale-main-20260911-long-step-2000,single_seq,pair_network,,,,,,all,L/2,0.3262411347517731,38503,320,141,eval-val
foldbench_monomer,7z65_A,283,sparsa-scale-main-20260911-long-step-2000,single_seq,pair_network,,,,,,all,L/5,0.5357142857142857,38503,320,56,eval-val
foldbench_monomer,7z65_A,283,sparsa-scale-main-20260911-long-step-2000,single_seq,pair_network,,,,,,all,R,0.259375,38503,320,320,eval-val
foldbench_monomer,7z65_A,283,sparsa-scale-main-20260911-long-step-2000,single_seq,pair_network,,,,,,all,AUC,0.9513943541628472,38503,320,38503,eval-val
foldbench_monomer,7z65_A,283,sparsa-scale-main-20260911-long-step-2000,single_seq,pair_network,,,,,,short,L,0.10954063604240283,1647,44,283,eval-val
foldbench_monomer,7z65_A,283,sparsa-scale-main-20260911-long-step-2000,single_seq,pair_network,,,,,,short,L/2,0.14893617021276595,1647,44,141,eval-val
foldbench_monomer,7z65_A,283,sparsa-scale-main-20260911-long-step-2000,single_seq,pair_network,,,,,,short,L/5,0.2857142857142857,1647,44,56,eval-val
foldbench_monomer,7z65_A,283,sparsa-scale-main-20260911-long-step-2000,single_seq,pair_network,,,,,,short,R,0.3181818181818182,1647,44,44,eval-val
foldbench_monomer,7z65_A,283,sparsa-scale-main-20260911-long-step-2000,single_seq,pair_network,,,,,,short,AUC,0.8889652923495719,1647,44,1647,eval-val
foldbench_monomer,7z65_A,283,sparsa-scale-main-20260911-long-step-2000,single_seq,pair_network,,,,,,medium,L,0.04240282685512368,3186,17,283,eval-val
foldbench_monomer,7z65_A,283,sparsa-scale-main-20260911-long-step-2000,single_seq,pair_network,,,,,,medium,L/2,0.06382978723404255,3186,17,141,eval-val
foldbench_monomer,7z65_A,283,sparsa-scale-main-20260911-long-step-2000,single_seq,pair_network,,,,,,medium,L/5,0.08928571428571429,3186,17,56,eval-val
foldbench_monomer,7z65_A,283,sparsa-scale-main-20260911-long-step-2000,single_seq,pair_network,,,,,,medium,R,0.11764705882352941,3186,17,17,eval-val
foldbench_monomer,7z65_A,283,sparsa-scale-main-20260911-long-step-2000,single_seq,pair_network,,,,,,medium,AUC,0.9163124385127985,3186,17,3186,eval-val
foldbench_monomer,7z65_A,283,sparsa-scale-main-20260911-long-step-2000,single_seq,pair_network,,,,,,long,L,0.24734982332155478,33670,259,283,eval-val
foldbench_monomer,7z65_A,283,sparsa-scale-main-20260911-long-step-2000,single_seq,pair_network,,,,,,long,L/2,0.3404255319148936,33670,259,141,eval-val
foldbench_monomer,7z65_A,283,sparsa-scale-main-20260911-long-step-2000,single_seq,pair_network,,,,,,long,L/5,0.5,33670,259,56,eval-val
foldbench_monomer,7z65_A,283,sparsa-scale-main-20260911-long-step-2000,single_seq,pair_network,,,,,,long,R,0.2625482625482625,33670,259,259,eval-val
foldbench_monomer,7z65_A,283,sparsa-scale-main-20260911-long-step-2000,single_seq,pair_network,,,,,,long,AUC,0.9572170587704394,33670,259,33670,eval-val
foldbench_monomer,7znz_A,761,sparsa-scale-main-20260911-long-step-2000,single_seq,pair_network,,,,,,all,L,0.25492772667542707,285390,932,761,eval-val
foldbench_monomer,7znz_A,761,sparsa-scale-main-20260911-long-step-2000,single_seq,pair_network,,,,,,all,L/2,0.3447368421052632,285390,932,380,eval-val
foldbench_monomer,7znz_A,761,sparsa-scale-main-20260911-long-step-2000,single_seq,pair_network,,,,,,all,L/5,0.5394736842105263,285390,932,152,eval-val
foldbench_monomer,7znz_A,761,sparsa-scale-main-20260911-long-step-2000,single_seq,pair_network,,,,,,all,R,0.22317596566523606,285390,932,932,eval-val
foldbench_monomer,7znz_A,761,sparsa-scale-main-20260911-long-step-2000,single_seq,pair_network,,,,,,all,AUC,0.9304549138506217,285390,932,285390,eval-val
foldbench_monomer,7znz_A,761,sparsa-scale-main-20260911-long-step-2000,single_seq,pair_network,,,,,,short,L,0.11957950065703023,4515,112,761,eval-val
foldbench_monomer,7znz_A,761,sparsa-scale-main-20260911-long-step-2000,single_seq,pair_network,,,,,,short,L/2,0.19736842105263158,4515,112,380,eval-val
foldbench_monomer,7znz_A,761,sparsa-scale-main-20260911-long-step-2000,single_seq,pair_network,,,,,,short,L/5,0.32894736842105265,4515,112,152,eval-val
foldbench_monomer,7znz_A,761,sparsa-scale-main-20260911-long-step-2000,single_seq,pair_network,,,,,,short,R,0.38392857142857145,4515,112,112,eval-val
foldbench_monomer,7znz_A,761,sparsa-scale-main-20260911-long-step-2000,single_seq,pair_network,,,,,,short,AUC,0.9187029541546349,4515,112,4515,eval-val
foldbench_monomer,7znz_A,761,sparsa-scale-main-20260911-long-step-2000,single_seq,pair_network,,,,,,medium,L,0.11695137976346912,8922,145,761,eval-val
foldbench_monomer,7znz_A,761,sparsa-scale-main-20260911-long-step-2000,single_seq,pair_network,,,,,,medium,L/2,0.19473684210526315,8922,145,380,eval-val
foldbench_monomer,7znz_A,761,sparsa-scale-main-20260911-long-step-2000,single_seq,pair_network,,,,,,medium,L/5,0.3223684210526316,8922,145,152,eval-val
foldbench_monomer,7znz_A,761,sparsa-scale-main-20260911-long-step-2000,single_seq,pair_network,,,,,,medium,R,0.3310344827586207,8922,145,145,eval-val
foldbench_monomer,7znz_A,761,sparsa-scale-main-20260911-long-step-2000,single_seq,pair_network,,,,,,medium,AUC,0.9001068623714803,8922,145,8922,eval-val
foldbench_monomer,7znz_A,761,sparsa-scale-main-20260911-long-step-2000,single_seq,pair_network,,,,,,long,L,0.164257555847569,271953,675,761,eval-val
foldbench_monomer,7znz_A,761,sparsa-scale-main-20260911-long-step-2000,single_seq,pair_network,,,,,,long,L/2,0.2026315789473684,271953,675,380,eval-val
foldbench_monomer,7znz_A,761,sparsa-scale-main-20260911-long-step-2000,single_seq,pair_network,,,,,,long,L/5,0.27631578947368424,271953,675,152,eval-val
foldbench_monomer,7znz_A,761,sparsa-scale-main-20260911-long-step-2000,single_seq,pair_network,,,,,,long,R,0.16592592592592592,271953,675,675,eval-val
foldbench_monomer,7znz_A,761,sparsa-scale-main-20260911-long-step-2000,single_seq,pair_network,,,,,,long,AUC,0.9202672371351733,271953,675,271953,eval-val
foldbench_monomer,7zoi_A,151,sparsa-scale-main-20260911-long-step-2000,single_seq,pair_network,,,,,,all,L,0.2119205298013245,7021,110,151,eval-val
foldbench_monomer,7zoi_A,151,sparsa-scale-main-20260911-long-step-2000,single_seq,pair_network,,,,,,all,L/2,0.24,7021,110,75,eval-val
foldbench_monomer,7zoi_A,151,sparsa-scale-main-20260911-long-step-2000,single_seq,pair_network,,,,,,all,L/5,0.36666666666666664,7021,110,30,eval-val
foldbench_monomer,7zoi_A,151,sparsa-scale-main-20260911-long-step-2000,single_seq,pair_network,,,,,,all,R,0.23636363636363636,7021,110,110,eval-val
foldbench_monomer,7zoi_A,151,sparsa-scale-main-20260911-long-step-2000,single_seq,pair_network,,,,,,all,AUC,0.8417338630115363,7021,110,7021,eval-val
foldbench_monomer,7zoi_A,151,sparsa-scale-main-20260911-long-step-2000,single_seq,pair_network,,,,,,short,L,0.16556291390728478,693,33,151,eval-val
foldbench_monomer,7zoi_A,151,sparsa-scale-main-20260911-long-step-2000,single_seq,pair_network,,,,,,short,L/2,0.29333333333333333,693,33,75,eval-val
foldbench_monomer,7zoi_A,151,sparsa-scale-main-20260911-long-step-2000,single_seq,pair_network,,,,,,short,L/5,0.4,693,33,30,eval-val
foldbench_monomer,7zoi_A,151,sparsa-scale-main-20260911-long-step-2000,single_seq,pair_network,,,,,,short,R,0.3939393939393939,693,33,33,eval-val
foldbench_monomer,7zoi_A,151,sparsa-scale-main-20260911-long-step-2000,single_seq,pair_network,,,,,,short,AUC,0.8726124885215794,693,33,693,eval-val
foldbench_monomer,7zoi_A,151,sparsa-scale-main-20260911-long-step-2000,single_seq,pair_network,,,,,,medium,L,0.07947019867549669,1278,38,151,eval-val
foldbench_monomer,7zoi_A,151,sparsa-scale-main-20260911-long-step-2000,single_seq,pair_network,,,,,,medium,L/2,0.10666666666666667,1278,38,75,eval-val
foldbench_monomer,7zoi_A,151,sparsa-scale-main-20260911-long-step-2000,single_seq,pair_network,,,,,,medium,L/5,0.13333333333333333,1278,38,30,eval-val
foldbench_monomer,7zoi_A,151,sparsa-scale-main-20260911-long-step-2000,single_seq,pair_network,,,,,,medium,R,0.13157894736842105,1278,38,38,eval-val
foldbench_monomer,7zoi_A,151,sparsa-scale-main-20260911-long-step-2000,single_seq,pair_network,,,,,,medium,AUC,0.7275997453310696,1278,38,1278,eval-val
foldbench_monomer,7zoi_A,151,sparsa-scale-main-20260911-long-step-2000,single_seq,pair_network,,,,,,long,L,0.052980132450331126,5050,39,151,eval-val
foldbench_monomer,7zoi_A,151,sparsa-scale-main-20260911-long-step-2000,single_seq,pair_network,,,,,,long,L/2,0.09333333333333334,5050,39,75,eval-val
foldbench_monomer,7zoi_A,151,sparsa-scale-main-20260911-long-step-2000,single_seq,pair_network,,,,,,long,L/5,0.16666666666666666,5050,39,30,eval-val
foldbench_monomer,7zoi_A,151,sparsa-scale-main-20260911-long-step-2000,single_seq,pair_network,,,,,,long,R,0.15384615384615385,5050,39,39,eval-val
foldbench_monomer,7zoi_A,151,sparsa-scale-main-20260911-long-step-2000,single_seq,pair_network,,,,,,long,AUC,0.8188114353550395,5050,39,5050,eval-val
foldbench_monomer,7zs2_A,316,sparsa-scale-main-20260911-long-step-2000,single_seq,pair_network,,,,,,all,L,0.22151898734177214,37128,223,316,eval-val
foldbench_monomer,7zs2_A,316,sparsa-scale-main-20260911-long-step-2000,single_seq,pair_network,,,,,,all,L/2,0.310126582278481,37128,223,158,eval-val
foldbench_monomer,7zs2_A,316,sparsa-scale-main-20260911-long-step-2000,single_seq,pair_network,,,,,,all,L/5,0.49206349206349204,37128,223,63,eval-val
foldbench_monomer,7zs2_A,316,sparsa-scale-main-20260911-long-step-2000,single_seq,pair_network,,,,,,all,R,0.2600896860986547,37128,223,223,eval-val
foldbench_monomer,7zs2_A,316,sparsa-scale-main-20260911-long-step-2000,single_seq,pair_network,,,,,,all,AUC,0.9313714220793542,37128,223,37128,eval-val
foldbench_monomer,7zs2_A,316,sparsa-scale-main-20260911-long-step-2000,single_seq,pair_network,,,,,,short,L,0.11392405063291139,1617,43,316,eval-val
foldbench_monomer,7zs2_A,316,sparsa-scale-main-20260911-long-step-2000,single_seq,pair_network,,,,,,short,L/2,0.16455696202531644,1617,43,158,eval-val
foldbench_monomer,7zs2_A,316,sparsa-scale-main-20260911-long-step-2000,single_seq,pair_network,,,,,,short,L/5,0.3333333333333333,1617,43,63,eval-val
foldbench_monomer,7zs2_A,316,sparsa-scale-main-20260911-long-step-2000,single_seq,pair_network,,,,,,short,R,0.4186046511627907,1617,43,43,eval-val
foldbench_monomer,7zs2_A,316,sparsa-scale-main-20260911-long-step-2000,single_seq,pair_network,,,,,,short,AUC,0.923783280635915,1617,43,1617,eval-val
foldbench_monomer,7zs2_A,316,sparsa-scale-main-20260911-long-step-2000,single_seq,pair_network,,,,,,medium,L,0.08860759493670886,3126,41,316,eval-val
foldbench_monomer,7zs2_A,316,sparsa-scale-main-20260911-long-step-2000,single_seq,pair_network,,,,,,medium,L/2,0.13924050632911392,3126,41,158,eval-val
foldbench_monomer,7zs2_A,316,sparsa-scale-main-20260911-long-step-2000,single_seq,pair_network,,,,,,medium,L/5,0.2698412698412698,3126,41,63,eval-val
foldbench_monomer,7zs2_A,316,sparsa-scale-main-20260911-long-step-2000,single_seq,pair_network,,,,,,medium,R,0.34146341463414637,3126,41,41,eval-val
foldbench_monomer,7zs2_A,316,sparsa-scale-main-20260911-long-step-2000,single_seq,pair_network,,,,,,medium,AUC,0.9290469225599873,3126,41,3126,eval-val
foldbench_monomer,7zs2_A,316,sparsa-scale-main-20260911-long-step-2000,single_seq,pair_network,,,,,,long,L,0.12974683544303797,32385,139,316,eval-val
foldbench_monomer,7zs2_A,316,sparsa-scale-main-20260911-long-step-2000,single_seq,pair_network,,,,,,long,L/2,0.17721518987341772,32385,139,158,eval-val
foldbench_monomer,7zs2_A,316,sparsa-scale-main-20260911-long-step-2000,single_seq,pair_network,,,,,,long,L/5,0.2698412698412698,32385,139,63,eval-val
foldbench_monomer,7zs2_A,316,sparsa-scale-main-20260911-long-step-2000,single_seq,pair_network,,,,,,long,R,0.2014388489208633,32385,139,139,eval-val
foldbench_monomer,7zs2_A,316,sparsa-scale-main-20260911-long-step-2000,single_seq,pair_network,,,,,,long,AUC,0.9171325471409761,32385,139,32385,eval-val
foldbench_monomer,7zu3_A,132,sparsa-scale-main-20260911-long-step-2000,single_seq,pair_network,,,,,,all,L,0.20454545454545456,7260,92,132,eval-val
foldbench_monomer,7zu3_A,132,sparsa-scale-main-20260911-long-step-2000,single_seq,pair_network,,,,,,all,L/2,0.30303030303030304,7260,92,66,eval-val
foldbench_monomer,7zu3_A,132,sparsa-scale-main-20260911-long-step-2000,single_seq,pair_network,,,,,,all,L/5,0.46153846153846156,7260,92,26,eval-val
foldbench_monomer,7zu3_A,132,sparsa-scale-main-20260911-long-step-2000,single_seq,pair_network,,,,,,all,R,0.2608695652173913,7260,92,92,eval-val
foldbench_monomer,7zu3_A,132,sparsa-scale-main-20260911-long-step-2000,single_seq,pair_network,,,,,,all,AUC,0.837102096273292,7260,92,7260,eval-val
foldbench_monomer,7zu3_A,132,sparsa-scale-main-20260911-long-step-2000,single_seq,pair_network,,,,,,short,L,0.03787878787878788,705,9,132,eval-val
foldbench_monomer,7zu3_A,132,sparsa-scale-main-20260911-long-step-2000,single_seq,pair_network,,,,,,short,L/2,0.07575757575757576,705,9,66,eval-val
foldbench_monomer,7zu3_A,132,sparsa-scale-main-20260911-long-step-2000,single_seq,pair_network,,,,,,short,L/5,0.19230769230769232,705,9,26,eval-val
foldbench_monomer,7zu3_A,132,sparsa-scale-main-20260911-long-step-2000,single_seq,pair_network,,,,,,short,R,0.4444444444444444,705,9,9,eval-val
foldbench_monomer,7zu3_A,132,sparsa-scale-main-20260911-long-step-2000,single_seq,pair_network,,,,,,short,AUC,0.8725255427841635,705,9,705,eval-val
foldbench_monomer,7zu3_A,132,sparsa-scale-main-20260911-long-step-2000,single_seq,pair_network,,,,,,medium,L,0.12878787878787878,1302,22,132,eval-val
foldbench_monomer,7zu3_A,132,sparsa-scale-main-20260911-long-step-2000,single_seq,pair_network,,,,,,medium,L/2,0.19696969696969696,1302,22,66,eval-val
foldbench_monomer,7zu3_A,132,sparsa-scale-main-20260911-long-step-2000,single_seq,pair_network,,,,,,medium,L/5,0.38461538461538464,1302,22,26,eval-val
foldbench_monomer,7zu3_A,132,sparsa-scale-main-20260911-long-step-2000,single_seq,pair_network,,,,,,medium,R,0.36363636363636365,1302,22,22,eval-val
foldbench_monomer,7zu3_A,132,sparsa-scale-main-20260911-long-step-2000,single_seq,pair_network,,,,,,medium,AUC,0.9078657670454545,1302,22,1302,eval-val
foldbench_monomer,7zu3_A,132,sparsa-scale-main-20260911-long-step-2000,single_seq,pair_network,,,,,,long,L,0.12121212121212122,5253,61,132,eval-val
foldbench_monomer,7zu3_A,132,sparsa-scale-main-20260911-long-step-2000,single_seq,pair_network,,,,,,long,L/2,0.15151515151515152,5253,61,66,eval-val
foldbench_monomer,7zu3_A,132,sparsa-scale-main-20260911-long-step-2000,single_seq,pair_network,,,,,,long,L/5,0.34615384615384615,5253,61,26,eval-val
foldbench_monomer,7zu3_A,132,sparsa-scale-main-20260911-long-step-2000,single_seq,pair_network,,,,,,long,R,0.16393442622950818,5253,61,61,eval-val
foldbench_monomer,7zu3_A,132,sparsa-scale-main-20260911-long-step-2000,single_seq,pair_network,,,,,,long,AUC,0.8145333931142489,5253,61,5253,eval-val
foldbench_monomer,7zv1_A,136,sparsa-scale-main-20260911-long-step-2000,single_seq,pair_network,,,,,,all,L,0.14705882352941177,5356,111,136,eval-val
foldbench_monomer,7zv1_A,136,sparsa-scale-main-20260911-long-step-2000,single_seq,pair_network,,,,,,all,L/2,0.23529411764705882,5356,111,68,eval-val
foldbench_monomer,7zv1_A,136,sparsa-scale-main-20260911-long-step-2000,single_seq,pair_network,,,,,,all,L/5,0.5555555555555556,5356,111,27,eval-val
foldbench_monomer,7zv1_A,136,sparsa-scale-main-20260911-long-step-2000,single_seq,pair_network,,,,,,all,R,0.16216216216216217,5356,111,111,eval-val
foldbench_monomer,7zv1_A,136,sparsa-scale-main-20260911-long-step-2000,single_seq,pair_network,,,,,,all,AUC,0.7889049201727945,5356,111,5356,eval-val
foldbench_monomer,7zv1_A,136,sparsa-scale-main-20260911-long-step-2000,single_seq,pair_network,,,,,,short,L,0.08088235294117647,603,14,136,eval-val
foldbench_monomer,7zv1_A,136,sparsa-scale-main-20260911-long-step-2000,single_seq,pair_network,,,,,,short,L/2,0.11764705882352941,603,14,68,eval-val
foldbench_monomer,7zv1_A,136,sparsa-scale-main-20260911-long-step-2000,single_seq,pair_network,,,,,,short,L/5,0.25925925925925924,603,14,27,eval-val
foldbench_monomer,7zv1_A,136,sparsa-scale-main-20260911-long-step-2000,single_seq,pair_network,,,,,,short,R,0.5,603,14,14,eval-val
foldbench_monomer,7zv1_A,136,sparsa-scale-main-20260911-long-step-2000,single_seq,pair_network,,,,,,short,AUC,0.8621756002910502,603,14,603,eval-val
foldbench_monomer,7zv1_A,136,sparsa-scale-main-20260911-long-step-2000,single_seq,pair_network,,,,,,medium,L,0.09558823529411764,1098,23,136,eval-val
foldbench_monomer,7zv1_A,136,sparsa-scale-main-20260911-long-step-2000,single_seq,pair_network,,,,,,medium,L/2,0.14705882352941177,1098,23,68,eval-val
foldbench_monomer,7zv1_A,136,sparsa-scale-main-20260911-long-step-2000,single_seq,pair_network,,,,,,medium,L/5,0.3333333333333333,1098,23,27,eval-val
foldbench_monomer,7zv1_A,136,sparsa-scale-main-20260911-long-step-2000,single_seq,pair_network,,,,,,medium,R,0.34782608695652173,1098,23,23,eval-val
foldbench_monomer,7zv1_A,136,sparsa-scale-main-20260911-long-step-2000,single_seq,pair_network,,,,,,medium,AUC,0.8808493427704752,1098,23,1098,eval-val
foldbench_monomer,7zv1_A,136,sparsa-scale-main-20260911-long-step-2000,single_seq,pair_network,,,,,,long,L,0.09558823529411764,3655,74,136,eval-val
foldbench_monomer,7zv1_A,136,sparsa-scale-main-20260911-long-step-2000,single_seq,pair_network,,,,,,long,L/2,0.029411764705882353,3655,74,68,eval-val
foldbench_monomer,7zv1_A,136,sparsa-scale-main-20260911-long-step-2000,single_seq,pair_network,,,,,,long,L/5,0.0,3655,74,27,eval-val
foldbench_monomer,7zv1_A,136,sparsa-scale-main-20260911-long-step-2000,single_seq,pair_network,,,,,,long,R,0.04054054054054054,3655,74,74,eval-val
foldbench_monomer,7zv1_A,136,sparsa-scale-main-20260911-long-step-2000,single_seq,pair_network,,,,,,long,AUC,0.7539982037329147,3655,74,3655,eval-val
foldbench_monomer,8adc_A,215,sparsa-scale-main-20260911-long-step-2000,single_seq,pair_network,,,,,,all,L,0.20465116279069767,20315,170,215,eval-val
foldbench_monomer,8adc_A,215,sparsa-scale-main-20260911-long-step-2000,single_seq,pair_network,,,,,,all,L/2,0.27102803738317754,20315,170,107,eval-val
foldbench_monomer,8adc_A,215,sparsa-scale-main-20260911-long-step-2000,single_seq,pair_network,,,,,,all,L/5,0.4418604651162791,20315,170,43,eval-val
foldbench_monomer,8adc_A,215,sparsa-scale-main-20260911-long-step-2000,single_seq,pair_network,,,,,,all,R,0.2235294117647059,20315,170,170,eval-val
foldbench_monomer,8adc_A,215,sparsa-scale-main-20260911-long-step-2000,single_seq,pair_network,,,,,,all,AUC,0.8929762165476764,20315,170,20315,eval-val
foldbench_monomer,8adc_A,215,sparsa-scale-main-20260911-long-step-2000,single_seq,pair_network,,,,,,short,L,0.09767441860465116,1167,26,215,eval-val
foldbench_monomer,8adc_A,215,sparsa-scale-main-20260911-long-step-2000,single_seq,pair_network,,,,,,short,L/2,0.16822429906542055,1167,26,107,eval-val
foldbench_monomer,8adc_A,215,sparsa-scale-main-20260911-long-step-2000,single_seq,pair_network,,,,,,short,L/5,0.27906976744186046,1167,26,43,eval-val
foldbench_monomer,8adc_A,215,sparsa-scale-main-20260911-long-step-2000,single_seq,pair_network,,,,,,short,R,0.38461538461538464,1167,26,26,eval-val
foldbench_monomer,8adc_A,215,sparsa-scale-main-20260911-long-step-2000,single_seq,pair_network,,,,,,short,AUC,0.9071664531787231,1167,26,1167,eval-val
foldbench_monomer,8adc_A,215,sparsa-scale-main-20260911-long-step-2000,single_seq,pair_network,,,,,,medium,L,0.12558139534883722,2226,39,215,eval-val
foldbench_monomer,8adc_A,215,sparsa-scale-main-20260911-long-step-2000,single_seq,pair_network,,,,,,medium,L/2,0.19626168224299065,2226,39,107,eval-val
foldbench_monomer,8adc_A,215,sparsa-scale-main-20260911-long-step-2000,single_seq,pair_network,,,,,,medium,L/5,0.3488372093023256,2226,39,43,eval-val
foldbench_monomer,8adc_A,215,sparsa-scale-main-20260911-long-step-2000,single_seq,pair_network,,,,,,medium,R,0.3333333333333333,2226,39,39,eval-val
foldbench_monomer,8adc_A,215,sparsa-scale-main-20260911-long-step-2000,single_seq,pair_network,,,,,,medium,AUC,0.9265238647954697,2226,39,2226,eval-val
foldbench_monomer,8adc_A,215,sparsa-scale-main-20260911-long-step-2000,single_seq,pair_network,,,,,,long,L,0.08372093023255814,16922,105,215,eval-val
foldbench_monomer,8adc_A,215,sparsa-scale-main-20260911-long-step-2000,single_seq,pair_network,,,,,,long,L/2,0.11214953271028037,16922,105,107,eval-val
foldbench_monomer,8adc_A,215,sparsa-scale-main-20260911-long-step-2000,single_seq,pair_network,,,,,,long,L/5,0.09302325581395349,16922,105,43,eval-val
foldbench_monomer,8adc_A,215,sparsa-scale-main-20260911-long-step-2000,single_seq,pair_network,,,,,,long,R,0.11428571428571428,16922,105,105,eval-val
foldbench_monomer,8adc_A,215,sparsa-scale-main-20260911-long-step-2000,single_seq,pair_network,,,,,,long,AUC,0.871557692471054,16922,105,16922,eval-val
foldbench_monomer,8add_A,213,sparsa-scale-main-20260911-long-step-2000,single_seq,pair_network,,,,,,all,L,0.14553990610328638,21120,210,213,eval-val
foldbench_monomer,8add_A,213,sparsa-scale-main-20260911-long-step-2000,single_seq,pair_network,,,,,,all,L/2,0.19811320754716982,21120,210,106,eval-val
foldbench_monomer,8add_A,213,sparsa-scale-main-20260911-long-step-2000,single_seq,pair_network,,,,,,all,L/5,0.3333333333333333,21120,210,42,eval-val
foldbench_monomer,8add_A,213,sparsa-scale-main-20260911-long-step-2000,single_seq,pair_network,,,,,,all,R,0.14761904761904762,21120,210,210,eval-val
foldbench_monomer,8add_A,213,sparsa-scale-main-20260911-long-step-2000,single_seq,pair_network,,,,,,all,AUC,0.8301998360319738,21120,210,21120,eval-val
foldbench_monomer,8add_A,213,sparsa-scale-main-20260911-long-step-2000,single_seq,pair_network,,,,,,short,L,0.107981220657277,1209,32,213,eval-val
foldbench_monomer,8add_A,213,sparsa-scale-main-20260911-long-step-2000,single_seq,pair_network,,,,,,short,L/2,0.16981132075471697,1209,32,106,eval-val
foldbench_monomer,8add_A,213,sparsa-scale-main-20260911-long-step-2000,single_seq,pair_network,,,,,,short,L/5,0.30952380952380953,1209,32,42,eval-val
foldbench_monomer,8add_A,213,sparsa-scale-main-20260911-long-step-2000,single_seq,pair_network,,,,,,short,R,0.375,1209,32,32,eval-val
foldbench_monomer,8add_A,213,sparsa-scale-main-20260911-long-step-2000,single_seq,pair_network,,,,,,short,AUC,0.8978600254885301,1209,32,1209,eval-val
foldbench_monomer,8add_A,213,sparsa-scale-main-20260911-long-step-2000,single_seq,pair_network,,,,,,medium,L,0.09859154929577464,2310,34,213,eval-val
foldbench_monomer,8add_A,213,sparsa-scale-main-20260911-long-step-2000,single_seq,pair_network,,,,,,medium,L/2,0.14150943396226415,2310,34,106,eval-val
foldbench_monomer,8add_A,213,sparsa-scale-main-20260911-long-step-2000,single_seq,pair_network,,,,,,medium,L/5,0.14285714285714285,2310,34,42,eval-val
foldbench_monomer,8add_A,213,sparsa-scale-main-20260911-long-step-2000,single_seq,pair_network,,,,,,medium,R,0.17647058823529413,2310,34,34,eval-val
foldbench_monomer,8add_A,213,sparsa-scale-main-20260911-long-step-2000,single_seq,pair_network,,,,,,medium,AUC,0.9127920500361832,2310,34,2310,eval-val
foldbench_monomer,8add_A,213,sparsa-scale-main-20260911-long-step-2000,single_seq,pair_network,,,,,,long,L,0.06103286384976526,17601,144,213,eval-val
foldbench_monomer,8add_A,213,sparsa-scale-main-20260911-long-step-2000,single_seq,pair_network,,,,,,long,L/2,0.09433962264150944,17601,144,106,eval-val
foldbench_monomer,8add_A,213,sparsa-scale-main-20260911-long-step-2000,single_seq,pair_network,,,,,,long,L/5,0.07142857142857142,17601,144,42,eval-val
foldbench_monomer,8add_A,213,sparsa-scale-main-20260911-long-step-2000,single_seq,pair_network,,,,,,long,R,0.06944444444444445,17601,144,144,eval-val
foldbench_monomer,8add_A,213,sparsa-scale-main-20260911-long-step-2000,single_seq,pair_network,,,,,,long,AUC,0.7963985316301007,17601,144,17601,eval-val
foldbench_monomer,8akh_A,374,sparsa-scale-main-20260911-long-step-2000,single_seq,pair_network,,,,,,all,L,0.12566844919786097,49770,321,374,eval-val
foldbench_monomer,8akh_A,374,sparsa-scale-main-20260911-long-step-2000,single_seq,pair_network,,,,,,all,L/2,0.15508021390374332,49770,321,187,eval-val
foldbench_monomer,8akh_A,374,sparsa-scale-main-20260911-long-step-2000,single_seq,pair_network,,,,,,all,L/5,0.2972972972972973,49770,321,74,eval-val
foldbench_monomer,8akh_A,374,sparsa-scale-main-20260911-long-step-2000,single_seq,pair_network,,,,,,all,R,0.13395638629283488,49770,321,321,eval-val
foldbench_monomer,8akh_A,374,sparsa-scale-main-20260911-long-step-2000,single_seq,pair_network,,,,,,all,AUC,0.8503105468367328,49770,321,49770,eval-val
foldbench_monomer,8akh_A,374,sparsa-scale-main-20260911-long-step-2000,single_seq,pair_network,,,,,,short,L,0.08021390374331551,1875,42,374,eval-val
foldbench_monomer,8akh_A,374,sparsa-scale-main-20260911-long-step-2000,single_seq,pair_network,,,,,,short,L/2,0.0962566844919786,1875,42,187,eval-val
foldbench_monomer,8akh_A,374,sparsa-scale-main-20260911-long-step-2000,single_seq,pair_network,,,,,,short,L/5,0.16216216216216217,1875,42,74,eval-val
foldbench_monomer,8akh_A,374,sparsa-scale-main-20260911-long-step-2000,single_seq,pair_network,,,,,,short,R,0.21428571428571427,1875,42,42,eval-val
foldbench_monomer,8akh_A,374,sparsa-scale-main-20260911-long-step-2000,single_seq,pair_network,,,,,,short,AUC,0.8633647676200867,1875,42,1875,eval-val
foldbench_monomer,8akh_A,374,sparsa-scale-main-20260911-long-step-2000,single_seq,pair_network,,,,,,medium,L,0.06417112299465241,3642,50,374,eval-val
foldbench_monomer,8akh_A,374,sparsa-scale-main-20260911-long-step-2000,single_seq,pair_network,,,,,,medium,L/2,0.10695187165775401,3642,50,187,eval-val
foldbench_monomer,8akh_A,374,sparsa-scale-main-20260911-long-step-2000,single_seq,pair_network,,,,,,medium,L/5,0.14864864864864866,3642,50,74,eval-val
foldbench_monomer,8akh_A,374,sparsa-scale-main-20260911-long-step-2000,single_seq,pair_network,,,,,,medium,R,0.14,3642,50,50,eval-val
foldbench_monomer,8akh_A,374,sparsa-scale-main-20260911-long-step-2000,single_seq,pair_network,,,,,,medium,AUC,0.8609604677060134,3642,50,3642,eval-val
foldbench_monomer,8akh_A,374,sparsa-scale-main-20260911-long-step-2000,single_seq,pair_network,,,,,,long,L,0.08288770053475936,44253,229,374,eval-val
foldbench_monomer,8akh_A,374,sparsa-scale-main-20260911-long-step-2000,single_seq,pair_network,,,,,,long,L/2,0.12299465240641712,44253,229,187,eval-val
foldbench_monomer,8akh_A,374,sparsa-scale-main-20260911-long-step-2000,single_seq,pair_network,,,,,,long,L/5,0.13513513513513514,44253,229,74,eval-val
foldbench_monomer,8akh_A,374,sparsa-scale-main-20260911-long-step-2000,single_seq,pair_network,,,,,,long,R,0.1222707423580786,44253,229,229,eval-val
foldbench_monomer,8akh_A,374,sparsa-scale-main-20260911-long-step-2000,single_seq,pair_network,,,,,,long,AUC,0.8275877409463834,44253,229,44253,eval-val
foldbench_monomer,8ak2_A,297,sparsa-scale-main-20260911-long-step-2000,single_seq,pair_network,,,,,,all,L,0.11447811447811448,40186,314,297,eval-val
foldbench_monomer,8ak2_A,297,sparsa-scale-main-20260911-long-step-2000,single_seq,pair_network,,,,,,all,L/2,0.13513513513513514,40186,314,148,eval-val
foldbench_monomer,8ak2_A,297,sparsa-scale-main-20260911-long-step-2000,single_seq,pair_network,,,,,,all,L/5,0.1694915254237288,40186,314,59,eval-val
foldbench_monomer,8ak2_A,297,sparsa-scale-main-20260911-long-step-2000,single_seq,pair_network,,,,,,all,R,0.11464968152866242,40186,314,314,eval-val
foldbench_monomer,8ak2_A,297,sparsa-scale-main-20260911-long-step-2000,single_seq,pair_network,,,,,,all,AUC,0.8748864599201522,40186,314,40186,eval-val
foldbench_monomer,8ak2_A,297,sparsa-scale-main-20260911-long-step-2000,single_seq,pair_network,,,,,,short,L,0.08754208754208755,1683,40,297,eval-val
foldbench_monomer,8ak2_A,297,sparsa-scale-main-20260911-long-step-2000,single_seq,pair_network,,,,,,short,L/2,0.13513513513513514,1683,40,148,eval-val
foldbench_monomer,8ak2_A,297,sparsa-scale-main-20260911-long-step-2000,single_seq,pair_network,,,,,,short,L/5,0.1864406779661017,1683,40,59,eval-val
foldbench_monomer,8ak2_A,297,sparsa-scale-main-20260911-long-step-2000,single_seq,pair_network,,,,,,short,R,0.225,1683,40,40,eval-val
foldbench_monomer,8ak2_A,297,sparsa-scale-main-20260911-long-step-2000,single_seq,pair_network,,,,,,short,AUC,0.8832090687766282,1683,40,1683,eval-val
foldbench_monomer,8ak2_A,297,sparsa-scale-main-20260911-long-step-2000,single_seq,pair_network,,,,,,medium,L,0.09764309764309764,3258,45,297,eval-val
foldbench_monomer,8ak2_A,297,sparsa-scale-main-20260911-long-step-2000,single_seq,pair_network,,,,,,medium,L/2,0.11486486486486487,3258,45,148,eval-val
foldbench_monomer,8ak2_A,297,sparsa-scale-main-20260911-long-step-2000,single_seq,pair_network,,,,,,medium,L/5,0.11864406779661017,3258,45,59,eval-val
foldbench_monomer,8ak2_A,297,sparsa-scale-main-20260911-long-step-2000,single_seq,pair_network,,,,,,medium,R,0.1111111111111111,3258,45,45,eval-val
foldbench_monomer,8ak2_A,297,sparsa-scale-main-20260911-long-step-2000,single_seq,pair_network,,,,,,medium,AUC,0.9035999585019193,3258,45,3258,eval-val
foldbench_monomer,8ak2_A,297,sparsa-scale-main-20260911-long-step-2000,single_seq,pair_network,,,,,,long,L,0.07407407407407407,35245,229,297,eval-val
foldbench_monomer,8ak2_A,297,sparsa-scale-main-20260911-long-step-2000,single_seq,pair_network,,,,,,long,L/2,0.11486486486486487,35245,229,148,eval-val
foldbench_monomer,8ak2_A,297,sparsa-scale-main-20260911-long-step-2000,single_seq,pair_network,,,,,,long,L/5,0.06779661016949153,35245,229,59,eval-val
foldbench_monomer,8ak2_A,297,sparsa-scale-main-20260911-long-step-2000,single_seq,pair_network,,,,,,long,R,0.08296943231441048,35245,229,229,eval-val
foldbench_monomer,8ak2_A,297,sparsa-scale-main-20260911-long-step-2000,single_seq,pair_network,,,,,,long,AUC,0.8638253828817369,35245,229,35245,eval-val
foldbench_monomer,8arl_A,246,sparsa-scale-main-20260911-long-step-2000,single_seq,pair_network,,,,,,all,L,0.08536585365853659,25651,260,246,eval-val
foldbench_monomer,8arl_A,246,sparsa-scale-main-20260911-long-step-2000,single_seq,pair_network,,,,,,all,L/2,0.0975609756097561,25651,260,123,eval-val
foldbench_monomer,8arl_A,246,sparsa-scale-main-20260911-long-step-2000,single_seq,pair_network,,,,,,all,L/5,0.1836734693877551,25651,260,49,eval-val
foldbench_monomer,8arl_A,246,sparsa-scale-main-20260911-long-step-2000,single_seq,pair_network,,,,,,all,R,0.08461538461538462,25651,260,260,eval-val
foldbench_monomer,8arl_A,246,sparsa-scale-main-20260911-long-step-2000,single_seq,pair_network,,,,,,all,AUC,0.7117428040826096,25651,260,25651,eval-val
foldbench_monomer,8arl_A,246,sparsa-scale-main-20260911-long-step-2000,single_seq,pair_network,,,,,,short,L,0.06910569105691057,1341,26,246,eval-val
foldbench_monomer,8arl_A,246,sparsa-scale-main-20260911-long-step-2000,single_seq,pair_network,,,,,,short,L/2,0.0975609756097561,1341,26,123,eval-val
foldbench_monomer,8arl_A,246,sparsa-scale-main-20260911-long-step-2000,single_seq,pair_network,,,,,,short,L/5,0.14285714285714285,1341,26,49,eval-val
foldbench_monomer,8arl_A,246,sparsa-scale-main-20260911-long-step-2000,single_seq,pair_network,,,,,,short,R,0.23076923076923078,1341,26,26,eval-val
foldbench_monomer,8arl_A,246,sparsa-scale-main-20260911-long-step-2000,single_seq,pair_network,,,,,,short,AUC,0.8532904357999416,1341,26,1341,eval-val
foldbench_monomer,8arl_A,246,sparsa-scale-main-20260911-long-step-2000,single_seq,pair_network,,,,,,medium,L,0.044715447154471545,2574,16,246,eval-val
foldbench_monomer,8arl_A,246,sparsa-scale-main-20260911-long-step-2000,single_seq,pair_network,,,,,,medium,L/2,0.056910569105691054,2574,16,123,eval-val
foldbench_monomer,8arl_A,246,sparsa-scale-main-20260911-long-step-2000,single_seq,pair_network,,,,,,medium,L/5,0.10204081632653061,2574,16,49,eval-val
foldbench_monomer,8arl_A,246,sparsa-scale-main-20260911-long-step-2000,single_seq,pair_network,,,,,,medium,R,0.125,2574,16,16,eval-val
foldbench_monomer,8arl_A,246,sparsa-scale-main-20260911-long-step-2000,single_seq,pair_network,,,,,,medium,AUC,0.9241839327599688,2574,16,2574,eval-val
foldbench_monomer,8arl_A,246,sparsa-scale-main-20260911-long-step-2000,single_seq,pair_network,,,,,,long,L,0.07723577235772358,21736,218,246,eval-val
foldbench_monomer,8arl_A,246,sparsa-scale-main-20260911-long-step-2000,single_seq,pair_network,,,,,,long,L/2,0.06504065040650407,21736,218,123,eval-val
foldbench_monomer,8arl_A,246,sparsa-scale-main-20260911-long-step-2000,single_seq,pair_network,,,,,,long,L/5,0.061224489795918366,21736,218,49,eval-val
foldbench_monomer,8arl_A,246,sparsa-scale-main-20260911-long-step-2000,single_seq,pair_network,,,,,,long,R,0.06422018348623854,21736,218,218,eval-val
foldbench_monomer,8arl_A,246,sparsa-scale-main-20260911-long-step-2000,single_seq,pair_network,,,,,,long,AUC,0.6921847380174992,21736,218,21736,eval-val
foldbench_monomer,8q8i_A,282,sparsa-scale-main-20260911-long-step-2000,single_seq,pair_network,,,,,,all,L,0.20921985815602837,37410,376,282,eval-val
foldbench_monomer,8q8i_A,282,sparsa-scale-main-20260911-long-step-2000,single_seq,pair_network,,,,,,all,L/2,0.3120567375886525,37410,376,141,eval-val
foldbench_monomer,8q8i_A,282,sparsa-scale-main-20260911-long-step-2000,single_seq,pair_network,,,,,,all,L/5,0.4642857142857143,37410,376,56,eval-val
foldbench_monomer,8q8i_A,282,sparsa-scale-main-20260911-long-step-2000,single_seq,pair_network,,,,,,all,R,0.18351063829787234,37410,376,376,eval-val
foldbench_monomer,8q8i_A,282,sparsa-scale-main-20260911-long-step-2000,single_seq,pair_network,,,,,,all,AUC,0.849157444740256,37410,376,37410,eval-val
foldbench_monomer,8q8i_A,282,sparsa-scale-main-20260911-long-step-2000,single_seq,pair_network,,,,,,short,L,0.09574468085106383,1611,34,282,eval-val
foldbench_monomer,8q8i_A,282,sparsa-scale-main-20260911-long-step-2000,single_seq,pair_network,,,,,,short,L/2,0.10638297872340426,1611,34,141,eval-val
foldbench_monomer,8q8i_A,282,sparsa-scale-main-20260911-long-step-2000,single_seq,pair_network,,,,,,short,L/5,0.14285714285714285,1611,34,56,eval-val
foldbench_monomer,8q8i_A,282,sparsa-scale-main-20260911-long-step-2000,single_seq,pair_network,,,,,,short,R,0.17647058823529413,1611,34,34,eval-val
foldbench_monomer,8q8i_A,282,sparsa-scale-main-20260911-long-step-2000,single_seq,pair_network,,,,,,short,AUC,0.8892536088626952,1611,34,1611,eval-val
foldbench_monomer,8q8i_A,282,sparsa-scale-main-20260911-long-step-2000,single_seq,pair_network,,,,,,medium,L,0.1453900709219858,3114,88,282,eval-val
foldbench_monomer,8q8i_A,282,sparsa-scale-main-20260911-long-step-2000,single_seq,pair_network,,,,,,medium,L/2,0.23404255319148937,3114,88,141,eval-val
foldbench_monomer,8q8i_A,282,sparsa-scale-main-20260911-long-step-2000,single_seq,pair_network,,,,,,medium,L/5,0.42857142857142855,3114,88,56,eval-val
foldbench_monomer,8q8i_A,282,sparsa-scale-main-20260911-long-step-2000,single_seq,pair_network,,,,,,medium,R,0.3409090909090909,3114,88,88,eval-val
foldbench_monomer,8q8i_A,282,sparsa-scale-main-20260911-long-step-2000,single_seq,pair_network,,,,,,medium,AUC,0.8444804121853031,3114,88,3114,eval-val
foldbench_monomer,8q8i_A,282,sparsa-scale-main-20260911-long-step-2000,single_seq,pair_network,,,,,,long,L,0.11347517730496454,32685,254,282,eval-val
foldbench_monomer,8q8i_A,282,sparsa-scale-main-20260911-long-step-2000,single_seq,pair_network,,,,,,long,L/2,0.1773049645390071,32685,254,141,eval-val
foldbench_monomer,8q8i_A,282,sparsa-scale-main-20260911-long-step-2000,single_seq,pair_network,,,,,,long,L/5,0.2857142857142857,32685,254,56,eval-val
foldbench_monomer,8q8i_A,282,sparsa-scale-main-20260911-long-step-2000,single_seq,pair_network,,,,,,long,R,0.1220472440944882,32685,254,254,eval-val
foldbench_monomer,8q8i_A,282,sparsa-scale-main-20260911-long-step-2000,single_seq,pair_network,,,,,,long,AUC,0.8250768985735191,32685,254,32685,eval-val
foldbench_monomer,8au6_A,321,sparsa-scale-main-20260911-long-step-2000,single_seq,pair_network,,,,,,all,L,0.1308411214953271,29403,168,321,eval-val
foldbench_monomer,8au6_A,321,sparsa-scale-main-20260911-long-step-2000,single_seq,pair_network,,,,,,all,L/2,0.16875,29403,168,160,eval-val
foldbench_monomer,8au6_A,321,sparsa-scale-main-20260911-long-step-2000,single_seq,pair_network,,,,,,all,L/5,0.234375,29403,168,64,eval-val
foldbench_monomer,8au6_A,321,sparsa-scale-main-20260911-long-step-2000,single_seq,pair_network,,,,,,all,R,0.16666666666666666,29403,168,168,eval-val
foldbench_monomer,8au6_A,321,sparsa-scale-main-20260911-long-step-2000,single_seq,pair_network,,,,,,all,AUC,0.9327355501803938,29403,168,29403,eval-val
foldbench_monomer,8au6_A,321,sparsa-scale-main-20260911-long-step-2000,single_seq,pair_network,,,,,,short,L,0.07476635514018691,1437,25,321,eval-val
foldbench_monomer,8au6_A,321,sparsa-scale-main-20260911-long-step-2000,single_seq,pair_network,,,,,,short,L/2,0.13125,1437,25,160,eval-val
foldbench_monomer,8au6_A,321,sparsa-scale-main-20260911-long-step-2000,single_seq,pair_network,,,,,,short,L/5,0.203125,1437,25,64,eval-val
foldbench_monomer,8au6_A,321,sparsa-scale-main-20260911-long-step-2000,single_seq,pair_network,,,,,,short,R,0.32,1437,25,25,eval-val
foldbench_monomer,8au6_A,321,sparsa-scale-main-20260911-long-step-2000,single_seq,pair_network,,,,,,short,AUC,0.9458215297450425,1437,25,1437,eval-val
foldbench_monomer,8au6_A,321,sparsa-scale-main-20260911-long-step-2000,single_seq,pair_network,,,,,,medium,L,0.056074766355140186,2766,25,321,eval-val
foldbench_monomer,8au6_A,321,sparsa-scale-main-20260911-long-step-2000,single_seq,pair_network,,,,,,medium,L/2,0.09375,2766,25,160,eval-val
foldbench_monomer,8au6_A,321,sparsa-scale-main-20260911-long-step-2000,single_seq,pair_network,,,,,,medium,L/5,0.109375,2766,25,64,eval-val
foldbench_monomer,8au6_A,321,sparsa-scale-main-20260911-long-step-2000,single_seq,pair_network,,,,,,medium,R,0.16,2766,25,25,eval-val
foldbench_monomer,8au6_A,321,sparsa-scale-main-20260911-long-step-2000,single_seq,pair_network,,,,,,medium,AUC,0.9174461875228019,2766,25,2766,eval-val
foldbench_monomer,8au6_A,321,sparsa-scale-main-20260911-long-step-2000,single_seq,pair_network,,,,,,long,L,0.09034267912772585,25200,118,321,eval-val
foldbench_monomer,8au6_A,321,sparsa-scale-main-20260911-long-step-2000,single_seq,pair_network,,,,,,long,L/2,0.125,25200,118,160,eval-val
foldbench_monomer,8au6_A,321,sparsa-scale-main-20260911-long-step-2000,single_seq,pair_network,,,,,,long,L/5,0.171875,25200,118,64,eval-val
foldbench_monomer,8au6_A,321,sparsa-scale-main-20260911-long-step-2000,single_seq,pair_network,,,,,,long,R,0.1440677966101695,25200,118,118,eval-val
foldbench_monomer,8au6_A,321,sparsa-scale-main-20260911-long-step-2000,single_seq,pair_network,,,,,,long,AUC,0.9286521565198353,25200,118,25200,eval-val
foldbench_monomer,8axj_A,162,sparsa-scale-main-20260911-long-step-2000,single_seq,pair_network,,,,,,all,L,0.5061728395061729,12090,143,162,eval-val
foldbench_monomer,8axj_A,162,sparsa-scale-main-20260911-long-step-2000,single_seq,pair_network,,,,,,all,L/2,0.7407407407407407,12090,143,81,eval-val
foldbench_monomer,8axj_A,162,sparsa-scale-main-20260911-long-step-2000,single_seq,pair_network,,,,,,all,L/5,0.96875,12090,143,32,eval-val
foldbench_monomer,8axj_A,162,sparsa-scale-main-20260911-long-step-2000,single_seq,pair_network,,,,,,all,R,0.5454545454545454,12090,143,143,eval-val
foldbench_monomer,8axj_A,162,sparsa-scale-main-20260911-long-step-2000,single_seq,pair_network,,,,,,all,AUC,0.9395351028815497,12090,143,12090,eval-val
foldbench_monomer,8axj_A,162,sparsa-scale-main-20260911-long-step-2000,single_seq,pair_network,,,,,,short,L,0.05555555555555555,915,13,162,eval-val
foldbench_monomer,8axj_A,162,sparsa-scale-main-20260911-long-step-2000,single_seq,pair_network,,,,,,short,L/2,0.1111111111111111,915,13,81,eval-val
foldbench_monomer,8axj_A,162,sparsa-scale-main-20260911-long-step-2000,single_seq,pair_network,,,,,,short,L/5,0.25,915,13,32,eval-val
foldbench_monomer,8axj_A,162,sparsa-scale-main-20260911-long-step-2000,single_seq,pair_network,,,,,,short,R,0.46153846153846156,915,13,13,eval-val
foldbench_monomer,8axj_A,162,sparsa-scale-main-20260911-long-step-2000,single_seq,pair_network,,,,,,short,AUC,0.9216271533344704,915,13,915,eval-val
foldbench_monomer,8axj_A,162,sparsa-scale-main-20260911-long-step-2000,single_seq,pair_network,,,,,,medium,L,0.3395061728395062,1722,67,162,eval-val
foldbench_monomer,8axj_A,162,sparsa-scale-main-20260911-long-step-2000,single_seq,pair_network,,,,,,medium,L/2,0.5679012345679012,1722,67,81,eval-val
foldbench_monomer,8axj_A,162,sparsa-scale-main-20260911-long-step-2000,single_seq,pair_network,,,,,,medium,L/5,0.875,1722,67,32,eval-val
foldbench_monomer,8axj_A,162,sparsa-scale-main-20260911-long-step-2000,single_seq,pair_network,,,,,,medium,R,0.6417910447761194,1722,67,67,eval-val
foldbench_monomer,8axj_A,162,sparsa-scale-main-20260911-long-step-2000,single_seq,pair_network,,,,,,medium,AUC,0.9446588808224738,1722,67,1722,eval-val
foldbench_monomer,8axj_A,162,sparsa-scale-main-20260911-long-step-2000,single_seq,pair_network,,,,,,long,L,0.22839506172839505,9453,63,162,eval-val
foldbench_monomer,8axj_A,162,sparsa-scale-main-20260911-long-step-2000,single_seq,pair_network,,,,,,long,L/2,0.3950617283950617,9453,63,81,eval-val
foldbench_monomer,8axj_A,162,sparsa-scale-main-20260911-long-step-2000,single_seq,pair_network,,,,,,long,L/5,0.75,9453,63,32,eval-val
foldbench_monomer,8axj_A,162,sparsa-scale-main-20260911-long-step-2000,single_seq,pair_network,,,,,,long,R,0.4603174603174603,9453,63,63,eval-val
foldbench_monomer,8axj_A,162,sparsa-scale-main-20260911-long-step-2000,single_seq,pair_network,,,,,,long,AUC,0.9131649677975555,9453,63,9453,eval-val
foldbench_monomer,8azb_A,521,sparsa-scale-main-20260911-long-step-2000,single_seq,pair_network,,,,,,all,L,0.23224568138195778,122760,587,521,eval-val
foldbench_monomer,8azb_A,521,sparsa-scale-main-20260911-long-step-2000,single_seq,pair_network,,,,,,all,L/2,0.34615384615384615,122760,587,260,eval-val
foldbench_monomer,8azb_A,521,sparsa-scale-main-20260911-long-step-2000,single_seq,pair_network,,,,,,all,L/5,0.49038461538461536,122760,587,104,eval-val
foldbench_monomer,8azb_A,521,sparsa-scale-main-20260911-long-step-2000,single_seq,pair_network,,,,,,all,R,0.21805792163543442,122760,587,587,eval-val
foldbench_monomer,8azb_A,521,sparsa-scale-main-20260911-long-step-2000,single_seq,pair_network,,,,,,all,AUC,0.8975946932346653,122760,587,122760,eval-val
foldbench_monomer,8azb_A,521,sparsa-scale-main-20260911-long-step-2000,single_seq,pair_network,,,,,,short,L,0.13051823416506717,2955,79,521,eval-val
foldbench_monomer,8azb_A,521,sparsa-scale-main-20260911-long-step-2000,single_seq,pair_network,,,,,,short,L/2,0.20384615384615384,2955,79,260,eval-val
foldbench_monomer,8azb_A,521,sparsa-scale-main-20260911-long-step-2000,single_seq,pair_network,,,,,,short,L/5,0.375,2955,79,104,eval-val
foldbench_monomer,8azb_A,521,sparsa-scale-main-20260911-long-step-2000,single_seq,pair_network,,,,,,short,R,0.4050632911392405,2955,79,79,eval-val
foldbench_monomer,8azb_A,521,sparsa-scale-main-20260911-long-step-2000,single_seq,pair_network,,,,,,short,AUC,0.9150873224062956,2955,79,2955,eval-val
foldbench_monomer,8azb_A,521,sparsa-scale-main-20260911-long-step-2000,single_seq,pair_network,,,,,,medium,L,0.11324376199616124,5802,105,521,eval-val
foldbench_monomer,8azb_A,521,sparsa-scale-main-20260911-long-step-2000,single_seq,pair_network,,,,,,medium,L/2,0.18846153846153846,5802,105,260,eval-val
foldbench_monomer,8azb_A,521,sparsa-scale-main-20260911-long-step-2000,single_seq,pair_network,,,,,,medium,L/5,0.2980769230769231,5802,105,104,eval-val
foldbench_monomer,8azb_A,521,sparsa-scale-main-20260911-long-step-2000,single_seq,pair_network,,,,,,medium,R,0.29523809523809524,5802,105,105,eval-val
foldbench_monomer,8azb_A,521,sparsa-scale-main-20260911-long-step-2000,single_seq,pair_network,,,,,,medium,AUC,0.8900432140558523,5802,105,5802,eval-val
foldbench_monomer,8azb_A,521,sparsa-scale-main-20260911-long-step-2000,single_seq,pair_network,,,,,,long,L,0.11132437619961612,114003,403,521,eval-val
foldbench_monomer,8azb_A,521,sparsa-scale-main-20260911-long-step-2000,single_seq,pair_network,,,,,,long,L/2,0.16538461538461538,114003,403,260,eval-val
foldbench_monomer,8azb_A,521,sparsa-scale-main-20260911-long-step-2000,single_seq,pair_network,,,,,,long,L/5,0.2980769230769231,114003,403,104,eval-val
foldbench_monomer,8azb_A,521,sparsa-scale-main-20260911-long-step-2000,single_seq,pair_network,,,,,,long,R,0.12406947890818859,114003,403,403,eval-val
foldbench_monomer,8azb_A,521,sparsa-scale-main-20260911-long-step-2000,single_seq,pair_network,,,,,,long,AUC,0.8766358822912662,114003,403,114003,eval-val
foldbench_monomer,8b2e_A,143,sparsa-scale-main-20260911-long-step-2000,single_seq,pair_network,,,,,,all,L,0.11888111888111888,9180,130,143,eval-val
foldbench_monomer,8b2e_A,143,sparsa-scale-main-20260911-long-step-2000,single_seq,pair_network,,,,,,all,L/2,0.18309859154929578,9180,130,71,eval-val
foldbench_monomer,8b2e_A,143,sparsa-scale-main-20260911-long-step-2000,single_seq,pair_network,,,,,,all,L/5,0.39285714285714285,9180,130,28,eval-val
foldbench_monomer,8b2e_A,143,sparsa-scale-main-20260911-long-step-2000,single_seq,pair_network,,,,,,all,R,0.13076923076923078,9180,130,130,eval-val
foldbench_monomer,8b2e_A,143,sparsa-scale-main-20260911-long-step-2000,single_seq,pair_network,,,,,,all,AUC,0.8028984275393115,9180,130,9180,eval-val
foldbench_monomer,8b2e_A,143,sparsa-scale-main-20260911-long-step-2000,single_seq,pair_network,,,,,,short,L,0.0979020979020979,795,22,143,eval-val
foldbench_monomer,8b2e_A,143,sparsa-scale-main-20260911-long-step-2000,single_seq,pair_network,,,,,,short,L/2,0.15492957746478872,795,22,71,eval-val
foldbench_monomer,8b2e_A,143,sparsa-scale-main-20260911-long-step-2000,single_seq,pair_network,,,,,,short,L/5,0.2857142857142857,795,22,28,eval-val
foldbench_monomer,8b2e_A,143,sparsa-scale-main-20260911-long-step-2000,single_seq,pair_network,,,,,,short,R,0.36363636363636365,795,22,22,eval-val
foldbench_monomer,8b2e_A,143,sparsa-scale-main-20260911-long-step-2000,single_seq,pair_network,,,,,,short,AUC,0.8423497589086204,795,22,795,eval-val
foldbench_monomer,8b2e_A,143,sparsa-scale-main-20260911-long-step-2000,single_seq,pair_network,,,,,,medium,L,0.08391608391608392,1482,33,143,eval-val
foldbench_monomer,8b2e_A,143,sparsa-scale-main-20260911-long-step-2000,single_seq,pair_network,,,,,,medium,L/2,0.11267605633802817,1482,33,71,eval-val
foldbench_monomer,8b2e_A,143,sparsa-scale-main-20260911-long-step-2000,single_seq,pair_network,,,,,,medium,L/5,0.10714285714285714,1482,33,28,eval-val
foldbench_monomer,8b2e_A,143,sparsa-scale-main-20260911-long-step-2000,single_seq,pair_network,,,,,,medium,R,0.12121212121212122,1482,33,33,eval-val
foldbench_monomer,8b2e_A,143,sparsa-scale-main-20260911-long-step-2000,single_seq,pair_network,,,,,,medium,AUC,0.8010331053809314,1482,33,1482,eval-val
foldbench_monomer,8b2e_A,143,sparsa-scale-main-20260911-long-step-2000,single_seq,pair_network,,,,,,long,L,0.03496503496503497,6903,75,143,eval-val
foldbench_monomer,8b2e_A,143,sparsa-scale-main-20260911-long-step-2000,single_seq,pair_network,,,,,,long,L/2,0.014084507042253521,6903,75,71,eval-val
foldbench_monomer,8b2e_A,143,sparsa-scale-main-20260911-long-step-2000,single_seq,pair_network,,,,,,long,L/5,0.03571428571428571,6903,75,28,eval-val
foldbench_monomer,8b2e_A,143,sparsa-scale-main-20260911-long-step-2000,single_seq,pair_network,,,,,,long,R,0.013333333333333334,6903,75,75,eval-val
foldbench_monomer,8b2e_A,143,sparsa-scale-main-20260911-long-step-2000,single_seq,pair_network,,,,,,long,AUC,0.7818658465143526,6903,75,6903,eval-val
foldbench_monomer,8b2g_A,74,sparsa-scale-main-20260911-long-step-2000,single_seq,pair_network,,,,,,all,L,0.14864864864864866,2346,59,74,eval-val
foldbench_monomer,8b2g_A,74,sparsa-scale-main-20260911-long-step-2000,single_seq,pair_network,,,,,,all,L/2,0.24324324324324326,2346,59,37,eval-val
foldbench_monomer,8b2g_A,74,sparsa-scale-main-20260911-long-step-2000,single_seq,pair_network,,,,,,all,L/5,0.42857142857142855,2346,59,14,eval-val
foldbench_monomer,8b2g_A,74,sparsa-scale-main-20260911-long-step-2000,single_seq,pair_network,,,,,,all,R,0.1864406779661017,2346,59,59,eval-val
foldbench_monomer,8b2g_A,74,sparsa-scale-main-20260911-long-step-2000,single_seq,pair_network,,,,,,all,AUC,0.8371710404422936,2346,59,2346,eval-val
foldbench_monomer,8b2g_A,74,sparsa-scale-main-20260911-long-step-2000,single_seq,pair_network,,,,,,short,L,0.14864864864864866,393,16,74,eval-val
foldbench_monomer,8b2g_A,74,sparsa-scale-main-20260911-long-step-2000,single_seq,pair_network,,,,,,short,L/2,0.1891891891891892,393,16,37,eval-val
foldbench_monomer,8b2g_A,74,sparsa-scale-main-20260911-long-step-2000,single_seq,pair_network,,,,,,short,L/5,0.42857142857142855,393,16,14,eval-val
foldbench_monomer,8b2g_A,74,sparsa-scale-main-20260911-long-step-2000,single_seq,pair_network,,,,,,short,R,0.375,393,16,16,eval-val
foldbench_monomer,8b2g_A,74,sparsa-scale-main-20260911-long-step-2000,single_seq,pair_network,,,,,,short,AUC,0.8808852785145889,393,16,393,eval-val
foldbench_monomer,8b2g_A,74,sparsa-scale-main-20260911-long-step-2000,single_seq,pair_network,,,,,,medium,L,0.12162162162162163,678,21,74,eval-val
foldbench_monomer,8b2g_A,74,sparsa-scale-main-20260911-long-step-2000,single_seq,pair_network,,,,,,medium,L/2,0.16216216216216217,678,21,37,eval-val
foldbench_monomer,8b2g_A,74,sparsa-scale-main-20260911-long-step-2000,single_seq,pair_network,,,,,,medium,L/5,0.14285714285714285,678,21,14,eval-val
foldbench_monomer,8b2g_A,74,sparsa-scale-main-20260911-long-step-2000,single_seq,pair_network,,,,,,medium,R,0.09523809523809523,678,21,21,eval-val
foldbench_monomer,8b2g_A,74,sparsa-scale-main-20260911-long-step-2000,single_seq,pair_network,,,,,,medium,AUC,0.8334058128578676,678,21,678,eval-val
foldbench_monomer,8b2g_A,74,sparsa-scale-main-20260911-long-step-2000,single_seq,pair_network,,,,,,long,L,0.06756756756756757,1275,22,74,eval-val
foldbench_monomer,8b2g_A,74,sparsa-scale-main-20260911-long-step-2000,single_seq,pair_network,,,,,,long,L/2,0.08108108108108109,1275,22,37,eval-val
foldbench_monomer,8b2g_A,74,sparsa-scale-main-20260911-long-step-2000,single_seq,pair_network,,,,,,long,L/5,0.14285714285714285,1275,22,14,eval-val
foldbench_monomer,8b2g_A,74,sparsa-scale-main-20260911-long-step-2000,single_seq,pair_network,,,,,,long,R,0.09090909090909091,1275,22,22,eval-val
foldbench_monomer,8b2g_A,74,sparsa-scale-main-20260911-long-step-2000,single_seq,pair_network,,,,,,long,AUC,0.8048864543277952,1275,22,1275,eval-val
foldbench_monomer,8b2s_A,245,sparsa-scale-main-20260911-long-step-2000,single_seq,pair_network,,,,,,all,L,0.1346938775510204,27510,186,245,eval-val
foldbench_monomer,8b2s_A,245,sparsa-scale-main-20260911-long-step-2000,single_seq,pair_network,,,,,,all,L/2,0.18032786885245902,27510,186,122,eval-val
foldbench_monomer,8b2s_A,245,sparsa-scale-main-20260911-long-step-2000,single_seq,pair_network,,,,,,all,L/5,0.24489795918367346,27510,186,49,eval-val
foldbench_monomer,8b2s_A,245,sparsa-scale-main-20260911-long-step-2000,single_seq,pair_network,,,,,,all,R,0.15053763440860216,27510,186,186,eval-val
foldbench_monomer,8b2s_A,245,sparsa-scale-main-20260911-long-step-2000,single_seq,pair_network,,,,,,all,AUC,0.9060869329102148,27510,186,27510,eval-val
foldbench_monomer,8b2s_A,245,sparsa-scale-main-20260911-long-step-2000,single_seq,pair_network,,,,,,short,L,0.07755102040816327,1359,28,245,eval-val
foldbench_monomer,8b2s_A,245,sparsa-scale-main-20260911-long-step-2000,single_seq,pair_network,,,,,,short,L/2,0.10655737704918032,1359,28,122,eval-val
foldbench_monomer,8b2s_A,245,sparsa-scale-main-20260911-long-step-2000,single_seq,pair_network,,,,,,short,L/5,0.1836734693877551,1359,28,49,eval-val
foldbench_monomer,8b2s_A,245,sparsa-scale-main-20260911-long-step-2000,single_seq,pair_network,,,,,,short,R,0.25,1359,28,28,eval-val
foldbench_monomer,8b2s_A,245,sparsa-scale-main-20260911-long-step-2000,single_seq,pair_network,,,,,,short,AUC,0.889690887624772,1359,28,1359,eval-val
foldbench_monomer,8b2s_A,245,sparsa-scale-main-20260911-long-step-2000,single_seq,pair_network,,,,,,medium,L,0.12244897959183673,2610,50,245,eval-val
foldbench_monomer,8b2s_A,245,sparsa-scale-main-20260911-long-step-2000,single_seq,pair_network,,,,,,medium,L/2,0.1721311475409836,2610,50,122,eval-val
foldbench_monomer,8b2s_A,245,sparsa-scale-main-20260911-long-step-2000,single_seq,pair_network,,,,,,medium,L/5,0.16326530612244897,2610,50,49,eval-val
foldbench_monomer,8b2s_A,245,sparsa-scale-main-20260911-long-step-2000,single_seq,pair_network,,,,,,medium,R,0.16,2610,50,50,eval-val
foldbench_monomer,8b2s_A,245,sparsa-scale-main-20260911-long-step-2000,single_seq,pair_network,,,,,,medium,AUC,0.88679296875,2610,50,2610,eval-val
foldbench_monomer,8b2s_A,245,sparsa-scale-main-20260911-long-step-2000,single_seq,pair_network,,,,,,long,L,0.10204081632653061,23541,108,245,eval-val
foldbench_monomer,8b2s_A,245,sparsa-scale-main-20260911-long-step-2000,single_seq,pair_network,,,,,,long,L/2,0.11475409836065574,23541,108,122,eval-val
foldbench_monomer,8b2s_A,245,sparsa-scale-main-20260911-long-step-2000,single_seq,pair_network,,,,,,long,L/5,0.14285714285714285,23541,108,49,eval-val
foldbench_monomer,8b2s_A,245,sparsa-scale-main-20260911-long-step-2000,single_seq,pair_network,,,,,,long,R,0.12037037037037036,23541,108,108,eval-val
foldbench_monomer,8b2s_A,245,sparsa-scale-main-20260911-long-step-2000,single_seq,pair_network,,,,,,long,AUC,0.8889509254912744,23541,108,23541,eval-val
foldbench_monomer,8b4u_A,277,sparsa-scale-main-20260911-long-step-2000,single_seq,pair_network,,,,,,all,L,0.4223826714801444,34716,273,277,eval-val
foldbench_monomer,8b4u_A,277,sparsa-scale-main-20260911-long-step-2000,single_seq,pair_network,,,,,,all,L/2,0.5434782608695652,34716,273,138,eval-val
foldbench_monomer,8b4u_A,277,sparsa-scale-main-20260911-long-step-2000,single_seq,pair_network,,,,,,all,L/5,0.5454545454545454,34716,273,55,eval-val
foldbench_monomer,8b4u_A,277,sparsa-scale-main-20260911-long-step-2000,single_seq,pair_network,,,,,,all,R,0.42124542124542125,34716,273,273,eval-val
foldbench_monomer,8b4u_A,277,sparsa-scale-main-20260911-long-step-2000,single_seq,pair_network,,,,,,all,AUC,0.9769767729004728,34716,273,34716,eval-val
foldbench_monomer,8b4u_A,277,sparsa-scale-main-20260911-long-step-2000,single_seq,pair_network,,,,,,short,L,0.11913357400722022,1563,34,277,eval-val
foldbench_monomer,8b4u_A,277,sparsa-scale-main-20260911-long-step-2000,single_seq,pair_network,,,,,,short,L/2,0.2246376811594203,1563,34,138,eval-val
foldbench_monomer,8b4u_A,277,sparsa-scale-main-20260911-long-step-2000,single_seq,pair_network,,,,,,short,L/5,0.34545454545454546,1563,34,55,eval-val
foldbench_monomer,8b4u_A,277,sparsa-scale-main-20260911-long-step-2000,single_seq,pair_network,,,,,,short,R,0.4411764705882353,1563,34,34,eval-val
foldbench_monomer,8b4u_A,277,sparsa-scale-main-20260911-long-step-2000,single_seq,pair_network,,,,,,short,AUC,0.9700207748239911,1563,34,1563,eval-val
foldbench_monomer,8b4u_A,277,sparsa-scale-main-20260911-long-step-2000,single_seq,pair_network,,,,,,medium,L,0.1444043321299639,3018,41,277,eval-val
foldbench_monomer,8b4u_A,277,sparsa-scale-main-20260911-long-step-2000,single_seq,pair_network,,,,,,medium,L/2,0.2608695652173913,3018,41,138,eval-val
foldbench_monomer,8b4u_A,277,sparsa-scale-main-20260911-long-step-2000,single_seq,pair_network,,,,,,medium,L/5,0.4909090909090909,3018,41,55,eval-val
foldbench_monomer,8b4u_A,277,sparsa-scale-main-20260911-long-step-2000,single_seq,pair_network,,,,,,medium,R,0.5609756097560976,3018,41,41,eval-val
foldbench_monomer,8b4u_A,277,sparsa-scale-main-20260911-long-step-2000,single_seq,pair_network,,,,,,medium,AUC,0.9865513653456992,3018,41,3018,eval-val
foldbench_monomer,8b4u_A,277,sparsa-scale-main-20260911-long-step-2000,single_seq,pair_network,,,,,,long,L,0.33935018050541516,30135,198,277,eval-val
foldbench_monomer,8b4u_A,277,sparsa-scale-main-20260911-long-step-2000,single_seq,pair_network,,,,,,long,L/2,0.42028985507246375,30135,198,138,eval-val
foldbench_monomer,8b4u_A,277,sparsa-scale-main-20260911-long-step-2000,single_seq,pair_network,,,,,,long,L/5,0.4909090909090909,30135,198,55,eval-val
foldbench_monomer,8b4u_A,277,sparsa-scale-main-20260911-long-step-2000,single_seq,pair_network,,,,,,long,R,0.398989898989899,30135,198,198,eval-val
foldbench_monomer,8b4u_A,277,sparsa-scale-main-20260911-long-step-2000,single_seq,pair_network,,,,,,long,AUC,0.9750601684412687,30135,198,30135,eval-val
foldbench_monomer,8b5w_A,459,sparsa-scale-main-20260911-long-step-2000,single_seq,pair_network,,,,,,all,L,0.1394335511982571,57985,370,459,eval-val
foldbench_monomer,8b5w_A,459,sparsa-scale-main-20260911-long-step-2000,single_seq,pair_network,,,,,,all,L/2,0.16593886462882096,57985,370,229,eval-val
foldbench_monomer,8b5w_A,459,sparsa-scale-main-20260911-long-step-2000,single_seq,pair_network,,,,,,all,L/5,0.24175824175824176,57985,370,91,eval-val
foldbench_monomer,8b5w_A,459,sparsa-scale-main-20260911-long-step-2000,single_seq,pair_network,,,,,,all,R,0.15135135135135136,57985,370,370,eval-val
foldbench_monomer,8b5w_A,459,sparsa-scale-main-20260911-long-step-2000,single_seq,pair_network,,,,,,all,AUC,0.880591062293744,57985,370,57985,eval-val
foldbench_monomer,8b5w_A,459,sparsa-scale-main-20260911-long-step-2000,single_seq,pair_network,,,,,,short,L,0.07407407407407407,1995,44,459,eval-val
foldbench_monomer,8b5w_A,459,sparsa-scale-main-20260911-long-step-2000,single_seq,pair_network,,,,,,short,L/2,0.11353711790393013,1995,44,229,eval-val
foldbench_monomer,8b5w_A,459,sparsa-scale-main-20260911-long-step-2000,single_seq,pair_network,,,,,,short,L/5,0.17582417582417584,1995,44,91,eval-val
foldbench_monomer,8b5w_A,459,sparsa-scale-main-20260911-long-step-2000,single_seq,pair_network,,,,,,short,R,0.22727272727272727,1995,44,44,eval-val
foldbench_monomer,8b5w_A,459,sparsa-scale-main-20260911-long-step-2000,single_seq,pair_network,,,,,,short,AUC,0.8729614183868413,1995,44,1995,eval-val
foldbench_monomer,8b5w_A,459,sparsa-scale-main-20260911-long-step-2000,single_seq,pair_network,,,,,,medium,L,0.06535947712418301,3882,49,459,eval-val
foldbench_monomer,8b5w_A,459,sparsa-scale-main-20260911-long-step-2000,single_seq,pair_network,,,,,,medium,L/2,0.09170305676855896,3882,49,229,eval-val
foldbench_monomer,8b5w_A,459,sparsa-scale-main-20260911-long-step-2000,single_seq,pair_network,,,,,,medium,L/5,0.10989010989010989,3882,49,91,eval-val
foldbench_monomer,8b5w_A,459,sparsa-scale-main-20260911-long-step-2000,single_seq,pair_network,,,,,,medium,R,0.08163265306122448,3882,49,49,eval-val
foldbench_monomer,8b5w_A,459,sparsa-scale-main-20260911-long-step-2000,single_seq,pair_network,,,,,,medium,AUC,0.8817386072613236,3882,49,3882,eval-val
foldbench_monomer,8b5w_A,459,sparsa-scale-main-20260911-long-step-2000,single_seq,pair_network,,,,,,long,L,0.11328976034858387,52108,277,459,eval-val
foldbench_monomer,8b5w_A,459,sparsa-scale-main-20260911-long-step-2000,single_seq,pair_network,,,,,,long,L/2,0.14847161572052403,52108,277,229,eval-val
foldbench_monomer,8b5w_A,459,sparsa-scale-main-20260911-long-step-2000,single_seq,pair_network,,,,,,long,L/5,0.2087912087912088,52108,277,91,eval-val
foldbench_monomer,8b5w_A,459,sparsa-scale-main-20260911-long-step-2000,single_seq,pair_network,,,,,,long,R,0.1371841155234657,52108,277,277,eval-val
foldbench_monomer,8b5w_A,459,sparsa-scale-main-20260911-long-step-2000,single_seq,pair_network,,,,,,long,AUC,0.8690090196638102,52108,277,52108,eval-val
foldbench_monomer,8b61_A,238,sparsa-scale-main-20260911-long-step-2000,single_seq,pair_network,,,,,,all,L,0.19747899159663865,18351,212,238,eval-val
foldbench_monomer,8b61_A,238,sparsa-scale-main-20260911-long-step-2000,single_seq,pair_network,,,,,,all,L/2,0.3025210084033613,18351,212,119,eval-val
foldbench_monomer,8b61_A,238,sparsa-scale-main-20260911-long-step-2000,single_seq,pair_network,,,,,,all,L/5,0.3191489361702128,18351,212,47,eval-val
foldbench_monomer,8b61_A,238,sparsa-scale-main-20260911-long-step-2000,single_seq,pair_network,,,,,,all,R,0.2169811320754717,18351,212,212,eval-val
foldbench_monomer,8b61_A,238,sparsa-scale-main-20260911-long-step-2000,single_seq,pair_network,,,,,,all,AUC,0.8481347393867275,18351,212,18351,eval-val
foldbench_monomer,8b61_A,238,sparsa-scale-main-20260911-long-step-2000,single_seq,pair_network,,,,,,short,L,0.12184873949579832,1080,32,238,eval-val
foldbench_monomer,8b61_A,238,sparsa-scale-main-20260911-long-step-2000,single_seq,pair_network,,,,,,short,L/2,0.17647058823529413,1080,32,119,eval-val
foldbench_monomer,8b61_A,238,sparsa-scale-main-20260911-long-step-2000,single_seq,pair_network,,,,,,short,L/5,0.3191489361702128,1080,32,47,eval-val
foldbench_monomer,8b61_A,238,sparsa-scale-main-20260911-long-step-2000,single_seq,pair_network,,,,,,short,R,0.3125,1080,32,32,eval-val
foldbench_monomer,8b61_A,238,sparsa-scale-main-20260911-long-step-2000,single_seq,pair_network,,,,,,short,AUC,0.9178643845419848,1080,32,1080,eval-val
foldbench_monomer,8b61_A,238,sparsa-scale-main-20260911-long-step-2000,single_seq,pair_network,,,,,,medium,L,0.13445378151260504,2088,51,238,eval-val
foldbench_monomer,8b61_A,238,sparsa-scale-main-20260911-long-step-2000,single_seq,pair_network,,,,,,medium,L/2,0.21008403361344538,2088,51,119,eval-val
foldbench_monomer,8b61_A,238,sparsa-scale-main-20260911-long-step-2000,single_seq,pair_network,,,,,,medium,L/5,0.3404255319148936,2088,51,47,eval-val
foldbench_monomer,8b61_A,238,sparsa-scale-main-20260911-long-step-2000,single_seq,pair_network,,,,,,medium,R,0.3137254901960784,2088,51,51,eval-val
foldbench_monomer,8b61_A,238,sparsa-scale-main-20260911-long-step-2000,single_seq,pair_network,,,,,,medium,AUC,0.8621194182140208,2088,51,2088,eval-val
foldbench_monomer,8b61_A,238,sparsa-scale-main-20260911-long-step-2000,single_seq,pair_network,,,,,,long,L,0.07983193277310924,15183,129,238,eval-val
foldbench_monomer,8b61_A,238,sparsa-scale-main-20260911-long-step-2000,single_seq,pair_network,,,,,,long,L/2,0.09243697478991597,15183,129,119,eval-val
foldbench_monomer,8b61_A,238,sparsa-scale-main-20260911-long-step-2000,single_seq,pair_network,,,,,,long,L/5,0.1702127659574468,15183,129,47,eval-val
foldbench_monomer,8b61_A,238,sparsa-scale-main-20260911-long-step-2000,single_seq,pair_network,,,,,,long,R,0.08527131782945736,15183,129,129,eval-val
foldbench_monomer,8b61_A,238,sparsa-scale-main-20260911-long-step-2000,single_seq,pair_network,,,,,,long,AUC,0.8111128104199558,15183,129,15183,eval-val
foldbench_monomer,8b6a_A,214,sparsa-scale-main-20260911-long-step-2000,single_seq,pair_network,,,,,,all,L,0.22429906542056074,14365,195,214,eval-val
foldbench_monomer,8b6a_A,214,sparsa-scale-main-20260911-long-step-2000,single_seq,pair_network,,,,,,all,L/2,0.3177570093457944,14365,195,107,eval-val
foldbench_monomer,8b6a_A,214,sparsa-scale-main-20260911-long-step-2000,single_seq,pair_network,,,,,,all,L/5,0.47619047619047616,14365,195,42,eval-val
foldbench_monomer,8b6a_A,214,sparsa-scale-main-20260911-long-step-2000,single_seq,pair_network,,,,,,all,R,0.24102564102564103,14365,195,195,eval-val
foldbench_monomer,8b6a_A,214,sparsa-scale-main-20260911-long-step-2000,single_seq,pair_network,,,,,,all,AUC,0.8729507989070445,14365,195,14365,eval-val
foldbench_monomer,8b6a_A,214,sparsa-scale-main-20260911-long-step-2000,single_seq,pair_network,,,,,,short,L,0.1261682242990654,999,30,214,eval-val
foldbench_monomer,8b6a_A,214,sparsa-scale-main-20260911-long-step-2000,single_seq,pair_network,,,,,,short,L/2,0.205607476635514,999,30,107,eval-val
foldbench_monomer,8b6a_A,214,sparsa-scale-main-20260911-long-step-2000,single_seq,pair_network,,,,,,short,L/5,0.38095238095238093,999,30,42,eval-val
foldbench_monomer,8b6a_A,214,sparsa-scale-main-20260911-long-step-2000,single_seq,pair_network,,,,,,short,R,0.4,999,30,30,eval-val
foldbench_monomer,8b6a_A,214,sparsa-scale-main-20260911-long-step-2000,single_seq,pair_network,,,,,,short,AUC,0.9387168902648779,999,30,999,eval-val
foldbench_monomer,8b6a_A,214,sparsa-scale-main-20260911-long-step-2000,single_seq,pair_network,,,,,,medium,L,0.12149532710280374,1890,47,214,eval-val
foldbench_monomer,8b6a_A,214,sparsa-scale-main-20260911-long-step-2000,single_seq,pair_network,,,,,,medium,L/2,0.1588785046728972,1890,47,107,eval-val
foldbench_monomer,8b6a_A,214,sparsa-scale-main-20260911-long-step-2000,single_seq,pair_network,,,,,,medium,L/5,0.30952380952380953,1890,47,42,eval-val
foldbench_monomer,8b6a_A,214,sparsa-scale-main-20260911-long-step-2000,single_seq,pair_network,,,,,,medium,R,0.2765957446808511,1890,47,47,eval-val
foldbench_monomer,8b6a_A,214,sparsa-scale-main-20260911-long-step-2000,single_seq,pair_network,,,,,,medium,AUC,0.8944540007619399,1890,47,1890,eval-val
foldbench_monomer,8b6a_A,214,sparsa-scale-main-20260911-long-step-2000,single_seq,pair_network,,,,,,long,L,0.10747663551401869,11476,118,214,eval-val
foldbench_monomer,8b6a_A,214,sparsa-scale-main-20260911-long-step-2000,single_seq,pair_network,,,,,,long,L/2,0.1308411214953271,11476,118,107,eval-val
foldbench_monomer,8b6a_A,214,sparsa-scale-main-20260911-long-step-2000,single_seq,pair_network,,,,,,long,L/5,0.21428571428571427,11476,118,42,eval-val
foldbench_monomer,8b6a_A,214,sparsa-scale-main-20260911-long-step-2000,single_seq,pair_network,,,,,,long,R,0.13559322033898305,11476,118,118,eval-val
foldbench_monomer,8b6a_A,214,sparsa-scale-main-20260911-long-step-2000,single_seq,pair_network,,,,,,long,AUC,0.8365831147164248,11476,118,11476,eval-val
foldbench_monomer,8b6e_A,66,sparsa-scale-main-20260911-long-step-2000,single_seq,pair_network,,,,,,all,L,0.45454545454545453,1081,44,66,eval-val
foldbench_monomer,8b6e_A,66,sparsa-scale-main-20260911-long-step-2000,single_seq,pair_network,,,,,,all,L/2,0.696969696969697,1081,44,33,eval-val
foldbench_monomer,8b6e_A,66,sparsa-scale-main-20260911-long-step-2000,single_seq,pair_network,,,,,,all,L/5,0.8461538461538461,1081,44,13,eval-val
foldbench_monomer,8b6e_A,66,sparsa-scale-main-20260911-long-step-2000,single_seq,pair_network,,,,,,all,R,0.5909090909090909,1081,44,44,eval-val
foldbench_monomer,8b6e_A,66,sparsa-scale-main-20260911-long-step-2000,single_seq,pair_network,,,,,,all,AUC,0.9462281932146928,1081,44,1081,eval-val
foldbench_monomer,8b6e_A,66,sparsa-scale-main-20260911-long-step-2000,single_seq,pair_network,,,,,,short,L,0.16666666666666666,261,12,66,eval-val
foldbench_monomer,8b6e_A,66,sparsa-scale-main-20260911-long-step-2000,single_seq,pair_network,,,,,,short,L/2,0.2727272727272727,261,12,33,eval-val
foldbench_monomer,8b6e_A,66,sparsa-scale-main-20260911-long-step-2000,single_seq,pair_network,,,,,,short,L/5,0.5384615384615384,261,12,13,eval-val
foldbench_monomer,8b6e_A,66,sparsa-scale-main-20260911-long-step-2000,single_seq,pair_network,,,,,,short,R,0.5833333333333334,261,12,12,eval-val
foldbench_monomer,8b6e_A,66,sparsa-scale-main-20260911-long-step-2000,single_seq,pair_network,,,,,,short,AUC,0.9270414993306559,261,12,261,eval-val
foldbench_monomer,8b6e_A,66,sparsa-scale-main-20260911-long-step-2000,single_seq,pair_network,,,,,,medium,L,0.16666666666666666,414,13,66,eval-val
foldbench_monomer,8b6e_A,66,sparsa-scale-main-20260911-long-step-2000,single_seq,pair_network,,,,,,medium,L/2,0.30303030303030304,414,13,33,eval-val
foldbench_monomer,8b6e_A,66,sparsa-scale-main-20260911-long-step-2000,single_seq,pair_network,,,,,,medium,L/5,0.46153846153846156,414,13,13,eval-val
foldbench_monomer,8b6e_A,66,sparsa-scale-main-20260911-long-step-2000,single_seq,pair_network,,,,,,medium,R,0.46153846153846156,414,13,13,eval-val
foldbench_monomer,8b6e_A,66,sparsa-scale-main-20260911-long-step-2000,single_seq,pair_network,,,,,,medium,AUC,0.9351620947630923,414,13,414,eval-val
foldbench_monomer,8b6e_A,66,sparsa-scale-main-20260911-long-step-2000,single_seq,pair_network,,,,,,long,L,0.2727272727272727,406,19,66,eval-val
foldbench_monomer,8b6e_A,66,sparsa-scale-main-20260911-long-step-2000,single_seq,pair_network,,,,,,long,L/2,0.45454545454545453,406,19,33,eval-val
foldbench_monomer,8b6e_A,66,sparsa-scale-main-20260911-long-step-2000,single_seq,pair_network,,,,,,long,L/5,0.7692307692307693,406,19,13,eval-val
foldbench_monomer,8b6e_A,66,sparsa-scale-main-20260911-long-step-2000,single_seq,pair_network,,,,,,long,R,0.6842105263157895,406,19,19,eval-val
foldbench_monomer,8b6e_A,66,sparsa-scale-main-20260911-long-step-2000,single_seq,pair_network,,,,,,long,AUC,0.9763361893104856,406,19,406,eval-val
foldbench_monomer,8baq_A,208,sparsa-scale-main-20260911-long-step-2000,single_seq,pair_network,,,,,,all,L,0.04326923076923077,20503,190,208,eval-val
foldbench_monomer,8baq_A,208,sparsa-scale-main-20260911-long-step-2000,single_seq,pair_network,,,,,,all,L/2,0.0673076923076923,20503,190,104,eval-val
foldbench_monomer,8baq_A,208,sparsa-scale-main-20260911-long-step-2000,single_seq,pair_network,,,,,,all,L/5,0.14634146341463414,20503,190,41,eval-val
foldbench_monomer,8baq_A,208,sparsa-scale-main-20260911-long-step-2000,single_seq,pair_network,,,,,,all,R,0.04736842105263158,20503,190,190,eval-val
foldbench_monomer,8baq_A,208,sparsa-scale-main-20260911-long-step-2000,single_seq,pair_network,,,,,,all,AUC,0.798528424887355,20503,190,20503,eval-val
foldbench_monomer,8baq_A,208,sparsa-scale-main-20260911-long-step-2000,single_seq,pair_network,,,,,,short,L,0.09615384615384616,1197,24,208,eval-val
foldbench_monomer,8baq_A,208,sparsa-scale-main-20260911-long-step-2000,single_seq,pair_network,,,,,,short,L/2,0.10576923076923077,1197,24,104,eval-val
foldbench_monomer,8baq_A,208,sparsa-scale-main-20260911-long-step-2000,single_seq,pair_network,,,,,,short,L/5,0.12195121951219512,1197,24,41,eval-val
foldbench_monomer,8baq_A,208,sparsa-scale-main-20260911-long-step-2000,single_seq,pair_network,,,,,,short,R,0.20833333333333334,1197,24,24,eval-val
foldbench_monomer,8baq_A,208,sparsa-scale-main-20260911-long-step-2000,single_seq,pair_network,,,,,,short,AUC,0.8994742824666099,1197,24,1197,eval-val
foldbench_monomer,8baq_A,208,sparsa-scale-main-20260911-long-step-2000,single_seq,pair_network,,,,,,medium,L,0.04326923076923077,2286,29,208,eval-val
foldbench_monomer,8baq_A,208,sparsa-scale-main-20260911-long-step-2000,single_seq,pair_network,,,,,,medium,L/2,0.038461538461538464,2286,29,104,eval-val
foldbench_monomer,8baq_A,208,sparsa-scale-main-20260911-long-step-2000,single_seq,pair_network,,,,,,medium,L/5,0.04878048780487805,2286,29,41,eval-val
foldbench_monomer,8baq_A,208,sparsa-scale-main-20260911-long-step-2000,single_seq,pair_network,,,,,,medium,R,0.06896551724137931,2286,29,29,eval-val
foldbench_monomer,8baq_A,208,sparsa-scale-main-20260911-long-step-2000,single_seq,pair_network,,,,,,medium,AUC,0.7566880051334545,2286,29,2286,eval-val
foldbench_monomer,8baq_A,208,sparsa-scale-main-20260911-long-step-2000,single_seq,pair_network,,,,,,long,L,0.02403846153846154,17020,137,208,eval-val
foldbench_monomer,8baq_A,208,sparsa-scale-main-20260911-long-step-2000,single_seq,pair_network,,,,,,long,L/2,0.0,17020,137,104,eval-val
foldbench_monomer,8baq_A,208,sparsa-scale-main-20260911-long-step-2000,single_seq,pair_network,,,,,,long,L/5,0.0,17020,137,41,eval-val
foldbench_monomer,8baq_A,208,sparsa-scale-main-20260911-long-step-2000,single_seq,pair_network,,,,,,long,R,0.0,17020,137,137,eval-val
foldbench_monomer,8baq_A,208,sparsa-scale-main-20260911-long-step-2000,single_seq,pair_network,,,,,,long,AUC,0.7838900703899876,17020,137,17020,eval-val
foldbench_monomer,8bau_A,189,sparsa-scale-main-20260911-long-step-2000,single_seq,pair_network,,,,,,all,L,0.12698412698412698,16836,209,189,eval-val
foldbench_monomer,8bau_A,189,sparsa-scale-main-20260911-long-step-2000,single_seq,pair_network,,,,,,all,L/2,0.19148936170212766,16836,209,94,eval-val
foldbench_monomer,8bau_A,189,sparsa-scale-main-20260911-long-step-2000,single_seq,pair_network,,,,,,all,L/5,0.32432432432432434,16836,209,37,eval-val
foldbench_monomer,8bau_A,189,sparsa-scale-main-20260911-long-step-2000,single_seq,pair_network,,,,,,all,R,0.1291866028708134,16836,209,209,eval-val
foldbench_monomer,8bau_A,189,sparsa-scale-main-20260911-long-step-2000,single_seq,pair_network,,,,,,all,AUC,0.7778177133347701,16836,209,16836,eval-val
foldbench_monomer,8bau_A,189,sparsa-scale-main-20260911-long-step-2000,single_seq,pair_network,,,,,,short,L,0.1693121693121693,1083,42,189,eval-val
foldbench_monomer,8bau_A,189,sparsa-scale-main-20260911-long-step-2000,single_seq,pair_network,,,,,,short,L/2,0.2553191489361702,1083,42,94,eval-val
foldbench_monomer,8bau_A,189,sparsa-scale-main-20260911-long-step-2000,single_seq,pair_network,,,,,,short,L/5,0.40540540540540543,1083,42,37,eval-val
foldbench_monomer,8bau_A,189,sparsa-scale-main-20260911-long-step-2000,single_seq,pair_network,,,,,,short,R,0.42857142857142855,1083,42,42,eval-val
foldbench_monomer,8bau_A,189,sparsa-scale-main-20260911-long-step-2000,single_seq,pair_network,,,,,,short,AUC,0.9032752390101093,1083,42,1083,eval-val
foldbench_monomer,8bau_A,189,sparsa-scale-main-20260911-long-step-2000,single_seq,pair_network,,,,,,medium,L,0.042328042328042326,2058,26,189,eval-val
foldbench_monomer,8bau_A,189,sparsa-scale-main-20260911-long-step-2000,single_seq,pair_network,,,,,,medium,L/2,0.02127659574468085,2058,26,94,eval-val
foldbench_monomer,8bau_A,189,sparsa-scale-main-20260911-long-step-2000,single_seq,pair_network,,,,,,medium,L/5,0.0,2058,26,37,eval-val
foldbench_monomer,8bau_A,189,sparsa-scale-main-20260911-long-step-2000,single_seq,pair_network,,,,,,medium,R,0.0,2058,26,26,eval-val
foldbench_monomer,8bau_A,189,sparsa-scale-main-20260911-long-step-2000,single_seq,pair_network,,,,,,medium,AUC,0.7497823288915808,2058,26,2058,eval-val
foldbench_monomer,8bau_A,189,sparsa-scale-main-20260911-long-step-2000,single_seq,pair_network,,,,,,long,L,0.042328042328042326,13695,141,189,eval-val
foldbench_monomer,8bau_A,189,sparsa-scale-main-20260911-long-step-2000,single_seq,pair_network,,,,,,long,L/2,0.05319148936170213,13695,141,94,eval-val
foldbench_monomer,8bau_A,189,sparsa-scale-main-20260911-long-step-2000,single_seq,pair_network,,,,,,long,L/5,0.0,13695,141,37,eval-val
foldbench_monomer,8bau_A,189,sparsa-scale-main-20260911-long-step-2000,single_seq,pair_network,,,,,,long,R,0.04964539007092199,13695,141,141,eval-val
foldbench_monomer,8bau_A,189,sparsa-scale-main-20260911-long-step-2000,single_seq,pair_network,,,,,,long,AUC,0.7363833345368199,13695,141,13695,eval-val
foldbench_monomer,8bfy_A,426,sparsa-scale-main-20260911-long-step-2000,single_seq,pair_network,,,,,,all,L,0.20892018779342722,75078,359,426,eval-val
foldbench_monomer,8bfy_A,426,sparsa-scale-main-20260911-long-step-2000,single_seq,pair_network,,,,,,all,L/2,0.28169014084507044,75078,359,213,eval-val
foldbench_monomer,8bfy_A,426,sparsa-scale-main-20260911-long-step-2000,single_seq,pair_network,,,,,,all,L/5,0.4,75078,359,85,eval-val
foldbench_monomer,8bfy_A,426,sparsa-scale-main-20260911-long-step-2000,single_seq,pair_network,,,,,,all,R,0.21727019498607242,75078,359,359,eval-val
foldbench_monomer,8bfy_A,426,sparsa-scale-main-20260911-long-step-2000,single_seq,pair_network,,,,,,all,AUC,0.8833428129853723,75078,359,75078,eval-val
foldbench_monomer,8bfy_A,426,sparsa-scale-main-20260911-long-step-2000,single_seq,pair_network,,,,,,short,L,0.09154929577464789,2307,45,426,eval-val
foldbench_monomer,8bfy_A,426,sparsa-scale-main-20260911-long-step-2000,single_seq,pair_network,,,,,,short,L/2,0.1267605633802817,2307,45,213,eval-val
foldbench_monomer,8bfy_A,426,sparsa-scale-main-20260911-long-step-2000,single_seq,pair_network,,,,,,short,L/5,0.2235294117647059,2307,45,85,eval-val
foldbench_monomer,8bfy_A,426,sparsa-scale-main-20260911-long-step-2000,single_seq,pair_network,,,,,,short,R,0.3111111111111111,2307,45,45,eval-val
foldbench_monomer,8bfy_A,426,sparsa-scale-main-20260911-long-step-2000,single_seq,pair_network,,,,,,short,AUC,0.9200510855683269,2307,45,2307,eval-val
foldbench_monomer,8bfy_A,426,sparsa-scale-main-20260911-long-step-2000,single_seq,pair_network,,,,,,medium,L,0.051643192488262914,4506,48,426,eval-val
foldbench_monomer,8bfy_A,426,sparsa-scale-main-20260911-long-step-2000,single_seq,pair_network,,,,,,medium,L/2,0.0892018779342723,4506,48,213,eval-val
foldbench_monomer,8bfy_A,426,sparsa-scale-main-20260911-long-step-2000,single_seq,pair_network,,,,,,medium,L/5,0.16470588235294117,4506,48,85,eval-val
foldbench_monomer,8bfy_A,426,sparsa-scale-main-20260911-long-step-2000,single_seq,pair_network,,,,,,medium,R,0.1875,4506,48,48,eval-val
foldbench_monomer,8bfy_A,426,sparsa-scale-main-20260911-long-step-2000,single_seq,pair_network,,,,,,medium,AUC,0.8637374756991176,4506,48,4506,eval-val
foldbench_monomer,8bfy_A,426,sparsa-scale-main-20260911-long-step-2000,single_seq,pair_network,,,,,,long,L,0.1572769953051643,68265,266,426,eval-val
foldbench_monomer,8bfy_A,426,sparsa-scale-main-20260911-long-step-2000,single_seq,pair_network,,,,,,long,L/2,0.2347417840375587,68265,266,213,eval-val
foldbench_monomer,8bfy_A,426,sparsa-scale-main-20260911-long-step-2000,single_seq,pair_network,,,,,,long,L/5,0.3764705882352941,68265,266,85,eval-val
foldbench_monomer,8bfy_A,426,sparsa-scale-main-20260911-long-step-2000,single_seq,pair_network,,,,,,long,R,0.19172932330827067,68265,266,266,eval-val
foldbench_monomer,8bfy_A,426,sparsa-scale-main-20260911-long-step-2000,single_seq,pair_network,,,,,,long,AUC,0.8677803145490751,68265,266,68265,eval-val
foldbench_monomer,8bgb_A,131,sparsa-scale-main-20260911-long-step-2000,single_seq,pair_network,,,,,,all,L,0.16793893129770993,7750,101,131,eval-val
foldbench_monomer,8bgb_A,131,sparsa-scale-main-20260911-long-step-2000,single_seq,pair_network,,,,,,all,L/2,0.24615384615384617,7750,101,65,eval-val
foldbench_monomer,8bgb_A,131,sparsa-scale-main-20260911-long-step-2000,single_seq,pair_network,,,,,,all,L/5,0.38461538461538464,7750,101,26,eval-val
foldbench_monomer,8bgb_A,131,sparsa-scale-main-20260911-long-step-2000,single_seq,pair_network,,,,,,all,R,0.19801980198019803,7750,101,101,eval-val
foldbench_monomer,8bgb_A,131,sparsa-scale-main-20260911-long-step-2000,single_seq,pair_network,,,,,,all,AUC,0.9033278148052746,7750,101,7750,eval-val
foldbench_monomer,8bgb_A,131,sparsa-scale-main-20260911-long-step-2000,single_seq,pair_network,,,,,,short,L,0.15267175572519084,729,23,131,eval-val
foldbench_monomer,8bgb_A,131,sparsa-scale-main-20260911-long-step-2000,single_seq,pair_network,,,,,,short,L/2,0.18461538461538463,729,23,65,eval-val
foldbench_monomer,8bgb_A,131,sparsa-scale-main-20260911-long-step-2000,single_seq,pair_network,,,,,,short,L/5,0.19230769230769232,729,23,26,eval-val
foldbench_monomer,8bgb_A,131,sparsa-scale-main-20260911-long-step-2000,single_seq,pair_network,,,,,,short,R,0.21739130434782608,729,23,23,eval-val
foldbench_monomer,8bgb_A,131,sparsa-scale-main-20260911-long-step-2000,single_seq,pair_network,,,,,,short,AUC,0.9194482079073778,729,23,729,eval-val
foldbench_monomer,8bgb_A,131,sparsa-scale-main-20260911-long-step-2000,single_seq,pair_network,,,,,,medium,L,0.0916030534351145,1350,20,131,eval-val
foldbench_monomer,8bgb_A,131,sparsa-scale-main-20260911-long-step-2000,single_seq,pair_network,,,,,,medium,L/2,0.1076923076923077,1350,20,65,eval-val
foldbench_monomer,8bgb_A,131,sparsa-scale-main-20260911-long-step-2000,single_seq,pair_network,,,,,,medium,L/5,0.2692307692307692,1350,20,26,eval-val
foldbench_monomer,8bgb_A,131,sparsa-scale-main-20260911-long-step-2000,single_seq,pair_network,,,,,,medium,R,0.3,1350,20,20,eval-val
foldbench_monomer,8bgb_A,131,sparsa-scale-main-20260911-long-step-2000,single_seq,pair_network,,,,,,medium,AUC,0.8825187969924811,1350,20,1350,eval-val
foldbench_monomer,8bgb_A,131,sparsa-scale-main-20260911-long-step-2000,single_seq,pair_network,,,,,,long,L,0.0916030534351145,5671,58,131,eval-val
foldbench_monomer,8bgb_A,131,sparsa-scale-main-20260911-long-step-2000,single_seq,pair_network,,,,,,long,L/2,0.13846153846153847,5671,58,65,eval-val
foldbench_monomer,8bgb_A,131,sparsa-scale-main-20260911-long-step-2000,single_seq,pair_network,,,,,,long,L/5,0.19230769230769232,5671,58,26,eval-val
foldbench_monomer,8bgb_A,131,sparsa-scale-main-20260911-long-step-2000,single_seq,pair_network,,,,,,long,R,0.15517241379310345,5671,58,58,eval-val
foldbench_monomer,8bgb_A,131,sparsa-scale-main-20260911-long-step-2000,single_seq,pair_network,,,,,,long,AUC,0.8966976292719487,5671,58,5671,eval-val
foldbench_monomer,8bke_A,638,sparsa-scale-main-20260911-long-step-2000,single_seq,pair_network,,,,,,all,L,0.3793103448275862,89253,494,638,eval-val
foldbench_monomer,8bke_A,638,sparsa-scale-main-20260911-long-step-2000,single_seq,pair_network,,,,,,all,L/2,0.567398119122257,89253,494,319,eval-val
foldbench_monomer,8bke_A,638,sparsa-scale-main-20260911-long-step-2000,single_seq,pair_network,,,,,,all,L/5,0.8661417322834646,89253,494,127,eval-val
foldbench_monomer,8bke_A,638,sparsa-scale-main-20260911-long-step-2000,single_seq,pair_network,,,,,,all,R,0.4534412955465587,89253,494,494,eval-val
foldbench_monomer,8bke_A,638,sparsa-scale-main-20260911-long-step-2000,single_seq,pair_network,,,,,,all,AUC,0.9715224066004505,89253,494,89253,eval-val
foldbench_monomer,8bke_A,638,sparsa-scale-main-20260911-long-step-2000,single_seq,pair_network,,,,,,short,L,0.047021943573667714,2517,30,638,eval-val
foldbench_monomer,8bke_A,638,sparsa-scale-main-20260911-long-step-2000,single_seq,pair_network,,,,,,short,L/2,0.0877742946708464,2517,30,319,eval-val
foldbench_monomer,8bke_A,638,sparsa-scale-main-20260911-long-step-2000,single_seq,pair_network,,,,,,short,L/5,0.14960629921259844,2517,30,127,eval-val
foldbench_monomer,8bke_A,638,sparsa-scale-main-20260911-long-step-2000,single_seq,pair_network,,,,,,short,R,0.36666666666666664,2517,30,30,eval-val
foldbench_monomer,8bke_A,638,sparsa-scale-main-20260911-long-step-2000,single_seq,pair_network,,,,,,short,AUC,0.9611245141401957,2517,30,2517,eval-val
foldbench_monomer,8bke_A,638,sparsa-scale-main-20260911-long-step-2000,single_seq,pair_network,,,,,,medium,L,0.17711598746081506,4926,135,638,eval-val
foldbench_monomer,8bke_A,638,sparsa-scale-main-20260911-long-step-2000,single_seq,pair_network,,,,,,medium,L/2,0.26332288401253917,4926,135,319,eval-val
foldbench_monomer,8bke_A,638,sparsa-scale-main-20260911-long-step-2000,single_seq,pair_network,,,,,,medium,L/5,0.49606299212598426,4926,135,127,eval-val
foldbench_monomer,8bke_A,638,sparsa-scale-main-20260911-long-step-2000,single_seq,pair_network,,,,,,medium,R,0.4740740740740741,4926,135,135,eval-val
foldbench_monomer,8bke_A,638,sparsa-scale-main-20260911-long-step-2000,single_seq,pair_network,,,,,,medium,AUC,0.9484651004584213,4926,135,4926,eval-val
foldbench_monomer,8bke_A,638,sparsa-scale-main-20260911-long-step-2000,single_seq,pair_network,,,,,,long,L,0.2774294670846395,81810,329,638,eval-val
foldbench_monomer,8bke_A,638,sparsa-scale-main-20260911-long-step-2000,single_seq,pair_network,,,,,,long,L/2,0.45454545454545453,81810,329,319,eval-val
foldbench_monomer,8bke_A,638,sparsa-scale-main-20260911-long-step-2000,single_seq,pair_network,,,,,,long,L/5,0.7480314960629921,81810,329,127,eval-val
foldbench_monomer,8bke_A,638,sparsa-scale-main-20260911-long-step-2000,single_seq,pair_network,,,,,,long,R,0.45288753799392095,81810,329,329,eval-val
foldbench_monomer,8bke_A,638,sparsa-scale-main-20260911-long-step-2000,single_seq,pair_network,,,,,,long,AUC,0.9691197705516147,81810,329,81810,eval-val
foldbench_monomer,8bsb_A,177,sparsa-scale-main-20260911-long-step-2000,single_seq,pair_network,,,,,,all,L,0.4858757062146893,11781,115,177,eval-val
foldbench_monomer,8bsb_A,177,sparsa-scale-main-20260911-long-step-2000,single_seq,pair_network,,,,,,all,L/2,0.7272727272727273,11781,115,88,eval-val
foldbench_monomer,8bsb_A,177,sparsa-scale-main-20260911-long-step-2000,single_seq,pair_network,,,,,,all,L/5,0.8,11781,115,35,eval-val
foldbench_monomer,8bsb_A,177,sparsa-scale-main-20260911-long-step-2000,single_seq,pair_network,,,,,,all,R,0.6521739130434783,11781,115,115,eval-val
foldbench_monomer,8bsb_A,177,sparsa-scale-main-20260911-long-step-2000,single_seq,pair_network,,,,,,all,AUC,0.9885948762289521,11781,115,11781,eval-val
foldbench_monomer,8bsb_A,177,sparsa-scale-main-20260911-long-step-2000,single_seq,pair_network,,,,,,short,L,0.03954802259887006,903,7,177,eval-val
foldbench_monomer,8bsb_A,177,sparsa-scale-main-20260911-long-step-2000,single_seq,pair_network,,,,,,short,L/2,0.07954545454545454,903,7,88,eval-val
foldbench_monomer,8bsb_A,177,sparsa-scale-main-20260911-long-step-2000,single_seq,pair_network,,,,,,short,L/5,0.2,903,7,35,eval-val
foldbench_monomer,8bsb_A,177,sparsa-scale-main-20260911-long-step-2000,single_seq,pair_network,,,,,,short,R,0.5714285714285714,903,7,7,eval-val
foldbench_monomer,8bsb_A,177,sparsa-scale-main-20260911-long-step-2000,single_seq,pair_network,,,,,,short,AUC,0.9939413265306122,903,7,903,eval-val
foldbench_monomer,8bsb_A,177,sparsa-scale-main-20260911-long-step-2000,single_seq,pair_network,,,,,,medium,L,0.07909604519774012,1698,14,177,eval-val
foldbench_monomer,8bsb_A,177,sparsa-scale-main-20260911-long-step-2000,single_seq,pair_network,,,,,,medium,L/2,0.1590909090909091,1698,14,88,eval-val
foldbench_monomer,8bsb_A,177,sparsa-scale-main-20260911-long-step-2000,single_seq,pair_network,,,,,,medium,L/5,0.37142857142857144,1698,14,35,eval-val
foldbench_monomer,8bsb_A,177,sparsa-scale-main-20260911-long-step-2000,single_seq,pair_network,,,,,,medium,R,0.7142857142857143,1698,14,14,eval-val
foldbench_monomer,8bsb_A,177,sparsa-scale-main-20260911-long-step-2000,single_seq,pair_network,,,,,,medium,AUC,0.9965218866644046,1698,14,1698,eval-val
foldbench_monomer,8bsb_A,177,sparsa-scale-main-20260911-long-step-2000,single_seq,pair_network,,,,,,long,L,0.4124293785310734,9180,94,177,eval-val
foldbench_monomer,8bsb_A,177,sparsa-scale-main-20260911-long-step-2000,single_seq,pair_network,,,,,,long,L/2,0.6818181818181818,9180,94,88,eval-val
foldbench_monomer,8bsb_A,177,sparsa-scale-main-20260911-long-step-2000,single_seq,pair_network,,,,,,long,L/5,0.8,9180,94,35,eval-val
foldbench_monomer,8bsb_A,177,sparsa-scale-main-20260911-long-step-2000,single_seq,pair_network,,,,,,long,R,0.6595744680851063,9180,94,94,eval-val
foldbench_monomer,8bsb_A,177,sparsa-scale-main-20260911-long-step-2000,single_seq,pair_network,,,,,,long,AUC,0.9871341694727919,9180,94,9180,eval-val
foldbench_monomer,8bux_A,334,sparsa-scale-main-20260911-long-step-2000,single_seq,pair_network,,,,,,all,L,0.09880239520958084,40231,240,334,eval-val
foldbench_monomer,8bux_A,334,sparsa-scale-main-20260911-long-step-2000,single_seq,pair_network,,,,,,all,L/2,0.10778443113772455,40231,240,167,eval-val
foldbench_monomer,8bux_A,334,sparsa-scale-main-20260911-long-step-2000,single_seq,pair_network,,,,,,all,L/5,0.16666666666666666,40231,240,66,eval-val
foldbench_monomer,8bux_A,334,sparsa-scale-main-20260911-long-step-2000,single_seq,pair_network,,,,,,all,R,0.09583333333333334,40231,240,240,eval-val
foldbench_monomer,8bux_A,334,sparsa-scale-main-20260911-long-step-2000,single_seq,pair_network,,,,,,all,AUC,0.8394997207705067,40231,240,40231,eval-val
foldbench_monomer,8bux_A,334,sparsa-scale-main-20260911-long-step-2000,single_seq,pair_network,,,,,,short,L,0.0688622754491018,1554,27,334,eval-val
foldbench_monomer,8bux_A,334,sparsa-scale-main-20260911-long-step-2000,single_seq,pair_network,,,,,,short,L/2,0.10778443113772455,1554,27,167,eval-val
foldbench_monomer,8bux_A,334,sparsa-scale-main-20260911-long-step-2000,single_seq,pair_network,,,,,,short,L/5,0.13636363636363635,1554,27,66,eval-val
foldbench_monomer,8bux_A,334,sparsa-scale-main-20260911-long-step-2000,single_seq,pair_network,,,,,,short,R,0.14814814814814814,1554,27,27,eval-val
foldbench_monomer,8bux_A,334,sparsa-scale-main-20260911-long-step-2000,single_seq,pair_network,,,,,,short,AUC,0.8971112566397439,1554,27,1554,eval-val
foldbench_monomer,8bux_A,334,sparsa-scale-main-20260911-long-step-2000,single_seq,pair_network,,,,,,medium,L,0.059880239520958084,2938,36,334,eval-val
foldbench_monomer,8bux_A,334,sparsa-scale-main-20260911-long-step-2000,single_seq,pair_network,,,,,,medium,L/2,0.08982035928143713,2938,36,167,eval-val
foldbench_monomer,8bux_A,334,sparsa-scale-main-20260911-long-step-2000,single_seq,pair_network,,,,,,medium,L/5,0.06060606060606061,2938,36,66,eval-val
foldbench_monomer,8bux_A,334,sparsa-scale-main-20260911-long-step-2000,single_seq,pair_network,,,,,,medium,R,0.08333333333333333,2938,36,36,eval-val
foldbench_monomer,8bux_A,334,sparsa-scale-main-20260911-long-step-2000,single_seq,pair_network,,,,,,medium,AUC,0.842622903744544,2938,36,2938,eval-val
foldbench_monomer,8bux_A,334,sparsa-scale-main-20260911-long-step-2000,single_seq,pair_network,,,,,,long,L,0.0718562874251497,35739,177,334,eval-val
foldbench_monomer,8bux_A,334,sparsa-scale-main-20260911-long-step-2000,single_seq,pair_network,,,,,,long,L/2,0.08383233532934131,35739,177,167,eval-val
foldbench_monomer,8bux_A,334,sparsa-scale-main-20260911-long-step-2000,single_seq,pair_network,,,,,,long,L/5,0.07575757575757576,35739,177,66,eval-val
foldbench_monomer,8bux_A,334,sparsa-scale-main-20260911-long-step-2000,single_seq,pair_network,,,,,,long,R,0.07909604519774012,35739,177,177,eval-val
foldbench_monomer,8bux_A,334,sparsa-scale-main-20260911-long-step-2000,single_seq,pair_network,,,,,,long,AUC,0.8202903848677428,35739,177,35739,eval-val
foldbench_monomer,8c4d_A,330,sparsa-scale-main-20260911-long-step-2000,single_seq,pair_network,,,,,,all,L,0.0696969696969697,15931,229,330,eval-val
foldbench_monomer,8c4d_A,330,sparsa-scale-main-20260911-long-step-2000,single_seq,pair_network,,,,,,all,L/2,0.09090909090909091,15931,229,165,eval-val
foldbench_monomer,8c4d_A,330,sparsa-scale-main-20260911-long-step-2000,single_seq,pair_network,,,,,,all,L/5,0.13636363636363635,15931,229,66,eval-val
foldbench_monomer,8c4d_A,330,sparsa-scale-main-20260911-long-step-2000,single_seq,pair_network,,,,,,all,R,0.07423580786026202,15931,229,229,eval-val
foldbench_monomer,8c4d_A,330,sparsa-scale-main-20260911-long-step-2000,single_seq,pair_network,,,,,,all,AUC,0.8052193723826798,15931,229,15931,eval-val
foldbench_monomer,8c4d_A,330,sparsa-scale-main-20260911-long-step-2000,single_seq,pair_network,,,,,,short,L,0.06060606060606061,1053,26,330,eval-val
foldbench_monomer,8c4d_A,330,sparsa-scale-main-20260911-long-step-2000,single_seq,pair_network,,,,,,short,L/2,0.07878787878787878,1053,26,165,eval-val
foldbench_monomer,8c4d_A,330,sparsa-scale-main-20260911-long-step-2000,single_seq,pair_network,,,,,,short,L/5,0.13636363636363635,1053,26,66,eval-val
foldbench_monomer,8c4d_A,330,sparsa-scale-main-20260911-long-step-2000,single_seq,pair_network,,,,,,short,R,0.2692307692307692,1053,26,26,eval-val
foldbench_monomer,8c4d_A,330,sparsa-scale-main-20260911-long-step-2000,single_seq,pair_network,,,,,,short,AUC,0.8335705190622424,1053,26,1053,eval-val
foldbench_monomer,8c4d_A,330,sparsa-scale-main-20260911-long-step-2000,single_seq,pair_network,,,,,,medium,L,0.045454545454545456,1998,28,330,eval-val
foldbench_monomer,8c4d_A,330,sparsa-scale-main-20260911-long-step-2000,single_seq,pair_network,,,,,,medium,L/2,0.06666666666666667,1998,28,165,eval-val
foldbench_monomer,8c4d_A,330,sparsa-scale-main-20260911-long-step-2000,single_seq,pair_network,,,,,,medium,L/5,0.07575757575757576,1998,28,66,eval-val
foldbench_monomer,8c4d_A,330,sparsa-scale-main-20260911-long-step-2000,single_seq,pair_network,,,,,,medium,R,0.0,1998,28,28,eval-val
foldbench_monomer,8c4d_A,330,sparsa-scale-main-20260911-long-step-2000,single_seq,pair_network,,,,,,medium,AUC,0.8270213923132704,1998,28,1998,eval-val
foldbench_monomer,8c4d_A,330,sparsa-scale-main-20260911-long-step-2000,single_seq,pair_network,,,,,,long,L,0.051515151515151514,12880,175,330,eval-val
foldbench_monomer,8c4d_A,330,sparsa-scale-main-20260911-long-step-2000,single_seq,pair_network,,,,,,long,L/2,0.048484848484848485,12880,175,165,eval-val
foldbench_monomer,8c4d_A,330,sparsa-scale-main-20260911-long-step-2000,single_seq,pair_network,,,,,,long,L/5,0.030303030303030304,12880,175,66,eval-val
foldbench_monomer,8c4d_A,330,sparsa-scale-main-20260911-long-step-2000,single_seq,pair_network,,,,,,long,R,0.045714285714285714,12880,175,175,eval-val
foldbench_monomer,8c4d_A,330,sparsa-scale-main-20260911-long-step-2000,single_seq,pair_network,,,,,,long,AUC,0.7986279867318828,12880,175,12880,eval-val
foldbench_monomer,7xlz_A,266,sparsa-scale-main-20260911-long-step-2000,single_seq,pair_network,,,,,,all,L,0.21052631578947367,27759,265,266,eval-val
foldbench_monomer,7xlz_A,266,sparsa-scale-main-20260911-long-step-2000,single_seq,pair_network,,,,,,all,L/2,0.2932330827067669,27759,265,133,eval-val
foldbench_monomer,7xlz_A,266,sparsa-scale-main-20260911-long-step-2000,single_seq,pair_network,,,,,,all,L/5,0.39622641509433965,27759,265,53,eval-val
foldbench_monomer,7xlz_A,266,sparsa-scale-main-20260911-long-step-2000,single_seq,pair_network,,,,,,all,R,0.21132075471698114,27759,265,265,eval-val
foldbench_monomer,7xlz_A,266,sparsa-scale-main-20260911-long-step-2000,single_seq,pair_network,,,,,,all,AUC,0.8649391084984581,27759,265,27759,eval-val
foldbench_monomer,7xlz_A,266,sparsa-scale-main-20260911-long-step-2000,single_seq,pair_network,,,,,,short,L,0.10902255639097744,1330,34,266,eval-val
foldbench_monomer,7xlz_A,266,sparsa-scale-main-20260911-long-step-2000,single_seq,pair_network,,,,,,short,L/2,0.17293233082706766,1330,34,133,eval-val
foldbench_monomer,7xlz_A,266,sparsa-scale-main-20260911-long-step-2000,single_seq,pair_network,,,,,,short,L/5,0.3018867924528302,1330,34,53,eval-val
foldbench_monomer,7xlz_A,266,sparsa-scale-main-20260911-long-step-2000,single_seq,pair_network,,,,,,short,R,0.38235294117647056,1330,34,34,eval-val
foldbench_monomer,7xlz_A,266,sparsa-scale-main-20260911-long-step-2000,single_seq,pair_network,,,,,,short,AUC,0.9184595134350036,1330,34,1330,eval-val
foldbench_monomer,7xlz_A,266,sparsa-scale-main-20260911-long-step-2000,single_seq,pair_network,,,,,,medium,L,0.12030075187969924,2550,57,266,eval-val
foldbench_monomer,7xlz_A,266,sparsa-scale-main-20260911-long-step-2000,single_seq,pair_network,,,,,,medium,L/2,0.15789473684210525,2550,57,133,eval-val
foldbench_monomer,7xlz_A,266,sparsa-scale-main-20260911-long-step-2000,single_seq,pair_network,,,,,,medium,L/5,0.22641509433962265,2550,57,53,eval-val
foldbench_monomer,7xlz_A,266,sparsa-scale-main-20260911-long-step-2000,single_seq,pair_network,,,,,,medium,R,0.22807017543859648,2550,57,57,eval-val
foldbench_monomer,7xlz_A,266,sparsa-scale-main-20260911-long-step-2000,single_seq,pair_network,,,,,,medium,AUC,0.85666181096544,2550,57,2550,eval-val
foldbench_monomer,7xlz_A,266,sparsa-scale-main-20260911-long-step-2000,single_seq,pair_network,,,,,,long,L,0.12030075187969924,23879,174,266,eval-val
foldbench_monomer,7xlz_A,266,sparsa-scale-main-20260911-long-step-2000,single_seq,pair_network,,,,,,long,L/2,0.16541353383458646,23879,174,133,eval-val
foldbench_monomer,7xlz_A,266,sparsa-scale-main-20260911-long-step-2000,single_seq,pair_network,,,,,,long,L/5,0.2830188679245283,23879,174,53,eval-val
foldbench_monomer,7xlz_A,266,sparsa-scale-main-20260911-long-step-2000,single_seq,pair_network,,,,,,long,R,0.14367816091954022,23879,174,174,eval-val
foldbench_monomer,7xlz_A,266,sparsa-scale-main-20260911-long-step-2000,single_seq,pair_network,,,,,,long,AUC,0.8412162669983296,23879,174,23879,eval-val
foldbench_monomer,8c4y_A,314,sparsa-scale-main-20260911-long-step-2000,single_seq,pair_network,,,,,,all,L,0.18152866242038215,46971,373,314,eval-val
foldbench_monomer,8c4y_A,314,sparsa-scale-main-20260911-long-step-2000,single_seq,pair_network,,,,,,all,L/2,0.2929936305732484,46971,373,157,eval-val
foldbench_monomer,8c4y_A,314,sparsa-scale-main-20260911-long-step-2000,single_seq,pair_network,,,,,,all,L/5,0.4838709677419355,46971,373,62,eval-val
foldbench_monomer,8c4y_A,314,sparsa-scale-main-20260911-long-step-2000,single_seq,pair_network,,,,,,all,R,0.16085790884718498,46971,373,373,eval-val
foldbench_monomer,8c4y_A,314,sparsa-scale-main-20260911-long-step-2000,single_seq,pair_network,,,,,,all,AUC,0.8164071350333529,46971,373,46971,eval-val
foldbench_monomer,8c4y_A,314,sparsa-scale-main-20260911-long-step-2000,single_seq,pair_network,,,,,,short,L,0.08917197452229299,1821,35,314,eval-val
foldbench_monomer,8c4y_A,314,sparsa-scale-main-20260911-long-step-2000,single_seq,pair_network,,,,,,short,L/2,0.14012738853503184,1821,35,157,eval-val
foldbench_monomer,8c4y_A,314,sparsa-scale-main-20260911-long-step-2000,single_seq,pair_network,,,,,,short,L/5,0.27419354838709675,1821,35,62,eval-val
foldbench_monomer,8c4y_A,314,sparsa-scale-main-20260911-long-step-2000,single_seq,pair_network,,,,,,short,R,0.2857142857142857,1821,35,35,eval-val
foldbench_monomer,8c4y_A,314,sparsa-scale-main-20260911-long-step-2000,single_seq,pair_network,,,,,,short,AUC,0.9119740841465367,1821,35,1821,eval-val
foldbench_monomer,8c4y_A,314,sparsa-scale-main-20260911-long-step-2000,single_seq,pair_network,,,,,,medium,L,0.08917197452229299,3534,46,314,eval-val
foldbench_monomer,8c4y_A,314,sparsa-scale-main-20260911-long-step-2000,single_seq,pair_network,,,,,,medium,L/2,0.12738853503184713,3534,46,157,eval-val
foldbench_monomer,8c4y_A,314,sparsa-scale-main-20260911-long-step-2000,single_seq,pair_network,,,,,,medium,L/5,0.1774193548387097,3534,46,62,eval-val
foldbench_monomer,8c4y_A,314,sparsa-scale-main-20260911-long-step-2000,single_seq,pair_network,,,,,,medium,R,0.21739130434782608,3534,46,46,eval-val
foldbench_monomer,8c4y_A,314,sparsa-scale-main-20260911-long-step-2000,single_seq,pair_network,,,,,,medium,AUC,0.8749968837255684,3534,46,3534,eval-val
foldbench_monomer,8c4y_A,314,sparsa-scale-main-20260911-long-step-2000,single_seq,pair_network,,,,,,long,L,0.10191082802547771,41616,292,314,eval-val
foldbench_monomer,8c4y_A,314,sparsa-scale-main-20260911-long-step-2000,single_seq,pair_network,,,,,,long,L/2,0.17197452229299362,41616,292,157,eval-val
foldbench_monomer,8c4y_A,314,sparsa-scale-main-20260911-long-step-2000,single_seq,pair_network,,,,,,long,L/5,0.3387096774193548,41616,292,62,eval-val
foldbench_monomer,8c4y_A,314,sparsa-scale-main-20260911-long-step-2000,single_seq,pair_network,,,,,,long,R,0.1095890410958904,41616,292,292,eval-val
foldbench_monomer,8c4y_A,314,sparsa-scale-main-20260911-long-step-2000,single_seq,pair_network,,,,,,long,AUC,0.7965284444476857,41616,292,41616,eval-val
foldbench_monomer,8cba_A,214,sparsa-scale-main-20260911-long-step-2000,single_seq,pair_network,,,,,,all,L,0.18691588785046728,17955,245,214,eval-val
foldbench_monomer,8cba_A,214,sparsa-scale-main-20260911-long-step-2000,single_seq,pair_network,,,,,,all,L/2,0.22429906542056074,17955,245,107,eval-val
foldbench_monomer,8cba_A,214,sparsa-scale-main-20260911-long-step-2000,single_seq,pair_network,,,,,,all,L/5,0.42857142857142855,17955,245,42,eval-val
foldbench_monomer,8cba_A,214,sparsa-scale-main-20260911-long-step-2000,single_seq,pair_network,,,,,,all,R,0.17551020408163265,17955,245,245,eval-val
foldbench_monomer,8cba_A,214,sparsa-scale-main-20260911-long-step-2000,single_seq,pair_network,,,,,,all,AUC,0.8177669712718515,17955,245,17955,eval-val
foldbench_monomer,8cba_A,214,sparsa-scale-main-20260911-long-step-2000,single_seq,pair_network,,,,,,short,L,0.1261682242990654,1119,39,214,eval-val
foldbench_monomer,8cba_A,214,sparsa-scale-main-20260911-long-step-2000,single_seq,pair_network,,,,,,short,L/2,0.18691588785046728,1119,39,107,eval-val
foldbench_monomer,8cba_A,214,sparsa-scale-main-20260911-long-step-2000,single_seq,pair_network,,,,,,short,L/5,0.23809523809523808,1119,39,42,eval-val
foldbench_monomer,8cba_A,214,sparsa-scale-main-20260911-long-step-2000,single_seq,pair_network,,,,,,short,R,0.2564102564102564,1119,39,39,eval-val
foldbench_monomer,8cba_A,214,sparsa-scale-main-20260911-long-step-2000,single_seq,pair_network,,,,,,short,AUC,0.8244895536562203,1119,39,1119,eval-val
foldbench_monomer,8cba_A,214,sparsa-scale-main-20260911-long-step-2000,single_seq,pair_network,,,,,,medium,L,0.07476635514018691,2130,53,214,eval-val
foldbench_monomer,8cba_A,214,sparsa-scale-main-20260911-long-step-2000,single_seq,pair_network,,,,,,medium,L/2,0.1308411214953271,2130,53,107,eval-val
foldbench_monomer,8cba_A,214,sparsa-scale-main-20260911-long-step-2000,single_seq,pair_network,,,,,,medium,L/5,0.23809523809523808,2130,53,42,eval-val
foldbench_monomer,8cba_A,214,sparsa-scale-main-20260911-long-step-2000,single_seq,pair_network,,,,,,medium,R,0.20754716981132076,2130,53,53,eval-val
foldbench_monomer,8cba_A,214,sparsa-scale-main-20260911-long-step-2000,single_seq,pair_network,,,,,,medium,AUC,0.772844541746532,2130,53,2130,eval-val
foldbench_monomer,8cba_A,214,sparsa-scale-main-20260911-long-step-2000,single_seq,pair_network,,,,,,long,L,0.07009345794392523,14706,153,214,eval-val
foldbench_monomer,8cba_A,214,sparsa-scale-main-20260911-long-step-2000,single_seq,pair_network,,,,,,long,L/2,0.12149532710280374,14706,153,107,eval-val
foldbench_monomer,8cba_A,214,sparsa-scale-main-20260911-long-step-2000,single_seq,pair_network,,,,,,long,L/5,0.14285714285714285,14706,153,42,eval-val
foldbench_monomer,8cba_A,214,sparsa-scale-main-20260911-long-step-2000,single_seq,pair_network,,,,,,long,R,0.0915032679738562,14706,153,153,eval-val
foldbench_monomer,8cba_A,214,sparsa-scale-main-20260911-long-step-2000,single_seq,pair_network,,,,,,long,AUC,0.809800014281807,14706,153,14706,eval-val
foldbench_monomer,8ci9_A,312,sparsa-scale-main-20260911-long-step-2000,single_seq,pair_network,,,,,,all,L,0.16346153846153846,45150,337,312,eval-val
foldbench_monomer,8ci9_A,312,sparsa-scale-main-20260911-long-step-2000,single_seq,pair_network,,,,,,all,L/2,0.22435897435897437,45150,337,156,eval-val
foldbench_monomer,8ci9_A,312,sparsa-scale-main-20260911-long-step-2000,single_seq,pair_network,,,,,,all,L/5,0.3387096774193548,45150,337,62,eval-val
foldbench_monomer,8ci9_A,312,sparsa-scale-main-20260911-long-step-2000,single_seq,pair_network,,,,,,all,R,0.1513353115727003,45150,337,337,eval-val
foldbench_monomer,8ci9_A,312,sparsa-scale-main-20260911-long-step-2000,single_seq,pair_network,,,,,,all,AUC,0.8304190026460767,45150,337,45150,eval-val
foldbench_monomer,8ci9_A,312,sparsa-scale-main-20260911-long-step-2000,single_seq,pair_network,,,,,,short,L,0.09615384615384616,1785,39,312,eval-val
foldbench_monomer,8ci9_A,312,sparsa-scale-main-20260911-long-step-2000,single_seq,pair_network,,,,,,short,L/2,0.1346153846153846,1785,39,156,eval-val
foldbench_monomer,8ci9_A,312,sparsa-scale-main-20260911-long-step-2000,single_seq,pair_network,,,,,,short,L/5,0.22580645161290322,1785,39,62,eval-val
foldbench_monomer,8ci9_A,312,sparsa-scale-main-20260911-long-step-2000,single_seq,pair_network,,,,,,short,R,0.28205128205128205,1785,39,39,eval-val
foldbench_monomer,8ci9_A,312,sparsa-scale-main-20260911-long-step-2000,single_seq,pair_network,,,,,,short,AUC,0.9033835580227332,1785,39,1785,eval-val
foldbench_monomer,8ci9_A,312,sparsa-scale-main-20260911-long-step-2000,single_seq,pair_network,,,,,,medium,L,0.07371794871794872,3462,41,312,eval-val
foldbench_monomer,8ci9_A,312,sparsa-scale-main-20260911-long-step-2000,single_seq,pair_network,,,,,,medium,L/2,0.10256410256410256,3462,41,156,eval-val
foldbench_monomer,8ci9_A,312,sparsa-scale-main-20260911-long-step-2000,single_seq,pair_network,,,,,,medium,L/5,0.20967741935483872,3462,41,62,eval-val
foldbench_monomer,8ci9_A,312,sparsa-scale-main-20260911-long-step-2000,single_seq,pair_network,,,,,,medium,R,0.2682926829268293,3462,41,41,eval-val
foldbench_monomer,8ci9_A,312,sparsa-scale-main-20260911-long-step-2000,single_seq,pair_network,,,,,,medium,AUC,0.8799345505878327,3462,41,3462,eval-val
foldbench_monomer,8ci9_A,312,sparsa-scale-main-20260911-long-step-2000,single_seq,pair_network,,,,,,long,L,0.09615384615384616,39903,257,312,eval-val
foldbench_monomer,8ci9_A,312,sparsa-scale-main-20260911-long-step-2000,single_seq,pair_network,,,,,,long,L/2,0.14102564102564102,39903,257,156,eval-val
foldbench_monomer,8ci9_A,312,sparsa-scale-main-20260911-long-step-2000,single_seq,pair_network,,,,,,long,L/5,0.25806451612903225,39903,257,62,eval-val
foldbench_monomer,8ci9_A,312,sparsa-scale-main-20260911-long-step-2000,single_seq,pair_network,,,,,,long,R,0.10894941634241245,39903,257,257,eval-val
foldbench_monomer,8ci9_A,312,sparsa-scale-main-20260911-long-step-2000,single_seq,pair_network,,,,,,long,AUC,0.8087351268846019,39903,257,39903,eval-val
foldbench_monomer,8cih_A,214,sparsa-scale-main-20260911-long-step-2000,single_seq,pair_network,,,,,,all,L,0.35046728971962615,16668,158,214,eval-val
foldbench_monomer,8cih_A,214,sparsa-scale-main-20260911-long-step-2000,single_seq,pair_network,,,,,,all,L/2,0.5514018691588785,16668,158,107,eval-val
foldbench_monomer,8cih_A,214,sparsa-scale-main-20260911-long-step-2000,single_seq,pair_network,,,,,,all,L/5,0.7142857142857143,16668,158,42,eval-val
foldbench_monomer,8cih_A,214,sparsa-scale-main-20260911-long-step-2000,single_seq,pair_network,,,,,,all,R,0.4240506329113924,16668,158,158,eval-val
foldbench_monomer,8cih_A,214,sparsa-scale-main-20260911-long-step-2000,single_seq,pair_network,,,,,,all,AUC,0.9482915992609007,16668,158,16668,eval-val
foldbench_monomer,8cih_A,214,sparsa-scale-main-20260911-long-step-2000,single_seq,pair_network,,,,,,short,L,0.04205607476635514,1041,10,214,eval-val
foldbench_monomer,8cih_A,214,sparsa-scale-main-20260911-long-step-2000,single_seq,pair_network,,,,,,short,L/2,0.07476635514018691,1041,10,107,eval-val
foldbench_monomer,8cih_A,214,sparsa-scale-main-20260911-long-step-2000,single_seq,pair_network,,,,,,short,L/5,0.11904761904761904,1041,10,42,eval-val
foldbench_monomer,8cih_A,214,sparsa-scale-main-20260911-long-step-2000,single_seq,pair_network,,,,,,short,R,0.1,1041,10,10,eval-val
foldbench_monomer,8cih_A,214,sparsa-scale-main-20260911-long-step-2000,single_seq,pair_network,,,,,,short,AUC,0.9334626576139671,1041,10,1041,eval-val
foldbench_monomer,8cih_A,214,sparsa-scale-main-20260911-long-step-2000,single_seq,pair_network,,,,,,medium,L,0.07009345794392523,1974,17,214,eval-val
foldbench_monomer,8cih_A,214,sparsa-scale-main-20260911-long-step-2000,single_seq,pair_network,,,,,,medium,L/2,0.14018691588785046,1974,17,107,eval-val
foldbench_monomer,8cih_A,214,sparsa-scale-main-20260911-long-step-2000,single_seq,pair_network,,,,,,medium,L/5,0.2857142857142857,1974,17,42,eval-val
foldbench_monomer,8cih_A,214,sparsa-scale-main-20260911-long-step-2000,single_seq,pair_network,,,,,,medium,R,0.47058823529411764,1974,17,17,eval-val
foldbench_monomer,8cih_A,214,sparsa-scale-main-20260911-long-step-2000,single_seq,pair_network,,,,,,medium,AUC,0.9764044606089753,1974,17,1974,eval-val
foldbench_monomer,8cih_A,214,sparsa-scale-main-20260911-long-step-2000,single_seq,pair_network,,,,,,long,L,0.3177570093457944,13653,131,214,eval-val
foldbench_monomer,8cih_A,214,sparsa-scale-main-20260911-long-step-2000,single_seq,pair_network,,,,,,long,L/2,0.4953271028037383,13653,131,107,eval-val
foldbench_monomer,8cih_A,214,sparsa-scale-main-20260911-long-step-2000,single_seq,pair_network,,,,,,long,L/5,0.8333333333333334,13653,131,42,eval-val
foldbench_monomer,8cih_A,214,sparsa-scale-main-20260911-long-step-2000,single_seq,pair_network,,,,,,long,R,0.42748091603053434,13653,131,131,eval-val
foldbench_monomer,8cih_A,214,sparsa-scale-main-20260911-long-step-2000,single_seq,pair_network,,,,,,long,AUC,0.947271960537027,13653,131,13653,eval-val
foldbench_monomer,8amo_A,399,sparsa-scale-main-20260911-long-step-2000,single_seq,pair_network,,,,,,all,L,0.15288220551378445,72010,362,399,eval-val
foldbench_monomer,8amo_A,399,sparsa-scale-main-20260911-long-step-2000,single_seq,pair_network,,,,,,all,L/2,0.22110552763819097,72010,362,199,eval-val
foldbench_monomer,8amo_A,399,sparsa-scale-main-20260911-long-step-2000,single_seq,pair_network,,,,,,all,L/5,0.26582278481012656,72010,362,79,eval-val
foldbench_monomer,8amo_A,399,sparsa-scale-main-20260911-long-step-2000,single_seq,pair_network,,,,,,all,R,0.1574585635359116,72010,362,362,eval-val
foldbench_monomer,8amo_A,399,sparsa-scale-main-20260911-long-step-2000,single_seq,pair_network,,,,,,all,AUC,0.856864876844191,72010,362,72010,eval-val
foldbench_monomer,8amo_A,399,sparsa-scale-main-20260911-long-step-2000,single_seq,pair_network,,,,,,short,L,0.09774436090225563,2259,44,399,eval-val
foldbench_monomer,8amo_A,399,sparsa-scale-main-20260911-long-step-2000,single_seq,pair_network,,,,,,short,L/2,0.1507537688442211,2259,44,199,eval-val
foldbench_monomer,8amo_A,399,sparsa-scale-main-20260911-long-step-2000,single_seq,pair_network,,,,,,short,L/5,0.3037974683544304,2259,44,79,eval-val
foldbench_monomer,8amo_A,399,sparsa-scale-main-20260911-long-step-2000,single_seq,pair_network,,,,,,short,R,0.29545454545454547,2259,44,44,eval-val
foldbench_monomer,8amo_A,399,sparsa-scale-main-20260911-long-step-2000,single_seq,pair_network,,,,,,short,AUC,0.9444028319310486,2259,44,2259,eval-val
foldbench_monomer,8amo_A,399,sparsa-scale-main-20260911-long-step-2000,single_seq,pair_network,,,,,,medium,L,0.09523809523809523,4410,59,399,eval-val
foldbench_monomer,8amo_A,399,sparsa-scale-main-20260911-long-step-2000,single_seq,pair_network,,,,,,medium,L/2,0.12060301507537688,4410,59,199,eval-val
foldbench_monomer,8amo_A,399,sparsa-scale-main-20260911-long-step-2000,single_seq,pair_network,,,,,,medium,L/5,0.13924050632911392,4410,59,79,eval-val
foldbench_monomer,8amo_A,399,sparsa-scale-main-20260911-long-step-2000,single_seq,pair_network,,,,,,medium,R,0.15254237288135594,4410,59,59,eval-val
foldbench_monomer,8amo_A,399,sparsa-scale-main-20260911-long-step-2000,single_seq,pair_network,,,,,,medium,AUC,0.9071341480041605,4410,59,4410,eval-val
foldbench_monomer,8amo_A,399,sparsa-scale-main-20260911-long-step-2000,single_seq,pair_network,,,,,,long,L,0.06015037593984962,65341,259,399,eval-val
foldbench_monomer,8amo_A,399,sparsa-scale-main-20260911-long-step-2000,single_seq,pair_network,,,,,,long,L/2,0.08040201005025126,65341,259,199,eval-val
foldbench_monomer,8amo_A,399,sparsa-scale-main-20260911-long-step-2000,single_seq,pair_network,,,,,,long,L/5,0.12658227848101267,65341,259,79,eval-val
foldbench_monomer,8amo_A,399,sparsa-scale-main-20260911-long-step-2000,single_seq,pair_network,,,,,,long,R,0.07722007722007722,65341,259,259,eval-val
foldbench_monomer,8amo_A,399,sparsa-scale-main-20260911-long-step-2000,single_seq,pair_network,,,,,,long,AUC,0.8229164775675331,65341,259,65341,eval-val
foldbench_monomer,8cpk_A,384,sparsa-scale-main-20260911-long-step-2000,single_seq,pair_network,,,,,,all,L,0.3567708333333333,71631,353,384,eval-val
foldbench_monomer,8cpk_A,384,sparsa-scale-main-20260911-long-step-2000,single_seq,pair_network,,,,,,all,L/2,0.5,71631,353,192,eval-val
foldbench_monomer,8cpk_A,384,sparsa-scale-main-20260911-long-step-2000,single_seq,pair_network,,,,,,all,L/5,0.618421052631579,71631,353,76,eval-val
foldbench_monomer,8cpk_A,384,sparsa-scale-main-20260911-long-step-2000,single_seq,pair_network,,,,,,all,R,0.37960339943342775,71631,353,353,eval-val
foldbench_monomer,8cpk_A,384,sparsa-scale-main-20260911-long-step-2000,single_seq,pair_network,,,,,,all,AUC,0.9784077100817474,71631,353,71631,eval-val
foldbench_monomer,8cpk_A,384,sparsa-scale-main-20260911-long-step-2000,single_seq,pair_network,,,,,,short,L,0.0546875,2253,24,384,eval-val
foldbench_monomer,8cpk_A,384,sparsa-scale-main-20260911-long-step-2000,single_seq,pair_network,,,,,,short,L/2,0.08333333333333333,2253,24,192,eval-val
foldbench_monomer,8cpk_A,384,sparsa-scale-main-20260911-long-step-2000,single_seq,pair_network,,,,,,short,L/5,0.15789473684210525,2253,24,76,eval-val
foldbench_monomer,8cpk_A,384,sparsa-scale-main-20260911-long-step-2000,single_seq,pair_network,,,,,,short,R,0.2916666666666667,2253,24,24,eval-val
foldbench_monomer,8cpk_A,384,sparsa-scale-main-20260911-long-step-2000,single_seq,pair_network,,,,,,short,AUC,0.9199192462987886,2253,24,2253,eval-val
foldbench_monomer,8cpk_A,384,sparsa-scale-main-20260911-long-step-2000,single_seq,pair_network,,,,,,medium,L,0.13541666666666666,4398,73,384,eval-val
foldbench_monomer,8cpk_A,384,sparsa-scale-main-20260911-long-step-2000,single_seq,pair_network,,,,,,medium,L/2,0.17708333333333334,4398,73,192,eval-val
foldbench_monomer,8cpk_A,384,sparsa-scale-main-20260911-long-step-2000,single_seq,pair_network,,,,,,medium,L/5,0.25,4398,73,76,eval-val
foldbench_monomer,8cpk_A,384,sparsa-scale-main-20260911-long-step-2000,single_seq,pair_network,,,,,,medium,R,0.2465753424657534,4398,73,73,eval-val
foldbench_monomer,8cpk_A,384,sparsa-scale-main-20260911-long-step-2000,single_seq,pair_network,,,,,,medium,AUC,0.9263156227729827,4398,73,4398,eval-val
foldbench_monomer,8cpk_A,384,sparsa-scale-main-20260911-long-step-2000,single_seq,pair_network,,,,,,long,L,0.3333333333333333,64980,256,384,eval-val
foldbench_monomer,8cpk_A,384,sparsa-scale-main-20260911-long-step-2000,single_seq,pair_network,,,,,,long,L/2,0.484375,64980,256,192,eval-val
foldbench_monomer,8cpk_A,384,sparsa-scale-main-20260911-long-step-2000,single_seq,pair_network,,,,,,long,L/5,0.6578947368421053,64980,256,76,eval-val
foldbench_monomer,8cpk_A,384,sparsa-scale-main-20260911-long-step-2000,single_seq,pair_network,,,,,,long,R,0.42578125,64980,256,256,eval-val
foldbench_monomer,8cpk_A,384,sparsa-scale-main-20260911-long-step-2000,single_seq,pair_network,,,,,,long,AUC,0.98376860906503,64980,256,64980,eval-val
foldbench_monomer,8cpn_A,207,sparsa-scale-main-20260911-long-step-2000,single_seq,pair_network,,,,,,all,L,0.3285024154589372,11811,168,207,eval-val
foldbench_monomer,8cpn_A,207,sparsa-scale-main-20260911-long-step-2000,single_seq,pair_network,,,,,,all,L/2,0.44660194174757284,11811,168,103,eval-val
foldbench_monomer,8cpn_A,207,sparsa-scale-main-20260911-long-step-2000,single_seq,pair_network,,,,,,all,L/5,0.5121951219512195,11811,168,41,eval-val
foldbench_monomer,8cpn_A,207,sparsa-scale-main-20260911-long-step-2000,single_seq,pair_network,,,,,,all,R,0.375,11811,168,168,eval-val
foldbench_monomer,8cpn_A,207,sparsa-scale-main-20260911-long-step-2000,single_seq,pair_network,,,,,,all,AUC,0.862758841404809,11811,168,11811,eval-val
foldbench_monomer,8cpn_A,207,sparsa-scale-main-20260911-long-step-2000,single_seq,pair_network,,,,,,short,L,0.10628019323671498,804,23,207,eval-val
foldbench_monomer,8cpn_A,207,sparsa-scale-main-20260911-long-step-2000,single_seq,pair_network,,,,,,short,L/2,0.1650485436893204,804,23,103,eval-val
foldbench_monomer,8cpn_A,207,sparsa-scale-main-20260911-long-step-2000,single_seq,pair_network,,,,,,short,L/5,0.34146341463414637,804,23,41,eval-val
foldbench_monomer,8cpn_A,207,sparsa-scale-main-20260911-long-step-2000,single_seq,pair_network,,,,,,short,R,0.5217391304347826,804,23,23,eval-val
foldbench_monomer,8cpn_A,207,sparsa-scale-main-20260911-long-step-2000,single_seq,pair_network,,,,,,short,AUC,0.927935200133608,804,23,804,eval-val
foldbench_monomer,8cpn_A,207,sparsa-scale-main-20260911-long-step-2000,single_seq,pair_network,,,,,,medium,L,0.15942028985507245,1431,35,207,eval-val
foldbench_monomer,8cpn_A,207,sparsa-scale-main-20260911-long-step-2000,single_seq,pair_network,,,,,,medium,L/2,0.2912621359223301,1431,35,103,eval-val
foldbench_monomer,8cpn_A,207,sparsa-scale-main-20260911-long-step-2000,single_seq,pair_network,,,,,,medium,L/5,0.4878048780487805,1431,35,41,eval-val
foldbench_monomer,8cpn_A,207,sparsa-scale-main-20260911-long-step-2000,single_seq,pair_network,,,,,,medium,R,0.5428571428571428,1431,35,35,eval-val
foldbench_monomer,8cpn_A,207,sparsa-scale-main-20260911-long-step-2000,single_seq,pair_network,,,,,,medium,AUC,0.96750920998772,1431,35,1431,eval-val
foldbench_monomer,8cpn_A,207,sparsa-scale-main-20260911-long-step-2000,single_seq,pair_network,,,,,,long,L,0.19806763285024154,9576,110,207,eval-val
foldbench_monomer,8cpn_A,207,sparsa-scale-main-20260911-long-step-2000,single_seq,pair_network,,,,,,long,L/2,0.2815533980582524,9576,110,103,eval-val
foldbench_monomer,8cpn_A,207,sparsa-scale-main-20260911-long-step-2000,single_seq,pair_network,,,,,,long,L/5,0.4634146341463415,9576,110,41,eval-val
foldbench_monomer,8cpn_A,207,sparsa-scale-main-20260911-long-step-2000,single_seq,pair_network,,,,,,long,R,0.2636363636363636,9576,110,110,eval-val
foldbench_monomer,8cpn_A,207,sparsa-scale-main-20260911-long-step-2000,single_seq,pair_network,,,,,,long,AUC,0.8176497704703917,9576,110,9576,eval-val
foldbench_monomer,8d2z_A,327,sparsa-scale-main-20260911-long-step-2000,single_seq,pair_network,,,,,,all,L,0.2599388379204893,45150,312,327,eval-val
foldbench_monomer,8d2z_A,327,sparsa-scale-main-20260911-long-step-2000,single_seq,pair_network,,,,,,all,L/2,0.38650306748466257,45150,312,163,eval-val
foldbench_monomer,8d2z_A,327,sparsa-scale-main-20260911-long-step-2000,single_seq,pair_network,,,,,,all,L/5,0.5692307692307692,45150,312,65,eval-val
foldbench_monomer,8d2z_A,327,sparsa-scale-main-20260911-long-step-2000,single_seq,pair_network,,,,,,all,R,0.2692307692307692,45150,312,312,eval-val
foldbench_monomer,8d2z_A,327,sparsa-scale-main-20260911-long-step-2000,single_seq,pair_network,,,,,,all,AUC,0.9157738156508731,45150,312,45150,eval-val
foldbench_monomer,8d2z_A,327,sparsa-scale-main-20260911-long-step-2000,single_seq,pair_network,,,,,,short,L,0.13149847094801223,1785,49,327,eval-val
foldbench_monomer,8d2z_A,327,sparsa-scale-main-20260911-long-step-2000,single_seq,pair_network,,,,,,short,L/2,0.22085889570552147,1785,49,163,eval-val
foldbench_monomer,8d2z_A,327,sparsa-scale-main-20260911-long-step-2000,single_seq,pair_network,,,,,,short,L/5,0.38461538461538464,1785,49,65,eval-val
foldbench_monomer,8d2z_A,327,sparsa-scale-main-20260911-long-step-2000,single_seq,pair_network,,,,,,short,R,0.40816326530612246,1785,49,49,eval-val
foldbench_monomer,8d2z_A,327,sparsa-scale-main-20260911-long-step-2000,single_seq,pair_network,,,,,,short,AUC,0.94050362080316,1785,49,1785,eval-val
foldbench_monomer,8d2z_A,327,sparsa-scale-main-20260911-long-step-2000,single_seq,pair_network,,,,,,medium,L,0.11009174311926606,3462,52,327,eval-val
foldbench_monomer,8d2z_A,327,sparsa-scale-main-20260911-long-step-2000,single_seq,pair_network,,,,,,medium,L/2,0.147239263803681,3462,52,163,eval-val
foldbench_monomer,8d2z_A,327,sparsa-scale-main-20260911-long-step-2000,single_seq,pair_network,,,,,,medium,L/5,0.23076923076923078,3462,52,65,eval-val
foldbench_monomer,8d2z_A,327,sparsa-scale-main-20260911-long-step-2000,single_seq,pair_network,,,,,,medium,R,0.25,3462,52,52,eval-val
foldbench_monomer,8d2z_A,327,sparsa-scale-main-20260911-long-step-2000,single_seq,pair_network,,,,,,medium,AUC,0.9282145274080758,3462,52,3462,eval-val
foldbench_monomer,8d2z_A,327,sparsa-scale-main-20260911-long-step-2000,single_seq,pair_network,,,,,,long,L,0.1834862385321101,39903,211,327,eval-val
foldbench_monomer,8d2z_A,327,sparsa-scale-main-20260911-long-step-2000,single_seq,pair_network,,,,,,long,L/2,0.25766871165644173,39903,211,163,eval-val
foldbench_monomer,8d2z_A,327,sparsa-scale-main-20260911-long-step-2000,single_seq,pair_network,,,,,,long,L/5,0.4,39903,211,65,eval-val
foldbench_monomer,8d2z_A,327,sparsa-scale-main-20260911-long-step-2000,single_seq,pair_network,,,,,,long,R,0.22274881516587677,39903,211,211,eval-val
foldbench_monomer,8d2z_A,327,sparsa-scale-main-20260911-long-step-2000,single_seq,pair_network,,,,,,long,AUC,0.8974815797278857,39903,211,39903,eval-val
foldbench_monomer,8daj_A,302,sparsa-scale-main-20260911-long-step-2000,single_seq,pair_network,,,,,,all,L,0.34105960264900664,43956,299,302,eval-val
foldbench_monomer,8daj_A,302,sparsa-scale-main-20260911-long-step-2000,single_seq,pair_network,,,,,,all,L/2,0.5099337748344371,43956,299,151,eval-val
foldbench_monomer,8daj_A,302,sparsa-scale-main-20260911-long-step-2000,single_seq,pair_network,,,,,,all,L/5,0.6166666666666667,43956,299,60,eval-val
foldbench_monomer,8daj_A,302,sparsa-scale-main-20260911-long-step-2000,single_seq,pair_network,,,,,,all,R,0.34448160535117056,43956,299,299,eval-val
foldbench_monomer,8daj_A,302,sparsa-scale-main-20260911-long-step-2000,single_seq,pair_network,,,,,,all,AUC,0.955554331527705,43956,299,43956,eval-val
foldbench_monomer,8daj_A,302,sparsa-scale-main-20260911-long-step-2000,single_seq,pair_network,,,,,,short,L,0.09271523178807947,1761,32,302,eval-val
foldbench_monomer,8daj_A,302,sparsa-scale-main-20260911-long-step-2000,single_seq,pair_network,,,,,,short,L/2,0.17880794701986755,1761,32,151,eval-val
foldbench_monomer,8daj_A,302,sparsa-scale-main-20260911-long-step-2000,single_seq,pair_network,,,,,,short,L/5,0.36666666666666664,1761,32,60,eval-val
foldbench_monomer,8daj_A,302,sparsa-scale-main-20260911-long-step-2000,single_seq,pair_network,,,,,,short,R,0.625,1761,32,32,eval-val
foldbench_monomer,8daj_A,302,sparsa-scale-main-20260911-long-step-2000,single_seq,pair_network,,,,,,short,AUC,0.9557186234817814,1761,32,1761,eval-val
foldbench_monomer,8daj_A,302,sparsa-scale-main-20260911-long-step-2000,single_seq,pair_network,,,,,,medium,L,0.1357615894039735,3414,52,302,eval-val
foldbench_monomer,8daj_A,302,sparsa-scale-main-20260911-long-step-2000,single_seq,pair_network,,,,,,medium,L/2,0.2052980132450331,3414,52,151,eval-val
foldbench_monomer,8daj_A,302,sparsa-scale-main-20260911-long-step-2000,single_seq,pair_network,,,,,,medium,L/5,0.36666666666666664,3414,52,60,eval-val
foldbench_monomer,8daj_A,302,sparsa-scale-main-20260911-long-step-2000,single_seq,pair_network,,,,,,medium,R,0.4230769230769231,3414,52,52,eval-val
foldbench_monomer,8daj_A,302,sparsa-scale-main-20260911-long-step-2000,single_seq,pair_network,,,,,,medium,AUC,0.9418987095593282,3414,52,3414,eval-val
foldbench_monomer,8daj_A,302,sparsa-scale-main-20260911-long-step-2000,single_seq,pair_network,,,,,,long,L,0.2682119205298013,38781,215,302,eval-val
foldbench_monomer,8daj_A,302,sparsa-scale-main-20260911-long-step-2000,single_seq,pair_network,,,,,,long,L/2,0.33774834437086093,38781,215,151,eval-val
foldbench_monomer,8daj_A,302,sparsa-scale-main-20260911-long-step-2000,single_seq,pair_network,,,,,,long,L/5,0.43333333333333335,38781,215,60,eval-val
foldbench_monomer,8daj_A,302,sparsa-scale-main-20260911-long-step-2000,single_seq,pair_network,,,,,,long,R,0.29767441860465116,38781,215,215,eval-val
foldbench_monomer,8daj_A,302,sparsa-scale-main-20260911-long-step-2000,single_seq,pair_network,,,,,,long,AUC,0.9560099931377078,38781,215,38781,eval-val
foldbench_monomer,8dez_A,173,sparsa-scale-main-20260911-long-step-2000,single_seq,pair_network,,,,,,all,L,0.27167630057803466,14028,182,173,eval-val
foldbench_monomer,8dez_A,173,sparsa-scale-main-20260911-long-step-2000,single_seq,pair_network,,,,,,all,L/2,0.37209302325581395,14028,182,86,eval-val
foldbench_monomer,8dez_A,173,sparsa-scale-main-20260911-long-step-2000,single_seq,pair_network,,,,,,all,L/5,0.5882352941176471,14028,182,34,eval-val
foldbench_monomer,8dez_A,173,sparsa-scale-main-20260911-long-step-2000,single_seq,pair_network,,,,,,all,R,0.2692307692307692,14028,182,182,eval-val
foldbench_monomer,8dez_A,173,sparsa-scale-main-20260911-long-step-2000,single_seq,pair_network,,,,,,all,AUC,0.908229535883732,14028,182,14028,eval-val
foldbench_monomer,8dez_A,173,sparsa-scale-main-20260911-long-step-2000,single_seq,pair_network,,,,,,short,L,0.09826589595375723,987,20,173,eval-val
foldbench_monomer,8dez_A,173,sparsa-scale-main-20260911-long-step-2000,single_seq,pair_network,,,,,,short,L/2,0.1744186046511628,987,20,86,eval-val
foldbench_monomer,8dez_A,173,sparsa-scale-main-20260911-long-step-2000,single_seq,pair_network,,,,,,short,L/5,0.20588235294117646,987,20,34,eval-val
foldbench_monomer,8dez_A,173,sparsa-scale-main-20260911-long-step-2000,single_seq,pair_network,,,,,,short,R,0.3,987,20,20,eval-val
foldbench_monomer,8dez_A,173,sparsa-scale-main-20260911-long-step-2000,single_seq,pair_network,,,,,,short,AUC,0.9323681489141675,987,20,987,eval-val
foldbench_monomer,8dez_A,173,sparsa-scale-main-20260911-long-step-2000,single_seq,pair_network,,,,,,medium,L,0.07514450867052024,1866,21,173,eval-val
foldbench_monomer,8dez_A,173,sparsa-scale-main-20260911-long-step-2000,single_seq,pair_network,,,,,,medium,L/2,0.11627906976744186,1866,21,86,eval-val
foldbench_monomer,8dez_A,173,sparsa-scale-main-20260911-long-step-2000,single_seq,pair_network,,,,,,medium,L/5,0.11764705882352941,1866,21,34,eval-val
foldbench_monomer,8dez_A,173,sparsa-scale-main-20260911-long-step-2000,single_seq,pair_network,,,,,,medium,R,0.19047619047619047,1866,21,21,eval-val
foldbench_monomer,8dez_A,173,sparsa-scale-main-20260911-long-step-2000,single_seq,pair_network,,,,,,medium,AUC,0.9320557491289199,1866,21,1866,eval-val
foldbench_monomer,8dez_A,173,sparsa-scale-main-20260911-long-step-2000,single_seq,pair_network,,,,,,long,L,0.27167630057803466,11175,141,173,eval-val
foldbench_monomer,8dez_A,173,sparsa-scale-main-20260911-long-step-2000,single_seq,pair_network,,,,,,long,L/2,0.38372093023255816,11175,141,86,eval-val
foldbench_monomer,8dez_A,173,sparsa-scale-main-20260911-long-step-2000,single_seq,pair_network,,,,,,long,L/5,0.6176470588235294,11175,141,34,eval-val
foldbench_monomer,8dez_A,173,sparsa-scale-main-20260911-long-step-2000,single_seq,pair_network,,,,,,long,R,0.2907801418439716,11175,141,141,eval-val
foldbench_monomer,8dez_A,173,sparsa-scale-main-20260911-long-step-2000,single_seq,pair_network,,,,,,long,AUC,0.9062301950001093,11175,141,11175,eval-val
foldbench_monomer,8dge_A,738,sparsa-scale-main-20260911-long-step-2000,single_seq,pair_network,,,,,,all,L,0.24932249322493225,246078,914,738,eval-val
foldbench_monomer,8dge_A,738,sparsa-scale-main-20260911-long-step-2000,single_seq,pair_network,,,,,,all,L/2,0.3170731707317073,246078,914,369,eval-val
foldbench_monomer,8dge_A,738,sparsa-scale-main-20260911-long-step-2000,single_seq,pair_network,,,,,,all,L/5,0.48299319727891155,246078,914,147,eval-val
foldbench_monomer,8dge_A,738,sparsa-scale-main-20260911-long-step-2000,single_seq,pair_network,,,,,,all,R,0.23194748358862144,246078,914,914,eval-val
foldbench_monomer,8dge_A,738,sparsa-scale-main-20260911-long-step-2000,single_seq,pair_network,,,,,,all,AUC,0.9493635653954426,246078,914,246078,eval-val
foldbench_monomer,8dge_A,738,sparsa-scale-main-20260911-long-step-2000,single_seq,pair_network,,,,,,short,L,0.12601626016260162,4156,121,738,eval-val
foldbench_monomer,8dge_A,738,sparsa-scale-main-20260911-long-step-2000,single_seq,pair_network,,,,,,short,L/2,0.18699186991869918,4156,121,369,eval-val
foldbench_monomer,8dge_A,738,sparsa-scale-main-20260911-long-step-2000,single_seq,pair_network,,,,,,short,L/5,0.2653061224489796,4156,121,147,eval-val
foldbench_monomer,8dge_A,738,sparsa-scale-main-20260911-long-step-2000,single_seq,pair_network,,,,,,short,R,0.2396694214876033,4156,121,121,eval-val
foldbench_monomer,8dge_A,738,sparsa-scale-main-20260911-long-step-2000,single_seq,pair_network,,,,,,short,AUC,0.895217466998474,4156,121,4156,eval-val
foldbench_monomer,8dge_A,738,sparsa-scale-main-20260911-long-step-2000,single_seq,pair_network,,,,,,medium,L,0.11517615176151762,8202,147,738,eval-val
foldbench_monomer,8dge_A,738,sparsa-scale-main-20260911-long-step-2000,single_seq,pair_network,,,,,,medium,L/2,0.16802168021680217,8202,147,369,eval-val
foldbench_monomer,8dge_A,738,sparsa-scale-main-20260911-long-step-2000,single_seq,pair_network,,,,,,medium,L/5,0.2108843537414966,8202,147,147,eval-val
foldbench_monomer,8dge_A,738,sparsa-scale-main-20260911-long-step-2000,single_seq,pair_network,,,,,,medium,R,0.2108843537414966,8202,147,147,eval-val
foldbench_monomer,8dge_A,738,sparsa-scale-main-20260911-long-step-2000,single_seq,pair_network,,,,,,medium,AUC,0.9096728697686399,8202,147,8202,eval-val
foldbench_monomer,8dge_A,738,sparsa-scale-main-20260911-long-step-2000,single_seq,pair_network,,,,,,long,L,0.2005420054200542,233720,646,738,eval-val
foldbench_monomer,8dge_A,738,sparsa-scale-main-20260911-long-step-2000,single_seq,pair_network,,,,,,long,L/2,0.2764227642276423,233720,646,369,eval-val
foldbench_monomer,8dge_A,738,sparsa-scale-main-20260911-long-step-2000,single_seq,pair_network,,,,,,long,L/5,0.40816326530612246,233720,646,147,eval-val
foldbench_monomer,8dge_A,738,sparsa-scale-main-20260911-long-step-2000,single_seq,pair_network,,,,,,long,R,0.21517027863777088,233720,646,646,eval-val
foldbench_monomer,8dge_A,738,sparsa-scale-main-20260911-long-step-2000,single_seq,pair_network,,,,,,long,AUC,0.9425508729724579,233720,646,233720,eval-val
foldbench_monomer,8dhj_A,249,sparsa-scale-main-20260911-long-step-2000,single_seq,pair_network,,,,,,all,L,0.14859437751004015,26580,267,249,eval-val
foldbench_monomer,8dhj_A,249,sparsa-scale-main-20260911-long-step-2000,single_seq,pair_network,,,,,,all,L/2,0.1532258064516129,26580,267,124,eval-val
foldbench_monomer,8dhj_A,249,sparsa-scale-main-20260911-long-step-2000,single_seq,pair_network,,,,,,all,L/5,0.22448979591836735,26580,267,49,eval-val
foldbench_monomer,8dhj_A,249,sparsa-scale-main-20260911-long-step-2000,single_seq,pair_network,,,,,,all,R,0.14606741573033707,26580,267,267,eval-val
foldbench_monomer,8dhj_A,249,sparsa-scale-main-20260911-long-step-2000,single_seq,pair_network,,,,,,all,AUC,0.8438959623353033,26580,267,26580,eval-val
foldbench_monomer,8dhj_A,249,sparsa-scale-main-20260911-long-step-2000,single_seq,pair_network,,,,,,short,L,0.09236947791164658,1314,31,249,eval-val
foldbench_monomer,8dhj_A,249,sparsa-scale-main-20260911-long-step-2000,single_seq,pair_network,,,,,,short,L/2,0.13709677419354838,1314,31,124,eval-val
foldbench_monomer,8dhj_A,249,sparsa-scale-main-20260911-long-step-2000,single_seq,pair_network,,,,,,short,L/5,0.30612244897959184,1314,31,49,eval-val
foldbench_monomer,8dhj_A,249,sparsa-scale-main-20260911-long-step-2000,single_seq,pair_network,,,,,,short,R,0.3225806451612903,1314,31,31,eval-val
foldbench_monomer,8dhj_A,249,sparsa-scale-main-20260911-long-step-2000,single_seq,pair_network,,,,,,short,AUC,0.8797551102506725,1314,31,1314,eval-val
foldbench_monomer,8dhj_A,249,sparsa-scale-main-20260911-long-step-2000,single_seq,pair_network,,,,,,medium,L,0.08433734939759036,2490,36,249,eval-val
foldbench_monomer,8dhj_A,249,sparsa-scale-main-20260911-long-step-2000,single_seq,pair_network,,,,,,medium,L/2,0.12903225806451613,2490,36,124,eval-val
foldbench_monomer,8dhj_A,249,sparsa-scale-main-20260911-long-step-2000,single_seq,pair_network,,,,,,medium,L/5,0.08163265306122448,2490,36,49,eval-val
foldbench_monomer,8dhj_A,249,sparsa-scale-main-20260911-long-step-2000,single_seq,pair_network,,,,,,medium,R,0.08333333333333333,2490,36,36,eval-val
foldbench_monomer,8dhj_A,249,sparsa-scale-main-20260911-long-step-2000,single_seq,pair_network,,,,,,medium,AUC,0.8768167617495246,2490,36,2490,eval-val
foldbench_monomer,8dhj_A,249,sparsa-scale-main-20260911-long-step-2000,single_seq,pair_network,,,,,,long,L,0.10040160642570281,22776,200,249,eval-val
foldbench_monomer,8dhj_A,249,sparsa-scale-main-20260911-long-step-2000,single_seq,pair_network,,,,,,long,L/2,0.10483870967741936,22776,200,124,eval-val
foldbench_monomer,8dhj_A,249,sparsa-scale-main-20260911-long-step-2000,single_seq,pair_network,,,,,,long,L/5,0.08163265306122448,22776,200,49,eval-val
foldbench_monomer,8dhj_A,249,sparsa-scale-main-20260911-long-step-2000,single_seq,pair_network,,,,,,long,R,0.105,22776,200,200,eval-val
foldbench_monomer,8dhj_A,249,sparsa-scale-main-20260911-long-step-2000,single_seq,pair_network,,,,,,long,AUC,0.8287732547838413,22776,200,22776,eval-val
foldbench_monomer,8dmu_A,489,sparsa-scale-main-20260911-long-step-2000,single_seq,pair_network,,,,,,all,L,0.16155419222903886,110700,571,489,eval-val
foldbench_monomer,8dmu_A,489,sparsa-scale-main-20260911-long-step-2000,single_seq,pair_network,,,,,,all,L/2,0.23770491803278687,110700,571,244,eval-val
foldbench_monomer,8dmu_A,489,sparsa-scale-main-20260911-long-step-2000,single_seq,pair_network,,,,,,all,L/5,0.3402061855670103,110700,571,97,eval-val
foldbench_monomer,8dmu_A,489,sparsa-scale-main-20260911-long-step-2000,single_seq,pair_network,,,,,,all,R,0.15236427320490367,110700,571,571,eval-val
foldbench_monomer,8dmu_A,489,sparsa-scale-main-20260911-long-step-2000,single_seq,pair_network,,,,,,all,AUC,0.8513542365592943,110700,571,110700,eval-val
foldbench_monomer,8dmu_A,489,sparsa-scale-main-20260911-long-step-2000,single_seq,pair_network,,,,,,short,L,0.1165644171779141,2769,80,489,eval-val
foldbench_monomer,8dmu_A,489,sparsa-scale-main-20260911-long-step-2000,single_seq,pair_network,,,,,,short,L/2,0.14344262295081966,2769,80,244,eval-val
foldbench_monomer,8dmu_A,489,sparsa-scale-main-20260911-long-step-2000,single_seq,pair_network,,,,,,short,L/5,0.1958762886597938,2769,80,97,eval-val
foldbench_monomer,8dmu_A,489,sparsa-scale-main-20260911-long-step-2000,single_seq,pair_network,,,,,,short,R,0.2125,2769,80,80,eval-val
foldbench_monomer,8dmu_A,489,sparsa-scale-main-20260911-long-step-2000,single_seq,pair_network,,,,,,short,AUC,0.8567404239494236,2769,80,2769,eval-val
foldbench_monomer,8dmu_A,489,sparsa-scale-main-20260911-long-step-2000,single_seq,pair_network,,,,,,medium,L,0.0736196319018405,5430,73,489,eval-val
foldbench_monomer,8dmu_A,489,sparsa-scale-main-20260911-long-step-2000,single_seq,pair_network,,,,,,medium,L/2,0.0942622950819672,5430,73,244,eval-val
foldbench_monomer,8dmu_A,489,sparsa-scale-main-20260911-long-step-2000,single_seq,pair_network,,,,,,medium,L/5,0.09278350515463918,5430,73,97,eval-val
foldbench_monomer,8dmu_A,489,sparsa-scale-main-20260911-long-step-2000,single_seq,pair_network,,,,,,medium,R,0.1095890410958904,5430,73,73,eval-val
foldbench_monomer,8dmu_A,489,sparsa-scale-main-20260911-long-step-2000,single_seq,pair_network,,,,,,medium,AUC,0.8633806490547511,5430,73,5430,eval-val
foldbench_monomer,8dmu_A,489,sparsa-scale-main-20260911-long-step-2000,single_seq,pair_network,,,,,,long,L,0.11042944785276074,102501,418,489,eval-val
foldbench_monomer,8dmu_A,489,sparsa-scale-main-20260911-long-step-2000,single_seq,pair_network,,,,,,long,L/2,0.1885245901639344,102501,418,244,eval-val
foldbench_monomer,8dmu_A,489,sparsa-scale-main-20260911-long-step-2000,single_seq,pair_network,,,,,,long,L/5,0.3402061855670103,102501,418,97,eval-val
foldbench_monomer,8dmu_A,489,sparsa-scale-main-20260911-long-step-2000,single_seq,pair_network,,,,,,long,R,0.12440191387559808,102501,418,418,eval-val
foldbench_monomer,8dmu_A,489,sparsa-scale-main-20260911-long-step-2000,single_seq,pair_network,,,,,,long,AUC,0.8248420098346655,102501,418,102501,eval-val
foldbench_monomer,8dp9_A,148,sparsa-scale-main-20260911-long-step-2000,single_seq,pair_network,,,,,,all,L,0.08783783783783784,8157,146,148,eval-val
foldbench_monomer,8dp9_A,148,sparsa-scale-main-20260911-long-step-2000,single_seq,pair_network,,,,,,all,L/2,0.12162162162162163,8157,146,74,eval-val
foldbench_monomer,8dp9_A,148,sparsa-scale-main-20260911-long-step-2000,single_seq,pair_network,,,,,,all,L/5,0.20689655172413793,8157,146,29,eval-val
foldbench_monomer,8dp9_A,148,sparsa-scale-main-20260911-long-step-2000,single_seq,pair_network,,,,,,all,R,0.0821917808219178,8157,146,146,eval-val
foldbench_monomer,8dp9_A,148,sparsa-scale-main-20260911-long-step-2000,single_seq,pair_network,,,,,,all,AUC,0.8138244844845187,8157,146,8157,eval-val
foldbench_monomer,8dp9_A,148,sparsa-scale-main-20260911-long-step-2000,single_seq,pair_network,,,,,,short,L,0.12162162162162163,693,19,148,eval-val
foldbench_monomer,8dp9_A,148,sparsa-scale-main-20260911-long-step-2000,single_seq,pair_network,,,,,,short,L/2,0.22972972972972974,693,19,74,eval-val
foldbench_monomer,8dp9_A,148,sparsa-scale-main-20260911-long-step-2000,single_seq,pair_network,,,,,,short,L/5,0.3103448275862069,693,19,29,eval-val
foldbench_monomer,8dp9_A,148,sparsa-scale-main-20260911-long-step-2000,single_seq,pair_network,,,,,,short,R,0.3157894736842105,693,19,19,eval-val
foldbench_monomer,8dp9_A,148,sparsa-scale-main-20260911-long-step-2000,single_seq,pair_network,,,,,,short,AUC,0.9524051225987817,693,19,693,eval-val
foldbench_monomer,8dp9_A,148,sparsa-scale-main-20260911-long-step-2000,single_seq,pair_network,,,,,,medium,L,0.04054054054054054,1278,16,148,eval-val
foldbench_monomer,8dp9_A,148,sparsa-scale-main-20260911-long-step-2000,single_seq,pair_network,,,,,,medium,L/2,0.05405405405405406,1278,16,74,eval-val
foldbench_monomer,8dp9_A,148,sparsa-scale-main-20260911-long-step-2000,single_seq,pair_network,,,,,,medium,L/5,0.06896551724137931,1278,16,29,eval-val
foldbench_monomer,8dp9_A,148,sparsa-scale-main-20260911-long-step-2000,single_seq,pair_network,,,,,,medium,R,0.0625,1278,16,16,eval-val
foldbench_monomer,8dp9_A,148,sparsa-scale-main-20260911-long-step-2000,single_seq,pair_network,,,,,,medium,AUC,0.8609845483359746,1278,16,1278,eval-val
foldbench_monomer,8dp9_A,148,sparsa-scale-main-20260911-long-step-2000,single_seq,pair_network,,,,,,long,L,0.02027027027027027,6186,111,148,eval-val
foldbench_monomer,8dp9_A,148,sparsa-scale-main-20260911-long-step-2000,single_seq,pair_network,,,,,,long,L/2,0.02702702702702703,6186,111,74,eval-val
foldbench_monomer,8dp9_A,148,sparsa-scale-main-20260911-long-step-2000,single_seq,pair_network,,,,,,long,L/5,0.06896551724137931,6186,111,29,eval-val
foldbench_monomer,8dp9_A,148,sparsa-scale-main-20260911-long-step-2000,single_seq,pair_network,,,,,,long,R,0.02702702702702703,6186,111,111,eval-val
foldbench_monomer,8dp9_A,148,sparsa-scale-main-20260911-long-step-2000,single_seq,pair_network,,,,,,long,AUC,0.782920698476254,6186,111,6186,eval-val
foldbench_monomer,8dqd_A,377,sparsa-scale-main-20260911-long-step-2000,single_seq,pair_network,,,,,,all,L,0.46684350132625996,66430,395,377,eval-val
foldbench_monomer,8dqd_A,377,sparsa-scale-main-20260911-long-step-2000,single_seq,pair_network,,,,,,all,L/2,0.6276595744680851,66430,395,188,eval-val
foldbench_monomer,8dqd_A,377,sparsa-scale-main-20260911-long-step-2000,single_seq,pair_network,,,,,,all,L/5,0.8,66430,395,75,eval-val
foldbench_monomer,8dqd_A,377,sparsa-scale-main-20260911-long-step-2000,single_seq,pair_network,,,,,,all,R,0.46329113924050636,66430,395,395,eval-val
foldbench_monomer,8dqd_A,377,sparsa-scale-main-20260911-long-step-2000,single_seq,pair_network,,,,,,all,AUC,0.9893799701539171,66430,395,66430,eval-val
foldbench_monomer,8dqd_A,377,sparsa-scale-main-20260911-long-step-2000,single_seq,pair_network,,,,,,short,L,0.11405835543766578,2169,46,377,eval-val
foldbench_monomer,8dqd_A,377,sparsa-scale-main-20260911-long-step-2000,single_seq,pair_network,,,,,,short,L/2,0.20212765957446807,2169,46,188,eval-val
foldbench_monomer,8dqd_A,377,sparsa-scale-main-20260911-long-step-2000,single_seq,pair_network,,,,,,short,L/5,0.37333333333333335,2169,46,75,eval-val
foldbench_monomer,8dqd_A,377,sparsa-scale-main-20260911-long-step-2000,single_seq,pair_network,,,,,,short,R,0.5217391304347826,2169,46,46,eval-val
foldbench_monomer,8dqd_A,377,sparsa-scale-main-20260911-long-step-2000,single_seq,pair_network,,,,,,short,AUC,0.9604999078416515,2169,46,2169,eval-val
foldbench_monomer,8dqd_A,377,sparsa-scale-main-20260911-long-step-2000,single_seq,pair_network,,,,,,medium,L,0.18037135278514588,4230,73,377,eval-val
foldbench_monomer,8dqd_A,377,sparsa-scale-main-20260911-long-step-2000,single_seq,pair_network,,,,,,medium,L/2,0.30319148936170215,4230,73,188,eval-val
foldbench_monomer,8dqd_A,377,sparsa-scale-main-20260911-long-step-2000,single_seq,pair_network,,,,,,medium,L/5,0.4666666666666667,4230,73,75,eval-val
foldbench_monomer,8dqd_A,377,sparsa-scale-main-20260911-long-step-2000,single_seq,pair_network,,,,,,medium,R,0.4657534246575342,4230,73,73,eval-val
foldbench_monomer,8dqd_A,377,sparsa-scale-main-20260911-long-step-2000,single_seq,pair_network,,,,,,medium,AUC,0.9783744863425613,4230,73,4230,eval-val
foldbench_monomer,8dqd_A,377,sparsa-scale-main-20260911-long-step-2000,single_seq,pair_network,,,,,,long,L,0.38726790450928383,60031,276,377,eval-val
foldbench_monomer,8dqd_A,377,sparsa-scale-main-20260911-long-step-2000,single_seq,pair_network,,,,,,long,L/2,0.5531914893617021,60031,276,188,eval-val
foldbench_monomer,8dqd_A,377,sparsa-scale-main-20260911-long-step-2000,single_seq,pair_network,,,,,,long,L/5,0.68,60031,276,75,eval-val
foldbench_monomer,8dqd_A,377,sparsa-scale-main-20260911-long-step-2000,single_seq,pair_network,,,,,,long,R,0.4528985507246377,60031,276,276,eval-val
foldbench_monomer,8dqd_A,377,sparsa-scale-main-20260911-long-step-2000,single_seq,pair_network,,,,,,long,AUC,0.9910361027335048,60031,276,60031,eval-val
foldbench_monomer,8dx0_A,154,sparsa-scale-main-20260911-long-step-2000,single_seq,pair_network,,,,,,all,L,0.461038961038961,8926,135,154,eval-val
foldbench_monomer,8dx0_A,154,sparsa-scale-main-20260911-long-step-2000,single_seq,pair_network,,,,,,all,L/2,0.5844155844155844,8926,135,77,eval-val
foldbench_monomer,8dx0_A,154,sparsa-scale-main-20260911-long-step-2000,single_seq,pair_network,,,,,,all,L/5,0.8,8926,135,30,eval-val
foldbench_monomer,8dx0_A,154,sparsa-scale-main-20260911-long-step-2000,single_seq,pair_network,,,,,,all,R,0.48148148148148145,8926,135,135,eval-val
foldbench_monomer,8dx0_A,154,sparsa-scale-main-20260911-long-step-2000,single_seq,pair_network,,,,,,all,AUC,0.9716056404487755,8926,135,8926,eval-val
foldbench_monomer,8dx0_A,154,sparsa-scale-main-20260911-long-step-2000,single_seq,pair_network,,,,,,short,L,0.12337662337662338,733,19,154,eval-val
foldbench_monomer,8dx0_A,154,sparsa-scale-main-20260911-long-step-2000,single_seq,pair_network,,,,,,short,L/2,0.2077922077922078,733,19,77,eval-val
foldbench_monomer,8dx0_A,154,sparsa-scale-main-20260911-long-step-2000,single_seq,pair_network,,,,,,short,L/5,0.4666666666666667,733,19,30,eval-val
foldbench_monomer,8dx0_A,154,sparsa-scale-main-20260911-long-step-2000,single_seq,pair_network,,,,,,short,R,0.6842105263157895,733,19,19,eval-val
foldbench_monomer,8dx0_A,154,sparsa-scale-main-20260911-long-step-2000,single_seq,pair_network,,,,,,short,AUC,0.9724310776942355,733,19,733,eval-val
foldbench_monomer,8dx0_A,154,sparsa-scale-main-20260911-long-step-2000,single_seq,pair_network,,,,,,medium,L,0.14285714285714285,1338,23,154,eval-val
foldbench_monomer,8dx0_A,154,sparsa-scale-main-20260911-long-step-2000,single_seq,pair_network,,,,,,medium,L/2,0.2597402597402597,1338,23,77,eval-val
foldbench_monomer,8dx0_A,154,sparsa-scale-main-20260911-long-step-2000,single_seq,pair_network,,,,,,medium,L/5,0.4666666666666667,1338,23,30,eval-val
foldbench_monomer,8dx0_A,154,sparsa-scale-main-20260911-long-step-2000,single_seq,pair_network,,,,,,medium,R,0.4782608695652174,1338,23,23,eval-val
foldbench_monomer,8dx0_A,154,sparsa-scale-main-20260911-long-step-2000,single_seq,pair_network,,,,,,medium,AUC,0.9800297569846256,1338,23,1338,eval-val
foldbench_monomer,8dx0_A,154,sparsa-scale-main-20260911-long-step-2000,single_seq,pair_network,,,,,,long,L,0.37012987012987014,6855,93,154,eval-val
foldbench_monomer,8dx0_A,154,sparsa-scale-main-20260911-long-step-2000,single_seq,pair_network,,,,,,long,L/2,0.5064935064935064,6855,93,77,eval-val
foldbench_monomer,8dx0_A,154,sparsa-scale-main-20260911-long-step-2000,single_seq,pair_network,,,,,,long,L/5,0.5,6855,93,30,eval-val
foldbench_monomer,8dx0_A,154,sparsa-scale-main-20260911-long-step-2000,single_seq,pair_network,,,,,,long,R,0.44086021505376344,6855,93,93,eval-val
foldbench_monomer,8dx0_A,154,sparsa-scale-main-20260911-long-step-2000,single_seq,pair_network,,,,,,long,AUC,0.9692048862555774,6855,93,6855,eval-val
foldbench_monomer,8e0r_A,468,sparsa-scale-main-20260911-long-step-2000,single_seq,pair_network,,,,,,all,L,0.20085470085470086,85102,496,468,eval-val
foldbench_monomer,8e0r_A,468,sparsa-scale-main-20260911-long-step-2000,single_seq,pair_network,,,,,,all,L/2,0.3034188034188034,85102,496,234,eval-val
foldbench_monomer,8e0r_A,468,sparsa-scale-main-20260911-long-step-2000,single_seq,pair_network,,,,,,all,L/5,0.3548387096774194,85102,496,93,eval-val
foldbench_monomer,8e0r_A,468,sparsa-scale-main-20260911-long-step-2000,single_seq,pair_network,,,,,,all,R,0.1975806451612903,85102,496,496,eval-val
foldbench_monomer,8e0r_A,468,sparsa-scale-main-20260911-long-step-2000,single_seq,pair_network,,,,,,all,AUC,0.8566832535136302,85102,496,85102,eval-val
foldbench_monomer,8e0r_A,468,sparsa-scale-main-20260911-long-step-2000,single_seq,pair_network,,,,,,short,L,0.11752136752136752,2421,70,468,eval-val
foldbench_monomer,8e0r_A,468,sparsa-scale-main-20260911-long-step-2000,single_seq,pair_network,,,,,,short,L/2,0.1794871794871795,2421,70,234,eval-val
foldbench_monomer,8e0r_A,468,sparsa-scale-main-20260911-long-step-2000,single_seq,pair_network,,,,,,short,L/5,0.3010752688172043,2421,70,93,eval-val
foldbench_monomer,8e0r_A,468,sparsa-scale-main-20260911-long-step-2000,single_seq,pair_network,,,,,,short,R,0.32857142857142857,2421,70,70,eval-val
foldbench_monomer,8e0r_A,468,sparsa-scale-main-20260911-long-step-2000,single_seq,pair_network,,,,,,short,AUC,0.8975724615665066,2421,70,2421,eval-val
foldbench_monomer,8e0r_A,468,sparsa-scale-main-20260911-long-step-2000,single_seq,pair_network,,,,,,medium,L,0.1388888888888889,4743,103,468,eval-val
foldbench_monomer,8e0r_A,468,sparsa-scale-main-20260911-long-step-2000,single_seq,pair_network,,,,,,medium,L/2,0.19658119658119658,4743,103,234,eval-val
foldbench_monomer,8e0r_A,468,sparsa-scale-main-20260911-long-step-2000,single_seq,pair_network,,,,,,medium,L/5,0.3548387096774194,4743,103,93,eval-val
foldbench_monomer,8e0r_A,468,sparsa-scale-main-20260911-long-step-2000,single_seq,pair_network,,,,,,medium,R,0.33980582524271846,4743,103,103,eval-val
foldbench_monomer,8e0r_A,468,sparsa-scale-main-20260911-long-step-2000,single_seq,pair_network,,,,,,medium,AUC,0.8993806494810848,4743,103,4743,eval-val
foldbench_monomer,8e0r_A,468,sparsa-scale-main-20260911-long-step-2000,single_seq,pair_network,,,,,,long,L,0.07692307692307693,77938,323,468,eval-val
foldbench_monomer,8e0r_A,468,sparsa-scale-main-20260911-long-step-2000,single_seq,pair_network,,,,,,long,L/2,0.09401709401709402,77938,323,234,eval-val
foldbench_monomer,8e0r_A,468,sparsa-scale-main-20260911-long-step-2000,single_seq,pair_network,,,,,,long,L/5,0.1827956989247312,77938,323,93,eval-val
foldbench_monomer,8e0r_A,468,sparsa-scale-main-20260911-long-step-2000,single_seq,pair_network,,,,,,long,R,0.08668730650154799,77938,323,323,eval-val
foldbench_monomer,8e0r_A,468,sparsa-scale-main-20260911-long-step-2000,single_seq,pair_network,,,,,,long,AUC,0.8118967181226538,77938,323,77938,eval-val
foldbench_monomer,8e5h_A,372,sparsa-scale-main-20260911-long-step-2000,single_seq,pair_network,,,,,,all,L,0.2903225806451613,65703,344,372,eval-val
foldbench_monomer,8e5h_A,372,sparsa-scale-main-20260911-long-step-2000,single_seq,pair_network,,,,,,all,L/2,0.45161290322580644,65703,344,186,eval-val
foldbench_monomer,8e5h_A,372,sparsa-scale-main-20260911-long-step-2000,single_seq,pair_network,,,,,,all,L/5,0.6756756756756757,65703,344,74,eval-val
foldbench_monomer,8e5h_A,372,sparsa-scale-main-20260911-long-step-2000,single_seq,pair_network,,,,,,all,R,0.3081395348837209,65703,344,344,eval-val
foldbench_monomer,8e5h_A,372,sparsa-scale-main-20260911-long-step-2000,single_seq,pair_network,,,,,,all,AUC,0.9465162802083804,65703,344,65703,eval-val
foldbench_monomer,8e5h_A,372,sparsa-scale-main-20260911-long-step-2000,single_seq,pair_network,,,,,,short,L,0.09408602150537634,2157,46,372,eval-val
foldbench_monomer,8e5h_A,372,sparsa-scale-main-20260911-long-step-2000,single_seq,pair_network,,,,,,short,L/2,0.15591397849462366,2157,46,186,eval-val
foldbench_monomer,8e5h_A,372,sparsa-scale-main-20260911-long-step-2000,single_seq,pair_network,,,,,,short,L/5,0.2972972972972973,2157,46,74,eval-val
foldbench_monomer,8e5h_A,372,sparsa-scale-main-20260911-long-step-2000,single_seq,pair_network,,,,,,short,R,0.3695652173913043,2157,46,46,eval-val
foldbench_monomer,8e5h_A,372,sparsa-scale-main-20260911-long-step-2000,single_seq,pair_network,,,,,,short,AUC,0.9115399666343995,2157,46,2157,eval-val
foldbench_monomer,8e5h_A,372,sparsa-scale-main-20260911-long-step-2000,single_seq,pair_network,,,,,,medium,L,0.07526881720430108,4206,54,372,eval-val
foldbench_monomer,8e5h_A,372,sparsa-scale-main-20260911-long-step-2000,single_seq,pair_network,,,,,,medium,L/2,0.10752688172043011,4206,54,186,eval-val
foldbench_monomer,8e5h_A,372,sparsa-scale-main-20260911-long-step-2000,single_seq,pair_network,,,,,,medium,L/5,0.16216216216216217,4206,54,74,eval-val
foldbench_monomer,8e5h_A,372,sparsa-scale-main-20260911-long-step-2000,single_seq,pair_network,,,,,,medium,R,0.16666666666666666,4206,54,54,eval-val
foldbench_monomer,8e5h_A,372,sparsa-scale-main-20260911-long-step-2000,single_seq,pair_network,,,,,,medium,AUC,0.8956281667023479,4206,54,4206,eval-val
foldbench_monomer,8e5h_A,372,sparsa-scale-main-20260911-long-step-2000,single_seq,pair_network,,,,,,long,L,0.24193548387096775,59340,244,372,eval-val
foldbench_monomer,8e5h_A,372,sparsa-scale-main-20260911-long-step-2000,single_seq,pair_network,,,,,,long,L/2,0.3817204301075269,59340,244,186,eval-val
foldbench_monomer,8e5h_A,372,sparsa-scale-main-20260911-long-step-2000,single_seq,pair_network,,,,,,long,L/5,0.581081081081081,59340,244,74,eval-val
foldbench_monomer,8e5h_A,372,sparsa-scale-main-20260911-long-step-2000,single_seq,pair_network,,,,,,long,R,0.3237704918032787,59340,244,244,eval-val
foldbench_monomer,8e5h_A,372,sparsa-scale-main-20260911-long-step-2000,single_seq,pair_network,,,,,,long,AUC,0.9477307831436264,59340,244,59340,eval-val
foldbench_monomer,8eb9_A,95,sparsa-scale-main-20260911-long-step-2000,single_seq,pair_network,,,,,,all,L,0.16842105263157894,3486,71,95,eval-val
foldbench_monomer,8eb9_A,95,sparsa-scale-main-20260911-long-step-2000,single_seq,pair_network,,,,,,all,L/2,0.23404255319148937,3486,71,47,eval-val
foldbench_monomer,8eb9_A,95,sparsa-scale-main-20260911-long-step-2000,single_seq,pair_network,,,,,,all,L/5,0.21052631578947367,3486,71,19,eval-val
foldbench_monomer,8eb9_A,95,sparsa-scale-main-20260911-long-step-2000,single_seq,pair_network,,,,,,all,R,0.18309859154929578,3486,71,71,eval-val
foldbench_monomer,8eb9_A,95,sparsa-scale-main-20260911-long-step-2000,single_seq,pair_network,,,,,,all,AUC,0.8671705194564163,3486,71,3486,eval-val
foldbench_monomer,8eb9_A,95,sparsa-scale-main-20260911-long-step-2000,single_seq,pair_network,,,,,,short,L,0.11578947368421053,483,12,95,eval-val
foldbench_monomer,8eb9_A,95,sparsa-scale-main-20260911-long-step-2000,single_seq,pair_network,,,,,,short,L/2,0.1702127659574468,483,12,47,eval-val
foldbench_monomer,8eb9_A,95,sparsa-scale-main-20260911-long-step-2000,single_seq,pair_network,,,,,,short,L/5,0.21052631578947367,483,12,19,eval-val
foldbench_monomer,8eb9_A,95,sparsa-scale-main-20260911-long-step-2000,single_seq,pair_network,,,,,,short,R,0.25,483,12,12,eval-val
foldbench_monomer,8eb9_A,95,sparsa-scale-main-20260911-long-step-2000,single_seq,pair_network,,,,,,short,AUC,0.9174628450106157,483,12,483,eval-val
foldbench_monomer,8eb9_A,95,sparsa-scale-main-20260911-long-step-2000,single_seq,pair_network,,,,,,medium,L,0.16842105263157894,858,23,95,eval-val
foldbench_monomer,8eb9_A,95,sparsa-scale-main-20260911-long-step-2000,single_seq,pair_network,,,,,,medium,L/2,0.1702127659574468,858,23,47,eval-val
foldbench_monomer,8eb9_A,95,sparsa-scale-main-20260911-long-step-2000,single_seq,pair_network,,,,,,medium,L/5,0.2631578947368421,858,23,19,eval-val
foldbench_monomer,8eb9_A,95,sparsa-scale-main-20260911-long-step-2000,single_seq,pair_network,,,,,,medium,R,0.21739130434782608,858,23,23,eval-val
foldbench_monomer,8eb9_A,95,sparsa-scale-main-20260911-long-step-2000,single_seq,pair_network,,,,,,medium,AUC,0.9086435824004164,858,23,858,eval-val
foldbench_monomer,8eb9_A,95,sparsa-scale-main-20260911-long-step-2000,single_seq,pair_network,,,,,,long,L,0.06315789473684211,2145,36,95,eval-val
foldbench_monomer,8eb9_A,95,sparsa-scale-main-20260911-long-step-2000,single_seq,pair_network,,,,,,long,L/2,0.10638297872340426,2145,36,47,eval-val
foldbench_monomer,8eb9_A,95,sparsa-scale-main-20260911-long-step-2000,single_seq,pair_network,,,,,,long,L/5,0.15789473684210525,2145,36,19,eval-val
foldbench_monomer,8eb9_A,95,sparsa-scale-main-20260911-long-step-2000,single_seq,pair_network,,,,,,long,R,0.1388888888888889,2145,36,36,eval-val
foldbench_monomer,8eb9_A,95,sparsa-scale-main-20260911-long-step-2000,single_seq,pair_network,,,,,,long,AUC,0.8261221748063854,2145,36,2145,eval-val
foldbench_monomer,8ec3_A,168,sparsa-scale-main-20260911-long-step-2000,single_seq,pair_network,,,,,,all,L,0.38095238095238093,11204,126,168,eval-val
foldbench_monomer,8ec3_A,168,sparsa-scale-main-20260911-long-step-2000,single_seq,pair_network,,,,,,all,L/2,0.47619047619047616,11204,126,84,eval-val
foldbench_monomer,8ec3_A,168,sparsa-scale-main-20260911-long-step-2000,single_seq,pair_network,,,,,,all,L/5,0.7878787878787878,11204,126,33,eval-val
foldbench_monomer,8ec3_A,168,sparsa-scale-main-20260911-long-step-2000,single_seq,pair_network,,,,,,all,R,0.4365079365079365,11204,126,126,eval-val
foldbench_monomer,8ec3_A,168,sparsa-scale-main-20260911-long-step-2000,single_seq,pair_network,,,,,,all,AUC,0.9744646188498869,11204,126,11204,eval-val
foldbench_monomer,8ec3_A,168,sparsa-scale-main-20260911-long-step-2000,single_seq,pair_network,,,,,,short,L,0.023809523809523808,810,4,168,eval-val
foldbench_monomer,8ec3_A,168,sparsa-scale-main-20260911-long-step-2000,single_seq,pair_network,,,,,,short,L/2,0.03571428571428571,810,4,84,eval-val
foldbench_monomer,8ec3_A,168,sparsa-scale-main-20260911-long-step-2000,single_seq,pair_network,,,,,,short,L/5,0.030303030303030304,810,4,33,eval-val
foldbench_monomer,8ec3_A,168,sparsa-scale-main-20260911-long-step-2000,single_seq,pair_network,,,,,,short,R,0.0,810,4,4,eval-val
foldbench_monomer,8ec3_A,168,sparsa-scale-main-20260911-long-step-2000,single_seq,pair_network,,,,,,short,AUC,0.9478908188585607,810,4,810,eval-val
foldbench_monomer,8ec3_A,168,sparsa-scale-main-20260911-long-step-2000,single_seq,pair_network,,,,,,medium,L,0.041666666666666664,1506,7,168,eval-val
foldbench_monomer,8ec3_A,168,sparsa-scale-main-20260911-long-step-2000,single_seq,pair_network,,,,,,medium,L/2,0.05952380952380952,1506,7,84,eval-val
foldbench_monomer,8ec3_A,168,sparsa-scale-main-20260911-long-step-2000,single_seq,pair_network,,,,,,medium,L/5,0.09090909090909091,1506,7,33,eval-val
foldbench_monomer,8ec3_A,168,sparsa-scale-main-20260911-long-step-2000,single_seq,pair_network,,,,,,medium,R,0.0,1506,7,7,eval-val
foldbench_monomer,8ec3_A,168,sparsa-scale-main-20260911-long-step-2000,single_seq,pair_network,,,,,,medium,AUC,0.9616410940627085,1506,7,1506,eval-val
foldbench_monomer,8ec3_A,168,sparsa-scale-main-20260911-long-step-2000,single_seq,pair_network,,,,,,long,L,0.39880952380952384,8888,115,168,eval-val
foldbench_monomer,8ec3_A,168,sparsa-scale-main-20260911-long-step-2000,single_seq,pair_network,,,,,,long,L/2,0.5,8888,115,84,eval-val
foldbench_monomer,8ec3_A,168,sparsa-scale-main-20260911-long-step-2000,single_seq,pair_network,,,,,,long,L/5,0.7878787878787878,8888,115,33,eval-val
foldbench_monomer,8ec3_A,168,sparsa-scale-main-20260911-long-step-2000,single_seq,pair_network,,,,,,long,R,0.4782608695652174,8888,115,115,eval-val
foldbench_monomer,8ec3_A,168,sparsa-scale-main-20260911-long-step-2000,single_seq,pair_network,,,,,,long,AUC,0.975871621922995,8888,115,8888,eval-val
foldbench_monomer,8eo5_A,290,sparsa-scale-main-20260911-long-step-2000,single_seq,pair_network,,,,,,all,L,0.17586206896551723,34980,253,290,eval-val
foldbench_monomer,8eo5_A,290,sparsa-scale-main-20260911-long-step-2000,single_seq,pair_network,,,,,,all,L/2,0.2896551724137931,34980,253,145,eval-val
foldbench_monomer,8eo5_A,290,sparsa-scale-main-20260911-long-step-2000,single_seq,pair_network,,,,,,all,L/5,0.4827586206896552,34980,253,58,eval-val
foldbench_monomer,8eo5_A,290,sparsa-scale-main-20260911-long-step-2000,single_seq,pair_network,,,,,,all,R,0.18972332015810275,34980,253,253,eval-val
foldbench_monomer,8eo5_A,290,sparsa-scale-main-20260911-long-step-2000,single_seq,pair_network,,,,,,all,AUC,0.8667260760413438,34980,253,34980,eval-val
foldbench_monomer,8eo5_A,290,sparsa-scale-main-20260911-long-step-2000,single_seq,pair_network,,,,,,short,L,0.09655172413793103,1569,36,290,eval-val
foldbench_monomer,8eo5_A,290,sparsa-scale-main-20260911-long-step-2000,single_seq,pair_network,,,,,,short,L/2,0.16551724137931034,1569,36,145,eval-val
foldbench_monomer,8eo5_A,290,sparsa-scale-main-20260911-long-step-2000,single_seq,pair_network,,,,,,short,L/5,0.3103448275862069,1569,36,58,eval-val
foldbench_monomer,8eo5_A,290,sparsa-scale-main-20260911-long-step-2000,single_seq,pair_network,,,,,,short,R,0.3888888888888889,1569,36,36,eval-val
foldbench_monomer,8eo5_A,290,sparsa-scale-main-20260911-long-step-2000,single_seq,pair_network,,,,,,short,AUC,0.892549104877872,1569,36,1569,eval-val
foldbench_monomer,8eo5_A,290,sparsa-scale-main-20260911-long-step-2000,single_seq,pair_network,,,,,,medium,L,0.08275862068965517,3030,50,290,eval-val
foldbench_monomer,8eo5_A,290,sparsa-scale-main-20260911-long-step-2000,single_seq,pair_network,,,,,,medium,L/2,0.0896551724137931,3030,50,145,eval-val
foldbench_monomer,8eo5_A,290,sparsa-scale-main-20260911-long-step-2000,single_seq,pair_network,,,,,,medium,L/5,0.13793103448275862,3030,50,58,eval-val
foldbench_monomer,8eo5_A,290,sparsa-scale-main-20260911-long-step-2000,single_seq,pair_network,,,,,,medium,R,0.16,3030,50,50,eval-val
foldbench_monomer,8eo5_A,290,sparsa-scale-main-20260911-long-step-2000,single_seq,pair_network,,,,,,medium,AUC,0.825758389261745,3030,50,3030,eval-val
foldbench_monomer,8eo5_A,290,sparsa-scale-main-20260911-long-step-2000,single_seq,pair_network,,,,,,long,L,0.1103448275862069,30381,167,290,eval-val
foldbench_monomer,8eo5_A,290,sparsa-scale-main-20260911-long-step-2000,single_seq,pair_network,,,,,,long,L/2,0.14482758620689656,30381,167,145,eval-val
foldbench_monomer,8eo5_A,290,sparsa-scale-main-20260911-long-step-2000,single_seq,pair_network,,,,,,long,L/5,0.27586206896551724,30381,167,58,eval-val
foldbench_monomer,8eo5_A,290,sparsa-scale-main-20260911-long-step-2000,single_seq,pair_network,,,,,,long,R,0.1377245508982036,30381,167,167,eval-val
foldbench_monomer,8eo5_A,290,sparsa-scale-main-20260911-long-step-2000,single_seq,pair_network,,,,,,long,AUC,0.8613205838273807,30381,167,30381,eval-val
