dataset,stem,n_residues,model,mode,predictor,neff_tier,fold_verdict,seq_leakage,msa_neff,length,range,cut,precision,n_candidate,n_true,n_top
foldbench_monomer,5sbj_A,30,marinfold-exp232-decontam-train-m2-p06-step363000,single_seq,lm,,,,,,all,L,0.5666666666666667,219,17,30
foldbench_monomer,5sbj_A,30,marinfold-exp232-decontam-train-m2-p06-step363000,single_seq,lm,,,,,,all,L/2,0.9333333333333332,219,17,15
foldbench_monomer,5sbj_A,30,marinfold-exp232-decontam-train-m2-p06-step363000,single_seq,lm,,,,,,all,L/5,1.0,219,17,6
foldbench_monomer,5sbj_A,30,marinfold-exp232-decontam-train-m2-p06-step363000,single_seq,lm,,,,,,all,R,0.8823529411764706,219,17,17
foldbench_monomer,5sbj_A,30,marinfold-exp232-decontam-train-m2-p06-step363000,single_seq,lm,,,,,,all,AUC,0.997379149679674,219,17,219
foldbench_monomer,5sbj_A,30,marinfold-exp232-decontam-train-m2-p06-step363000,single_seq,lm,,,,,,short,L,0.1333333333333333,102,4,30
foldbench_monomer,5sbj_A,30,marinfold-exp232-decontam-train-m2-p06-step363000,single_seq,lm,,,,,,short,L/2,0.2666666666666666,102,4,15
foldbench_monomer,5sbj_A,30,marinfold-exp232-decontam-train-m2-p06-step363000,single_seq,lm,,,,,,short,L/5,0.6666666666666666,102,4,6
foldbench_monomer,5sbj_A,30,marinfold-exp232-decontam-train-m2-p06-step363000,single_seq,lm,,,,,,short,R,0.75,102,4,4
foldbench_monomer,5sbj_A,30,marinfold-exp232-decontam-train-m2-p06-step363000,single_seq,lm,,,,,,short,AUC,0.9923469387755102,102,4,102
foldbench_monomer,5sbj_A,30,marinfold-exp232-decontam-train-m2-p06-step363000,single_seq,lm,,,,,,medium,L,0.3,107,9,30
foldbench_monomer,5sbj_A,30,marinfold-exp232-decontam-train-m2-p06-step363000,single_seq,lm,,,,,,medium,L/2,0.6,107,9,15
foldbench_monomer,5sbj_A,30,marinfold-exp232-decontam-train-m2-p06-step363000,single_seq,lm,,,,,,medium,L/5,1.0,107,9,6
foldbench_monomer,5sbj_A,30,marinfold-exp232-decontam-train-m2-p06-step363000,single_seq,lm,,,,,,medium,R,1.0,107,9,9
foldbench_monomer,5sbj_A,30,marinfold-exp232-decontam-train-m2-p06-step363000,single_seq,lm,,,,,,medium,AUC,1.0,107,9,107
foldbench_monomer,5sbj_A,30,marinfold-exp232-decontam-train-m2-p06-step363000,single_seq,lm,,,,,,long,L,0.4,10,4,10
foldbench_monomer,5sbj_A,30,marinfold-exp232-decontam-train-m2-p06-step363000,single_seq,lm,,,,,,long,L/2,0.4,10,4,10
foldbench_monomer,5sbj_A,30,marinfold-exp232-decontam-train-m2-p06-step363000,single_seq,lm,,,,,,long,L/5,0.6666666666666666,10,4,6
foldbench_monomer,5sbj_A,30,marinfold-exp232-decontam-train-m2-p06-step363000,single_seq,lm,,,,,,long,R,1.0,10,4,4
foldbench_monomer,5sbj_A,30,marinfold-exp232-decontam-train-m2-p06-step363000,single_seq,lm,,,,,,long,AUC,1.0,10,4,10
foldbench_monomer,7ur7_A,70,marinfold-exp232-decontam-train-m2-p06-step363000,single_seq,lm,,,,,,all,L,0.8,1653,60,70
foldbench_monomer,7ur7_A,70,marinfold-exp232-decontam-train-m2-p06-step363000,single_seq,lm,,,,,,all,L/2,1.0,1653,60,35
foldbench_monomer,7ur7_A,70,marinfold-exp232-decontam-train-m2-p06-step363000,single_seq,lm,,,,,,all,L/5,1.0,1653,60,14
foldbench_monomer,7ur7_A,70,marinfold-exp232-decontam-train-m2-p06-step363000,single_seq,lm,,,,,,all,R,0.8666666666666667,1653,60,60
foldbench_monomer,7ur7_A,70,marinfold-exp232-decontam-train-m2-p06-step363000,single_seq,lm,,,,,,all,AUC,0.9975465578572924,1653,60,1653
foldbench_monomer,7ur7_A,70,marinfold-exp232-decontam-train-m2-p06-step363000,single_seq,lm,,,,,,short,L,0.2142857142857142,327,15,70
foldbench_monomer,7ur7_A,70,marinfold-exp232-decontam-train-m2-p06-step363000,single_seq,lm,,,,,,short,L/2,0.4285714285714285,327,15,35
foldbench_monomer,7ur7_A,70,marinfold-exp232-decontam-train-m2-p06-step363000,single_seq,lm,,,,,,short,L/5,1.0,327,15,14
foldbench_monomer,7ur7_A,70,marinfold-exp232-decontam-train-m2-p06-step363000,single_seq,lm,,,,,,short,R,1.0,327,15,15
foldbench_monomer,7ur7_A,70,marinfold-exp232-decontam-train-m2-p06-step363000,single_seq,lm,,,,,,short,AUC,1.0,327,15,327
foldbench_monomer,7ur7_A,70,marinfold-exp232-decontam-train-m2-p06-step363000,single_seq,lm,,,,,,medium,L,0.2,546,14,70
foldbench_monomer,7ur7_A,70,marinfold-exp232-decontam-train-m2-p06-step363000,single_seq,lm,,,,,,medium,L/2,0.4,546,14,35
foldbench_monomer,7ur7_A,70,marinfold-exp232-decontam-train-m2-p06-step363000,single_seq,lm,,,,,,medium,L/5,0.7142857142857143,546,14,14
foldbench_monomer,7ur7_A,70,marinfold-exp232-decontam-train-m2-p06-step363000,single_seq,lm,,,,,,medium,R,0.7142857142857143,546,14,14
foldbench_monomer,7ur7_A,70,marinfold-exp232-decontam-train-m2-p06-step363000,single_seq,lm,,,,,,medium,AUC,0.9955692803437164,546,14,546
foldbench_monomer,7ur7_A,70,marinfold-exp232-decontam-train-m2-p06-step363000,single_seq,lm,,,,,,long,L,0.4428571428571428,780,31,70
foldbench_monomer,7ur7_A,70,marinfold-exp232-decontam-train-m2-p06-step363000,single_seq,lm,,,,,,long,L/2,0.8,780,31,35
foldbench_monomer,7ur7_A,70,marinfold-exp232-decontam-train-m2-p06-step363000,single_seq,lm,,,,,,long,L/5,1.0,780,31,14
foldbench_monomer,7ur7_A,70,marinfold-exp232-decontam-train-m2-p06-step363000,single_seq,lm,,,,,,long,R,0.8709677419354839,780,31,31
foldbench_monomer,7ur7_A,70,marinfold-exp232-decontam-train-m2-p06-step363000,single_seq,lm,,,,,,long,AUC,0.9976958525345622,780,31,780
foldbench_monomer,8ah9_A,120,marinfold-exp232-decontam-train-m2-p06-step363000,single_seq,lm,,,,,,all,L,0.95,5995,132,120
foldbench_monomer,8ah9_A,120,marinfold-exp232-decontam-train-m2-p06-step363000,single_seq,lm,,,,,,all,L/2,1.0,5995,132,60
foldbench_monomer,8ah9_A,120,marinfold-exp232-decontam-train-m2-p06-step363000,single_seq,lm,,,,,,all,L/5,1.0,5995,132,24
foldbench_monomer,8ah9_A,120,marinfold-exp232-decontam-train-m2-p06-step363000,single_seq,lm,,,,,,all,R,0.9015151515151516,5995,132,132
foldbench_monomer,8ah9_A,120,marinfold-exp232-decontam-train-m2-p06-step363000,single_seq,lm,,,,,,all,AUC,0.9994417998852588,5995,132,5995
foldbench_monomer,8ah9_A,120,marinfold-exp232-decontam-train-m2-p06-step363000,single_seq,lm,,,,,,short,L,0.2583333333333333,639,31,120
foldbench_monomer,8ah9_A,120,marinfold-exp232-decontam-train-m2-p06-step363000,single_seq,lm,,,,,,short,L/2,0.5166666666666667,639,31,60
foldbench_monomer,8ah9_A,120,marinfold-exp232-decontam-train-m2-p06-step363000,single_seq,lm,,,,,,short,L/5,1.0,639,31,24
foldbench_monomer,8ah9_A,120,marinfold-exp232-decontam-train-m2-p06-step363000,single_seq,lm,,,,,,short,R,0.967741935483871,639,31,31
foldbench_monomer,8ah9_A,120,marinfold-exp232-decontam-train-m2-p06-step363000,single_seq,lm,,,,,,short,AUC,0.9997347198641766,639,31,639
foldbench_monomer,8ah9_A,120,marinfold-exp232-decontam-train-m2-p06-step363000,single_seq,lm,,,,,,medium,L,0.4833333333333333,1170,58,120
foldbench_monomer,8ah9_A,120,marinfold-exp232-decontam-train-m2-p06-step363000,single_seq,lm,,,,,,medium,L/2,0.95,1170,58,60
foldbench_monomer,8ah9_A,120,marinfold-exp232-decontam-train-m2-p06-step363000,single_seq,lm,,,,,,medium,L/5,1.0,1170,58,24
foldbench_monomer,8ah9_A,120,marinfold-exp232-decontam-train-m2-p06-step363000,single_seq,lm,,,,,,medium,R,0.9482758620689656,1170,58,58
foldbench_monomer,8ah9_A,120,marinfold-exp232-decontam-train-m2-p06-step363000,single_seq,lm,,,,,,medium,AUC,0.9996588935747954,1170,58,1170
foldbench_monomer,8ah9_A,120,marinfold-exp232-decontam-train-m2-p06-step363000,single_seq,lm,,,,,,long,L,0.3583333333333333,4186,43,120
foldbench_monomer,8ah9_A,120,marinfold-exp232-decontam-train-m2-p06-step363000,single_seq,lm,,,,,,long,L/2,0.6833333333333333,4186,43,60
foldbench_monomer,8ah9_A,120,marinfold-exp232-decontam-train-m2-p06-step363000,single_seq,lm,,,,,,long,L/5,0.9583333333333334,4186,43,24
foldbench_monomer,8ah9_A,120,marinfold-exp232-decontam-train-m2-p06-step363000,single_seq,lm,,,,,,long,R,0.813953488372093,4186,43,43
foldbench_monomer,8ah9_A,120,marinfold-exp232-decontam-train-m2-p06-step363000,single_seq,lm,,,,,,long,AUC,0.9990373226905568,4186,43,4186
foldbench_monomer,8eov_A,146,marinfold-exp232-decontam-train-m2-p06-step363000,single_seq,lm,,,,,,all,L,0.7602739726027398,8911,145,146
foldbench_monomer,8eov_A,146,marinfold-exp232-decontam-train-m2-p06-step363000,single_seq,lm,,,,,,all,L/2,0.9178082191780822,8911,145,73
foldbench_monomer,8eov_A,146,marinfold-exp232-decontam-train-m2-p06-step363000,single_seq,lm,,,,,,all,L/5,1.0,8911,145,29
foldbench_monomer,8eov_A,146,marinfold-exp232-decontam-train-m2-p06-step363000,single_seq,lm,,,,,,all,R,0.7655172413793103,8911,145,145
foldbench_monomer,8eov_A,146,marinfold-exp232-decontam-train-m2-p06-step363000,single_seq,lm,,,,,,all,AUC,0.9942245509688687,8911,145,8911
foldbench_monomer,8eov_A,146,marinfold-exp232-decontam-train-m2-p06-step363000,single_seq,lm,,,,,,short,L,0.1095890410958904,783,16,146
foldbench_monomer,8eov_A,146,marinfold-exp232-decontam-train-m2-p06-step363000,single_seq,lm,,,,,,short,L/2,0.2191780821917808,783,16,73
foldbench_monomer,8eov_A,146,marinfold-exp232-decontam-train-m2-p06-step363000,single_seq,lm,,,,,,short,L/5,0.5517241379310345,783,16,29
foldbench_monomer,8eov_A,146,marinfold-exp232-decontam-train-m2-p06-step363000,single_seq,lm,,,,,,short,R,0.8125,783,16,16
foldbench_monomer,8eov_A,146,marinfold-exp232-decontam-train-m2-p06-step363000,single_seq,lm,,,,,,short,AUC,0.998818448500652,783,16,783
foldbench_monomer,8eov_A,146,marinfold-exp232-decontam-train-m2-p06-step363000,single_seq,lm,,,,,,medium,L,0.1575342465753424,1458,23,146
foldbench_monomer,8eov_A,146,marinfold-exp232-decontam-train-m2-p06-step363000,single_seq,lm,,,,,,medium,L/2,0.3150684931506849,1458,23,73
foldbench_monomer,8eov_A,146,marinfold-exp232-decontam-train-m2-p06-step363000,single_seq,lm,,,,,,medium,L/5,0.7586206896551724,1458,23,29
foldbench_monomer,8eov_A,146,marinfold-exp232-decontam-train-m2-p06-step363000,single_seq,lm,,,,,,medium,R,0.9130434782608696,1458,23,23
foldbench_monomer,8eov_A,146,marinfold-exp232-decontam-train-m2-p06-step363000,single_seq,lm,,,,,,medium,AUC,0.9990607483714588,1458,23,1458
foldbench_monomer,8eov_A,146,marinfold-exp232-decontam-train-m2-p06-step363000,single_seq,lm,,,,,,long,L,0.5958904109589042,6670,106,146
foldbench_monomer,8eov_A,146,marinfold-exp232-decontam-train-m2-p06-step363000,single_seq,lm,,,,,,long,L/2,0.8767123287671232,6670,106,73
foldbench_monomer,8eov_A,146,marinfold-exp232-decontam-train-m2-p06-step363000,single_seq,lm,,,,,,long,L/5,0.9310344827586208,6670,106,29
foldbench_monomer,8eov_A,146,marinfold-exp232-decontam-train-m2-p06-step363000,single_seq,lm,,,,,,long,R,0.7264150943396226,6670,106,106
foldbench_monomer,8eov_A,146,marinfold-exp232-decontam-train-m2-p06-step363000,single_seq,lm,,,,,,long,AUC,0.9923654467478412,6670,106,6670
foldbench_monomer,8fjf_A,134,marinfold-exp232-decontam-train-m2-p06-step363000,single_seq,lm,,,,,,all,L,0.4925373134328358,7381,95,134
foldbench_monomer,8fjf_A,134,marinfold-exp232-decontam-train-m2-p06-step363000,single_seq,lm,,,,,,all,L/2,0.7164179104477612,7381,95,67
foldbench_monomer,8fjf_A,134,marinfold-exp232-decontam-train-m2-p06-step363000,single_seq,lm,,,,,,all,L/5,1.0,7381,95,26
foldbench_monomer,8fjf_A,134,marinfold-exp232-decontam-train-m2-p06-step363000,single_seq,lm,,,,,,all,R,0.631578947368421,7381,95,95
foldbench_monomer,8fjf_A,134,marinfold-exp232-decontam-train-m2-p06-step363000,single_seq,lm,,,,,,all,AUC,0.9414464654636868,7381,95,7381
foldbench_monomer,8fjf_A,134,marinfold-exp232-decontam-train-m2-p06-step363000,single_seq,lm,,,,,,short,L,0.2014925373134328,711,27,134
foldbench_monomer,8fjf_A,134,marinfold-exp232-decontam-train-m2-p06-step363000,single_seq,lm,,,,,,short,L/2,0.3880597014925373,711,27,67
foldbench_monomer,8fjf_A,134,marinfold-exp232-decontam-train-m2-p06-step363000,single_seq,lm,,,,,,short,L/5,0.7692307692307693,711,27,26
foldbench_monomer,8fjf_A,134,marinfold-exp232-decontam-train-m2-p06-step363000,single_seq,lm,,,,,,short,R,0.7407407407407407,711,27,27
foldbench_monomer,8fjf_A,134,marinfold-exp232-decontam-train-m2-p06-step363000,single_seq,lm,,,,,,short,AUC,0.9923922460472168,711,27,711
foldbench_monomer,8fjf_A,134,marinfold-exp232-decontam-train-m2-p06-step363000,single_seq,lm,,,,,,medium,L,0.2537313432835821,1314,34,134
foldbench_monomer,8fjf_A,134,marinfold-exp232-decontam-train-m2-p06-step363000,single_seq,lm,,,,,,medium,L/2,0.4925373134328358,1314,34,67
foldbench_monomer,8fjf_A,134,marinfold-exp232-decontam-train-m2-p06-step363000,single_seq,lm,,,,,,medium,L/5,0.8076923076923077,1314,34,26
foldbench_monomer,8fjf_A,134,marinfold-exp232-decontam-train-m2-p06-step363000,single_seq,lm,,,,,,medium,R,0.7647058823529411,1314,34,34
foldbench_monomer,8fjf_A,134,marinfold-exp232-decontam-train-m2-p06-step363000,single_seq,lm,,,,,,medium,AUC,0.9954503676470589,1314,34,1314
foldbench_monomer,8fjf_A,134,marinfold-exp232-decontam-train-m2-p06-step363000,single_seq,lm,,,,,,long,L,0.126865671641791,5356,34,134
foldbench_monomer,8fjf_A,134,marinfold-exp232-decontam-train-m2-p06-step363000,single_seq,lm,,,,,,long,L/2,0.1940298507462686,5356,34,67
foldbench_monomer,8fjf_A,134,marinfold-exp232-decontam-train-m2-p06-step363000,single_seq,lm,,,,,,long,L/5,0.3461538461538461,5356,34,26
foldbench_monomer,8fjf_A,134,marinfold-exp232-decontam-train-m2-p06-step363000,single_seq,lm,,,,,,long,R,0.3235294117647059,5356,34,34
foldbench_monomer,8fjf_A,134,marinfold-exp232-decontam-train-m2-p06-step363000,single_seq,lm,,,,,,long,AUC,0.8453008599155558,5356,34,5356
foldbench_monomer,8gac_A,106,marinfold-exp232-decontam-train-m2-p06-step363000,single_seq,lm,,,,,,all,L,0.6509433962264151,4753,79,106
foldbench_monomer,8gac_A,106,marinfold-exp232-decontam-train-m2-p06-step363000,single_seq,lm,,,,,,all,L/2,0.7547169811320755,4753,79,53
foldbench_monomer,8gac_A,106,marinfold-exp232-decontam-train-m2-p06-step363000,single_seq,lm,,,,,,all,L/5,0.9047619047619048,4753,79,21
foldbench_monomer,8gac_A,106,marinfold-exp232-decontam-train-m2-p06-step363000,single_seq,lm,,,,,,all,R,0.7468354430379747,4753,79,79
foldbench_monomer,8gac_A,106,marinfold-exp232-decontam-train-m2-p06-step363000,single_seq,lm,,,,,,all,AUC,0.9896898002957376,4753,79,4753
foldbench_monomer,8gac_A,106,marinfold-exp232-decontam-train-m2-p06-step363000,single_seq,lm,,,,,,short,L,0.0566037735849056,567,7,106
foldbench_monomer,8gac_A,106,marinfold-exp232-decontam-train-m2-p06-step363000,single_seq,lm,,,,,,short,L/2,0.1132075471698113,567,7,53
foldbench_monomer,8gac_A,106,marinfold-exp232-decontam-train-m2-p06-step363000,single_seq,lm,,,,,,short,L/5,0.2857142857142857,567,7,21
foldbench_monomer,8gac_A,106,marinfold-exp232-decontam-train-m2-p06-step363000,single_seq,lm,,,,,,short,R,0.7142857142857143,567,7,7
foldbench_monomer,8gac_A,106,marinfold-exp232-decontam-train-m2-p06-step363000,single_seq,lm,,,,,,short,AUC,0.9239795918367348,567,7,567
foldbench_monomer,8gac_A,106,marinfold-exp232-decontam-train-m2-p06-step363000,single_seq,lm,,,,,,medium,L,0.1509433962264151,1026,16,106
foldbench_monomer,8gac_A,106,marinfold-exp232-decontam-train-m2-p06-step363000,single_seq,lm,,,,,,medium,L/2,0.3018867924528302,1026,16,53
foldbench_monomer,8gac_A,106,marinfold-exp232-decontam-train-m2-p06-step363000,single_seq,lm,,,,,,medium,L/5,0.6666666666666666,1026,16,21
foldbench_monomer,8gac_A,106,marinfold-exp232-decontam-train-m2-p06-step363000,single_seq,lm,,,,,,medium,R,0.6875,1026,16,16
foldbench_monomer,8gac_A,106,marinfold-exp232-decontam-train-m2-p06-step363000,single_seq,lm,,,,,,medium,AUC,0.9969987623762376,1026,16,1026
foldbench_monomer,8gac_A,106,marinfold-exp232-decontam-train-m2-p06-step363000,single_seq,lm,,,,,,long,L,0.5094339622641509,3160,56,106
foldbench_monomer,8gac_A,106,marinfold-exp232-decontam-train-m2-p06-step363000,single_seq,lm,,,,,,long,L/2,0.7735849056603774,3160,56,53
foldbench_monomer,8gac_A,106,marinfold-exp232-decontam-train-m2-p06-step363000,single_seq,lm,,,,,,long,L/5,0.8571428571428571,3160,56,21
foldbench_monomer,8gac_A,106,marinfold-exp232-decontam-train-m2-p06-step363000,single_seq,lm,,,,,,long,R,0.75,3160,56,56
foldbench_monomer,8gac_A,106,marinfold-exp232-decontam-train-m2-p06-step363000,single_seq,lm,,,,,,long,AUC,0.9962231912739324,3160,56,3160
foldbench_monomer,8ju8_A,139,marinfold-exp232-decontam-train-m2-p06-step363000,single_seq,lm,,,,,,all,L,0.5539568345323741,8911,93,139
foldbench_monomer,8ju8_A,139,marinfold-exp232-decontam-train-m2-p06-step363000,single_seq,lm,,,,,,all,L/2,0.8115942028985508,8911,93,69
foldbench_monomer,8ju8_A,139,marinfold-exp232-decontam-train-m2-p06-step363000,single_seq,lm,,,,,,all,L/5,0.925925925925926,8911,93,27
foldbench_monomer,8ju8_A,139,marinfold-exp232-decontam-train-m2-p06-step363000,single_seq,lm,,,,,,all,R,0.6989247311827957,8911,93,93
foldbench_monomer,8ju8_A,139,marinfold-exp232-decontam-train-m2-p06-step363000,single_seq,lm,,,,,,all,AUC,0.9850446423127668,8911,93,8911
foldbench_monomer,8ju8_A,139,marinfold-exp232-decontam-train-m2-p06-step363000,single_seq,lm,,,,,,short,L,0.0647482014388489,783,9,139
foldbench_monomer,8ju8_A,139,marinfold-exp232-decontam-train-m2-p06-step363000,single_seq,lm,,,,,,short,L/2,0.1304347826086956,783,9,69
foldbench_monomer,8ju8_A,139,marinfold-exp232-decontam-train-m2-p06-step363000,single_seq,lm,,,,,,short,L/5,0.2962962962962963,783,9,27
foldbench_monomer,8ju8_A,139,marinfold-exp232-decontam-train-m2-p06-step363000,single_seq,lm,,,,,,short,R,0.6666666666666666,783,9,9
foldbench_monomer,8ju8_A,139,marinfold-exp232-decontam-train-m2-p06-step363000,single_seq,lm,,,,,,short,AUC,0.9941142693080676,783,9,783
foldbench_monomer,8ju8_A,139,marinfold-exp232-decontam-train-m2-p06-step363000,single_seq,lm,,,,,,medium,L,0.1366906474820144,1458,20,139
foldbench_monomer,8ju8_A,139,marinfold-exp232-decontam-train-m2-p06-step363000,single_seq,lm,,,,,,medium,L/2,0.2753623188405797,1458,20,69
foldbench_monomer,8ju8_A,139,marinfold-exp232-decontam-train-m2-p06-step363000,single_seq,lm,,,,,,medium,L/5,0.5925925925925926,1458,20,27
foldbench_monomer,8ju8_A,139,marinfold-exp232-decontam-train-m2-p06-step363000,single_seq,lm,,,,,,medium,R,0.7,1458,20,20
foldbench_monomer,8ju8_A,139,marinfold-exp232-decontam-train-m2-p06-step363000,single_seq,lm,,,,,,medium,AUC,0.9709666203059806,1458,20,1458
foldbench_monomer,8ju8_A,139,marinfold-exp232-decontam-train-m2-p06-step363000,single_seq,lm,,,,,,long,L,0.4244604316546763,6670,64,139
foldbench_monomer,8ju8_A,139,marinfold-exp232-decontam-train-m2-p06-step363000,single_seq,lm,,,,,,long,L/2,0.6811594202898551,6670,64,69
foldbench_monomer,8ju8_A,139,marinfold-exp232-decontam-train-m2-p06-step363000,single_seq,lm,,,,,,long,L/5,0.925925925925926,6670,64,27
foldbench_monomer,8ju8_A,139,marinfold-exp232-decontam-train-m2-p06-step363000,single_seq,lm,,,,,,long,R,0.703125,6670,64,64
foldbench_monomer,8ju8_A,139,marinfold-exp232-decontam-train-m2-p06-step363000,single_seq,lm,,,,,,long,AUC,0.988145246745383,6670,64,6670
foldbench_monomer,8k7o_A,233,marinfold-exp232-decontam-train-m2-p06-step363000,single_seq,lm,,,,,,all,L,0.648068669527897,25878,204,233
foldbench_monomer,8k7o_A,233,marinfold-exp232-decontam-train-m2-p06-step363000,single_seq,lm,,,,,,all,L/2,0.8448275862068966,25878,204,116
foldbench_monomer,8k7o_A,233,marinfold-exp232-decontam-train-m2-p06-step363000,single_seq,lm,,,,,,all,L/5,0.9782608695652174,25878,204,46
foldbench_monomer,8k7o_A,233,marinfold-exp232-decontam-train-m2-p06-step363000,single_seq,lm,,,,,,all,R,0.6911764705882353,25878,204,204
foldbench_monomer,8k7o_A,233,marinfold-exp232-decontam-train-m2-p06-step363000,single_seq,lm,,,,,,all,AUC,0.9893008987500898,25878,204,25878
foldbench_monomer,8k7o_A,233,marinfold-exp232-decontam-train-m2-p06-step363000,single_seq,lm,,,,,,short,L,0.111587982832618,1347,26,233
foldbench_monomer,8k7o_A,233,marinfold-exp232-decontam-train-m2-p06-step363000,single_seq,lm,,,,,,short,L/2,0.2241379310344827,1347,26,116
foldbench_monomer,8k7o_A,233,marinfold-exp232-decontam-train-m2-p06-step363000,single_seq,lm,,,,,,short,L/5,0.5,1347,26,46
foldbench_monomer,8k7o_A,233,marinfold-exp232-decontam-train-m2-p06-step363000,single_seq,lm,,,,,,short,R,0.7307692307692307,1347,26,26
foldbench_monomer,8k7o_A,233,marinfold-exp232-decontam-train-m2-p06-step363000,single_seq,lm,,,,,,short,AUC,0.9930705176730916,1347,26,1347
foldbench_monomer,8k7o_A,233,marinfold-exp232-decontam-train-m2-p06-step363000,single_seq,lm,,,,,,medium,L,0.1545064377682403,2586,36,233
foldbench_monomer,8k7o_A,233,marinfold-exp232-decontam-train-m2-p06-step363000,single_seq,lm,,,,,,medium,L/2,0.3103448275862069,2586,36,116
foldbench_monomer,8k7o_A,233,marinfold-exp232-decontam-train-m2-p06-step363000,single_seq,lm,,,,,,medium,L/5,0.6956521739130435,2586,36,46
foldbench_monomer,8k7o_A,233,marinfold-exp232-decontam-train-m2-p06-step363000,single_seq,lm,,,,,,medium,R,0.7777777777777778,2586,36,36
foldbench_monomer,8k7o_A,233,marinfold-exp232-decontam-train-m2-p06-step363000,single_seq,lm,,,,,,medium,AUC,0.9966612200435728,2586,36,2586
foldbench_monomer,8k7o_A,233,marinfold-exp232-decontam-train-m2-p06-step363000,single_seq,lm,,,,,,long,L,0.4763948497854077,21945,142,233
foldbench_monomer,8k7o_A,233,marinfold-exp232-decontam-train-m2-p06-step363000,single_seq,lm,,,,,,long,L/2,0.7155172413793104,21945,142,116
foldbench_monomer,8k7o_A,233,marinfold-exp232-decontam-train-m2-p06-step363000,single_seq,lm,,,,,,long,L/5,0.9565217391304348,21945,142,46
foldbench_monomer,8k7o_A,233,marinfold-exp232-decontam-train-m2-p06-step363000,single_seq,lm,,,,,,long,R,0.6619718309859155,21945,142,142
foldbench_monomer,8k7o_A,233,marinfold-exp232-decontam-train-m2-p06-step363000,single_seq,lm,,,,,,long,AUC,0.986280799967442,21945,142,21945
foldbench_monomer,8k7z_A,180,marinfold-exp232-decontam-train-m2-p06-step363000,single_seq,lm,,,,,,all,L,0.1388888888888889,13861,91,180
foldbench_monomer,8k7z_A,180,marinfold-exp232-decontam-train-m2-p06-step363000,single_seq,lm,,,,,,all,L/2,0.1888888888888888,13861,91,90
foldbench_monomer,8k7z_A,180,marinfold-exp232-decontam-train-m2-p06-step363000,single_seq,lm,,,,,,all,L/5,0.3333333333333333,13861,91,36
foldbench_monomer,8k7z_A,180,marinfold-exp232-decontam-train-m2-p06-step363000,single_seq,lm,,,,,,all,R,0.1868131868131868,13861,91,91
foldbench_monomer,8k7z_A,180,marinfold-exp232-decontam-train-m2-p06-step363000,single_seq,lm,,,,,,all,AUC,0.8391701979937274,13861,91,13861
foldbench_monomer,8k7z_A,180,marinfold-exp232-decontam-train-m2-p06-step363000,single_seq,lm,,,,,,short,L,0.0444444444444444,981,8,180
foldbench_monomer,8k7z_A,180,marinfold-exp232-decontam-train-m2-p06-step363000,single_seq,lm,,,,,,short,L/2,0.0888888888888888,981,8,90
foldbench_monomer,8k7z_A,180,marinfold-exp232-decontam-train-m2-p06-step363000,single_seq,lm,,,,,,short,L/5,0.1944444444444444,981,8,36
foldbench_monomer,8k7z_A,180,marinfold-exp232-decontam-train-m2-p06-step363000,single_seq,lm,,,,,,short,R,0.5,981,8,8
foldbench_monomer,8k7z_A,180,marinfold-exp232-decontam-train-m2-p06-step363000,single_seq,lm,,,,,,short,AUC,0.9882451181911612,981,8,981
foldbench_monomer,8k7z_A,180,marinfold-exp232-decontam-train-m2-p06-step363000,single_seq,lm,,,,,,medium,L,0.0388888888888888,1854,8,180
foldbench_monomer,8k7z_A,180,marinfold-exp232-decontam-train-m2-p06-step363000,single_seq,lm,,,,,,medium,L/2,0.0777777777777777,1854,8,90
foldbench_monomer,8k7z_A,180,marinfold-exp232-decontam-train-m2-p06-step363000,single_seq,lm,,,,,,medium,L/5,0.1666666666666666,1854,8,36
foldbench_monomer,8k7z_A,180,marinfold-exp232-decontam-train-m2-p06-step363000,single_seq,lm,,,,,,medium,R,0.625,1854,8,8
foldbench_monomer,8k7z_A,180,marinfold-exp232-decontam-train-m2-p06-step363000,single_seq,lm,,,,,,medium,AUC,0.921384073672806,1854,8,1854
foldbench_monomer,8k7z_A,180,marinfold-exp232-decontam-train-m2-p06-step363000,single_seq,lm,,,,,,long,L,0.0944444444444444,11026,75,180
foldbench_monomer,8k7z_A,180,marinfold-exp232-decontam-train-m2-p06-step363000,single_seq,lm,,,,,,long,L/2,0.1111111111111111,11026,75,90
foldbench_monomer,8k7z_A,180,marinfold-exp232-decontam-train-m2-p06-step363000,single_seq,lm,,,,,,long,L/5,0.1388888888888889,11026,75,36
foldbench_monomer,8k7z_A,180,marinfold-exp232-decontam-train-m2-p06-step363000,single_seq,lm,,,,,,long,R,0.1066666666666666,11026,75,75
foldbench_monomer,8k7z_A,180,marinfold-exp232-decontam-train-m2-p06-step363000,single_seq,lm,,,,,,long,AUC,0.8171418135330106,11026,75,11026
foldbench_monomer,8k83_A,181,marinfold-exp232-decontam-train-m2-p06-step363000,single_seq,lm,,,,,,all,L,0.6077348066298343,14196,122,181
foldbench_monomer,8k83_A,181,marinfold-exp232-decontam-train-m2-p06-step363000,single_seq,lm,,,,,,all,L/2,0.9,14196,122,90
foldbench_monomer,8k83_A,181,marinfold-exp232-decontam-train-m2-p06-step363000,single_seq,lm,,,,,,all,L/5,1.0,14196,122,36
foldbench_monomer,8k83_A,181,marinfold-exp232-decontam-train-m2-p06-step363000,single_seq,lm,,,,,,all,R,0.7786885245901639,14196,122,122
foldbench_monomer,8k83_A,181,marinfold-exp232-decontam-train-m2-p06-step363000,single_seq,lm,,,,,,all,AUC,0.998389950542449,14196,122,14196
foldbench_monomer,8k83_A,181,marinfold-exp232-decontam-train-m2-p06-step363000,single_seq,lm,,,,,,short,L,0.0607734806629834,993,11,181
foldbench_monomer,8k83_A,181,marinfold-exp232-decontam-train-m2-p06-step363000,single_seq,lm,,,,,,short,L/2,0.1222222222222222,993,11,90
foldbench_monomer,8k83_A,181,marinfold-exp232-decontam-train-m2-p06-step363000,single_seq,lm,,,,,,short,L/5,0.2777777777777778,993,11,36
foldbench_monomer,8k83_A,181,marinfold-exp232-decontam-train-m2-p06-step363000,single_seq,lm,,,,,,short,R,0.4545454545454545,993,11,11
foldbench_monomer,8k83_A,181,marinfold-exp232-decontam-train-m2-p06-step363000,single_seq,lm,,,,,,short,AUC,0.9895852619885208,993,11,993
foldbench_monomer,8k83_A,181,marinfold-exp232-decontam-train-m2-p06-step363000,single_seq,lm,,,,,,medium,L,0.0828729281767955,1878,15,181
foldbench_monomer,8k83_A,181,marinfold-exp232-decontam-train-m2-p06-step363000,single_seq,lm,,,,,,medium,L/2,0.1666666666666666,1878,15,90
foldbench_monomer,8k83_A,181,marinfold-exp232-decontam-train-m2-p06-step363000,single_seq,lm,,,,,,medium,L/5,0.3888888888888889,1878,15,36
foldbench_monomer,8k83_A,181,marinfold-exp232-decontam-train-m2-p06-step363000,single_seq,lm,,,,,,medium,R,0.8,1878,15,15
foldbench_monomer,8k83_A,181,marinfold-exp232-decontam-train-m2-p06-step363000,single_seq,lm,,,,,,medium,AUC,0.9987654320987654,1878,15,1878
foldbench_monomer,8k83_A,181,marinfold-exp232-decontam-train-m2-p06-step363000,single_seq,lm,,,,,,long,L,0.5138121546961326,11325,96,181
foldbench_monomer,8k83_A,181,marinfold-exp232-decontam-train-m2-p06-step363000,single_seq,lm,,,,,,long,L/2,0.8666666666666667,11325,96,90
foldbench_monomer,8k83_A,181,marinfold-exp232-decontam-train-m2-p06-step363000,single_seq,lm,,,,,,long,L/5,1.0,11325,96,36
foldbench_monomer,8k83_A,181,marinfold-exp232-decontam-train-m2-p06-step363000,single_seq,lm,,,,,,long,R,0.8229166666666666,11325,96,96
foldbench_monomer,8k83_A,181,marinfold-exp232-decontam-train-m2-p06-step363000,single_seq,lm,,,,,,long,AUC,0.9989299470122004,11325,96,11325
foldbench_monomer,8k84_A,177,marinfold-exp232-decontam-train-m2-p06-step363000,single_seq,lm,,,,,,all,L,0.2711864406779661,14028,136,177
foldbench_monomer,8k84_A,177,marinfold-exp232-decontam-train-m2-p06-step363000,single_seq,lm,,,,,,all,L/2,0.375,14028,136,88
foldbench_monomer,8k84_A,177,marinfold-exp232-decontam-train-m2-p06-step363000,single_seq,lm,,,,,,all,L/5,0.5142857142857142,14028,136,35
foldbench_monomer,8k84_A,177,marinfold-exp232-decontam-train-m2-p06-step363000,single_seq,lm,,,,,,all,R,0.3088235294117647,14028,136,136
foldbench_monomer,8k84_A,177,marinfold-exp232-decontam-train-m2-p06-step363000,single_seq,lm,,,,,,all,AUC,0.9003031262173743,14028,136,14028
foldbench_monomer,8k84_A,177,marinfold-exp232-decontam-train-m2-p06-step363000,single_seq,lm,,,,,,short,L,0.0847457627118644,987,15,177
foldbench_monomer,8k84_A,177,marinfold-exp232-decontam-train-m2-p06-step363000,single_seq,lm,,,,,,short,L/2,0.1704545454545454,987,15,88
foldbench_monomer,8k84_A,177,marinfold-exp232-decontam-train-m2-p06-step363000,single_seq,lm,,,,,,short,L/5,0.2857142857142857,987,15,35
foldbench_monomer,8k84_A,177,marinfold-exp232-decontam-train-m2-p06-step363000,single_seq,lm,,,,,,short,R,0.4666666666666667,987,15,15
foldbench_monomer,8k84_A,177,marinfold-exp232-decontam-train-m2-p06-step363000,single_seq,lm,,,,,,short,AUC,0.9792524005486968,987,15,987
foldbench_monomer,8k84_A,177,marinfold-exp232-decontam-train-m2-p06-step363000,single_seq,lm,,,,,,medium,L,0.1073446327683615,1866,19,177
foldbench_monomer,8k84_A,177,marinfold-exp232-decontam-train-m2-p06-step363000,single_seq,lm,,,,,,medium,L/2,0.1704545454545454,1866,19,88
foldbench_monomer,8k84_A,177,marinfold-exp232-decontam-train-m2-p06-step363000,single_seq,lm,,,,,,medium,L/5,0.2571428571428571,1866,19,35
foldbench_monomer,8k84_A,177,marinfold-exp232-decontam-train-m2-p06-step363000,single_seq,lm,,,,,,medium,R,0.4210526315789473,1866,19,19
foldbench_monomer,8k84_A,177,marinfold-exp232-decontam-train-m2-p06-step363000,single_seq,lm,,,,,,medium,AUC,0.9808223862308724,1866,19,1866
foldbench_monomer,8k84_A,177,marinfold-exp232-decontam-train-m2-p06-step363000,single_seq,lm,,,,,,long,L,0.2203389830508474,11175,102,177
foldbench_monomer,8k84_A,177,marinfold-exp232-decontam-train-m2-p06-step363000,single_seq,lm,,,,,,long,L/2,0.2727272727272727,11175,102,88
foldbench_monomer,8k84_A,177,marinfold-exp232-decontam-train-m2-p06-step363000,single_seq,lm,,,,,,long,L/5,0.3714285714285714,11175,102,35
foldbench_monomer,8k84_A,177,marinfold-exp232-decontam-train-m2-p06-step363000,single_seq,lm,,,,,,long,R,0.2647058823529412,11175,102,102
foldbench_monomer,8k84_A,177,marinfold-exp232-decontam-train-m2-p06-step363000,single_seq,lm,,,,,,long,AUC,0.8732869920297207,11175,102,11175
foldbench_monomer,8kcj_A,181,marinfold-exp232-decontam-train-m2-p06-step363000,single_seq,lm,,,,,,all,L,0.4751381215469613,15051,122,181
foldbench_monomer,8kcj_A,181,marinfold-exp232-decontam-train-m2-p06-step363000,single_seq,lm,,,,,,all,L/2,0.7333333333333333,15051,122,90
foldbench_monomer,8kcj_A,181,marinfold-exp232-decontam-train-m2-p06-step363000,single_seq,lm,,,,,,all,L/5,0.8611111111111112,15051,122,36
foldbench_monomer,8kcj_A,181,marinfold-exp232-decontam-train-m2-p06-step363000,single_seq,lm,,,,,,all,R,0.5983606557377049,15051,122,122
foldbench_monomer,8kcj_A,181,marinfold-exp232-decontam-train-m2-p06-step363000,single_seq,lm,,,,,,all,AUC,0.9857725474349076,15051,122,15051
foldbench_monomer,8kcj_A,181,marinfold-exp232-decontam-train-m2-p06-step363000,single_seq,lm,,,,,,short,L,0.0994475138121546,1023,18,181
foldbench_monomer,8kcj_A,181,marinfold-exp232-decontam-train-m2-p06-step363000,single_seq,lm,,,,,,short,L/2,0.2,1023,18,90
foldbench_monomer,8kcj_A,181,marinfold-exp232-decontam-train-m2-p06-step363000,single_seq,lm,,,,,,short,L/5,0.4166666666666667,1023,18,36
foldbench_monomer,8kcj_A,181,marinfold-exp232-decontam-train-m2-p06-step363000,single_seq,lm,,,,,,short,R,0.6666666666666666,1023,18,18
foldbench_monomer,8kcj_A,181,marinfold-exp232-decontam-train-m2-p06-step363000,single_seq,lm,,,,,,short,AUC,0.9907407407407408,1023,18,1023
foldbench_monomer,8kcj_A,181,marinfold-exp232-decontam-train-m2-p06-step363000,single_seq,lm,,,,,,medium,L,0.1104972375690607,1938,20,181
foldbench_monomer,8kcj_A,181,marinfold-exp232-decontam-train-m2-p06-step363000,single_seq,lm,,,,,,medium,L/2,0.2222222222222222,1938,20,90
foldbench_monomer,8kcj_A,181,marinfold-exp232-decontam-train-m2-p06-step363000,single_seq,lm,,,,,,medium,L/5,0.5277777777777778,1938,20,36
foldbench_monomer,8kcj_A,181,marinfold-exp232-decontam-train-m2-p06-step363000,single_seq,lm,,,,,,medium,R,0.7,1938,20,20
foldbench_monomer,8kcj_A,181,marinfold-exp232-decontam-train-m2-p06-step363000,single_seq,lm,,,,,,medium,AUC,0.996936913451512,1938,20,1938
foldbench_monomer,8kcj_A,181,marinfold-exp232-decontam-train-m2-p06-step363000,single_seq,lm,,,,,,long,L,0.3591160220994475,12090,84,181
foldbench_monomer,8kcj_A,181,marinfold-exp232-decontam-train-m2-p06-step363000,single_seq,lm,,,,,,long,L/2,0.5777777777777777,12090,84,90
foldbench_monomer,8kcj_A,181,marinfold-exp232-decontam-train-m2-p06-step363000,single_seq,lm,,,,,,long,L/5,0.7777777777777778,12090,84,36
foldbench_monomer,8kcj_A,181,marinfold-exp232-decontam-train-m2-p06-step363000,single_seq,lm,,,,,,long,R,0.5714285714285714,12090,84,84
foldbench_monomer,8kcj_A,181,marinfold-exp232-decontam-train-m2-p06-step363000,single_seq,lm,,,,,,long,AUC,0.98154047976012,12090,84,12090
foldbench_monomer,8ka7_A,124,marinfold-exp232-decontam-train-m2-p06-step363000,single_seq,lm,,,,,,all,L,0.4758064516129032,5995,87,124
foldbench_monomer,8ka7_A,124,marinfold-exp232-decontam-train-m2-p06-step363000,single_seq,lm,,,,,,all,L/2,0.5161290322580645,5995,87,62
foldbench_monomer,8ka7_A,124,marinfold-exp232-decontam-train-m2-p06-step363000,single_seq,lm,,,,,,all,L/5,0.625,5995,87,24
foldbench_monomer,8ka7_A,124,marinfold-exp232-decontam-train-m2-p06-step363000,single_seq,lm,,,,,,all,R,0.4712643678160919,5995,87,87
foldbench_monomer,8ka7_A,124,marinfold-exp232-decontam-train-m2-p06-step363000,single_seq,lm,,,,,,all,AUC,0.9896176234834512,5995,87,5995
foldbench_monomer,8ka7_A,124,marinfold-exp232-decontam-train-m2-p06-step363000,single_seq,lm,,,,,,short,L,0.1209677419354838,639,15,124
foldbench_monomer,8ka7_A,124,marinfold-exp232-decontam-train-m2-p06-step363000,single_seq,lm,,,,,,short,L/2,0.2419354838709677,639,15,62
foldbench_monomer,8ka7_A,124,marinfold-exp232-decontam-train-m2-p06-step363000,single_seq,lm,,,,,,short,L/5,0.5833333333333334,639,15,24
foldbench_monomer,8ka7_A,124,marinfold-exp232-decontam-train-m2-p06-step363000,single_seq,lm,,,,,,short,R,0.7333333333333333,639,15,15
foldbench_monomer,8ka7_A,124,marinfold-exp232-decontam-train-m2-p06-step363000,single_seq,lm,,,,,,short,AUC,0.9938568376068376,639,15,639
foldbench_monomer,8ka7_A,124,marinfold-exp232-decontam-train-m2-p06-step363000,single_seq,lm,,,,,,medium,L,0.1693548387096774,1170,21,124
foldbench_monomer,8ka7_A,124,marinfold-exp232-decontam-train-m2-p06-step363000,single_seq,lm,,,,,,medium,L/2,0.3225806451612903,1170,21,62
foldbench_monomer,8ka7_A,124,marinfold-exp232-decontam-train-m2-p06-step363000,single_seq,lm,,,,,,medium,L/5,0.4166666666666667,1170,21,24
foldbench_monomer,8ka7_A,124,marinfold-exp232-decontam-train-m2-p06-step363000,single_seq,lm,,,,,,medium,R,0.4285714285714285,1170,21,21
foldbench_monomer,8ka7_A,124,marinfold-exp232-decontam-train-m2-p06-step363000,single_seq,lm,,,,,,medium,AUC,0.9873181648638568,1170,21,1170
foldbench_monomer,8ka7_A,124,marinfold-exp232-decontam-train-m2-p06-step363000,single_seq,lm,,,,,,long,L,0.3306451612903225,4186,51,124
foldbench_monomer,8ka7_A,124,marinfold-exp232-decontam-train-m2-p06-step363000,single_seq,lm,,,,,,long,L/2,0.4354838709677419,4186,51,62
foldbench_monomer,8ka7_A,124,marinfold-exp232-decontam-train-m2-p06-step363000,single_seq,lm,,,,,,long,L/5,0.4583333333333333,4186,51,24
foldbench_monomer,8ka7_A,124,marinfold-exp232-decontam-train-m2-p06-step363000,single_seq,lm,,,,,,long,R,0.392156862745098,4186,51,51
foldbench_monomer,8ka7_A,124,marinfold-exp232-decontam-train-m2-p06-step363000,single_seq,lm,,,,,,long,AUC,0.9889916305095194,4186,51,4186
foldbench_monomer,8kac_A,129,marinfold-exp232-decontam-train-m2-p06-step363000,single_seq,lm,,,,,,all,L,0.5426356589147286,6675,104,129
foldbench_monomer,8kac_A,129,marinfold-exp232-decontam-train-m2-p06-step363000,single_seq,lm,,,,,,all,L/2,0.703125,6675,104,64
foldbench_monomer,8kac_A,129,marinfold-exp232-decontam-train-m2-p06-step363000,single_seq,lm,,,,,,all,L/5,0.92,6675,104,25
foldbench_monomer,8kac_A,129,marinfold-exp232-decontam-train-m2-p06-step363000,single_seq,lm,,,,,,all,R,0.5865384615384616,6675,104,104
foldbench_monomer,8kac_A,129,marinfold-exp232-decontam-train-m2-p06-step363000,single_seq,lm,,,,,,all,AUC,0.9791442293059246,6675,104,6675
foldbench_monomer,8kac_A,129,marinfold-exp232-decontam-train-m2-p06-step363000,single_seq,lm,,,,,,short,L,0.0775193798449612,669,10,129
foldbench_monomer,8kac_A,129,marinfold-exp232-decontam-train-m2-p06-step363000,single_seq,lm,,,,,,short,L/2,0.15625,669,10,64
foldbench_monomer,8kac_A,129,marinfold-exp232-decontam-train-m2-p06-step363000,single_seq,lm,,,,,,short,L/5,0.4,669,10,25
foldbench_monomer,8kac_A,129,marinfold-exp232-decontam-train-m2-p06-step363000,single_seq,lm,,,,,,short,R,0.7,669,10,10
foldbench_monomer,8kac_A,129,marinfold-exp232-decontam-train-m2-p06-step363000,single_seq,lm,,,,,,short,AUC,0.9959028831562974,669,10,669
foldbench_monomer,8kac_A,129,marinfold-exp232-decontam-train-m2-p06-step363000,single_seq,lm,,,,,,medium,L,0.2093023255813953,1230,28,129
foldbench_monomer,8kac_A,129,marinfold-exp232-decontam-train-m2-p06-step363000,single_seq,lm,,,,,,medium,L/2,0.375,1230,28,64
foldbench_monomer,8kac_A,129,marinfold-exp232-decontam-train-m2-p06-step363000,single_seq,lm,,,,,,medium,L/5,0.68,1230,28,25
foldbench_monomer,8kac_A,129,marinfold-exp232-decontam-train-m2-p06-step363000,single_seq,lm,,,,,,medium,R,0.6428571428571429,1230,28,28
foldbench_monomer,8kac_A,129,marinfold-exp232-decontam-train-m2-p06-step363000,single_seq,lm,,,,,,medium,AUC,0.9863768718801996,1230,28,1230
foldbench_monomer,8kac_A,129,marinfold-exp232-decontam-train-m2-p06-step363000,single_seq,lm,,,,,,long,L,0.4186046511627907,4776,66,129
foldbench_monomer,8kac_A,129,marinfold-exp232-decontam-train-m2-p06-step363000,single_seq,lm,,,,,,long,L/2,0.546875,4776,66,64
foldbench_monomer,8kac_A,129,marinfold-exp232-decontam-train-m2-p06-step363000,single_seq,lm,,,,,,long,L/5,0.64,4776,66,25
foldbench_monomer,8kac_A,129,marinfold-exp232-decontam-train-m2-p06-step363000,single_seq,lm,,,,,,long,R,0.5454545454545454,4776,66,66
foldbench_monomer,8kac_A,129,marinfold-exp232-decontam-train-m2-p06-step363000,single_seq,lm,,,,,,long,AUC,0.973591005597375,4776,66,4776
foldbench_monomer,8oys_A,190,marinfold-exp232-decontam-train-m2-p06-step363000,single_seq,lm,,,,,,all,L,0.6210526315789474,17020,148,190
foldbench_monomer,8oys_A,190,marinfold-exp232-decontam-train-m2-p06-step363000,single_seq,lm,,,,,,all,L/2,0.8315789473684211,17020,148,95
foldbench_monomer,8oys_A,190,marinfold-exp232-decontam-train-m2-p06-step363000,single_seq,lm,,,,,,all,L/5,0.9736842105263158,17020,148,38
foldbench_monomer,8oys_A,190,marinfold-exp232-decontam-train-m2-p06-step363000,single_seq,lm,,,,,,all,R,0.7162162162162162,17020,148,148
foldbench_monomer,8oys_A,190,marinfold-exp232-decontam-train-m2-p06-step363000,single_seq,lm,,,,,,all,AUC,0.99065599650148,17020,148,17020
foldbench_monomer,8oys_A,190,marinfold-exp232-decontam-train-m2-p06-step363000,single_seq,lm,,,,,,short,L,0.1263157894736842,1089,24,190
foldbench_monomer,8oys_A,190,marinfold-exp232-decontam-train-m2-p06-step363000,single_seq,lm,,,,,,short,L/2,0.2526315789473684,1089,24,95
foldbench_monomer,8oys_A,190,marinfold-exp232-decontam-train-m2-p06-step363000,single_seq,lm,,,,,,short,L/5,0.631578947368421,1089,24,38
foldbench_monomer,8oys_A,190,marinfold-exp232-decontam-train-m2-p06-step363000,single_seq,lm,,,,,,short,R,0.7916666666666666,1089,24,24
foldbench_monomer,8oys_A,190,marinfold-exp232-decontam-train-m2-p06-step363000,single_seq,lm,,,,,,short,AUC,0.9977895148669796,1089,24,1089
foldbench_monomer,8oys_A,190,marinfold-exp232-decontam-train-m2-p06-step363000,single_seq,lm,,,,,,medium,L,0.1789473684210526,2070,35,190
foldbench_monomer,8oys_A,190,marinfold-exp232-decontam-train-m2-p06-step363000,single_seq,lm,,,,,,medium,L/2,0.3473684210526316,2070,35,95
foldbench_monomer,8oys_A,190,marinfold-exp232-decontam-train-m2-p06-step363000,single_seq,lm,,,,,,medium,L/5,0.7105263157894737,2070,35,38
foldbench_monomer,8oys_A,190,marinfold-exp232-decontam-train-m2-p06-step363000,single_seq,lm,,,,,,medium,R,0.7142857142857143,2070,35,35
foldbench_monomer,8oys_A,190,marinfold-exp232-decontam-train-m2-p06-step363000,single_seq,lm,,,,,,medium,AUC,0.9802737802737804,2070,35,2070
foldbench_monomer,8oys_A,190,marinfold-exp232-decontam-train-m2-p06-step363000,single_seq,lm,,,,,,long,L,0.4473684210526316,13861,89,190
foldbench_monomer,8oys_A,190,marinfold-exp232-decontam-train-m2-p06-step363000,single_seq,lm,,,,,,long,L/2,0.6631578947368421,13861,89,95
foldbench_monomer,8oys_A,190,marinfold-exp232-decontam-train-m2-p06-step363000,single_seq,lm,,,,,,long,L/5,0.868421052631579,13861,89,38
foldbench_monomer,8oys_A,190,marinfold-exp232-decontam-train-m2-p06-step363000,single_seq,lm,,,,,,long,R,0.7078651685393258,13861,89,89
foldbench_monomer,8oys_A,190,marinfold-exp232-decontam-train-m2-p06-step363000,single_seq,lm,,,,,,long,AUC,0.9921249596151775,13861,89,13861
foldbench_monomer,8oyy_A,242,marinfold-exp232-decontam-train-m2-p06-step363000,single_seq,lm,,,,,,all,L,0.4586776859504132,25878,239,242
foldbench_monomer,8oyy_A,242,marinfold-exp232-decontam-train-m2-p06-step363000,single_seq,lm,,,,,,all,L/2,0.6611570247933884,25878,239,121
foldbench_monomer,8oyy_A,242,marinfold-exp232-decontam-train-m2-p06-step363000,single_seq,lm,,,,,,all,L/5,0.9583333333333334,25878,239,48
foldbench_monomer,8oyy_A,242,marinfold-exp232-decontam-train-m2-p06-step363000,single_seq,lm,,,,,,all,R,0.4602510460251046,25878,239,239
foldbench_monomer,8oyy_A,242,marinfold-exp232-decontam-train-m2-p06-step363000,single_seq,lm,,,,,,all,AUC,0.9715146952676206,25878,239,25878
foldbench_monomer,8oyy_A,242,marinfold-exp232-decontam-train-m2-p06-step363000,single_seq,lm,,,,,,short,L,0.0909090909090909,1347,22,242
foldbench_monomer,8oyy_A,242,marinfold-exp232-decontam-train-m2-p06-step363000,single_seq,lm,,,,,,short,L/2,0.1735537190082644,1347,22,121
foldbench_monomer,8oyy_A,242,marinfold-exp232-decontam-train-m2-p06-step363000,single_seq,lm,,,,,,short,L/5,0.375,1347,22,48
foldbench_monomer,8oyy_A,242,marinfold-exp232-decontam-train-m2-p06-step363000,single_seq,lm,,,,,,short,R,0.5454545454545454,1347,22,22
foldbench_monomer,8oyy_A,242,marinfold-exp232-decontam-train-m2-p06-step363000,single_seq,lm,,,,,,short,AUC,0.9863464837049742,1347,22,1347
foldbench_monomer,8oyy_A,242,marinfold-exp232-decontam-train-m2-p06-step363000,single_seq,lm,,,,,,medium,L,0.1611570247933884,2586,39,242
foldbench_monomer,8oyy_A,242,marinfold-exp232-decontam-train-m2-p06-step363000,single_seq,lm,,,,,,medium,L/2,0.3140495867768595,2586,39,121
foldbench_monomer,8oyy_A,242,marinfold-exp232-decontam-train-m2-p06-step363000,single_seq,lm,,,,,,medium,L/5,0.5208333333333334,2586,39,48
foldbench_monomer,8oyy_A,242,marinfold-exp232-decontam-train-m2-p06-step363000,single_seq,lm,,,,,,medium,R,0.6153846153846154,2586,39,39
foldbench_monomer,8oyy_A,242,marinfold-exp232-decontam-train-m2-p06-step363000,single_seq,lm,,,,,,medium,AUC,0.9928422578599256,2586,39,2586
foldbench_monomer,8oyy_A,242,marinfold-exp232-decontam-train-m2-p06-step363000,single_seq,lm,,,,,,long,L,0.3553719008264462,21945,178,242
foldbench_monomer,8oyy_A,242,marinfold-exp232-decontam-train-m2-p06-step363000,single_seq,lm,,,,,,long,L/2,0.5371900826446281,21945,178,121
foldbench_monomer,8oyy_A,242,marinfold-exp232-decontam-train-m2-p06-step363000,single_seq,lm,,,,,,long,L/5,0.7708333333333334,21945,178,48
foldbench_monomer,8oyy_A,242,marinfold-exp232-decontam-train-m2-p06-step363000,single_seq,lm,,,,,,long,R,0.4101123595505618,21945,178,178
foldbench_monomer,8oyy_A,242,marinfold-exp232-decontam-train-m2-p06-step363000,single_seq,lm,,,,,,long,AUC,0.9640774123079828,21945,178,21945
foldbench_monomer,8qkd_A,284,marinfold-exp232-decontam-train-m2-p06-step363000,single_seq,lm,,,,,,all,L,0.3908450704225352,37950,239,284
foldbench_monomer,8qkd_A,284,marinfold-exp232-decontam-train-m2-p06-step363000,single_seq,lm,,,,,,all,L/2,0.4577464788732394,37950,239,142
foldbench_monomer,8qkd_A,284,marinfold-exp232-decontam-train-m2-p06-step363000,single_seq,lm,,,,,,all,L/5,0.5357142857142857,37950,239,56
foldbench_monomer,8qkd_A,284,marinfold-exp232-decontam-train-m2-p06-step363000,single_seq,lm,,,,,,all,R,0.4142259414225941,37950,239,239
foldbench_monomer,8qkd_A,284,marinfold-exp232-decontam-train-m2-p06-step363000,single_seq,lm,,,,,,all,AUC,0.9452198059032751,37950,239,37950
foldbench_monomer,8qkd_A,284,marinfold-exp232-decontam-train-m2-p06-step363000,single_seq,lm,,,,,,short,L,0.0528169014084507,1635,16,284
foldbench_monomer,8qkd_A,284,marinfold-exp232-decontam-train-m2-p06-step363000,single_seq,lm,,,,,,short,L/2,0.1056338028169014,1635,16,142
foldbench_monomer,8qkd_A,284,marinfold-exp232-decontam-train-m2-p06-step363000,single_seq,lm,,,,,,short,L/5,0.1964285714285714,1635,16,56
foldbench_monomer,8qkd_A,284,marinfold-exp232-decontam-train-m2-p06-step363000,single_seq,lm,,,,,,short,R,0.0625,1635,16,16
foldbench_monomer,8qkd_A,284,marinfold-exp232-decontam-train-m2-p06-step363000,single_seq,lm,,,,,,short,AUC,0.942962476837554,1635,16,1635
foldbench_monomer,8qkd_A,284,marinfold-exp232-decontam-train-m2-p06-step363000,single_seq,lm,,,,,,medium,L,0.102112676056338,3162,30,284
foldbench_monomer,8qkd_A,284,marinfold-exp232-decontam-train-m2-p06-step363000,single_seq,lm,,,,,,medium,L/2,0.1901408450704225,3162,30,142
foldbench_monomer,8qkd_A,284,marinfold-exp232-decontam-train-m2-p06-step363000,single_seq,lm,,,,,,medium,L/5,0.25,3162,30,56
foldbench_monomer,8qkd_A,284,marinfold-exp232-decontam-train-m2-p06-step363000,single_seq,lm,,,,,,medium,R,0.3333333333333333,3162,30,30
foldbench_monomer,8qkd_A,284,marinfold-exp232-decontam-train-m2-p06-step363000,single_seq,lm,,,,,,medium,AUC,0.9657939548744148,3162,30,3162
foldbench_monomer,8qkd_A,284,marinfold-exp232-decontam-train-m2-p06-step363000,single_seq,lm,,,,,,long,L,0.4014084507042254,33153,193,284
foldbench_monomer,8qkd_A,284,marinfold-exp232-decontam-train-m2-p06-step363000,single_seq,lm,,,,,,long,L/2,0.4929577464788732,33153,193,142
foldbench_monomer,8qkd_A,284,marinfold-exp232-decontam-train-m2-p06-step363000,single_seq,lm,,,,,,long,L/5,0.5892857142857143,33153,193,56
foldbench_monomer,8qkd_A,284,marinfold-exp232-decontam-train-m2-p06-step363000,single_seq,lm,,,,,,long,R,0.4507772020725388,33153,193,193
foldbench_monomer,8qkd_A,284,marinfold-exp232-decontam-train-m2-p06-step363000,single_seq,lm,,,,,,long,AUC,0.941085048920972,33153,193,33153
foldbench_monomer,8qup_A,124,marinfold-exp232-decontam-train-m2-p06-step363000,single_seq,lm,,,,,,all,L,0.5564516129032258,5901,93,124
foldbench_monomer,8qup_A,124,marinfold-exp232-decontam-train-m2-p06-step363000,single_seq,lm,,,,,,all,L/2,0.6129032258064516,5901,93,62
foldbench_monomer,8qup_A,124,marinfold-exp232-decontam-train-m2-p06-step363000,single_seq,lm,,,,,,all,L/5,0.625,5901,93,24
foldbench_monomer,8qup_A,124,marinfold-exp232-decontam-train-m2-p06-step363000,single_seq,lm,,,,,,all,R,0.6021505376344086,5901,93,93
foldbench_monomer,8qup_A,124,marinfold-exp232-decontam-train-m2-p06-step363000,single_seq,lm,,,,,,all,AUC,0.9838885556444208,5901,93,5901
foldbench_monomer,8qup_A,124,marinfold-exp232-decontam-train-m2-p06-step363000,single_seq,lm,,,,,,short,L,0.0403225806451612,592,5,124
foldbench_monomer,8qup_A,124,marinfold-exp232-decontam-train-m2-p06-step363000,single_seq,lm,,,,,,short,L/2,0.0806451612903225,592,5,62
foldbench_monomer,8qup_A,124,marinfold-exp232-decontam-train-m2-p06-step363000,single_seq,lm,,,,,,short,L/5,0.1666666666666666,592,5,24
foldbench_monomer,8qup_A,124,marinfold-exp232-decontam-train-m2-p06-step363000,single_seq,lm,,,,,,short,R,0.4,592,5,5
foldbench_monomer,8qup_A,124,marinfold-exp232-decontam-train-m2-p06-step363000,single_seq,lm,,,,,,short,AUC,0.9807495741056218,592,5,592
foldbench_monomer,8qup_A,124,marinfold-exp232-decontam-train-m2-p06-step363000,single_seq,lm,,,,,,medium,L,0.1209677419354838,1074,16,124
foldbench_monomer,8qup_A,124,marinfold-exp232-decontam-train-m2-p06-step363000,single_seq,lm,,,,,,medium,L/2,0.2419354838709677,1074,16,62
foldbench_monomer,8qup_A,124,marinfold-exp232-decontam-train-m2-p06-step363000,single_seq,lm,,,,,,medium,L/5,0.5,1074,16,24
foldbench_monomer,8qup_A,124,marinfold-exp232-decontam-train-m2-p06-step363000,single_seq,lm,,,,,,medium,R,0.625,1074,16,16
foldbench_monomer,8qup_A,124,marinfold-exp232-decontam-train-m2-p06-step363000,single_seq,lm,,,,,,medium,AUC,0.9598003308128544,1074,16,1074
foldbench_monomer,8qup_A,124,marinfold-exp232-decontam-train-m2-p06-step363000,single_seq,lm,,,,,,long,L,0.4596774193548387,4235,72,124
foldbench_monomer,8qup_A,124,marinfold-exp232-decontam-train-m2-p06-step363000,single_seq,lm,,,,,,long,L/2,0.6451612903225806,4235,72,62
foldbench_monomer,8qup_A,124,marinfold-exp232-decontam-train-m2-p06-step363000,single_seq,lm,,,,,,long,L/5,0.625,4235,72,24
foldbench_monomer,8qup_A,124,marinfold-exp232-decontam-train-m2-p06-step363000,single_seq,lm,,,,,,long,R,0.625,4235,72,72
foldbench_monomer,8qup_A,124,marinfold-exp232-decontam-train-m2-p06-step363000,single_seq,lm,,,,,,long,AUC,0.990159673846318,4235,72,4235
foldbench_monomer,8vc8_A,204,marinfold-exp232-decontam-train-m2-p06-step363000,single_seq,lm,,,,,,all,L,0.2156862745098039,18336,147,204
foldbench_monomer,8vc8_A,204,marinfold-exp232-decontam-train-m2-p06-step363000,single_seq,lm,,,,,,all,L/2,0.3627450980392157,18336,147,102
foldbench_monomer,8vc8_A,204,marinfold-exp232-decontam-train-m2-p06-step363000,single_seq,lm,,,,,,all,L/5,0.6,18336,147,40
foldbench_monomer,8vc8_A,204,marinfold-exp232-decontam-train-m2-p06-step363000,single_seq,lm,,,,,,all,R,0.2789115646258503,18336,147,147
foldbench_monomer,8vc8_A,204,marinfold-exp232-decontam-train-m2-p06-step363000,single_seq,lm,,,,,,all,AUC,0.8522095846970379,18336,147,18336
foldbench_monomer,8vc8_A,204,marinfold-exp232-decontam-train-m2-p06-step363000,single_seq,lm,,,,,,short,L,0.1029411764705882,1131,21,204
foldbench_monomer,8vc8_A,204,marinfold-exp232-decontam-train-m2-p06-step363000,single_seq,lm,,,,,,short,L/2,0.2058823529411764,1131,21,102
foldbench_monomer,8vc8_A,204,marinfold-exp232-decontam-train-m2-p06-step363000,single_seq,lm,,,,,,short,L/5,0.45,1131,21,40
foldbench_monomer,8vc8_A,204,marinfold-exp232-decontam-train-m2-p06-step363000,single_seq,lm,,,,,,short,R,0.5714285714285714,1131,21,21
foldbench_monomer,8vc8_A,204,marinfold-exp232-decontam-train-m2-p06-step363000,single_seq,lm,,,,,,short,AUC,0.9883740883740884,1131,21,1131
foldbench_monomer,8vc8_A,204,marinfold-exp232-decontam-train-m2-p06-step363000,single_seq,lm,,,,,,medium,L,0.1127450980392156,2154,31,204
foldbench_monomer,8vc8_A,204,marinfold-exp232-decontam-train-m2-p06-step363000,single_seq,lm,,,,,,medium,L/2,0.2058823529411764,2154,31,102
foldbench_monomer,8vc8_A,204,marinfold-exp232-decontam-train-m2-p06-step363000,single_seq,lm,,,,,,medium,L/5,0.325,2154,31,40
foldbench_monomer,8vc8_A,204,marinfold-exp232-decontam-train-m2-p06-step363000,single_seq,lm,,,,,,medium,R,0.3870967741935484,2154,31,31
foldbench_monomer,8vc8_A,204,marinfold-exp232-decontam-train-m2-p06-step363000,single_seq,lm,,,,,,medium,AUC,0.8692811450625256,2154,31,2154
foldbench_monomer,8vc8_A,204,marinfold-exp232-decontam-train-m2-p06-step363000,single_seq,lm,,,,,,long,L,0.0980392156862745,15051,95,204
foldbench_monomer,8vc8_A,204,marinfold-exp232-decontam-train-m2-p06-step363000,single_seq,lm,,,,,,long,L/2,0.1176470588235294,15051,95,102
foldbench_monomer,8vc8_A,204,marinfold-exp232-decontam-train-m2-p06-step363000,single_seq,lm,,,,,,long,L/5,0.225,15051,95,40
foldbench_monomer,8vc8_A,204,marinfold-exp232-decontam-train-m2-p06-step363000,single_seq,lm,,,,,,long,R,0.1263157894736842,15051,95,95
foldbench_monomer,8vc8_A,204,marinfold-exp232-decontam-train-m2-p06-step363000,single_seq,lm,,,,,,long,AUC,0.8153897045368167,15051,95,15051
foldbench_monomer,7pv5_A,81,marinfold-exp232-decontam-train-m2-p06-step363000,single_seq,lm,,,,,,all,L,0.6666666666666666,2420,64,81
foldbench_monomer,7pv5_A,81,marinfold-exp232-decontam-train-m2-p06-step363000,single_seq,lm,,,,,,all,L/2,0.9,2420,64,40
foldbench_monomer,7pv5_A,81,marinfold-exp232-decontam-train-m2-p06-step363000,single_seq,lm,,,,,,all,L/5,0.9375,2420,64,16
foldbench_monomer,7pv5_A,81,marinfold-exp232-decontam-train-m2-p06-step363000,single_seq,lm,,,,,,all,R,0.765625,2420,64,64
foldbench_monomer,7pv5_A,81,marinfold-exp232-decontam-train-m2-p06-step363000,single_seq,lm,,,,,,all,AUC,0.9934873726655348,2420,64,2420
foldbench_monomer,7pv5_A,81,marinfold-exp232-decontam-train-m2-p06-step363000,single_seq,lm,,,,,,short,L,0.1481481481481481,393,12,81
foldbench_monomer,7pv5_A,81,marinfold-exp232-decontam-train-m2-p06-step363000,single_seq,lm,,,,,,short,L/2,0.3,393,12,40
foldbench_monomer,7pv5_A,81,marinfold-exp232-decontam-train-m2-p06-step363000,single_seq,lm,,,,,,short,L/5,0.6875,393,12,16
foldbench_monomer,7pv5_A,81,marinfold-exp232-decontam-train-m2-p06-step363000,single_seq,lm,,,,,,short,R,0.6666666666666666,393,12,12
foldbench_monomer,7pv5_A,81,marinfold-exp232-decontam-train-m2-p06-step363000,single_seq,lm,,,,,,short,AUC,0.9945319335083116,393,12,393
foldbench_monomer,7pv5_A,81,marinfold-exp232-decontam-train-m2-p06-step363000,single_seq,lm,,,,,,medium,L,0.1358024691358024,678,11,81
foldbench_monomer,7pv5_A,81,marinfold-exp232-decontam-train-m2-p06-step363000,single_seq,lm,,,,,,medium,L/2,0.275,678,11,40
foldbench_monomer,7pv5_A,81,marinfold-exp232-decontam-train-m2-p06-step363000,single_seq,lm,,,,,,medium,L/5,0.5625,678,11,16
foldbench_monomer,7pv5_A,81,marinfold-exp232-decontam-train-m2-p06-step363000,single_seq,lm,,,,,,medium,R,0.8181818181818182,678,11,11
foldbench_monomer,7pv5_A,81,marinfold-exp232-decontam-train-m2-p06-step363000,single_seq,lm,,,,,,medium,AUC,0.9972740902276136,678,11,678
foldbench_monomer,7pv5_A,81,marinfold-exp232-decontam-train-m2-p06-step363000,single_seq,lm,,,,,,long,L,0.4691358024691358,1349,41,81
foldbench_monomer,7pv5_A,81,marinfold-exp232-decontam-train-m2-p06-step363000,single_seq,lm,,,,,,long,L/2,0.775,1349,41,40
foldbench_monomer,7pv5_A,81,marinfold-exp232-decontam-train-m2-p06-step363000,single_seq,lm,,,,,,long,L/5,0.9375,1349,41,16
foldbench_monomer,7pv5_A,81,marinfold-exp232-decontam-train-m2-p06-step363000,single_seq,lm,,,,,,long,R,0.7804878048780488,1349,41,41
foldbench_monomer,7pv5_A,81,marinfold-exp232-decontam-train-m2-p06-step363000,single_seq,lm,,,,,,long,AUC,0.9916088610427388,1349,41,1349
foldbench_monomer,7qp5_A,245,marinfold-exp232-decontam-train-m2-p06-step363000,single_seq,lm,,,,,,all,L,0.6530612244897959,27730,241,245
foldbench_monomer,7qp5_A,245,marinfold-exp232-decontam-train-m2-p06-step363000,single_seq,lm,,,,,,all,L/2,0.8278688524590164,27730,241,122
foldbench_monomer,7qp5_A,245,marinfold-exp232-decontam-train-m2-p06-step363000,single_seq,lm,,,,,,all,L/5,0.9183673469387756,27730,241,49
foldbench_monomer,7qp5_A,245,marinfold-exp232-decontam-train-m2-p06-step363000,single_seq,lm,,,,,,all,R,0.6556016597510373,27730,241,241
foldbench_monomer,7qp5_A,245,marinfold-exp232-decontam-train-m2-p06-step363000,single_seq,lm,,,,,,all,AUC,0.9924731869360344,27730,241,27730
foldbench_monomer,7qp5_A,245,marinfold-exp232-decontam-train-m2-p06-step363000,single_seq,lm,,,,,,short,L,0.1346938775510204,1395,34,245
foldbench_monomer,7qp5_A,245,marinfold-exp232-decontam-train-m2-p06-step363000,single_seq,lm,,,,,,short,L/2,0.2540983606557377,1395,34,122
foldbench_monomer,7qp5_A,245,marinfold-exp232-decontam-train-m2-p06-step363000,single_seq,lm,,,,,,short,L/5,0.5306122448979592,1395,34,49
foldbench_monomer,7qp5_A,245,marinfold-exp232-decontam-train-m2-p06-step363000,single_seq,lm,,,,,,short,R,0.6470588235294118,1395,34,34
foldbench_monomer,7qp5_A,245,marinfold-exp232-decontam-train-m2-p06-step363000,single_seq,lm,,,,,,short,AUC,0.9696914033798678,1395,34,1395
foldbench_monomer,7qp5_A,245,marinfold-exp232-decontam-train-m2-p06-step363000,single_seq,lm,,,,,,medium,L,0.1714285714285714,2682,42,245
foldbench_monomer,7qp5_A,245,marinfold-exp232-decontam-train-m2-p06-step363000,single_seq,lm,,,,,,medium,L/2,0.3114754098360656,2682,42,122
foldbench_monomer,7qp5_A,245,marinfold-exp232-decontam-train-m2-p06-step363000,single_seq,lm,,,,,,medium,L/5,0.6326530612244898,2682,42,49
foldbench_monomer,7qp5_A,245,marinfold-exp232-decontam-train-m2-p06-step363000,single_seq,lm,,,,,,medium,R,0.7142857142857143,2682,42,42
foldbench_monomer,7qp5_A,245,marinfold-exp232-decontam-train-m2-p06-step363000,single_seq,lm,,,,,,medium,AUC,0.9905212842712844,2682,42,2682
foldbench_monomer,7qp5_A,245,marinfold-exp232-decontam-train-m2-p06-step363000,single_seq,lm,,,,,,long,L,0.5142857142857142,23653,165,245
foldbench_monomer,7qp5_A,245,marinfold-exp232-decontam-train-m2-p06-step363000,single_seq,lm,,,,,,long,L/2,0.7295081967213115,23653,165,122
foldbench_monomer,7qp5_A,245,marinfold-exp232-decontam-train-m2-p06-step363000,single_seq,lm,,,,,,long,L/5,0.9183673469387756,23653,165,49
foldbench_monomer,7qp5_A,245,marinfold-exp232-decontam-train-m2-p06-step363000,single_seq,lm,,,,,,long,R,0.6606060606060606,23653,165,165
foldbench_monomer,7qp5_A,245,marinfold-exp232-decontam-train-m2-p06-step363000,single_seq,lm,,,,,,long,AUC,0.9956343922880028,23653,165,23653
foldbench_monomer,7qsj_A,373,marinfold-exp232-decontam-train-m2-p06-step363000,single_seq,lm,,,,,,all,L,0.6675603217158177,57970,347,373
foldbench_monomer,7qsj_A,373,marinfold-exp232-decontam-train-m2-p06-step363000,single_seq,lm,,,,,,all,L/2,0.8709677419354839,57970,347,186
foldbench_monomer,7qsj_A,373,marinfold-exp232-decontam-train-m2-p06-step363000,single_seq,lm,,,,,,all,L/5,0.945945945945946,57970,347,74
foldbench_monomer,7qsj_A,373,marinfold-exp232-decontam-train-m2-p06-step363000,single_seq,lm,,,,,,all,R,0.6945244956772334,57970,347,347
foldbench_monomer,7qsj_A,373,marinfold-exp232-decontam-train-m2-p06-step363000,single_seq,lm,,,,,,all,AUC,0.982027919627234,57970,347,57970
foldbench_monomer,7qsj_A,373,marinfold-exp232-decontam-train-m2-p06-step363000,single_seq,lm,,,,,,short,L,0.1501340482573726,2025,57,373
foldbench_monomer,7qsj_A,373,marinfold-exp232-decontam-train-m2-p06-step363000,single_seq,lm,,,,,,short,L/2,0.2849462365591398,2025,57,186
foldbench_monomer,7qsj_A,373,marinfold-exp232-decontam-train-m2-p06-step363000,single_seq,lm,,,,,,short,L/5,0.6216216216216216,2025,57,74
foldbench_monomer,7qsj_A,373,marinfold-exp232-decontam-train-m2-p06-step363000,single_seq,lm,,,,,,short,R,0.7719298245614035,2025,57,57
foldbench_monomer,7qsj_A,373,marinfold-exp232-decontam-train-m2-p06-step363000,single_seq,lm,,,,,,short,AUC,0.9787209385251748,2025,57,2025
foldbench_monomer,7qsj_A,373,marinfold-exp232-decontam-train-m2-p06-step363000,single_seq,lm,,,,,,medium,L,0.163538873994638,3942,64,373
foldbench_monomer,7qsj_A,373,marinfold-exp232-decontam-train-m2-p06-step363000,single_seq,lm,,,,,,medium,L/2,0.3225806451612903,3942,64,186
foldbench_monomer,7qsj_A,373,marinfold-exp232-decontam-train-m2-p06-step363000,single_seq,lm,,,,,,medium,L/5,0.6486486486486487,3942,64,74
foldbench_monomer,7qsj_A,373,marinfold-exp232-decontam-train-m2-p06-step363000,single_seq,lm,,,,,,medium,R,0.6875,3942,64,64
foldbench_monomer,7qsj_A,373,marinfold-exp232-decontam-train-m2-p06-step363000,single_seq,lm,,,,,,medium,AUC,0.9769875741361528,3942,64,3942
foldbench_monomer,7qsj_A,373,marinfold-exp232-decontam-train-m2-p06-step363000,single_seq,lm,,,,,,long,L,0.4825737265415549,52003,226,373
foldbench_monomer,7qsj_A,373,marinfold-exp232-decontam-train-m2-p06-step363000,single_seq,lm,,,,,,long,L/2,0.7473118279569892,52003,226,186
foldbench_monomer,7qsj_A,373,marinfold-exp232-decontam-train-m2-p06-step363000,single_seq,lm,,,,,,long,L/5,0.918918918918919,52003,226,74
foldbench_monomer,7qsj_A,373,marinfold-exp232-decontam-train-m2-p06-step363000,single_seq,lm,,,,,,long,R,0.6769911504424779,52003,226,226
foldbench_monomer,7qsj_A,373,marinfold-exp232-decontam-train-m2-p06-step363000,single_seq,lm,,,,,,long,AUC,0.9815794452759546,52003,226,52003
foldbench_monomer,7t9r_A,38,marinfold-exp232-decontam-train-m2-p06-step363000,single_seq,lm,,,,,,all,L,0.1842105263157894,528,24,38
foldbench_monomer,7t9r_A,38,marinfold-exp232-decontam-train-m2-p06-step363000,single_seq,lm,,,,,,all,L/2,0.2631578947368421,528,24,19
foldbench_monomer,7t9r_A,38,marinfold-exp232-decontam-train-m2-p06-step363000,single_seq,lm,,,,,,all,L/5,0.1428571428571428,528,24,7
foldbench_monomer,7t9r_A,38,marinfold-exp232-decontam-train-m2-p06-step363000,single_seq,lm,,,,,,all,R,0.25,528,24,24
foldbench_monomer,7t9r_A,38,marinfold-exp232-decontam-train-m2-p06-step363000,single_seq,lm,,,,,,all,AUC,0.7489252645502645,528,24,528
foldbench_monomer,7t9r_A,38,marinfold-exp232-decontam-train-m2-p06-step363000,single_seq,lm,,,,,,short,L,0.1052631578947368,177,7,38
foldbench_monomer,7t9r_A,38,marinfold-exp232-decontam-train-m2-p06-step363000,single_seq,lm,,,,,,short,L/2,0.0526315789473684,177,7,19
foldbench_monomer,7t9r_A,38,marinfold-exp232-decontam-train-m2-p06-step363000,single_seq,lm,,,,,,short,L/5,0.1428571428571428,177,7,7
foldbench_monomer,7t9r_A,38,marinfold-exp232-decontam-train-m2-p06-step363000,single_seq,lm,,,,,,short,R,0.1428571428571428,177,7,7
foldbench_monomer,7t9r_A,38,marinfold-exp232-decontam-train-m2-p06-step363000,single_seq,lm,,,,,,short,AUC,0.8,177,7,177
foldbench_monomer,7t9r_A,38,marinfold-exp232-decontam-train-m2-p06-step363000,single_seq,lm,,,,,,medium,L,0.1842105263157894,246,10,38
foldbench_monomer,7t9r_A,38,marinfold-exp232-decontam-train-m2-p06-step363000,single_seq,lm,,,,,,medium,L/2,0.2631578947368421,246,10,19
foldbench_monomer,7t9r_A,38,marinfold-exp232-decontam-train-m2-p06-step363000,single_seq,lm,,,,,,medium,L/5,0.4285714285714285,246,10,7
foldbench_monomer,7t9r_A,38,marinfold-exp232-decontam-train-m2-p06-step363000,single_seq,lm,,,,,,medium,R,0.3,246,10,10
foldbench_monomer,7t9r_A,38,marinfold-exp232-decontam-train-m2-p06-step363000,single_seq,lm,,,,,,medium,AUC,0.9108050847457628,246,10,246
foldbench_monomer,7t9r_A,38,marinfold-exp232-decontam-train-m2-p06-step363000,single_seq,lm,,,,,,long,L,0.0526315789473684,105,7,38
foldbench_monomer,7t9r_A,38,marinfold-exp232-decontam-train-m2-p06-step363000,single_seq,lm,,,,,,long,L/2,0.0526315789473684,105,7,19
foldbench_monomer,7t9r_A,38,marinfold-exp232-decontam-train-m2-p06-step363000,single_seq,lm,,,,,,long,L/5,0.1428571428571428,105,7,7
foldbench_monomer,7t9r_A,38,marinfold-exp232-decontam-train-m2-p06-step363000,single_seq,lm,,,,,,long,R,0.1428571428571428,105,7,7
foldbench_monomer,7t9r_A,38,marinfold-exp232-decontam-train-m2-p06-step363000,single_seq,lm,,,,,,long,AUC,0.4467930029154519,105,7,105
foldbench_monomer,7tlh_A,136,marinfold-exp232-decontam-train-m2-p06-step363000,single_seq,lm,,,,,,all,L,0.4191176470588235,7021,114,136
foldbench_monomer,7tlh_A,136,marinfold-exp232-decontam-train-m2-p06-step363000,single_seq,lm,,,,,,all,L/2,0.5588235294117647,7021,114,68
foldbench_monomer,7tlh_A,136,marinfold-exp232-decontam-train-m2-p06-step363000,single_seq,lm,,,,,,all,L/5,0.7777777777777778,7021,114,27
foldbench_monomer,7tlh_A,136,marinfold-exp232-decontam-train-m2-p06-step363000,single_seq,lm,,,,,,all,R,0.4385964912280701,7021,114,114
foldbench_monomer,7tlh_A,136,marinfold-exp232-decontam-train-m2-p06-step363000,single_seq,lm,,,,,,all,AUC,0.9717309416584752,7021,114,7021
foldbench_monomer,7tlh_A,136,marinfold-exp232-decontam-train-m2-p06-step363000,single_seq,lm,,,,,,short,L,0.0808823529411764,693,13,136
foldbench_monomer,7tlh_A,136,marinfold-exp232-decontam-train-m2-p06-step363000,single_seq,lm,,,,,,short,L/2,0.1470588235294117,693,13,68
foldbench_monomer,7tlh_A,136,marinfold-exp232-decontam-train-m2-p06-step363000,single_seq,lm,,,,,,short,L/5,0.3703703703703703,693,13,27
foldbench_monomer,7tlh_A,136,marinfold-exp232-decontam-train-m2-p06-step363000,single_seq,lm,,,,,,short,R,0.5384615384615384,693,13,13
foldbench_monomer,7tlh_A,136,marinfold-exp232-decontam-train-m2-p06-step363000,single_seq,lm,,,,,,short,AUC,0.9230203619909502,693,13,693
foldbench_monomer,7tlh_A,136,marinfold-exp232-decontam-train-m2-p06-step363000,single_seq,lm,,,,,,medium,L,0.1470588235294117,1278,24,136
foldbench_monomer,7tlh_A,136,marinfold-exp232-decontam-train-m2-p06-step363000,single_seq,lm,,,,,,medium,L/2,0.25,1278,24,68
foldbench_monomer,7tlh_A,136,marinfold-exp232-decontam-train-m2-p06-step363000,single_seq,lm,,,,,,medium,L/5,0.4074074074074074,1278,24,27
foldbench_monomer,7tlh_A,136,marinfold-exp232-decontam-train-m2-p06-step363000,single_seq,lm,,,,,,medium,R,0.4583333333333333,1278,24,24
foldbench_monomer,7tlh_A,136,marinfold-exp232-decontam-train-m2-p06-step363000,single_seq,lm,,,,,,medium,AUC,0.9627525252525252,1278,24,1278
foldbench_monomer,7tlh_A,136,marinfold-exp232-decontam-train-m2-p06-step363000,single_seq,lm,,,,,,long,L,0.3529411764705882,5050,77,136
foldbench_monomer,7tlh_A,136,marinfold-exp232-decontam-train-m2-p06-step363000,single_seq,lm,,,,,,long,L/2,0.4558823529411764,5050,77,68
foldbench_monomer,7tlh_A,136,marinfold-exp232-decontam-train-m2-p06-step363000,single_seq,lm,,,,,,long,L/5,0.5925925925925926,5050,77,27
foldbench_monomer,7tlh_A,136,marinfold-exp232-decontam-train-m2-p06-step363000,single_seq,lm,,,,,,long,R,0.4415584415584415,5050,77,77
foldbench_monomer,7tlh_A,136,marinfold-exp232-decontam-train-m2-p06-step363000,single_seq,lm,,,,,,long,AUC,0.9817599452628608,5050,77,5050
foldbench_monomer,7tjb_A,227,marinfold-exp232-decontam-train-m2-p06-step363000,single_seq,lm,,,,,,all,L,0.7048458149779736,23436,201,227
foldbench_monomer,7tjb_A,227,marinfold-exp232-decontam-train-m2-p06-step363000,single_seq,lm,,,,,,all,L/2,0.911504424778761,23436,201,113
foldbench_monomer,7tjb_A,227,marinfold-exp232-decontam-train-m2-p06-step363000,single_seq,lm,,,,,,all,L/5,1.0,23436,201,45
foldbench_monomer,7tjb_A,227,marinfold-exp232-decontam-train-m2-p06-step363000,single_seq,lm,,,,,,all,R,0.736318407960199,23436,201,201
foldbench_monomer,7tjb_A,227,marinfold-exp232-decontam-train-m2-p06-step363000,single_seq,lm,,,,,,all,AUC,0.9876131500877364,23436,201,23436
foldbench_monomer,7tjb_A,227,marinfold-exp232-decontam-train-m2-p06-step363000,single_seq,lm,,,,,,short,L,0.1497797356828193,1281,34,227
foldbench_monomer,7tjb_A,227,marinfold-exp232-decontam-train-m2-p06-step363000,single_seq,lm,,,,,,short,L/2,0.2920353982300885,1281,34,113
foldbench_monomer,7tjb_A,227,marinfold-exp232-decontam-train-m2-p06-step363000,single_seq,lm,,,,,,short,L/5,0.6888888888888889,1281,34,45
foldbench_monomer,7tjb_A,227,marinfold-exp232-decontam-train-m2-p06-step363000,single_seq,lm,,,,,,short,R,0.7352941176470589,1281,34,34
foldbench_monomer,7tjb_A,227,marinfold-exp232-decontam-train-m2-p06-step363000,single_seq,lm,,,,,,short,AUC,0.9920043398273504,1281,34,1281
foldbench_monomer,7tjb_A,227,marinfold-exp232-decontam-train-m2-p06-step363000,single_seq,lm,,,,,,medium,L,0.145374449339207,2454,33,227
foldbench_monomer,7tjb_A,227,marinfold-exp232-decontam-train-m2-p06-step363000,single_seq,lm,,,,,,medium,L/2,0.2920353982300885,2454,33,113
foldbench_monomer,7tjb_A,227,marinfold-exp232-decontam-train-m2-p06-step363000,single_seq,lm,,,,,,medium,L/5,0.6666666666666666,2454,33,45
foldbench_monomer,7tjb_A,227,marinfold-exp232-decontam-train-m2-p06-step363000,single_seq,lm,,,,,,medium,R,0.8181818181818182,2454,33,33
foldbench_monomer,7tjb_A,227,marinfold-exp232-decontam-train-m2-p06-step363000,single_seq,lm,,,,,,medium,AUC,0.9978095703002768,2454,33,2454
foldbench_monomer,7tjb_A,227,marinfold-exp232-decontam-train-m2-p06-step363000,single_seq,lm,,,,,,long,L,0.5242290748898678,19701,134,227
foldbench_monomer,7tjb_A,227,marinfold-exp232-decontam-train-m2-p06-step363000,single_seq,lm,,,,,,long,L/2,0.7787610619469026,19701,134,113
foldbench_monomer,7tjb_A,227,marinfold-exp232-decontam-train-m2-p06-step363000,single_seq,lm,,,,,,long,L/5,1.0,19701,134,45
foldbench_monomer,7tjb_A,227,marinfold-exp232-decontam-train-m2-p06-step363000,single_seq,lm,,,,,,long,R,0.7238805970149254,19701,134,134
foldbench_monomer,7tjb_A,227,marinfold-exp232-decontam-train-m2-p06-step363000,single_seq,lm,,,,,,long,AUC,0.9829176675014054,19701,134,19701
foldbench_monomer,7uba_A,213,marinfold-exp232-decontam-train-m2-p06-step363000,single_seq,lm,,,,,,all,L,0.244131455399061,16486,208,213
foldbench_monomer,7uba_A,213,marinfold-exp232-decontam-train-m2-p06-step363000,single_seq,lm,,,,,,all,L/2,0.4056603773584906,16486,208,106
foldbench_monomer,7uba_A,213,marinfold-exp232-decontam-train-m2-p06-step363000,single_seq,lm,,,,,,all,L/5,0.5952380952380952,16486,208,42
foldbench_monomer,7uba_A,213,marinfold-exp232-decontam-train-m2-p06-step363000,single_seq,lm,,,,,,all,R,0.2451923076923076,16486,208,208
foldbench_monomer,7uba_A,213,marinfold-exp232-decontam-train-m2-p06-step363000,single_seq,lm,,,,,,all,AUC,0.7931262818150028,16486,208,16486
foldbench_monomer,7uba_A,213,marinfold-exp232-decontam-train-m2-p06-step363000,single_seq,lm,,,,,,short,L,0.0845070422535211,1020,23,213
foldbench_monomer,7uba_A,213,marinfold-exp232-decontam-train-m2-p06-step363000,single_seq,lm,,,,,,short,L/2,0.1415094339622641,1020,23,106
foldbench_monomer,7uba_A,213,marinfold-exp232-decontam-train-m2-p06-step363000,single_seq,lm,,,,,,short,L/5,0.2857142857142857,1020,23,42
foldbench_monomer,7uba_A,213,marinfold-exp232-decontam-train-m2-p06-step363000,single_seq,lm,,,,,,short,R,0.4347826086956521,1020,23,23
foldbench_monomer,7uba_A,213,marinfold-exp232-decontam-train-m2-p06-step363000,single_seq,lm,,,,,,short,AUC,0.8855261436483363,1020,23,1020
foldbench_monomer,7uba_A,213,marinfold-exp232-decontam-train-m2-p06-step363000,single_seq,lm,,,,,,medium,L,0.1267605633802817,1834,48,213
foldbench_monomer,7uba_A,213,marinfold-exp232-decontam-train-m2-p06-step363000,single_seq,lm,,,,,,medium,L/2,0.1886792452830188,1834,48,106
foldbench_monomer,7uba_A,213,marinfold-exp232-decontam-train-m2-p06-step363000,single_seq,lm,,,,,,medium,L/5,0.4285714285714285,1834,48,42
foldbench_monomer,7uba_A,213,marinfold-exp232-decontam-train-m2-p06-step363000,single_seq,lm,,,,,,medium,R,0.375,1834,48,48
foldbench_monomer,7uba_A,213,marinfold-exp232-decontam-train-m2-p06-step363000,single_seq,lm,,,,,,medium,AUC,0.8550006998880179,1834,48,1834
foldbench_monomer,7uba_A,213,marinfold-exp232-decontam-train-m2-p06-step363000,single_seq,lm,,,,,,long,L,0.1408450704225352,13632,137,213
foldbench_monomer,7uba_A,213,marinfold-exp232-decontam-train-m2-p06-step363000,single_seq,lm,,,,,,long,L/2,0.2452830188679245,13632,137,106
foldbench_monomer,7uba_A,213,marinfold-exp232-decontam-train-m2-p06-step363000,single_seq,lm,,,,,,long,L/5,0.4285714285714285,13632,137,42
foldbench_monomer,7uba_A,213,marinfold-exp232-decontam-train-m2-p06-step363000,single_seq,lm,,,,,,long,R,0.1970802919708029,13632,137,137
foldbench_monomer,7uba_A,213,marinfold-exp232-decontam-train-m2-p06-step363000,single_seq,lm,,,,,,long,AUC,0.7445861267893218,13632,137,13632
foldbench_monomer,7uk8_A,394,marinfold-exp232-decontam-train-m2-p06-step363000,single_seq,lm,,,,,,all,L,0.6675126903553299,71279,526,394
foldbench_monomer,7uk8_A,394,marinfold-exp232-decontam-train-m2-p06-step363000,single_seq,lm,,,,,,all,L/2,0.8324873096446701,71279,526,197
foldbench_monomer,7uk8_A,394,marinfold-exp232-decontam-train-m2-p06-step363000,single_seq,lm,,,,,,all,L/5,0.9487179487179488,71279,526,78
foldbench_monomer,7uk8_A,394,marinfold-exp232-decontam-train-m2-p06-step363000,single_seq,lm,,,,,,all,R,0.5874524714828897,71279,526,526
foldbench_monomer,7uk8_A,394,marinfold-exp232-decontam-train-m2-p06-step363000,single_seq,lm,,,,,,all,AUC,0.9803772579152482,71279,526,71279
foldbench_monomer,7uk8_A,394,marinfold-exp232-decontam-train-m2-p06-step363000,single_seq,lm,,,,,,short,L,0.1319796954314721,2205,52,394
foldbench_monomer,7uk8_A,394,marinfold-exp232-decontam-train-m2-p06-step363000,single_seq,lm,,,,,,short,L/2,0.2538071065989847,2205,52,197
foldbench_monomer,7uk8_A,394,marinfold-exp232-decontam-train-m2-p06-step363000,single_seq,lm,,,,,,short,L/5,0.4871794871794871,2205,52,78
foldbench_monomer,7uk8_A,394,marinfold-exp232-decontam-train-m2-p06-step363000,single_seq,lm,,,,,,short,R,0.6346153846153846,2205,52,52
foldbench_monomer,7uk8_A,394,marinfold-exp232-decontam-train-m2-p06-step363000,single_seq,lm,,,,,,short,AUC,0.985275465361392,2205,52,2205
foldbench_monomer,7uk8_A,394,marinfold-exp232-decontam-train-m2-p06-step363000,single_seq,lm,,,,,,medium,L,0.1903553299492385,4314,76,394
foldbench_monomer,7uk8_A,394,marinfold-exp232-decontam-train-m2-p06-step363000,single_seq,lm,,,,,,medium,L/2,0.3553299492385787,4314,76,197
foldbench_monomer,7uk8_A,394,marinfold-exp232-decontam-train-m2-p06-step363000,single_seq,lm,,,,,,medium,L/5,0.6410256410256411,4314,76,78
foldbench_monomer,7uk8_A,394,marinfold-exp232-decontam-train-m2-p06-step363000,single_seq,lm,,,,,,medium,R,0.6447368421052632,4314,76,76
foldbench_monomer,7uk8_A,394,marinfold-exp232-decontam-train-m2-p06-step363000,single_seq,lm,,,,,,medium,AUC,0.9915985693350886,4314,76,4314
foldbench_monomer,7uk8_A,394,marinfold-exp232-decontam-train-m2-p06-step363000,single_seq,lm,,,,,,long,L,0.5761421319796954,64760,398,394
foldbench_monomer,7uk8_A,394,marinfold-exp232-decontam-train-m2-p06-step363000,single_seq,lm,,,,,,long,L/2,0.751269035532995,64760,398,197
foldbench_monomer,7uk8_A,394,marinfold-exp232-decontam-train-m2-p06-step363000,single_seq,lm,,,,,,long,L/5,0.935897435897436,64760,398,78
foldbench_monomer,7uk8_A,394,marinfold-exp232-decontam-train-m2-p06-step363000,single_seq,lm,,,,,,long,R,0.5703517587939698,64760,398,398
foldbench_monomer,7uk8_A,394,marinfold-exp232-decontam-train-m2-p06-step363000,single_seq,lm,,,,,,long,AUC,0.976297579691753,64760,398,64760
foldbench_monomer,7ur2_A,195,marinfold-exp232-decontam-train-m2-p06-step363000,single_seq,lm,,,,,,all,L,0.3948717948717948,11959,137,195
foldbench_monomer,7ur2_A,195,marinfold-exp232-decontam-train-m2-p06-step363000,single_seq,lm,,,,,,all,L/2,0.5051546391752577,11959,137,97
foldbench_monomer,7ur2_A,195,marinfold-exp232-decontam-train-m2-p06-step363000,single_seq,lm,,,,,,all,L/5,0.6410256410256411,11959,137,39
foldbench_monomer,7ur2_A,195,marinfold-exp232-decontam-train-m2-p06-step363000,single_seq,lm,,,,,,all,R,0.4306569343065693,11959,137,137
foldbench_monomer,7ur2_A,195,marinfold-exp232-decontam-train-m2-p06-step363000,single_seq,lm,,,,,,all,AUC,0.967985890465259,11959,137,11959
foldbench_monomer,7ur2_A,195,marinfold-exp232-decontam-train-m2-p06-step363000,single_seq,lm,,,,,,short,L,0.0564102564102564,846,11,195
foldbench_monomer,7ur2_A,195,marinfold-exp232-decontam-train-m2-p06-step363000,single_seq,lm,,,,,,short,L/2,0.1030927835051546,846,11,97
foldbench_monomer,7ur2_A,195,marinfold-exp232-decontam-train-m2-p06-step363000,single_seq,lm,,,,,,short,L/5,0.2051282051282051,846,11,39
foldbench_monomer,7ur2_A,195,marinfold-exp232-decontam-train-m2-p06-step363000,single_seq,lm,,,,,,short,R,0.5454545454545454,846,11,11
foldbench_monomer,7ur2_A,195,marinfold-exp232-decontam-train-m2-p06-step363000,single_seq,lm,,,,,,short,AUC,0.9670114316820904,846,11,846
foldbench_monomer,7ur2_A,195,marinfold-exp232-decontam-train-m2-p06-step363000,single_seq,lm,,,,,,medium,L,0.0717948717948717,1542,14,195
foldbench_monomer,7ur2_A,195,marinfold-exp232-decontam-train-m2-p06-step363000,single_seq,lm,,,,,,medium,L/2,0.134020618556701,1542,14,97
foldbench_monomer,7ur2_A,195,marinfold-exp232-decontam-train-m2-p06-step363000,single_seq,lm,,,,,,medium,L/5,0.282051282051282,1542,14,39
foldbench_monomer,7ur2_A,195,marinfold-exp232-decontam-train-m2-p06-step363000,single_seq,lm,,,,,,medium,R,0.3571428571428571,1542,14,14
foldbench_monomer,7ur2_A,195,marinfold-exp232-decontam-train-m2-p06-step363000,single_seq,lm,,,,,,medium,AUC,0.982353216155572,1542,14,1542
foldbench_monomer,7ur2_A,195,marinfold-exp232-decontam-train-m2-p06-step363000,single_seq,lm,,,,,,long,L,0.3641025641025641,9571,112,195
foldbench_monomer,7ur2_A,195,marinfold-exp232-decontam-train-m2-p06-step363000,single_seq,lm,,,,,,long,L/2,0.4639175257731959,9571,112,97
foldbench_monomer,7ur2_A,195,marinfold-exp232-decontam-train-m2-p06-step363000,single_seq,lm,,,,,,long,L/5,0.5897435897435898,9571,112,39
foldbench_monomer,7ur2_A,195,marinfold-exp232-decontam-train-m2-p06-step363000,single_seq,lm,,,,,,long,R,0.4375,9571,112,112
foldbench_monomer,7ur2_A,195,marinfold-exp232-decontam-train-m2-p06-step363000,single_seq,lm,,,,,,long,AUC,0.9666441068974372,9571,112,9571
foldbench_monomer,7urp_A,160,marinfold-exp232-decontam-train-m2-p06-step363000,single_seq,lm,,,,,,all,L,0.375,11781,134,160
foldbench_monomer,7urp_A,160,marinfold-exp232-decontam-train-m2-p06-step363000,single_seq,lm,,,,,,all,L/2,0.6125,11781,134,80
foldbench_monomer,7urp_A,160,marinfold-exp232-decontam-train-m2-p06-step363000,single_seq,lm,,,,,,all,L/5,0.8125,11781,134,32
foldbench_monomer,7urp_A,160,marinfold-exp232-decontam-train-m2-p06-step363000,single_seq,lm,,,,,,all,R,0.4253731343283582,11781,134,134
foldbench_monomer,7urp_A,160,marinfold-exp232-decontam-train-m2-p06-step363000,single_seq,lm,,,,,,all,AUC,0.8847288200535914,11781,134,11781
foldbench_monomer,7urp_A,160,marinfold-exp232-decontam-train-m2-p06-step363000,single_seq,lm,,,,,,short,L,0.075,903,12,160
foldbench_monomer,7urp_A,160,marinfold-exp232-decontam-train-m2-p06-step363000,single_seq,lm,,,,,,short,L/2,0.125,903,12,80
foldbench_monomer,7urp_A,160,marinfold-exp232-decontam-train-m2-p06-step363000,single_seq,lm,,,,,,short,L/5,0.25,903,12,32
foldbench_monomer,7urp_A,160,marinfold-exp232-decontam-train-m2-p06-step363000,single_seq,lm,,,,,,short,R,0.5,903,12,12
foldbench_monomer,7urp_A,160,marinfold-exp232-decontam-train-m2-p06-step363000,single_seq,lm,,,,,,short,AUC,0.9724092779648336,903,12,903
foldbench_monomer,7urp_A,160,marinfold-exp232-decontam-train-m2-p06-step363000,single_seq,lm,,,,,,medium,L,0.1125,1698,24,160
foldbench_monomer,7urp_A,160,marinfold-exp232-decontam-train-m2-p06-step363000,single_seq,lm,,,,,,medium,L/2,0.1375,1698,24,80
foldbench_monomer,7urp_A,160,marinfold-exp232-decontam-train-m2-p06-step363000,single_seq,lm,,,,,,medium,L/5,0.25,1698,24,32
foldbench_monomer,7urp_A,160,marinfold-exp232-decontam-train-m2-p06-step363000,single_seq,lm,,,,,,medium,R,0.1666666666666666,1698,24,24
foldbench_monomer,7urp_A,160,marinfold-exp232-decontam-train-m2-p06-step363000,single_seq,lm,,,,,,medium,AUC,0.885665571485464,1698,24,1698
foldbench_monomer,7urp_A,160,marinfold-exp232-decontam-train-m2-p06-step363000,single_seq,lm,,,,,,long,L,0.34375,9180,98,160
foldbench_monomer,7urp_A,160,marinfold-exp232-decontam-train-m2-p06-step363000,single_seq,lm,,,,,,long,L/2,0.55,9180,98,80
foldbench_monomer,7urp_A,160,marinfold-exp232-decontam-train-m2-p06-step363000,single_seq,lm,,,,,,long,L/5,0.84375,9180,98,32
foldbench_monomer,7urp_A,160,marinfold-exp232-decontam-train-m2-p06-step363000,single_seq,lm,,,,,,long,R,0.4795918367346938,9180,98,98
foldbench_monomer,7urp_A,160,marinfold-exp232-decontam-train-m2-p06-step363000,single_seq,lm,,,,,,long,AUC,0.8720180981443447,9180,98,9180
foldbench_monomer,7uvg_A,183,marinfold-exp232-decontam-train-m2-p06-step363000,single_seq,lm,,,,,,all,L,0.4098360655737705,12894,178,183
foldbench_monomer,7uvg_A,183,marinfold-exp232-decontam-train-m2-p06-step363000,single_seq,lm,,,,,,all,L/2,0.5604395604395604,12894,178,91
foldbench_monomer,7uvg_A,183,marinfold-exp232-decontam-train-m2-p06-step363000,single_seq,lm,,,,,,all,L/5,0.75,12894,178,36
foldbench_monomer,7uvg_A,183,marinfold-exp232-decontam-train-m2-p06-step363000,single_seq,lm,,,,,,all,R,0.4157303370786517,12894,178,178
foldbench_monomer,7uvg_A,183,marinfold-exp232-decontam-train-m2-p06-step363000,single_seq,lm,,,,,,all,AUC,0.8696356178714951,12894,178,12894
foldbench_monomer,7uvg_A,183,marinfold-exp232-decontam-train-m2-p06-step363000,single_seq,lm,,,,,,short,L,0.1147540983606557,921,23,183
foldbench_monomer,7uvg_A,183,marinfold-exp232-decontam-train-m2-p06-step363000,single_seq,lm,,,,,,short,L/2,0.2087912087912088,921,23,91
foldbench_monomer,7uvg_A,183,marinfold-exp232-decontam-train-m2-p06-step363000,single_seq,lm,,,,,,short,L/5,0.3888888888888889,921,23,36
foldbench_monomer,7uvg_A,183,marinfold-exp232-decontam-train-m2-p06-step363000,single_seq,lm,,,,,,short,R,0.4782608695652174,921,23,23
foldbench_monomer,7uvg_A,183,marinfold-exp232-decontam-train-m2-p06-step363000,single_seq,lm,,,,,,short,AUC,0.9360898615280332,921,23,921
foldbench_monomer,7uvg_A,183,marinfold-exp232-decontam-train-m2-p06-step363000,single_seq,lm,,,,,,medium,L,0.0928961748633879,1740,27,183
foldbench_monomer,7uvg_A,183,marinfold-exp232-decontam-train-m2-p06-step363000,single_seq,lm,,,,,,medium,L/2,0.1538461538461538,1740,27,91
foldbench_monomer,7uvg_A,183,marinfold-exp232-decontam-train-m2-p06-step363000,single_seq,lm,,,,,,medium,L/5,0.2777777777777778,1740,27,36
foldbench_monomer,7uvg_A,183,marinfold-exp232-decontam-train-m2-p06-step363000,single_seq,lm,,,,,,medium,R,0.2962962962962963,1740,27,27
foldbench_monomer,7uvg_A,183,marinfold-exp232-decontam-train-m2-p06-step363000,single_seq,lm,,,,,,medium,AUC,0.9069857949017316,1740,27,1740
foldbench_monomer,7uvg_A,183,marinfold-exp232-decontam-train-m2-p06-step363000,single_seq,lm,,,,,,long,L,0.3551912568306011,10233,128,183
foldbench_monomer,7uvg_A,183,marinfold-exp232-decontam-train-m2-p06-step363000,single_seq,lm,,,,,,long,L/2,0.4945054945054945,10233,128,91
foldbench_monomer,7uvg_A,183,marinfold-exp232-decontam-train-m2-p06-step363000,single_seq,lm,,,,,,long,L/5,0.8333333333333334,10233,128,36
foldbench_monomer,7uvg_A,183,marinfold-exp232-decontam-train-m2-p06-step363000,single_seq,lm,,,,,,long,R,0.4296875,10233,128,128
foldbench_monomer,7uvg_A,183,marinfold-exp232-decontam-train-m2-p06-step363000,single_seq,lm,,,,,,long,AUC,0.8462394854032657,10233,128,10233
foldbench_monomer,7uww_A,635,marinfold-exp232-decontam-train-m2-p06-step363000,single_seq,lm,,,,,,all,L,0.4267716535433071,196251,693,635
foldbench_monomer,7uww_A,635,marinfold-exp232-decontam-train-m2-p06-step363000,single_seq,lm,,,,,,all,L/2,0.6277602523659306,196251,693,317
foldbench_monomer,7uww_A,635,marinfold-exp232-decontam-train-m2-p06-step363000,single_seq,lm,,,,,,all,L/5,0.8582677165354331,196251,693,127
foldbench_monomer,7uww_A,635,marinfold-exp232-decontam-train-m2-p06-step363000,single_seq,lm,,,,,,all,R,0.3997113997113997,196251,693,693
foldbench_monomer,7uww_A,635,marinfold-exp232-decontam-train-m2-p06-step363000,single_seq,lm,,,,,,all,AUC,0.9140615634571392,196251,693,196251
foldbench_monomer,7uww_A,635,marinfold-exp232-decontam-train-m2-p06-step363000,single_seq,lm,,,,,,short,L,0.1322834645669291,3741,96,635
foldbench_monomer,7uww_A,635,marinfold-exp232-decontam-train-m2-p06-step363000,single_seq,lm,,,,,,short,L/2,0.2334384858044164,3741,96,317
foldbench_monomer,7uww_A,635,marinfold-exp232-decontam-train-m2-p06-step363000,single_seq,lm,,,,,,short,L/5,0.4488188976377952,3741,96,127
foldbench_monomer,7uww_A,635,marinfold-exp232-decontam-train-m2-p06-step363000,single_seq,lm,,,,,,short,R,0.5625,3741,96,96
foldbench_monomer,7uww_A,635,marinfold-exp232-decontam-train-m2-p06-step363000,single_seq,lm,,,,,,short,AUC,0.9460290923639688,3741,96,3741
foldbench_monomer,7uww_A,635,marinfold-exp232-decontam-train-m2-p06-step363000,single_seq,lm,,,,,,medium,L,0.137007874015748,7374,123,635
foldbench_monomer,7uww_A,635,marinfold-exp232-decontam-train-m2-p06-step363000,single_seq,lm,,,,,,medium,L/2,0.252365930599369,7374,123,317
foldbench_monomer,7uww_A,635,marinfold-exp232-decontam-train-m2-p06-step363000,single_seq,lm,,,,,,medium,L/5,0.4803149606299212,7374,123,127
foldbench_monomer,7uww_A,635,marinfold-exp232-decontam-train-m2-p06-step363000,single_seq,lm,,,,,,medium,R,0.4959349593495935,7374,123,123
foldbench_monomer,7uww_A,635,marinfold-exp232-decontam-train-m2-p06-step363000,single_seq,lm,,,,,,medium,AUC,0.9073124761036604,7374,123,7374
foldbench_monomer,7uww_A,635,marinfold-exp232-decontam-train-m2-p06-step363000,single_seq,lm,,,,,,long,L,0.2960629921259842,185136,474,635
foldbench_monomer,7uww_A,635,marinfold-exp232-decontam-train-m2-p06-step363000,single_seq,lm,,,,,,long,L/2,0.4542586750788643,185136,474,317
foldbench_monomer,7uww_A,635,marinfold-exp232-decontam-train-m2-p06-step363000,single_seq,lm,,,,,,long,L/5,0.6929133858267716,185136,474,127
foldbench_monomer,7uww_A,635,marinfold-exp232-decontam-train-m2-p06-step363000,single_seq,lm,,,,,,long,R,0.3417721518987341,185136,474,474
foldbench_monomer,7uww_A,635,marinfold-exp232-decontam-train-m2-p06-step363000,single_seq,lm,,,,,,long,AUC,0.8958626690607316,185136,474,185136
foldbench_monomer,7v3o_A,328,marinfold-exp232-decontam-train-m2-p06-step363000,single_seq,lm,,,,,,all,L,0.3841463414634146,36865,272,328
foldbench_monomer,7v3o_A,328,marinfold-exp232-decontam-train-m2-p06-step363000,single_seq,lm,,,,,,all,L/2,0.6036585365853658,36865,272,164
foldbench_monomer,7v3o_A,328,marinfold-exp232-decontam-train-m2-p06-step363000,single_seq,lm,,,,,,all,L/5,0.7538461538461538,36865,272,65
foldbench_monomer,7v3o_A,328,marinfold-exp232-decontam-train-m2-p06-step363000,single_seq,lm,,,,,,all,R,0.4154411764705882,36865,272,272
foldbench_monomer,7v3o_A,328,marinfold-exp232-decontam-train-m2-p06-step363000,single_seq,lm,,,,,,all,AUC,0.9591076664453664,36865,272,36865
foldbench_monomer,7v3o_A,328,marinfold-exp232-decontam-train-m2-p06-step363000,single_seq,lm,,,,,,short,L,0.1219512195121951,1599,47,328
foldbench_monomer,7v3o_A,328,marinfold-exp232-decontam-train-m2-p06-step363000,single_seq,lm,,,,,,short,L/2,0.2012195121951219,1599,47,164
foldbench_monomer,7v3o_A,328,marinfold-exp232-decontam-train-m2-p06-step363000,single_seq,lm,,,,,,short,L/5,0.3230769230769231,1599,47,65
foldbench_monomer,7v3o_A,328,marinfold-exp232-decontam-train-m2-p06-step363000,single_seq,lm,,,,,,short,R,0.3617021276595745,1599,47,47
foldbench_monomer,7v3o_A,328,marinfold-exp232-decontam-train-m2-p06-step363000,single_seq,lm,,,,,,short,AUC,0.9144000877385392,1599,47,1599
foldbench_monomer,7v3o_A,328,marinfold-exp232-decontam-train-m2-p06-step363000,single_seq,lm,,,,,,medium,L,0.0884146341463414,3090,38,328
foldbench_monomer,7v3o_A,328,marinfold-exp232-decontam-train-m2-p06-step363000,single_seq,lm,,,,,,medium,L/2,0.1097560975609756,3090,38,164
foldbench_monomer,7v3o_A,328,marinfold-exp232-decontam-train-m2-p06-step363000,single_seq,lm,,,,,,medium,L/5,0.1692307692307692,3090,38,65
foldbench_monomer,7v3o_A,328,marinfold-exp232-decontam-train-m2-p06-step363000,single_seq,lm,,,,,,medium,R,0.2631578947368421,3090,38,38
foldbench_monomer,7v3o_A,328,marinfold-exp232-decontam-train-m2-p06-step363000,single_seq,lm,,,,,,medium,AUC,0.8744524729254328,3090,38,3090
foldbench_monomer,7v3o_A,328,marinfold-exp232-decontam-train-m2-p06-step363000,single_seq,lm,,,,,,long,L,0.3323170731707317,32176,187,328
foldbench_monomer,7v3o_A,328,marinfold-exp232-decontam-train-m2-p06-step363000,single_seq,lm,,,,,,long,L/2,0.5182926829268293,32176,187,164
foldbench_monomer,7v3o_A,328,marinfold-exp232-decontam-train-m2-p06-step363000,single_seq,lm,,,,,,long,L/5,0.7076923076923077,32176,187,65
foldbench_monomer,7v3o_A,328,marinfold-exp232-decontam-train-m2-p06-step363000,single_seq,lm,,,,,,long,R,0.46524064171123,32176,187,187
foldbench_monomer,7v3o_A,328,marinfold-exp232-decontam-train-m2-p06-step363000,single_seq,lm,,,,,,long,AUC,0.97406093638806,32176,187,32176
foldbench_monomer,7w15_A,302,marinfold-exp232-decontam-train-m2-p06-step363000,single_seq,lm,,,,,,all,L,0.7052980132450332,41328,303,302
foldbench_monomer,7w15_A,302,marinfold-exp232-decontam-train-m2-p06-step363000,single_seq,lm,,,,,,all,L/2,0.8410596026490066,41328,303,151
foldbench_monomer,7w15_A,302,marinfold-exp232-decontam-train-m2-p06-step363000,single_seq,lm,,,,,,all,L/5,0.95,41328,303,60
foldbench_monomer,7w15_A,302,marinfold-exp232-decontam-train-m2-p06-step363000,single_seq,lm,,,,,,all,R,0.7029702970297029,41328,303,303
foldbench_monomer,7w15_A,302,marinfold-exp232-decontam-train-m2-p06-step363000,single_seq,lm,,,,,,all,AUC,0.9850428077542672,41328,303,41328
foldbench_monomer,7w15_A,302,marinfold-exp232-decontam-train-m2-p06-step363000,single_seq,lm,,,,,,short,L,0.1556291390728476,1707,47,302
foldbench_monomer,7w15_A,302,marinfold-exp232-decontam-train-m2-p06-step363000,single_seq,lm,,,,,,short,L/2,0.304635761589404,1707,47,151
foldbench_monomer,7w15_A,302,marinfold-exp232-decontam-train-m2-p06-step363000,single_seq,lm,,,,,,short,L/5,0.6166666666666667,1707,47,60
foldbench_monomer,7w15_A,302,marinfold-exp232-decontam-train-m2-p06-step363000,single_seq,lm,,,,,,short,R,0.6595744680851063,1707,47,47
foldbench_monomer,7w15_A,302,marinfold-exp232-decontam-train-m2-p06-step363000,single_seq,lm,,,,,,short,AUC,0.988265829274545,1707,47,1707
foldbench_monomer,7w15_A,302,marinfold-exp232-decontam-train-m2-p06-step363000,single_seq,lm,,,,,,medium,L,0.1854304635761589,3306,59,302
foldbench_monomer,7w15_A,302,marinfold-exp232-decontam-train-m2-p06-step363000,single_seq,lm,,,,,,medium,L/2,0.3576158940397351,3306,59,151
foldbench_monomer,7w15_A,302,marinfold-exp232-decontam-train-m2-p06-step363000,single_seq,lm,,,,,,medium,L/5,0.7166666666666667,3306,59,60
foldbench_monomer,7w15_A,302,marinfold-exp232-decontam-train-m2-p06-step363000,single_seq,lm,,,,,,medium,R,0.7288135593220338,3306,59,59
foldbench_monomer,7w15_A,302,marinfold-exp232-decontam-train-m2-p06-step363000,single_seq,lm,,,,,,medium,AUC,0.9670595543213292,3306,59,3306
foldbench_monomer,7w15_A,302,marinfold-exp232-decontam-train-m2-p06-step363000,single_seq,lm,,,,,,long,L,0.5331125827814569,36315,197,302
foldbench_monomer,7w15_A,302,marinfold-exp232-decontam-train-m2-p06-step363000,single_seq,lm,,,,,,long,L/2,0.7682119205298014,36315,197,151
foldbench_monomer,7w15_A,302,marinfold-exp232-decontam-train-m2-p06-step363000,single_seq,lm,,,,,,long,L/5,0.9666666666666668,36315,197,60
foldbench_monomer,7w15_A,302,marinfold-exp232-decontam-train-m2-p06-step363000,single_seq,lm,,,,,,long,R,0.7106598984771574,36315,197,197
foldbench_monomer,7w15_A,302,marinfold-exp232-decontam-train-m2-p06-step363000,single_seq,lm,,,,,,long,AUC,0.9871662905260056,36315,197,36315
foldbench_monomer,7y3h_A,413,marinfold-exp232-decontam-train-m2-p06-step363000,single_seq,lm,,,,,,all,L,0.5714285714285714,76245,312,413
foldbench_monomer,7y3h_A,413,marinfold-exp232-decontam-train-m2-p06-step363000,single_seq,lm,,,,,,all,L/2,0.8398058252427184,76245,312,206
foldbench_monomer,7y3h_A,413,marinfold-exp232-decontam-train-m2-p06-step363000,single_seq,lm,,,,,,all,L/5,0.975609756097561,76245,312,82
foldbench_monomer,7y3h_A,413,marinfold-exp232-decontam-train-m2-p06-step363000,single_seq,lm,,,,,,all,R,0.6858974358974359,76245,312,312
foldbench_monomer,7y3h_A,413,marinfold-exp232-decontam-train-m2-p06-step363000,single_seq,lm,,,,,,all,AUC,0.9881907109742832,76245,312,76245
foldbench_monomer,7y3h_A,413,marinfold-exp232-decontam-train-m2-p06-step363000,single_seq,lm,,,,,,short,L,0.1380145278450363,2325,58,413
foldbench_monomer,7y3h_A,413,marinfold-exp232-decontam-train-m2-p06-step363000,single_seq,lm,,,,,,short,L/2,0.2718446601941747,2325,58,206
foldbench_monomer,7y3h_A,413,marinfold-exp232-decontam-train-m2-p06-step363000,single_seq,lm,,,,,,short,L/5,0.5975609756097561,2325,58,82
foldbench_monomer,7y3h_A,413,marinfold-exp232-decontam-train-m2-p06-step363000,single_seq,lm,,,,,,short,R,0.7758620689655172,2325,58,58
foldbench_monomer,7y3h_A,413,marinfold-exp232-decontam-train-m2-p06-step363000,single_seq,lm,,,,,,short,AUC,0.983777740595957,2325,58,2325
foldbench_monomer,7y3h_A,413,marinfold-exp232-decontam-train-m2-p06-step363000,single_seq,lm,,,,,,medium,L,0.1307506053268765,4542,55,413
foldbench_monomer,7y3h_A,413,marinfold-exp232-decontam-train-m2-p06-step363000,single_seq,lm,,,,,,medium,L/2,0.2572815533980582,4542,55,206
foldbench_monomer,7y3h_A,413,marinfold-exp232-decontam-train-m2-p06-step363000,single_seq,lm,,,,,,medium,L/5,0.5121951219512195,4542,55,82
foldbench_monomer,7y3h_A,413,marinfold-exp232-decontam-train-m2-p06-step363000,single_seq,lm,,,,,,medium,R,0.6181818181818182,4542,55,55
foldbench_monomer,7y3h_A,413,marinfold-exp232-decontam-train-m2-p06-step363000,single_seq,lm,,,,,,medium,AUC,0.9843446724881983,4542,55,4542
foldbench_monomer,7y3h_A,413,marinfold-exp232-decontam-train-m2-p06-step363000,single_seq,lm,,,,,,long,L,0.4067796610169492,69378,199,413
foldbench_monomer,7y3h_A,413,marinfold-exp232-decontam-train-m2-p06-step363000,single_seq,lm,,,,,,long,L/2,0.6796116504854369,69378,199,206
foldbench_monomer,7y3h_A,413,marinfold-exp232-decontam-train-m2-p06-step363000,single_seq,lm,,,,,,long,L/5,0.9146341463414634,69378,199,82
foldbench_monomer,7y3h_A,413,marinfold-exp232-decontam-train-m2-p06-step363000,single_seq,lm,,,,,,long,R,0.6934673366834171,69378,199,199
foldbench_monomer,7y3h_A,413,marinfold-exp232-decontam-train-m2-p06-step363000,single_seq,lm,,,,,,long,AUC,0.9882433387248766,69378,199,69378
foldbench_monomer,7wz5_A,161,marinfold-exp232-decontam-train-m2-p06-step363000,single_seq,lm,,,,,,all,L,0.0496894409937888,12090,113,161
foldbench_monomer,7wz5_A,161,marinfold-exp232-decontam-train-m2-p06-step363000,single_seq,lm,,,,,,all,L/2,0.0625,12090,113,80
foldbench_monomer,7wz5_A,161,marinfold-exp232-decontam-train-m2-p06-step363000,single_seq,lm,,,,,,all,L/5,0.09375,12090,113,32
foldbench_monomer,7wz5_A,161,marinfold-exp232-decontam-train-m2-p06-step363000,single_seq,lm,,,,,,all,R,0.0619469026548672,12090,113,113
foldbench_monomer,7wz5_A,161,marinfold-exp232-decontam-train-m2-p06-step363000,single_seq,lm,,,,,,all,AUC,0.7096252330240631,12090,113,12090
foldbench_monomer,7wz5_A,161,marinfold-exp232-decontam-train-m2-p06-step363000,single_seq,lm,,,,,,short,L,0.031055900621118,915,5,161
foldbench_monomer,7wz5_A,161,marinfold-exp232-decontam-train-m2-p06-step363000,single_seq,lm,,,,,,short,L/2,0.0375,915,5,80
foldbench_monomer,7wz5_A,161,marinfold-exp232-decontam-train-m2-p06-step363000,single_seq,lm,,,,,,short,L/5,0.09375,915,5,32
foldbench_monomer,7wz5_A,161,marinfold-exp232-decontam-train-m2-p06-step363000,single_seq,lm,,,,,,short,R,0.2,915,5,5
foldbench_monomer,7wz5_A,161,marinfold-exp232-decontam-train-m2-p06-step363000,single_seq,lm,,,,,,short,AUC,0.9332967032967032,915,5,915
foldbench_monomer,7wz5_A,161,marinfold-exp232-decontam-train-m2-p06-step363000,single_seq,lm,,,,,,medium,L,0.0186335403726708,1722,5,161
foldbench_monomer,7wz5_A,161,marinfold-exp232-decontam-train-m2-p06-step363000,single_seq,lm,,,,,,medium,L/2,0.0125,1722,5,80
foldbench_monomer,7wz5_A,161,marinfold-exp232-decontam-train-m2-p06-step363000,single_seq,lm,,,,,,medium,L/5,0.0,1722,5,32
foldbench_monomer,7wz5_A,161,marinfold-exp232-decontam-train-m2-p06-step363000,single_seq,lm,,,,,,medium,R,0.0,1722,5,5
foldbench_monomer,7wz5_A,161,marinfold-exp232-decontam-train-m2-p06-step363000,single_seq,lm,,,,,,medium,AUC,0.90221316249272,1722,5,1722
foldbench_monomer,7wz5_A,161,marinfold-exp232-decontam-train-m2-p06-step363000,single_seq,lm,,,,,,long,L,0.062111801242236,9453,103,161
foldbench_monomer,7wz5_A,161,marinfold-exp232-decontam-train-m2-p06-step363000,single_seq,lm,,,,,,long,L/2,0.075,9453,103,80
foldbench_monomer,7wz5_A,161,marinfold-exp232-decontam-train-m2-p06-step363000,single_seq,lm,,,,,,long,L/5,0.09375,9453,103,32
foldbench_monomer,7wz5_A,161,marinfold-exp232-decontam-train-m2-p06-step363000,single_seq,lm,,,,,,long,R,0.0679611650485436,9453,103,103
foldbench_monomer,7wz5_A,161,marinfold-exp232-decontam-train-m2-p06-step363000,single_seq,lm,,,,,,long,AUC,0.7022921966668398,9453,103,9453
foldbench_monomer,7wzm_A,492,marinfold-exp232-decontam-train-m2-p06-step363000,single_seq,lm,,,,,,all,L,0.6951219512195121,102393,456,492
foldbench_monomer,7wzm_A,492,marinfold-exp232-decontam-train-m2-p06-step363000,single_seq,lm,,,,,,all,L/2,0.926829268292683,102393,456,246
foldbench_monomer,7wzm_A,492,marinfold-exp232-decontam-train-m2-p06-step363000,single_seq,lm,,,,,,all,L/5,1.0,102393,456,98
foldbench_monomer,7wzm_A,492,marinfold-exp232-decontam-train-m2-p06-step363000,single_seq,lm,,,,,,all,R,0.7324561403508771,102393,456,456
foldbench_monomer,7wzm_A,492,marinfold-exp232-decontam-train-m2-p06-step363000,single_seq,lm,,,,,,all,AUC,0.9922929156105876,102393,456,102393
foldbench_monomer,7wzm_A,492,marinfold-exp232-decontam-train-m2-p06-step363000,single_seq,lm,,,,,,short,L,0.1117886178861788,2652,55,492
foldbench_monomer,7wzm_A,492,marinfold-exp232-decontam-train-m2-p06-step363000,single_seq,lm,,,,,,short,L/2,0.2235772357723577,2652,55,246
foldbench_monomer,7wzm_A,492,marinfold-exp232-decontam-train-m2-p06-step363000,single_seq,lm,,,,,,short,L/5,0.4795918367346938,2652,55,98
foldbench_monomer,7wzm_A,492,marinfold-exp232-decontam-train-m2-p06-step363000,single_seq,lm,,,,,,short,R,0.7090909090909091,2652,55,55
foldbench_monomer,7wzm_A,492,marinfold-exp232-decontam-train-m2-p06-step363000,single_seq,lm,,,,,,short,AUC,0.9932999614940315,2652,55,2652
foldbench_monomer,7wzm_A,492,marinfold-exp232-decontam-train-m2-p06-step363000,single_seq,lm,,,,,,medium,L,0.1300813008130081,5190,66,492
foldbench_monomer,7wzm_A,492,marinfold-exp232-decontam-train-m2-p06-step363000,single_seq,lm,,,,,,medium,L/2,0.2601626016260163,5190,66,246
foldbench_monomer,7wzm_A,492,marinfold-exp232-decontam-train-m2-p06-step363000,single_seq,lm,,,,,,medium,L/5,0.5816326530612245,5190,66,98
foldbench_monomer,7wzm_A,492,marinfold-exp232-decontam-train-m2-p06-step363000,single_seq,lm,,,,,,medium,R,0.7575757575757576,5190,66,66
foldbench_monomer,7wzm_A,492,marinfold-exp232-decontam-train-m2-p06-step363000,single_seq,lm,,,,,,medium,AUC,0.9821931256357486,5190,66,5190
foldbench_monomer,7wzm_A,492,marinfold-exp232-decontam-train-m2-p06-step363000,single_seq,lm,,,,,,long,L,0.5894308943089431,94551,335,492
foldbench_monomer,7wzm_A,492,marinfold-exp232-decontam-train-m2-p06-step363000,single_seq,lm,,,,,,long,L/2,0.8292682926829268,94551,335,246
foldbench_monomer,7wzm_A,492,marinfold-exp232-decontam-train-m2-p06-step363000,single_seq,lm,,,,,,long,L/5,0.9897959183673468,94551,335,98
foldbench_monomer,7wzm_A,492,marinfold-exp232-decontam-train-m2-p06-step363000,single_seq,lm,,,,,,long,R,0.7283582089552239,94551,335,335
foldbench_monomer,7wzm_A,492,marinfold-exp232-decontam-train-m2-p06-step363000,single_seq,lm,,,,,,long,AUC,0.9931356051955555,94551,335,94551
foldbench_monomer,7x4p_A,307,marinfold-exp232-decontam-train-m2-p06-step363000,single_seq,lm,,,,,,all,L,0.5504885993485342,45150,333,307
foldbench_monomer,7x4p_A,307,marinfold-exp232-decontam-train-m2-p06-step363000,single_seq,lm,,,,,,all,L/2,0.7189542483660131,45150,333,153
foldbench_monomer,7x4p_A,307,marinfold-exp232-decontam-train-m2-p06-step363000,single_seq,lm,,,,,,all,L/5,0.918032786885246,45150,333,61
foldbench_monomer,7x4p_A,307,marinfold-exp232-decontam-train-m2-p06-step363000,single_seq,lm,,,,,,all,R,0.5345345345345346,45150,333,333
foldbench_monomer,7x4p_A,307,marinfold-exp232-decontam-train-m2-p06-step363000,single_seq,lm,,,,,,all,AUC,0.9706738668516564,45150,333,45150
foldbench_monomer,7x4p_A,307,marinfold-exp232-decontam-train-m2-p06-step363000,single_seq,lm,,,,,,short,L,0.1205211726384364,1785,40,307
foldbench_monomer,7x4p_A,307,marinfold-exp232-decontam-train-m2-p06-step363000,single_seq,lm,,,,,,short,L/2,0.2287581699346405,1785,40,153
foldbench_monomer,7x4p_A,307,marinfold-exp232-decontam-train-m2-p06-step363000,single_seq,lm,,,,,,short,L/5,0.4426229508196721,1785,40,61
foldbench_monomer,7x4p_A,307,marinfold-exp232-decontam-train-m2-p06-step363000,single_seq,lm,,,,,,short,R,0.525,1785,40,40
foldbench_monomer,7x4p_A,307,marinfold-exp232-decontam-train-m2-p06-step363000,single_seq,lm,,,,,,short,AUC,0.9381590257879656,1785,40,1785
foldbench_monomer,7x4p_A,307,marinfold-exp232-decontam-train-m2-p06-step363000,single_seq,lm,,,,,,medium,L,0.1563517915309446,3462,52,307
foldbench_monomer,7x4p_A,307,marinfold-exp232-decontam-train-m2-p06-step363000,single_seq,lm,,,,,,medium,L/2,0.2875816993464052,3462,52,153
foldbench_monomer,7x4p_A,307,marinfold-exp232-decontam-train-m2-p06-step363000,single_seq,lm,,,,,,medium,L/5,0.5901639344262295,3462,52,61
foldbench_monomer,7x4p_A,307,marinfold-exp232-decontam-train-m2-p06-step363000,single_seq,lm,,,,,,medium,R,0.6153846153846154,3462,52,52
foldbench_monomer,7x4p_A,307,marinfold-exp232-decontam-train-m2-p06-step363000,single_seq,lm,,,,,,medium,AUC,0.9671469659372888,3462,52,3462
foldbench_monomer,7x4p_A,307,marinfold-exp232-decontam-train-m2-p06-step363000,single_seq,lm,,,,,,long,L,0.4527687296416938,39903,241,307
foldbench_monomer,7x4p_A,307,marinfold-exp232-decontam-train-m2-p06-step363000,single_seq,lm,,,,,,long,L/2,0.6535947712418301,39903,241,153
foldbench_monomer,7x4p_A,307,marinfold-exp232-decontam-train-m2-p06-step363000,single_seq,lm,,,,,,long,L/5,0.819672131147541,39903,241,61
foldbench_monomer,7x4p_A,307,marinfold-exp232-decontam-train-m2-p06-step363000,single_seq,lm,,,,,,long,R,0.5062240663900415,39903,241,241
foldbench_monomer,7x4p_A,307,marinfold-exp232-decontam-train-m2-p06-step363000,single_seq,lm,,,,,,long,AUC,0.9743150681348683,39903,241,39903
foldbench_monomer,7x3h_A,290,marinfold-exp232-decontam-train-m2-p06-step363000,single_seq,lm,,,,,,all,L,0.6724137931034483,36615,296,290
foldbench_monomer,7x3h_A,290,marinfold-exp232-decontam-train-m2-p06-step363000,single_seq,lm,,,,,,all,L/2,0.7793103448275862,36615,296,145
foldbench_monomer,7x3h_A,290,marinfold-exp232-decontam-train-m2-p06-step363000,single_seq,lm,,,,,,all,L/5,0.8448275862068966,36615,296,58
foldbench_monomer,7x3h_A,290,marinfold-exp232-decontam-train-m2-p06-step363000,single_seq,lm,,,,,,all,R,0.6621621621621622,36615,296,296
foldbench_monomer,7x3h_A,290,marinfold-exp232-decontam-train-m2-p06-step363000,single_seq,lm,,,,,,all,AUC,0.9463274657818148,36615,296,36615
foldbench_monomer,7x3h_A,290,marinfold-exp232-decontam-train-m2-p06-step363000,single_seq,lm,,,,,,short,L,0.1517241379310344,1545,47,290
foldbench_monomer,7x3h_A,290,marinfold-exp232-decontam-train-m2-p06-step363000,single_seq,lm,,,,,,short,L/2,0.2896551724137931,1545,47,145
foldbench_monomer,7x3h_A,290,marinfold-exp232-decontam-train-m2-p06-step363000,single_seq,lm,,,,,,short,L/5,0.6206896551724138,1545,47,58
foldbench_monomer,7x3h_A,290,marinfold-exp232-decontam-train-m2-p06-step363000,single_seq,lm,,,,,,short,R,0.6595744680851063,1545,47,47
foldbench_monomer,7x3h_A,290,marinfold-exp232-decontam-train-m2-p06-step363000,single_seq,lm,,,,,,short,AUC,0.9552736982643524,1545,47,1545
foldbench_monomer,7x3h_A,290,marinfold-exp232-decontam-train-m2-p06-step363000,single_seq,lm,,,,,,medium,L,0.1724137931034483,2982,53,290
foldbench_monomer,7x3h_A,290,marinfold-exp232-decontam-train-m2-p06-step363000,single_seq,lm,,,,,,medium,L/2,0.3310344827586207,2982,53,145
foldbench_monomer,7x3h_A,290,marinfold-exp232-decontam-train-m2-p06-step363000,single_seq,lm,,,,,,medium,L/5,0.6896551724137931,2982,53,58
foldbench_monomer,7x3h_A,290,marinfold-exp232-decontam-train-m2-p06-step363000,single_seq,lm,,,,,,medium,R,0.6981132075471698,2982,53,53
foldbench_monomer,7x3h_A,290,marinfold-exp232-decontam-train-m2-p06-step363000,single_seq,lm,,,,,,medium,AUC,0.963655571803114,2982,53,2982
foldbench_monomer,7x3h_A,290,marinfold-exp232-decontam-train-m2-p06-step363000,single_seq,lm,,,,,,long,L,0.5137931034482759,32088,196,290
foldbench_monomer,7x3h_A,290,marinfold-exp232-decontam-train-m2-p06-step363000,single_seq,lm,,,,,,long,L/2,0.7172413793103448,32088,196,145
foldbench_monomer,7x3h_A,290,marinfold-exp232-decontam-train-m2-p06-step363000,single_seq,lm,,,,,,long,L/5,0.7413793103448276,32088,196,58
foldbench_monomer,7x3h_A,290,marinfold-exp232-decontam-train-m2-p06-step363000,single_seq,lm,,,,,,long,R,0.6581632653061225,32088,196,196
foldbench_monomer,7x3h_A,290,marinfold-exp232-decontam-train-m2-p06-step363000,single_seq,lm,,,,,,long,AUC,0.937342340987568,32088,196,32088
foldbench_monomer,7x8l_A,514,marinfold-exp232-decontam-train-m2-p06-step363000,single_seq,lm,,,,,,all,L,0.6634241245136187,127777,580,514
foldbench_monomer,7x8l_A,514,marinfold-exp232-decontam-train-m2-p06-step363000,single_seq,lm,,,,,,all,L/2,0.8715953307392996,127777,580,257
foldbench_monomer,7x8l_A,514,marinfold-exp232-decontam-train-m2-p06-step363000,single_seq,lm,,,,,,all,L/5,0.9509803921568628,127777,580,102
foldbench_monomer,7x8l_A,514,marinfold-exp232-decontam-train-m2-p06-step363000,single_seq,lm,,,,,,all,R,0.6172413793103448,127777,580,580
foldbench_monomer,7x8l_A,514,marinfold-exp232-decontam-train-m2-p06-step363000,single_seq,lm,,,,,,all,AUC,0.9655022497006408,127777,580,127777
foldbench_monomer,7x8l_A,514,marinfold-exp232-decontam-train-m2-p06-step363000,single_seq,lm,,,,,,short,L,0.11284046692607,2997,61,514
foldbench_monomer,7x8l_A,514,marinfold-exp232-decontam-train-m2-p06-step363000,single_seq,lm,,,,,,short,L/2,0.2101167315175097,2997,61,257
foldbench_monomer,7x8l_A,514,marinfold-exp232-decontam-train-m2-p06-step363000,single_seq,lm,,,,,,short,L/5,0.4803921568627451,2997,61,102
foldbench_monomer,7x8l_A,514,marinfold-exp232-decontam-train-m2-p06-step363000,single_seq,lm,,,,,,short,R,0.639344262295082,2997,61,61
foldbench_monomer,7x8l_A,514,marinfold-exp232-decontam-train-m2-p06-step363000,single_seq,lm,,,,,,short,AUC,0.9654151963192924,2997,61,2997
foldbench_monomer,7x8l_A,514,marinfold-exp232-decontam-train-m2-p06-step363000,single_seq,lm,,,,,,medium,L,0.1459143968871595,5886,79,514
foldbench_monomer,7x8l_A,514,marinfold-exp232-decontam-train-m2-p06-step363000,single_seq,lm,,,,,,medium,L/2,0.2529182879377432,5886,79,257
foldbench_monomer,7x8l_A,514,marinfold-exp232-decontam-train-m2-p06-step363000,single_seq,lm,,,,,,medium,L/5,0.5588235294117647,5886,79,102
foldbench_monomer,7x8l_A,514,marinfold-exp232-decontam-train-m2-p06-step363000,single_seq,lm,,,,,,medium,R,0.6455696202531646,5886,79,79
foldbench_monomer,7x8l_A,514,marinfold-exp232-decontam-train-m2-p06-step363000,single_seq,lm,,,,,,medium,AUC,0.9678683300163704,5886,79,5886
foldbench_monomer,7x8l_A,514,marinfold-exp232-decontam-train-m2-p06-step363000,single_seq,lm,,,,,,long,L,0.556420233463035,118894,440,514
foldbench_monomer,7x8l_A,514,marinfold-exp232-decontam-train-m2-p06-step363000,single_seq,lm,,,,,,long,L/2,0.7937743190661478,118894,440,257
foldbench_monomer,7x8l_A,514,marinfold-exp232-decontam-train-m2-p06-step363000,single_seq,lm,,,,,,long,L/5,0.9607843137254902,118894,440,102
foldbench_monomer,7x8l_A,514,marinfold-exp232-decontam-train-m2-p06-step363000,single_seq,lm,,,,,,long,R,0.6090909090909091,118894,440,440
foldbench_monomer,7x8l_A,514,marinfold-exp232-decontam-train-m2-p06-step363000,single_seq,lm,,,,,,long,AUC,0.962734795785706,118894,440,118894
foldbench_monomer,7xcd_A,178,marinfold-exp232-decontam-train-m2-p06-step363000,single_seq,lm,,,,,,all,L,0.1404494382022472,14878,148,178
foldbench_monomer,7xcd_A,178,marinfold-exp232-decontam-train-m2-p06-step363000,single_seq,lm,,,,,,all,L/2,0.2247191011235955,14878,148,89
foldbench_monomer,7xcd_A,178,marinfold-exp232-decontam-train-m2-p06-step363000,single_seq,lm,,,,,,all,L/5,0.3714285714285714,14878,148,35
foldbench_monomer,7xcd_A,178,marinfold-exp232-decontam-train-m2-p06-step363000,single_seq,lm,,,,,,all,R,0.1621621621621621,14878,148,148
foldbench_monomer,7xcd_A,178,marinfold-exp232-decontam-train-m2-p06-step363000,single_seq,lm,,,,,,all,AUC,0.7879307260417241,14878,148,14878
foldbench_monomer,7xcd_A,178,marinfold-exp232-decontam-train-m2-p06-step363000,single_seq,lm,,,,,,short,L,0.0505617977528089,1017,14,178
foldbench_monomer,7xcd_A,178,marinfold-exp232-decontam-train-m2-p06-step363000,single_seq,lm,,,,,,short,L/2,0.0786516853932584,1017,14,89
foldbench_monomer,7xcd_A,178,marinfold-exp232-decontam-train-m2-p06-step363000,single_seq,lm,,,,,,short,L/5,0.1714285714285714,1017,14,35
foldbench_monomer,7xcd_A,178,marinfold-exp232-decontam-train-m2-p06-step363000,single_seq,lm,,,,,,short,R,0.3571428571428571,1017,14,14
foldbench_monomer,7xcd_A,178,marinfold-exp232-decontam-train-m2-p06-step363000,single_seq,lm,,,,,,short,AUC,0.819327731092437,1017,14,1017
foldbench_monomer,7xcd_A,178,marinfold-exp232-decontam-train-m2-p06-step363000,single_seq,lm,,,,,,medium,L,0.1123595505617977,1926,31,178
foldbench_monomer,7xcd_A,178,marinfold-exp232-decontam-train-m2-p06-step363000,single_seq,lm,,,,,,medium,L/2,0.146067415730337,1926,31,89
foldbench_monomer,7xcd_A,178,marinfold-exp232-decontam-train-m2-p06-step363000,single_seq,lm,,,,,,medium,L/5,0.1714285714285714,1926,31,35
foldbench_monomer,7xcd_A,178,marinfold-exp232-decontam-train-m2-p06-step363000,single_seq,lm,,,,,,medium,R,0.1612903225806451,1926,31,31
foldbench_monomer,7xcd_A,178,marinfold-exp232-decontam-train-m2-p06-step363000,single_seq,lm,,,,,,medium,AUC,0.913958634777428,1926,31,1926
foldbench_monomer,7xcd_A,178,marinfold-exp232-decontam-train-m2-p06-step363000,single_seq,lm,,,,,,long,L,0.0898876404494382,11935,103,178
foldbench_monomer,7xcd_A,178,marinfold-exp232-decontam-train-m2-p06-step363000,single_seq,lm,,,,,,long,L/2,0.1235955056179775,11935,103,89
foldbench_monomer,7xcd_A,178,marinfold-exp232-decontam-train-m2-p06-step363000,single_seq,lm,,,,,,long,L/5,0.2571428571428571,11935,103,35
foldbench_monomer,7xcd_A,178,marinfold-exp232-decontam-train-m2-p06-step363000,single_seq,lm,,,,,,long,R,0.116504854368932,11935,103,103
foldbench_monomer,7xcd_A,178,marinfold-exp232-decontam-train-m2-p06-step363000,single_seq,lm,,,,,,long,AUC,0.7431492349199472,11935,103,11935
foldbench_monomer,7xg9_A,288,marinfold-exp232-decontam-train-m2-p06-step363000,single_seq,lm,,,,,,all,L,0.3715277777777778,39340,241,288
foldbench_monomer,7xg9_A,288,marinfold-exp232-decontam-train-m2-p06-step363000,single_seq,lm,,,,,,all,L/2,0.5555555555555556,39340,241,144
foldbench_monomer,7xg9_A,288,marinfold-exp232-decontam-train-m2-p06-step363000,single_seq,lm,,,,,,all,L/5,0.7368421052631579,39340,241,57
foldbench_monomer,7xg9_A,288,marinfold-exp232-decontam-train-m2-p06-step363000,single_seq,lm,,,,,,all,R,0.4107883817427386,39340,241,241
foldbench_monomer,7xg9_A,288,marinfold-exp232-decontam-train-m2-p06-step363000,single_seq,lm,,,,,,all,AUC,0.9076894284420473,39340,241,39340
foldbench_monomer,7xg9_A,288,marinfold-exp232-decontam-train-m2-p06-step363000,single_seq,lm,,,,,,short,L,0.0659722222222222,1665,19,288
foldbench_monomer,7xg9_A,288,marinfold-exp232-decontam-train-m2-p06-step363000,single_seq,lm,,,,,,short,L/2,0.125,1665,19,144
foldbench_monomer,7xg9_A,288,marinfold-exp232-decontam-train-m2-p06-step363000,single_seq,lm,,,,,,short,L/5,0.2982456140350877,1665,19,57
foldbench_monomer,7xg9_A,288,marinfold-exp232-decontam-train-m2-p06-step363000,single_seq,lm,,,,,,short,R,0.6842105263157895,1665,19,19
foldbench_monomer,7xg9_A,288,marinfold-exp232-decontam-train-m2-p06-step363000,single_seq,lm,,,,,,short,AUC,0.9858188910916416,1665,19,1665
foldbench_monomer,7xg9_A,288,marinfold-exp232-decontam-train-m2-p06-step363000,single_seq,lm,,,,,,medium,L,0.0694444444444444,3222,21,288
foldbench_monomer,7xg9_A,288,marinfold-exp232-decontam-train-m2-p06-step363000,single_seq,lm,,,,,,medium,L/2,0.1319444444444444,3222,21,144
foldbench_monomer,7xg9_A,288,marinfold-exp232-decontam-train-m2-p06-step363000,single_seq,lm,,,,,,medium,L/5,0.175438596491228,3222,21,57
foldbench_monomer,7xg9_A,288,marinfold-exp232-decontam-train-m2-p06-step363000,single_seq,lm,,,,,,medium,R,0.3809523809523809,3222,21,21
foldbench_monomer,7xg9_A,288,marinfold-exp232-decontam-train-m2-p06-step363000,single_seq,lm,,,,,,medium,AUC,0.9574314574314572,3222,21,3222
foldbench_monomer,7xg9_A,288,marinfold-exp232-decontam-train-m2-p06-step363000,single_seq,lm,,,,,,long,L,0.3090277777777778,34453,201,288
foldbench_monomer,7xg9_A,288,marinfold-exp232-decontam-train-m2-p06-step363000,single_seq,lm,,,,,,long,L/2,0.4722222222222222,34453,201,144
foldbench_monomer,7xg9_A,288,marinfold-exp232-decontam-train-m2-p06-step363000,single_seq,lm,,,,,,long,L/5,0.7017543859649122,34453,201,57
foldbench_monomer,7xg9_A,288,marinfold-exp232-decontam-train-m2-p06-step363000,single_seq,lm,,,,,,long,R,0.3980099502487562,34453,201,201
foldbench_monomer,7xg9_A,288,marinfold-exp232-decontam-train-m2-p06-step363000,single_seq,lm,,,,,,long,AUC,0.8975614163214058,34453,201,34453
foldbench_monomer,7xi5_A,65,marinfold-exp232-decontam-train-m2-p06-step363000,single_seq,lm,,,,,,all,L,0.6153846153846154,1326,42,65
foldbench_monomer,7xi5_A,65,marinfold-exp232-decontam-train-m2-p06-step363000,single_seq,lm,,,,,,all,L/2,0.9375,1326,42,32
foldbench_monomer,7xi5_A,65,marinfold-exp232-decontam-train-m2-p06-step363000,single_seq,lm,,,,,,all,L/5,1.0,1326,42,13
foldbench_monomer,7xi5_A,65,marinfold-exp232-decontam-train-m2-p06-step363000,single_seq,lm,,,,,,all,R,0.8095238095238095,1326,42,42
foldbench_monomer,7xi5_A,65,marinfold-exp232-decontam-train-m2-p06-step363000,single_seq,lm,,,,,,all,AUC,0.9839508233199822,1326,42,1326
foldbench_monomer,7xi5_A,65,marinfold-exp232-decontam-train-m2-p06-step363000,single_seq,lm,,,,,,short,L,0.1692307692307692,291,11,65
foldbench_monomer,7xi5_A,65,marinfold-exp232-decontam-train-m2-p06-step363000,single_seq,lm,,,,,,short,L/2,0.34375,291,11,32
foldbench_monomer,7xi5_A,65,marinfold-exp232-decontam-train-m2-p06-step363000,single_seq,lm,,,,,,short,L/5,0.7692307692307693,291,11,13
foldbench_monomer,7xi5_A,65,marinfold-exp232-decontam-train-m2-p06-step363000,single_seq,lm,,,,,,short,R,0.8181818181818182,291,11,11
foldbench_monomer,7xi5_A,65,marinfold-exp232-decontam-train-m2-p06-step363000,single_seq,lm,,,,,,short,AUC,0.9974025974025974,291,11,291
foldbench_monomer,7xi5_A,65,marinfold-exp232-decontam-train-m2-p06-step363000,single_seq,lm,,,,,,medium,L,0.123076923076923,474,8,65
foldbench_monomer,7xi5_A,65,marinfold-exp232-decontam-train-m2-p06-step363000,single_seq,lm,,,,,,medium,L/2,0.25,474,8,32
foldbench_monomer,7xi5_A,65,marinfold-exp232-decontam-train-m2-p06-step363000,single_seq,lm,,,,,,medium,L/5,0.5384615384615384,474,8,13
foldbench_monomer,7xi5_A,65,marinfold-exp232-decontam-train-m2-p06-step363000,single_seq,lm,,,,,,medium,R,0.875,474,8,8
foldbench_monomer,7xi5_A,65,marinfold-exp232-decontam-train-m2-p06-step363000,single_seq,lm,,,,,,medium,AUC,0.9975858369098712,474,8,474
foldbench_monomer,7xi5_A,65,marinfold-exp232-decontam-train-m2-p06-step363000,single_seq,lm,,,,,,long,L,0.3384615384615385,561,23,65
foldbench_monomer,7xi5_A,65,marinfold-exp232-decontam-train-m2-p06-step363000,single_seq,lm,,,,,,long,L/2,0.65625,561,23,32
foldbench_monomer,7xi5_A,65,marinfold-exp232-decontam-train-m2-p06-step363000,single_seq,lm,,,,,,long,L/5,1.0,561,23,13
foldbench_monomer,7xi5_A,65,marinfold-exp232-decontam-train-m2-p06-step363000,single_seq,lm,,,,,,long,R,0.8260869565217391,561,23,23
foldbench_monomer,7xi5_A,65,marinfold-exp232-decontam-train-m2-p06-step363000,single_seq,lm,,,,,,long,AUC,0.971755293357039,561,23,561
foldbench_monomer,7xp9_A,84,marinfold-exp232-decontam-train-m2-p06-step363000,single_seq,lm,,,,,,all,L,0.2261904761904762,2485,45,84
foldbench_monomer,7xp9_A,84,marinfold-exp232-decontam-train-m2-p06-step363000,single_seq,lm,,,,,,all,L/2,0.2619047619047619,2485,45,42
foldbench_monomer,7xp9_A,84,marinfold-exp232-decontam-train-m2-p06-step363000,single_seq,lm,,,,,,all,L/5,0.5625,2485,45,16
foldbench_monomer,7xp9_A,84,marinfold-exp232-decontam-train-m2-p06-step363000,single_seq,lm,,,,,,all,R,0.2666666666666666,2485,45,45
foldbench_monomer,7xp9_A,84,marinfold-exp232-decontam-train-m2-p06-step363000,single_seq,lm,,,,,,all,AUC,0.9151183970856102,2485,45,2485
foldbench_monomer,7xp9_A,84,marinfold-exp232-decontam-train-m2-p06-step363000,single_seq,lm,,,,,,short,L,0.0833333333333333,405,8,84
foldbench_monomer,7xp9_A,84,marinfold-exp232-decontam-train-m2-p06-step363000,single_seq,lm,,,,,,short,L/2,0.119047619047619,405,8,42
foldbench_monomer,7xp9_A,84,marinfold-exp232-decontam-train-m2-p06-step363000,single_seq,lm,,,,,,short,L/5,0.25,405,8,16
foldbench_monomer,7xp9_A,84,marinfold-exp232-decontam-train-m2-p06-step363000,single_seq,lm,,,,,,short,R,0.375,405,8,8
foldbench_monomer,7xp9_A,84,marinfold-exp232-decontam-train-m2-p06-step363000,single_seq,lm,,,,,,short,AUC,0.9269521410579346,405,8,405
foldbench_monomer,7xp9_A,84,marinfold-exp232-decontam-train-m2-p06-step363000,single_seq,lm,,,,,,medium,L,0.1071428571428571,702,10,84
foldbench_monomer,7xp9_A,84,marinfold-exp232-decontam-train-m2-p06-step363000,single_seq,lm,,,,,,medium,L/2,0.1904761904761904,702,10,42
foldbench_monomer,7xp9_A,84,marinfold-exp232-decontam-train-m2-p06-step363000,single_seq,lm,,,,,,medium,L/5,0.3125,702,10,16
foldbench_monomer,7xp9_A,84,marinfold-exp232-decontam-train-m2-p06-step363000,single_seq,lm,,,,,,medium,R,0.4,702,10,10
foldbench_monomer,7xp9_A,84,marinfold-exp232-decontam-train-m2-p06-step363000,single_seq,lm,,,,,,medium,AUC,0.9202312138728324,702,10,702
foldbench_monomer,7xp9_A,84,marinfold-exp232-decontam-train-m2-p06-step363000,single_seq,lm,,,,,,long,L,0.1666666666666666,1378,27,84
foldbench_monomer,7xp9_A,84,marinfold-exp232-decontam-train-m2-p06-step363000,single_seq,lm,,,,,,long,L/2,0.2142857142857142,1378,27,42
foldbench_monomer,7xp9_A,84,marinfold-exp232-decontam-train-m2-p06-step363000,single_seq,lm,,,,,,long,L/5,0.25,1378,27,16
foldbench_monomer,7xp9_A,84,marinfold-exp232-decontam-train-m2-p06-step363000,single_seq,lm,,,,,,long,R,0.1851851851851851,1378,27,27
foldbench_monomer,7xp9_A,84,marinfold-exp232-decontam-train-m2-p06-step363000,single_seq,lm,,,,,,long,AUC,0.9029799599747784,1378,27,1378
foldbench_monomer,8ycm_A,229,marinfold-exp232-decontam-train-m2-p06-step363000,single_seq,lm,,,,,,all,L,0.4366812227074236,23436,196,229
foldbench_monomer,8ycm_A,229,marinfold-exp232-decontam-train-m2-p06-step363000,single_seq,lm,,,,,,all,L/2,0.6052631578947368,23436,196,114
foldbench_monomer,8ycm_A,229,marinfold-exp232-decontam-train-m2-p06-step363000,single_seq,lm,,,,,,all,L/5,0.8666666666666667,23436,196,45
foldbench_monomer,8ycm_A,229,marinfold-exp232-decontam-train-m2-p06-step363000,single_seq,lm,,,,,,all,R,0.4642857142857143,23436,196,196
foldbench_monomer,8ycm_A,229,marinfold-exp232-decontam-train-m2-p06-step363000,single_seq,lm,,,,,,all,AUC,0.9184823843478872,23436,196,23436
foldbench_monomer,8ycm_A,229,marinfold-exp232-decontam-train-m2-p06-step363000,single_seq,lm,,,,,,short,L,0.1353711790393013,1281,33,229
foldbench_monomer,8ycm_A,229,marinfold-exp232-decontam-train-m2-p06-step363000,single_seq,lm,,,,,,short,L/2,0.2719298245614035,1281,33,114
foldbench_monomer,8ycm_A,229,marinfold-exp232-decontam-train-m2-p06-step363000,single_seq,lm,,,,,,short,L/5,0.5555555555555556,1281,33,45
foldbench_monomer,8ycm_A,229,marinfold-exp232-decontam-train-m2-p06-step363000,single_seq,lm,,,,,,short,R,0.696969696969697,1281,33,33
foldbench_monomer,8ycm_A,229,marinfold-exp232-decontam-train-m2-p06-step363000,single_seq,lm,,,,,,short,AUC,0.9805871212121212,1281,33,1281
foldbench_monomer,8ycm_A,229,marinfold-exp232-decontam-train-m2-p06-step363000,single_seq,lm,,,,,,medium,L,0.131004366812227,2454,35,229
foldbench_monomer,8ycm_A,229,marinfold-exp232-decontam-train-m2-p06-step363000,single_seq,lm,,,,,,medium,L/2,0.2543859649122807,2454,35,114
foldbench_monomer,8ycm_A,229,marinfold-exp232-decontam-train-m2-p06-step363000,single_seq,lm,,,,,,medium,L/5,0.4222222222222222,2454,35,45
foldbench_monomer,8ycm_A,229,marinfold-exp232-decontam-train-m2-p06-step363000,single_seq,lm,,,,,,medium,R,0.4571428571428571,2454,35,35
foldbench_monomer,8ycm_A,229,marinfold-exp232-decontam-train-m2-p06-step363000,single_seq,lm,,,,,,medium,AUC,0.9703005964684344,2454,35,2454
foldbench_monomer,8ycm_A,229,marinfold-exp232-decontam-train-m2-p06-step363000,single_seq,lm,,,,,,long,L,0.2707423580786026,19701,128,229
foldbench_monomer,8ycm_A,229,marinfold-exp232-decontam-train-m2-p06-step363000,single_seq,lm,,,,,,long,L/2,0.4210526315789473,19701,128,114
foldbench_monomer,8ycm_A,229,marinfold-exp232-decontam-train-m2-p06-step363000,single_seq,lm,,,,,,long,L/5,0.7333333333333333,19701,128,45
foldbench_monomer,8ycm_A,229,marinfold-exp232-decontam-train-m2-p06-step363000,single_seq,lm,,,,,,long,R,0.4140625,19701,128,128
foldbench_monomer,8ycm_A,229,marinfold-exp232-decontam-train-m2-p06-step363000,single_seq,lm,,,,,,long,AUC,0.8879688777269708,19701,128,19701
foldbench_monomer,7xq4_A,514,marinfold-exp232-decontam-train-m2-p06-step363000,single_seq,lm,,,,,,all,L,0.5019455252918288,116915,472,514
foldbench_monomer,7xq4_A,514,marinfold-exp232-decontam-train-m2-p06-step363000,single_seq,lm,,,,,,all,L/2,0.7665369649805448,116915,472,257
foldbench_monomer,7xq4_A,514,marinfold-exp232-decontam-train-m2-p06-step363000,single_seq,lm,,,,,,all,L/5,0.9411764705882352,116915,472,102
foldbench_monomer,7xq4_A,514,marinfold-exp232-decontam-train-m2-p06-step363000,single_seq,lm,,,,,,all,R,0.5317796610169492,116915,472,472
foldbench_monomer,7xq4_A,514,marinfold-exp232-decontam-train-m2-p06-step363000,single_seq,lm,,,,,,all,AUC,0.9751729204963452,116915,472,116915
foldbench_monomer,7xq4_A,514,marinfold-exp232-decontam-train-m2-p06-step363000,single_seq,lm,,,,,,short,L,0.1439688715953307,2808,77,514
foldbench_monomer,7xq4_A,514,marinfold-exp232-decontam-train-m2-p06-step363000,single_seq,lm,,,,,,short,L/2,0.2607003891050584,2808,77,257
foldbench_monomer,7xq4_A,514,marinfold-exp232-decontam-train-m2-p06-step363000,single_seq,lm,,,,,,short,L/5,0.5098039215686274,2808,77,102
foldbench_monomer,7xq4_A,514,marinfold-exp232-decontam-train-m2-p06-step363000,single_seq,lm,,,,,,short,R,0.6363636363636364,2808,77,77
foldbench_monomer,7xq4_A,514,marinfold-exp232-decontam-train-m2-p06-step363000,single_seq,lm,,,,,,short,AUC,0.9660749356831378,2808,77,2808
foldbench_monomer,7xq4_A,514,marinfold-exp232-decontam-train-m2-p06-step363000,single_seq,lm,,,,,,medium,L,0.1167315175097276,5436,60,514
foldbench_monomer,7xq4_A,514,marinfold-exp232-decontam-train-m2-p06-step363000,single_seq,lm,,,,,,medium,L/2,0.2178988326848249,5436,60,257
foldbench_monomer,7xq4_A,514,marinfold-exp232-decontam-train-m2-p06-step363000,single_seq,lm,,,,,,medium,L/5,0.4313725490196078,5436,60,102
foldbench_monomer,7xq4_A,514,marinfold-exp232-decontam-train-m2-p06-step363000,single_seq,lm,,,,,,medium,R,0.5666666666666667,5436,60,60
foldbench_monomer,7xq4_A,514,marinfold-exp232-decontam-train-m2-p06-step363000,single_seq,lm,,,,,,medium,AUC,0.9898251488095238,5436,60,5436
foldbench_monomer,7xq4_A,514,marinfold-exp232-decontam-train-m2-p06-step363000,single_seq,lm,,,,,,long,L,0.3832684824902724,108671,335,514
foldbench_monomer,7xq4_A,514,marinfold-exp232-decontam-train-m2-p06-step363000,single_seq,lm,,,,,,long,L/2,0.6070038910505836,108671,335,257
foldbench_monomer,7xq4_A,514,marinfold-exp232-decontam-train-m2-p06-step363000,single_seq,lm,,,,,,long,L/5,0.8725490196078431,108671,335,102
foldbench_monomer,7xq4_A,514,marinfold-exp232-decontam-train-m2-p06-step363000,single_seq,lm,,,,,,long,R,0.5014925373134328,108671,335,335
foldbench_monomer,7xq4_A,514,marinfold-exp232-decontam-train-m2-p06-step363000,single_seq,lm,,,,,,long,AUC,0.9708836880065776,108671,335,108671
foldbench_monomer,7xrx_A,398,marinfold-exp232-decontam-train-m2-p06-step363000,single_seq,lm,,,,,,all,L,0.5452261306532663,77028,396,398
foldbench_monomer,7xrx_A,398,marinfold-exp232-decontam-train-m2-p06-step363000,single_seq,lm,,,,,,all,L/2,0.7135678391959799,77028,396,199
foldbench_monomer,7xrx_A,398,marinfold-exp232-decontam-train-m2-p06-step363000,single_seq,lm,,,,,,all,L/5,0.8860759493670886,77028,396,79
foldbench_monomer,7xrx_A,398,marinfold-exp232-decontam-train-m2-p06-step363000,single_seq,lm,,,,,,all,R,0.547979797979798,77028,396,396
foldbench_monomer,7xrx_A,398,marinfold-exp232-decontam-train-m2-p06-step363000,single_seq,lm,,,,,,all,AUC,0.969433576552665,77028,396,77028
foldbench_monomer,7xrx_A,398,marinfold-exp232-decontam-train-m2-p06-step363000,single_seq,lm,,,,,,short,L,0.1256281407035175,2337,57,398
foldbench_monomer,7xrx_A,398,marinfold-exp232-decontam-train-m2-p06-step363000,single_seq,lm,,,,,,short,L/2,0.2261306532663316,2337,57,199
foldbench_monomer,7xrx_A,398,marinfold-exp232-decontam-train-m2-p06-step363000,single_seq,lm,,,,,,short,L/5,0.4177215189873418,2337,57,79
foldbench_monomer,7xrx_A,398,marinfold-exp232-decontam-train-m2-p06-step363000,single_seq,lm,,,,,,short,R,0.4736842105263157,2337,57,57
foldbench_monomer,7xrx_A,398,marinfold-exp232-decontam-train-m2-p06-step363000,single_seq,lm,,,,,,short,AUC,0.9186326562019084,2337,57,2337
foldbench_monomer,7xrx_A,398,marinfold-exp232-decontam-train-m2-p06-step363000,single_seq,lm,,,,,,medium,L,0.0804020100502512,4566,37,398
foldbench_monomer,7xrx_A,398,marinfold-exp232-decontam-train-m2-p06-step363000,single_seq,lm,,,,,,medium,L/2,0.1407035175879397,4566,37,199
foldbench_monomer,7xrx_A,398,marinfold-exp232-decontam-train-m2-p06-step363000,single_seq,lm,,,,,,medium,L/5,0.2658227848101265,4566,37,79
foldbench_monomer,7xrx_A,398,marinfold-exp232-decontam-train-m2-p06-step363000,single_seq,lm,,,,,,medium,R,0.4594594594594595,4566,37,37
foldbench_monomer,7xrx_A,398,marinfold-exp232-decontam-train-m2-p06-step363000,single_seq,lm,,,,,,medium,AUC,0.9207957129131782,4566,37,4566
foldbench_monomer,7xrx_A,398,marinfold-exp232-decontam-train-m2-p06-step363000,single_seq,lm,,,,,,long,L,0.507537688442211,70125,302,398
foldbench_monomer,7xrx_A,398,marinfold-exp232-decontam-train-m2-p06-step363000,single_seq,lm,,,,,,long,L/2,0.6733668341708543,70125,302,199
foldbench_monomer,7xrx_A,398,marinfold-exp232-decontam-train-m2-p06-step363000,single_seq,lm,,,,,,long,L/5,0.8607594936708861,70125,302,79
foldbench_monomer,7xrx_A,398,marinfold-exp232-decontam-train-m2-p06-step363000,single_seq,lm,,,,,,long,R,0.5761589403973509,70125,302,302
foldbench_monomer,7xrx_A,398,marinfold-exp232-decontam-train-m2-p06-step363000,single_seq,lm,,,,,,long,AUC,0.9788891457140492,70125,302,70125
foldbench_monomer,7xjr_A,337,marinfold-exp232-decontam-train-m2-p06-step363000,single_seq,lm,,,,,,all,L,0.6142433234421365,45150,354,337
foldbench_monomer,7xjr_A,337,marinfold-exp232-decontam-train-m2-p06-step363000,single_seq,lm,,,,,,all,L/2,0.8809523809523809,45150,354,168
foldbench_monomer,7xjr_A,337,marinfold-exp232-decontam-train-m2-p06-step363000,single_seq,lm,,,,,,all,L/5,0.9850746268656716,45150,354,67
foldbench_monomer,7xjr_A,337,marinfold-exp232-decontam-train-m2-p06-step363000,single_seq,lm,,,,,,all,R,0.596045197740113,45150,354,354
foldbench_monomer,7xjr_A,337,marinfold-exp232-decontam-train-m2-p06-step363000,single_seq,lm,,,,,,all,AUC,0.9661474453177064,45150,354,45150
foldbench_monomer,7xjr_A,337,marinfold-exp232-decontam-train-m2-p06-step363000,single_seq,lm,,,,,,short,L,0.1097922848664688,1785,37,337
foldbench_monomer,7xjr_A,337,marinfold-exp232-decontam-train-m2-p06-step363000,single_seq,lm,,,,,,short,L/2,0.2023809523809523,1785,37,168
foldbench_monomer,7xjr_A,337,marinfold-exp232-decontam-train-m2-p06-step363000,single_seq,lm,,,,,,short,L/5,0.373134328358209,1785,37,67
foldbench_monomer,7xjr_A,337,marinfold-exp232-decontam-train-m2-p06-step363000,single_seq,lm,,,,,,short,R,0.5135135135135135,1785,37,37
foldbench_monomer,7xjr_A,337,marinfold-exp232-decontam-train-m2-p06-step363000,single_seq,lm,,,,,,short,AUC,0.9739547900303048,1785,37,1785
foldbench_monomer,7xjr_A,337,marinfold-exp232-decontam-train-m2-p06-step363000,single_seq,lm,,,,,,medium,L,0.1246290801186943,3462,42,337
foldbench_monomer,7xjr_A,337,marinfold-exp232-decontam-train-m2-p06-step363000,single_seq,lm,,,,,,medium,L/2,0.244047619047619,3462,42,168
foldbench_monomer,7xjr_A,337,marinfold-exp232-decontam-train-m2-p06-step363000,single_seq,lm,,,,,,medium,L/5,0.4925373134328358,3462,42,67
foldbench_monomer,7xjr_A,337,marinfold-exp232-decontam-train-m2-p06-step363000,single_seq,lm,,,,,,medium,R,0.5952380952380952,3462,42,42
foldbench_monomer,7xjr_A,337,marinfold-exp232-decontam-train-m2-p06-step363000,single_seq,lm,,,,,,medium,AUC,0.98234126984127,3462,42,3462
foldbench_monomer,7xjr_A,337,marinfold-exp232-decontam-train-m2-p06-step363000,single_seq,lm,,,,,,long,L,0.5727002967359051,39903,275,337
foldbench_monomer,7xjr_A,337,marinfold-exp232-decontam-train-m2-p06-step363000,single_seq,lm,,,,,,long,L/2,0.7857142857142857,39903,275,168
foldbench_monomer,7xjr_A,337,marinfold-exp232-decontam-train-m2-p06-step363000,single_seq,lm,,,,,,long,L/5,0.9701492537313432,39903,275,67
foldbench_monomer,7xjr_A,337,marinfold-exp232-decontam-train-m2-p06-step363000,single_seq,lm,,,,,,long,R,0.6072727272727273,39903,275,275
foldbench_monomer,7xjr_A,337,marinfold-exp232-decontam-train-m2-p06-step363000,single_seq,lm,,,,,,long,AUC,0.9606700955247438,39903,275,39903
foldbench_monomer,7xyr_A,591,marinfold-exp232-decontam-train-m2-p06-step363000,single_seq,lm,,,,,,all,L,0.7461928934010152,146099,707,591
foldbench_monomer,7xyr_A,591,marinfold-exp232-decontam-train-m2-p06-step363000,single_seq,lm,,,,,,all,L/2,0.9254237288135592,146099,707,295
foldbench_monomer,7xyr_A,591,marinfold-exp232-decontam-train-m2-p06-step363000,single_seq,lm,,,,,,all,L/5,0.9915254237288136,146099,707,118
foldbench_monomer,7xyr_A,591,marinfold-exp232-decontam-train-m2-p06-step363000,single_seq,lm,,,,,,all,R,0.7029702970297029,146099,707,707
foldbench_monomer,7xyr_A,591,marinfold-exp232-decontam-train-m2-p06-step363000,single_seq,lm,,,,,,all,AUC,0.9829089516801984,146099,707,146099
foldbench_monomer,7xyr_A,591,marinfold-exp232-decontam-train-m2-p06-step363000,single_seq,lm,,,,,,short,L,0.1235194585448392,3150,74,591
foldbench_monomer,7xyr_A,591,marinfold-exp232-decontam-train-m2-p06-step363000,single_seq,lm,,,,,,short,L/2,0.2305084745762712,3150,74,295
foldbench_monomer,7xyr_A,591,marinfold-exp232-decontam-train-m2-p06-step363000,single_seq,lm,,,,,,short,L/5,0.4915254237288136,3150,74,118
foldbench_monomer,7xyr_A,591,marinfold-exp232-decontam-train-m2-p06-step363000,single_seq,lm,,,,,,short,R,0.6891891891891891,3150,74,74
foldbench_monomer,7xyr_A,591,marinfold-exp232-decontam-train-m2-p06-step363000,single_seq,lm,,,,,,short,AUC,0.9782997399219766,3150,74,3150
foldbench_monomer,7xyr_A,591,marinfold-exp232-decontam-train-m2-p06-step363000,single_seq,lm,,,,,,medium,L,0.1759729272419627,6105,106,591
foldbench_monomer,7xyr_A,591,marinfold-exp232-decontam-train-m2-p06-step363000,single_seq,lm,,,,,,medium,L/2,0.3389830508474576,6105,106,295
foldbench_monomer,7xyr_A,591,marinfold-exp232-decontam-train-m2-p06-step363000,single_seq,lm,,,,,,medium,L/5,0.7033898305084746,6105,106,118
foldbench_monomer,7xyr_A,591,marinfold-exp232-decontam-train-m2-p06-step363000,single_seq,lm,,,,,,medium,R,0.7547169811320755,6105,106,106
foldbench_monomer,7xyr_A,591,marinfold-exp232-decontam-train-m2-p06-step363000,single_seq,lm,,,,,,medium,AUC,0.9801319087772492,6105,106,6105
foldbench_monomer,7xyr_A,591,marinfold-exp232-decontam-train-m2-p06-step363000,single_seq,lm,,,,,,long,L,0.6548223350253807,136844,527,591
foldbench_monomer,7xyr_A,591,marinfold-exp232-decontam-train-m2-p06-step363000,single_seq,lm,,,,,,long,L/2,0.8610169491525423,136844,527,295
foldbench_monomer,7xyr_A,591,marinfold-exp232-decontam-train-m2-p06-step363000,single_seq,lm,,,,,,long,L/5,0.9915254237288136,136844,527,118
foldbench_monomer,7xyr_A,591,marinfold-exp232-decontam-train-m2-p06-step363000,single_seq,lm,,,,,,long,R,0.7001897533206831,136844,527,527
foldbench_monomer,7xyr_A,591,marinfold-exp232-decontam-train-m2-p06-step363000,single_seq,lm,,,,,,long,AUC,0.9820568501600222,136844,527,136844
foldbench_monomer,7xz3_A,325,marinfold-exp232-decontam-train-m2-p06-step363000,single_seq,lm,,,,,,all,L,0.2184615384615384,35832,316,325
foldbench_monomer,7xz3_A,325,marinfold-exp232-decontam-train-m2-p06-step363000,single_seq,lm,,,,,,all,L/2,0.345679012345679,35832,316,162
foldbench_monomer,7xz3_A,325,marinfold-exp232-decontam-train-m2-p06-step363000,single_seq,lm,,,,,,all,L/5,0.6,35832,316,65
foldbench_monomer,7xz3_A,325,marinfold-exp232-decontam-train-m2-p06-step363000,single_seq,lm,,,,,,all,R,0.2246835443037974,35832,316,316
foldbench_monomer,7xz3_A,325,marinfold-exp232-decontam-train-m2-p06-step363000,single_seq,lm,,,,,,all,AUC,0.8774784693224376,35832,316,35832
foldbench_monomer,7xz3_A,325,marinfold-exp232-decontam-train-m2-p06-step363000,single_seq,lm,,,,,,short,L,0.0584615384615384,1443,22,325
foldbench_monomer,7xz3_A,325,marinfold-exp232-decontam-train-m2-p06-step363000,single_seq,lm,,,,,,short,L/2,0.1049382716049382,1443,22,162
foldbench_monomer,7xz3_A,325,marinfold-exp232-decontam-train-m2-p06-step363000,single_seq,lm,,,,,,short,L/5,0.1846153846153846,1443,22,65
foldbench_monomer,7xz3_A,325,marinfold-exp232-decontam-train-m2-p06-step363000,single_seq,lm,,,,,,short,R,0.3636363636363636,1443,22,22
foldbench_monomer,7xz3_A,325,marinfold-exp232-decontam-train-m2-p06-step363000,single_seq,lm,,,,,,short,AUC,0.9180154820548908,1443,22,1443
foldbench_monomer,7xz3_A,325,marinfold-exp232-decontam-train-m2-p06-step363000,single_seq,lm,,,,,,medium,L,0.0892307692307692,2645,40,325
foldbench_monomer,7xz3_A,325,marinfold-exp232-decontam-train-m2-p06-step363000,single_seq,lm,,,,,,medium,L/2,0.1419753086419753,2645,40,162
foldbench_monomer,7xz3_A,325,marinfold-exp232-decontam-train-m2-p06-step363000,single_seq,lm,,,,,,medium,L/5,0.2461538461538461,2645,40,65
foldbench_monomer,7xz3_A,325,marinfold-exp232-decontam-train-m2-p06-step363000,single_seq,lm,,,,,,medium,R,0.375,2645,40,40
foldbench_monomer,7xz3_A,325,marinfold-exp232-decontam-train-m2-p06-step363000,single_seq,lm,,,,,,medium,AUC,0.9004750479846451,2645,40,2645
foldbench_monomer,7xz3_A,325,marinfold-exp232-decontam-train-m2-p06-step363000,single_seq,lm,,,,,,long,L,0.1969230769230769,31744,254,325
foldbench_monomer,7xz3_A,325,marinfold-exp232-decontam-train-m2-p06-step363000,single_seq,lm,,,,,,long,L/2,0.2407407407407407,31744,254,162
foldbench_monomer,7xz3_A,325,marinfold-exp232-decontam-train-m2-p06-step363000,single_seq,lm,,,,,,long,L/5,0.4461538461538462,31744,254,65
foldbench_monomer,7xz3_A,325,marinfold-exp232-decontam-train-m2-p06-step363000,single_seq,lm,,,,,,long,R,0.2007874015748031,31744,254,254
foldbench_monomer,7xz3_A,325,marinfold-exp232-decontam-train-m2-p06-step363000,single_seq,lm,,,,,,long,AUC,0.8704701905116735,31744,254,31744
foldbench_monomer,7y4h_A,338,marinfold-exp232-decontam-train-m2-p06-step363000,single_seq,lm,,,,,,all,L,0.5710059171597633,52353,320,338
foldbench_monomer,7y4h_A,338,marinfold-exp232-decontam-train-m2-p06-step363000,single_seq,lm,,,,,,all,L/2,0.7928994082840237,52353,320,169
foldbench_monomer,7y4h_A,338,marinfold-exp232-decontam-train-m2-p06-step363000,single_seq,lm,,,,,,all,L/5,0.9552238805970148,52353,320,67
foldbench_monomer,7y4h_A,338,marinfold-exp232-decontam-train-m2-p06-step363000,single_seq,lm,,,,,,all,R,0.590625,52353,320,320
foldbench_monomer,7y4h_A,338,marinfold-exp232-decontam-train-m2-p06-step363000,single_seq,lm,,,,,,all,AUC,0.969706184056272,52353,320,52353
foldbench_monomer,7y4h_A,338,marinfold-exp232-decontam-train-m2-p06-step363000,single_seq,lm,,,,,,short,L,0.1124260355029585,1869,43,338
foldbench_monomer,7y4h_A,338,marinfold-exp232-decontam-train-m2-p06-step363000,single_seq,lm,,,,,,short,L/2,0.1952662721893491,1869,43,169
foldbench_monomer,7y4h_A,338,marinfold-exp232-decontam-train-m2-p06-step363000,single_seq,lm,,,,,,short,L/5,0.3880597014925373,1869,43,67
foldbench_monomer,7y4h_A,338,marinfold-exp232-decontam-train-m2-p06-step363000,single_seq,lm,,,,,,short,R,0.5348837209302325,1869,43,43
foldbench_monomer,7y4h_A,338,marinfold-exp232-decontam-train-m2-p06-step363000,single_seq,lm,,,,,,short,AUC,0.9406059756998394,1869,43,1869
foldbench_monomer,7y4h_A,338,marinfold-exp232-decontam-train-m2-p06-step363000,single_seq,lm,,,,,,medium,L,0.1479289940828402,3630,51,338
foldbench_monomer,7y4h_A,338,marinfold-exp232-decontam-train-m2-p06-step363000,single_seq,lm,,,,,,medium,L/2,0.2603550295857988,3630,51,169
foldbench_monomer,7y4h_A,338,marinfold-exp232-decontam-train-m2-p06-step363000,single_seq,lm,,,,,,medium,L/5,0.5074626865671642,3630,51,67
foldbench_monomer,7y4h_A,338,marinfold-exp232-decontam-train-m2-p06-step363000,single_seq,lm,,,,,,medium,R,0.6274509803921569,3630,51,51
foldbench_monomer,7y4h_A,338,marinfold-exp232-decontam-train-m2-p06-step363000,single_seq,lm,,,,,,medium,AUC,0.9761873455724844,3630,51,3630
foldbench_monomer,7y4h_A,338,marinfold-exp232-decontam-train-m2-p06-step363000,single_seq,lm,,,,,,long,L,0.4704142011834319,46854,226,338
foldbench_monomer,7y4h_A,338,marinfold-exp232-decontam-train-m2-p06-step363000,single_seq,lm,,,,,,long,L/2,0.7218934911242604,46854,226,169
foldbench_monomer,7y4h_A,338,marinfold-exp232-decontam-train-m2-p06-step363000,single_seq,lm,,,,,,long,L/5,0.9701492537313432,46854,226,67
foldbench_monomer,7y4h_A,338,marinfold-exp232-decontam-train-m2-p06-step363000,single_seq,lm,,,,,,long,R,0.6017699115044248,46854,226,226
foldbench_monomer,7y4h_A,338,marinfold-exp232-decontam-train-m2-p06-step363000,single_seq,lm,,,,,,long,AUC,0.9683674532602614,46854,226,46854
foldbench_monomer,7y54_A,100,marinfold-exp232-decontam-train-m2-p06-step363000,single_seq,lm,,,,,,all,L,0.82,4465,105,100
foldbench_monomer,7y54_A,100,marinfold-exp232-decontam-train-m2-p06-step363000,single_seq,lm,,,,,,all,L/2,0.96,4465,105,50
foldbench_monomer,7y54_A,100,marinfold-exp232-decontam-train-m2-p06-step363000,single_seq,lm,,,,,,all,L/5,1.0,4465,105,20
foldbench_monomer,7y54_A,100,marinfold-exp232-decontam-train-m2-p06-step363000,single_seq,lm,,,,,,all,R,0.8,4465,105,105
foldbench_monomer,7y54_A,100,marinfold-exp232-decontam-train-m2-p06-step363000,single_seq,lm,,,,,,all,AUC,0.9823328964613368,4465,105,4465
foldbench_monomer,7y54_A,100,marinfold-exp232-decontam-train-m2-p06-step363000,single_seq,lm,,,,,,short,L,0.18,549,19,100
foldbench_monomer,7y54_A,100,marinfold-exp232-decontam-train-m2-p06-step363000,single_seq,lm,,,,,,short,L/2,0.36,549,19,50
foldbench_monomer,7y54_A,100,marinfold-exp232-decontam-train-m2-p06-step363000,single_seq,lm,,,,,,short,L/5,0.75,549,19,20
foldbench_monomer,7y54_A,100,marinfold-exp232-decontam-train-m2-p06-step363000,single_seq,lm,,,,,,short,R,0.7894736842105263,549,19,19
foldbench_monomer,7y54_A,100,marinfold-exp232-decontam-train-m2-p06-step363000,single_seq,lm,,,,,,short,AUC,0.9686196623634558,549,19,549
foldbench_monomer,7y54_A,100,marinfold-exp232-decontam-train-m2-p06-step363000,single_seq,lm,,,,,,medium,L,0.28,990,28,100
foldbench_monomer,7y54_A,100,marinfold-exp232-decontam-train-m2-p06-step363000,single_seq,lm,,,,,,medium,L/2,0.56,990,28,50
foldbench_monomer,7y54_A,100,marinfold-exp232-decontam-train-m2-p06-step363000,single_seq,lm,,,,,,medium,L/5,0.85,990,28,20
foldbench_monomer,7y54_A,100,marinfold-exp232-decontam-train-m2-p06-step363000,single_seq,lm,,,,,,medium,R,0.6785714285714286,990,28,28
foldbench_monomer,7y54_A,100,marinfold-exp232-decontam-train-m2-p06-step363000,single_seq,lm,,,,,,medium,AUC,0.9945054945054944,990,28,990
foldbench_monomer,7y54_A,100,marinfold-exp232-decontam-train-m2-p06-step363000,single_seq,lm,,,,,,long,L,0.54,2926,58,100
foldbench_monomer,7y54_A,100,marinfold-exp232-decontam-train-m2-p06-step363000,single_seq,lm,,,,,,long,L/2,0.9,2926,58,50
foldbench_monomer,7y54_A,100,marinfold-exp232-decontam-train-m2-p06-step363000,single_seq,lm,,,,,,long,L/5,1.0,2926,58,20
foldbench_monomer,7y54_A,100,marinfold-exp232-decontam-train-m2-p06-step363000,single_seq,lm,,,,,,long,R,0.8448275862068966,2926,58,58
foldbench_monomer,7y54_A,100,marinfold-exp232-decontam-train-m2-p06-step363000,single_seq,lm,,,,,,long,AUC,0.9803900351079692,2926,58,2926
foldbench_monomer,7y5m_A,170,marinfold-exp232-decontam-train-m2-p06-step363000,single_seq,lm,,,,,,all,L,0.5294117647058824,11175,148,170
foldbench_monomer,7y5m_A,170,marinfold-exp232-decontam-train-m2-p06-step363000,single_seq,lm,,,,,,all,L/2,0.8235294117647058,11175,148,85
foldbench_monomer,7y5m_A,170,marinfold-exp232-decontam-train-m2-p06-step363000,single_seq,lm,,,,,,all,L/5,0.9117647058823528,11175,148,34
foldbench_monomer,7y5m_A,170,marinfold-exp232-decontam-train-m2-p06-step363000,single_seq,lm,,,,,,all,R,0.581081081081081,11175,148,148
foldbench_monomer,7y5m_A,170,marinfold-exp232-decontam-train-m2-p06-step363000,single_seq,lm,,,,,,all,AUC,0.9362764982267112,11175,148,11175
foldbench_monomer,7y5m_A,170,marinfold-exp232-decontam-train-m2-p06-step363000,single_seq,lm,,,,,,short,L,0.1352941176470588,879,23,170
foldbench_monomer,7y5m_A,170,marinfold-exp232-decontam-train-m2-p06-step363000,single_seq,lm,,,,,,short,L/2,0.2470588235294117,879,23,85
foldbench_monomer,7y5m_A,170,marinfold-exp232-decontam-train-m2-p06-step363000,single_seq,lm,,,,,,short,L/5,0.4705882352941176,879,23,34
foldbench_monomer,7y5m_A,170,marinfold-exp232-decontam-train-m2-p06-step363000,single_seq,lm,,,,,,short,R,0.6521739130434783,879,23,23
foldbench_monomer,7y5m_A,170,marinfold-exp232-decontam-train-m2-p06-step363000,single_seq,lm,,,,,,short,AUC,0.9806481105241772,879,23,879
foldbench_monomer,7y5m_A,170,marinfold-exp232-decontam-train-m2-p06-step363000,single_seq,lm,,,,,,medium,L,0.1,1650,18,170
foldbench_monomer,7y5m_A,170,marinfold-exp232-decontam-train-m2-p06-step363000,single_seq,lm,,,,,,medium,L/2,0.188235294117647,1650,18,85
foldbench_monomer,7y5m_A,170,marinfold-exp232-decontam-train-m2-p06-step363000,single_seq,lm,,,,,,medium,L/5,0.4117647058823529,1650,18,34
foldbench_monomer,7y5m_A,170,marinfold-exp232-decontam-train-m2-p06-step363000,single_seq,lm,,,,,,medium,R,0.6111111111111112,1650,18,18
foldbench_monomer,7y5m_A,170,marinfold-exp232-decontam-train-m2-p06-step363000,single_seq,lm,,,,,,medium,AUC,0.9810049019607844,1650,18,1650
foldbench_monomer,7y5m_A,170,marinfold-exp232-decontam-train-m2-p06-step363000,single_seq,lm,,,,,,long,L,0.4058823529411764,8646,107,170
foldbench_monomer,7y5m_A,170,marinfold-exp232-decontam-train-m2-p06-step363000,single_seq,lm,,,,,,long,L/2,0.6588235294117647,8646,107,85
foldbench_monomer,7y5m_A,170,marinfold-exp232-decontam-train-m2-p06-step363000,single_seq,lm,,,,,,long,L/5,0.9411764705882352,8646,107,34
foldbench_monomer,7y5m_A,170,marinfold-exp232-decontam-train-m2-p06-step363000,single_seq,lm,,,,,,long,R,0.5607476635514018,8646,107,107
foldbench_monomer,7y5m_A,170,marinfold-exp232-decontam-train-m2-p06-step363000,single_seq,lm,,,,,,long,AUC,0.9198652034152264,8646,107,8646
foldbench_monomer,7y5r_A,105,marinfold-exp232-decontam-train-m2-p06-step363000,single_seq,lm,,,,,,all,L,0.780952380952381,4950,97,105
foldbench_monomer,7y5r_A,105,marinfold-exp232-decontam-train-m2-p06-step363000,single_seq,lm,,,,,,all,L/2,0.9423076923076924,4950,97,52
foldbench_monomer,7y5r_A,105,marinfold-exp232-decontam-train-m2-p06-step363000,single_seq,lm,,,,,,all,L/5,1.0,4950,97,21
foldbench_monomer,7y5r_A,105,marinfold-exp232-decontam-train-m2-p06-step363000,single_seq,lm,,,,,,all,R,0.7938144329896907,4950,97,97
foldbench_monomer,7y5r_A,105,marinfold-exp232-decontam-train-m2-p06-step363000,single_seq,lm,,,,,,all,AUC,0.9969473659613248,4950,97,4950
foldbench_monomer,7y5r_A,105,marinfold-exp232-decontam-train-m2-p06-step363000,single_seq,lm,,,,,,short,L,0.1238095238095238,579,13,105
foldbench_monomer,7y5r_A,105,marinfold-exp232-decontam-train-m2-p06-step363000,single_seq,lm,,,,,,short,L/2,0.25,579,13,52
foldbench_monomer,7y5r_A,105,marinfold-exp232-decontam-train-m2-p06-step363000,single_seq,lm,,,,,,short,L/5,0.6190476190476191,579,13,21
foldbench_monomer,7y5r_A,105,marinfold-exp232-decontam-train-m2-p06-step363000,single_seq,lm,,,,,,short,R,0.9230769230769232,579,13,13
foldbench_monomer,7y5r_A,105,marinfold-exp232-decontam-train-m2-p06-step363000,single_seq,lm,,,,,,short,AUC,0.9990486545256864,579,13,579
foldbench_monomer,7y5r_A,105,marinfold-exp232-decontam-train-m2-p06-step363000,single_seq,lm,,,,,,medium,L,0.2285714285714285,1050,24,105
foldbench_monomer,7y5r_A,105,marinfold-exp232-decontam-train-m2-p06-step363000,single_seq,lm,,,,,,medium,L/2,0.4615384615384615,1050,24,52
foldbench_monomer,7y5r_A,105,marinfold-exp232-decontam-train-m2-p06-step363000,single_seq,lm,,,,,,medium,L/5,0.9047619047619048,1050,24,21
foldbench_monomer,7y5r_A,105,marinfold-exp232-decontam-train-m2-p06-step363000,single_seq,lm,,,,,,medium,R,0.8333333333333334,1050,24,24
foldbench_monomer,7y5r_A,105,marinfold-exp232-decontam-train-m2-p06-step363000,single_seq,lm,,,,,,medium,AUC,0.9982740415854452,1050,24,1050
foldbench_monomer,7y5r_A,105,marinfold-exp232-decontam-train-m2-p06-step363000,single_seq,lm,,,,,,long,L,0.5142857142857142,3321,60,105
foldbench_monomer,7y5r_A,105,marinfold-exp232-decontam-train-m2-p06-step363000,single_seq,lm,,,,,,long,L/2,0.8076923076923077,3321,60,52
foldbench_monomer,7y5r_A,105,marinfold-exp232-decontam-train-m2-p06-step363000,single_seq,lm,,,,,,long,L/5,1.0,3321,60,21
foldbench_monomer,7y5r_A,105,marinfold-exp232-decontam-train-m2-p06-step363000,single_seq,lm,,,,,,long,R,0.7333333333333333,3321,60,60
foldbench_monomer,7y5r_A,105,marinfold-exp232-decontam-train-m2-p06-step363000,single_seq,lm,,,,,,long,AUC,0.9959802719002352,3321,60,3321
foldbench_monomer,7y8h_A,100,marinfold-exp232-decontam-train-m2-p06-step363000,single_seq,lm,,,,,,all,L,0.68,3767,83,100
foldbench_monomer,7y8h_A,100,marinfold-exp232-decontam-train-m2-p06-step363000,single_seq,lm,,,,,,all,L/2,0.96,3767,83,50
foldbench_monomer,7y8h_A,100,marinfold-exp232-decontam-train-m2-p06-step363000,single_seq,lm,,,,,,all,L/5,1.0,3767,83,20
foldbench_monomer,7y8h_A,100,marinfold-exp232-decontam-train-m2-p06-step363000,single_seq,lm,,,,,,all,R,0.7469879518072289,3767,83,83
foldbench_monomer,7y8h_A,100,marinfold-exp232-decontam-train-m2-p06-step363000,single_seq,lm,,,,,,all,AUC,0.9902852452153892,3767,83,3767
foldbench_monomer,7y8h_A,100,marinfold-exp232-decontam-train-m2-p06-step363000,single_seq,lm,,,,,,short,L,0.09,459,9,100
foldbench_monomer,7y8h_A,100,marinfold-exp232-decontam-train-m2-p06-step363000,single_seq,lm,,,,,,short,L/2,0.18,459,9,50
foldbench_monomer,7y8h_A,100,marinfold-exp232-decontam-train-m2-p06-step363000,single_seq,lm,,,,,,short,L/5,0.45,459,9,20
foldbench_monomer,7y8h_A,100,marinfold-exp232-decontam-train-m2-p06-step363000,single_seq,lm,,,,,,short,R,0.6666666666666666,459,9,9
foldbench_monomer,7y8h_A,100,marinfold-exp232-decontam-train-m2-p06-step363000,single_seq,lm,,,,,,short,AUC,0.9960493827160494,459,9,459
foldbench_monomer,7y8h_A,100,marinfold-exp232-decontam-train-m2-p06-step363000,single_seq,lm,,,,,,medium,L,0.24,822,25,100
foldbench_monomer,7y8h_A,100,marinfold-exp232-decontam-train-m2-p06-step363000,single_seq,lm,,,,,,medium,L/2,0.46,822,25,50
foldbench_monomer,7y8h_A,100,marinfold-exp232-decontam-train-m2-p06-step363000,single_seq,lm,,,,,,medium,L/5,0.75,822,25,20
foldbench_monomer,7y8h_A,100,marinfold-exp232-decontam-train-m2-p06-step363000,single_seq,lm,,,,,,medium,R,0.64,822,25,25
foldbench_monomer,7y8h_A,100,marinfold-exp232-decontam-train-m2-p06-step363000,single_seq,lm,,,,,,medium,AUC,0.9725470514429108,822,25,822
foldbench_monomer,7y8h_A,100,marinfold-exp232-decontam-train-m2-p06-step363000,single_seq,lm,,,,,,long,L,0.49,2486,49,100
foldbench_monomer,7y8h_A,100,marinfold-exp232-decontam-train-m2-p06-step363000,single_seq,lm,,,,,,long,L/2,0.78,2486,49,50
foldbench_monomer,7y8h_A,100,marinfold-exp232-decontam-train-m2-p06-step363000,single_seq,lm,,,,,,long,L/5,1.0,2486,49,20
foldbench_monomer,7y8h_A,100,marinfold-exp232-decontam-train-m2-p06-step363000,single_seq,lm,,,,,,long,R,0.7959183673469388,2486,49,49
foldbench_monomer,7y8h_A,100,marinfold-exp232-decontam-train-m2-p06-step363000,single_seq,lm,,,,,,long,AUC,0.9978184954736922,2486,49,2486
foldbench_monomer,7y8i_A,97,marinfold-exp232-decontam-train-m2-p06-step363000,single_seq,lm,,,,,,all,L,0.7731958762886598,2941,83,97
foldbench_monomer,7y8i_A,97,marinfold-exp232-decontam-train-m2-p06-step363000,single_seq,lm,,,,,,all,L/2,0.9375,2941,83,48
foldbench_monomer,7y8i_A,97,marinfold-exp232-decontam-train-m2-p06-step363000,single_seq,lm,,,,,,all,L/5,1.0,2941,83,19
foldbench_monomer,7y8i_A,97,marinfold-exp232-decontam-train-m2-p06-step363000,single_seq,lm,,,,,,all,R,0.8313253012048193,2941,83,83
foldbench_monomer,7y8i_A,97,marinfold-exp232-decontam-train-m2-p06-step363000,single_seq,lm,,,,,,all,AUC,0.997004814218385,2941,83,2941
foldbench_monomer,7y8i_A,97,marinfold-exp232-decontam-train-m2-p06-step363000,single_seq,lm,,,,,,short,L,0.1649484536082474,390,16,97
foldbench_monomer,7y8i_A,97,marinfold-exp232-decontam-train-m2-p06-step363000,single_seq,lm,,,,,,short,L/2,0.3333333333333333,390,16,48
foldbench_monomer,7y8i_A,97,marinfold-exp232-decontam-train-m2-p06-step363000,single_seq,lm,,,,,,short,L/5,0.7894736842105263,390,16,19
foldbench_monomer,7y8i_A,97,marinfold-exp232-decontam-train-m2-p06-step363000,single_seq,lm,,,,,,short,R,0.875,390,16,16
foldbench_monomer,7y8i_A,97,marinfold-exp232-decontam-train-m2-p06-step363000,single_seq,lm,,,,,,short,AUC,0.9980782085561496,390,16,390
foldbench_monomer,7y8i_A,97,marinfold-exp232-decontam-train-m2-p06-step363000,single_seq,lm,,,,,,medium,L,0.2061855670103092,645,20,97
foldbench_monomer,7y8i_A,97,marinfold-exp232-decontam-train-m2-p06-step363000,single_seq,lm,,,,,,medium,L/2,0.4166666666666667,645,20,48
foldbench_monomer,7y8i_A,97,marinfold-exp232-decontam-train-m2-p06-step363000,single_seq,lm,,,,,,medium,L/5,0.7894736842105263,645,20,19
foldbench_monomer,7y8i_A,97,marinfold-exp232-decontam-train-m2-p06-step363000,single_seq,lm,,,,,,medium,R,0.8,645,20,20
foldbench_monomer,7y8i_A,97,marinfold-exp232-decontam-train-m2-p06-step363000,single_seq,lm,,,,,,medium,AUC,0.99512,645,20,645
foldbench_monomer,7y8i_A,97,marinfold-exp232-decontam-train-m2-p06-step363000,single_seq,lm,,,,,,long,L,0.4845360824742268,1906,47,97
foldbench_monomer,7y8i_A,97,marinfold-exp232-decontam-train-m2-p06-step363000,single_seq,lm,,,,,,long,L/2,0.8541666666666666,1906,47,48
foldbench_monomer,7y8i_A,97,marinfold-exp232-decontam-train-m2-p06-step363000,single_seq,lm,,,,,,long,L/5,1.0,1906,47,19
foldbench_monomer,7y8i_A,97,marinfold-exp232-decontam-train-m2-p06-step363000,single_seq,lm,,,,,,long,R,0.851063829787234,1906,47,47
foldbench_monomer,7y8i_A,97,marinfold-exp232-decontam-train-m2-p06-step363000,single_seq,lm,,,,,,long,AUC,0.9975335630000116,1906,47,1906
foldbench_monomer,7y5j_A,102,marinfold-exp232-decontam-train-m2-p06-step363000,single_seq,lm,,,,,,all,L,0.7156862745098039,4005,91,102
foldbench_monomer,7y5j_A,102,marinfold-exp232-decontam-train-m2-p06-step363000,single_seq,lm,,,,,,all,L/2,0.9019607843137256,4005,91,51
foldbench_monomer,7y5j_A,102,marinfold-exp232-decontam-train-m2-p06-step363000,single_seq,lm,,,,,,all,L/5,0.95,4005,91,20
foldbench_monomer,7y5j_A,102,marinfold-exp232-decontam-train-m2-p06-step363000,single_seq,lm,,,,,,all,R,0.8021978021978022,4005,91,91
foldbench_monomer,7y5j_A,102,marinfold-exp232-decontam-train-m2-p06-step363000,single_seq,lm,,,,,,all,AUC,0.97934155777794,4005,91,4005
foldbench_monomer,7y5j_A,102,marinfold-exp232-decontam-train-m2-p06-step363000,single_seq,lm,,,,,,short,L,0.1568627450980392,519,16,102
foldbench_monomer,7y5j_A,102,marinfold-exp232-decontam-train-m2-p06-step363000,single_seq,lm,,,,,,short,L/2,0.3137254901960784,519,16,51
foldbench_monomer,7y5j_A,102,marinfold-exp232-decontam-train-m2-p06-step363000,single_seq,lm,,,,,,short,L/5,0.75,519,16,20
foldbench_monomer,7y5j_A,102,marinfold-exp232-decontam-train-m2-p06-step363000,single_seq,lm,,,,,,short,R,0.875,519,16,16
foldbench_monomer,7y5j_A,102,marinfold-exp232-decontam-train-m2-p06-step363000,single_seq,lm,,,,,,short,AUC,0.9974527833001988,519,16,519
foldbench_monomer,7y5j_A,102,marinfold-exp232-decontam-train-m2-p06-step363000,single_seq,lm,,,,,,medium,L,0.2450980392156862,930,25,102
foldbench_monomer,7y5j_A,102,marinfold-exp232-decontam-train-m2-p06-step363000,single_seq,lm,,,,,,medium,L/2,0.4901960784313725,930,25,51
foldbench_monomer,7y5j_A,102,marinfold-exp232-decontam-train-m2-p06-step363000,single_seq,lm,,,,,,medium,L/5,0.9,930,25,20
foldbench_monomer,7y5j_A,102,marinfold-exp232-decontam-train-m2-p06-step363000,single_seq,lm,,,,,,medium,R,0.88,930,25,25
foldbench_monomer,7y5j_A,102,marinfold-exp232-decontam-train-m2-p06-step363000,single_seq,lm,,,,,,medium,AUC,0.9981436464088398,930,25,930
foldbench_monomer,7y5j_A,102,marinfold-exp232-decontam-train-m2-p06-step363000,single_seq,lm,,,,,,long,L,0.4509803921568627,2556,50,102
foldbench_monomer,7y5j_A,102,marinfold-exp232-decontam-train-m2-p06-step363000,single_seq,lm,,,,,,long,L/2,0.7254901960784313,2556,50,51
foldbench_monomer,7y5j_A,102,marinfold-exp232-decontam-train-m2-p06-step363000,single_seq,lm,,,,,,long,L/5,0.95,2556,50,20
foldbench_monomer,7y5j_A,102,marinfold-exp232-decontam-train-m2-p06-step363000,single_seq,lm,,,,,,long,R,0.74,2556,50,50
foldbench_monomer,7y5j_A,102,marinfold-exp232-decontam-train-m2-p06-step363000,single_seq,lm,,,,,,long,AUC,0.9645211492418196,2556,50,2556
foldbench_monomer,7yd4_A,185,marinfold-exp232-decontam-train-m2-p06-step363000,single_seq,lm,,,,,,all,L,0.1783783783783784,15063,142,185
foldbench_monomer,7yd4_A,185,marinfold-exp232-decontam-train-m2-p06-step363000,single_seq,lm,,,,,,all,L/2,0.1739130434782608,15063,142,92
foldbench_monomer,7yd4_A,185,marinfold-exp232-decontam-train-m2-p06-step363000,single_seq,lm,,,,,,all,L/5,0.1891891891891892,15063,142,37
foldbench_monomer,7yd4_A,185,marinfold-exp232-decontam-train-m2-p06-step363000,single_seq,lm,,,,,,all,R,0.176056338028169,15063,142,142
foldbench_monomer,7yd4_A,185,marinfold-exp232-decontam-train-m2-p06-step363000,single_seq,lm,,,,,,all,AUC,0.8506811932515945,15063,142,15063
foldbench_monomer,7yd4_A,185,marinfold-exp232-decontam-train-m2-p06-step363000,single_seq,lm,,,,,,short,L,0.0702702702702702,1005,18,185
foldbench_monomer,7yd4_A,185,marinfold-exp232-decontam-train-m2-p06-step363000,single_seq,lm,,,,,,short,L/2,0.0978260869565217,1005,18,92
foldbench_monomer,7yd4_A,185,marinfold-exp232-decontam-train-m2-p06-step363000,single_seq,lm,,,,,,short,L/5,0.1081081081081081,1005,18,37
foldbench_monomer,7yd4_A,185,marinfold-exp232-decontam-train-m2-p06-step363000,single_seq,lm,,,,,,short,R,0.1666666666666666,1005,18,18
foldbench_monomer,7yd4_A,185,marinfold-exp232-decontam-train-m2-p06-step363000,single_seq,lm,,,,,,short,AUC,0.8593099178205562,1005,18,1005
foldbench_monomer,7yd4_A,185,marinfold-exp232-decontam-train-m2-p06-step363000,single_seq,lm,,,,,,medium,L,0.0702702702702702,1902,23,185
foldbench_monomer,7yd4_A,185,marinfold-exp232-decontam-train-m2-p06-step363000,single_seq,lm,,,,,,medium,L/2,0.1195652173913043,1902,23,92
foldbench_monomer,7yd4_A,185,marinfold-exp232-decontam-train-m2-p06-step363000,single_seq,lm,,,,,,medium,L/5,0.1351351351351351,1902,23,37
foldbench_monomer,7yd4_A,185,marinfold-exp232-decontam-train-m2-p06-step363000,single_seq,lm,,,,,,medium,R,0.0869565217391304,1902,23,23
foldbench_monomer,7yd4_A,185,marinfold-exp232-decontam-train-m2-p06-step363000,single_seq,lm,,,,,,medium,AUC,0.8541661846032811,1902,23,1902
foldbench_monomer,7yd4_A,185,marinfold-exp232-decontam-train-m2-p06-step363000,single_seq,lm,,,,,,long,L,0.1567567567567567,12156,101,185
foldbench_monomer,7yd4_A,185,marinfold-exp232-decontam-train-m2-p06-step363000,single_seq,lm,,,,,,long,L/2,0.2391304347826087,12156,101,92
foldbench_monomer,7yd4_A,185,marinfold-exp232-decontam-train-m2-p06-step363000,single_seq,lm,,,,,,long,L/5,0.2702702702702703,12156,101,37
foldbench_monomer,7yd4_A,185,marinfold-exp232-decontam-train-m2-p06-step363000,single_seq,lm,,,,,,long,R,0.2277227722772277,12156,101,101
foldbench_monomer,7yd4_A,185,marinfold-exp232-decontam-train-m2-p06-step363000,single_seq,lm,,,,,,long,AUC,0.8428974461112639,12156,101,12156
foldbench_monomer,7yhr_A,60,marinfold-exp232-decontam-train-m2-p06-step363000,single_seq,lm,,,,,,all,L,0.3333333333333333,1431,41,60
foldbench_monomer,7yhr_A,60,marinfold-exp232-decontam-train-m2-p06-step363000,single_seq,lm,,,,,,all,L/2,0.4666666666666667,1431,41,30
foldbench_monomer,7yhr_A,60,marinfold-exp232-decontam-train-m2-p06-step363000,single_seq,lm,,,,,,all,L/5,0.75,1431,41,12
foldbench_monomer,7yhr_A,60,marinfold-exp232-decontam-train-m2-p06-step363000,single_seq,lm,,,,,,all,R,0.3658536585365853,1431,41,41
foldbench_monomer,7yhr_A,60,marinfold-exp232-decontam-train-m2-p06-step363000,single_seq,lm,,,,,,all,AUC,0.956194069134936,1431,41,1431
foldbench_monomer,7yhr_A,60,marinfold-exp232-decontam-train-m2-p06-step363000,single_seq,lm,,,,,,short,L,0.15,303,9,60
foldbench_monomer,7yhr_A,60,marinfold-exp232-decontam-train-m2-p06-step363000,single_seq,lm,,,,,,short,L/2,0.2333333333333333,303,9,30
foldbench_monomer,7yhr_A,60,marinfold-exp232-decontam-train-m2-p06-step363000,single_seq,lm,,,,,,short,L/5,0.5833333333333334,303,9,12
foldbench_monomer,7yhr_A,60,marinfold-exp232-decontam-train-m2-p06-step363000,single_seq,lm,,,,,,short,R,0.7777777777777778,303,9,9
foldbench_monomer,7yhr_A,60,marinfold-exp232-decontam-train-m2-p06-step363000,single_seq,lm,,,,,,short,AUC,0.9695767195767196,303,9,303
foldbench_monomer,7yhr_A,60,marinfold-exp232-decontam-train-m2-p06-step363000,single_seq,lm,,,,,,medium,L,0.1333333333333333,498,9,60
foldbench_monomer,7yhr_A,60,marinfold-exp232-decontam-train-m2-p06-step363000,single_seq,lm,,,,,,medium,L/2,0.2333333333333333,498,9,30
foldbench_monomer,7yhr_A,60,marinfold-exp232-decontam-train-m2-p06-step363000,single_seq,lm,,,,,,medium,L/5,0.3333333333333333,498,9,12
foldbench_monomer,7yhr_A,60,marinfold-exp232-decontam-train-m2-p06-step363000,single_seq,lm,,,,,,medium,R,0.3333333333333333,498,9,9
foldbench_monomer,7yhr_A,60,marinfold-exp232-decontam-train-m2-p06-step363000,single_seq,lm,,,,,,medium,AUC,0.9573960463531016,498,9,498
foldbench_monomer,7yhr_A,60,marinfold-exp232-decontam-train-m2-p06-step363000,single_seq,lm,,,,,,long,L,0.2833333333333333,630,23,60
foldbench_monomer,7yhr_A,60,marinfold-exp232-decontam-train-m2-p06-step363000,single_seq,lm,,,,,,long,L/2,0.3333333333333333,630,23,30
foldbench_monomer,7yhr_A,60,marinfold-exp232-decontam-train-m2-p06-step363000,single_seq,lm,,,,,,long,L/5,0.3333333333333333,630,23,12
foldbench_monomer,7yhr_A,60,marinfold-exp232-decontam-train-m2-p06-step363000,single_seq,lm,,,,,,long,R,0.2608695652173913,630,23,23
foldbench_monomer,7yhr_A,60,marinfold-exp232-decontam-train-m2-p06-step363000,single_seq,lm,,,,,,long,AUC,0.9522240527182866,630,23,630
foldbench_monomer,7ykm_A,105,marinfold-exp232-decontam-train-m2-p06-step363000,single_seq,lm,,,,,,all,L,0.5047619047619047,2850,55,105
foldbench_monomer,7ykm_A,105,marinfold-exp232-decontam-train-m2-p06-step363000,single_seq,lm,,,,,,all,L/2,0.7692307692307693,2850,55,52
foldbench_monomer,7ykm_A,105,marinfold-exp232-decontam-train-m2-p06-step363000,single_seq,lm,,,,,,all,L/5,0.9523809523809524,2850,55,21
foldbench_monomer,7ykm_A,105,marinfold-exp232-decontam-train-m2-p06-step363000,single_seq,lm,,,,,,all,R,0.7636363636363637,2850,55,55
foldbench_monomer,7ykm_A,105,marinfold-exp232-decontam-train-m2-p06-step363000,single_seq,lm,,,,,,all,AUC,0.9875199219385266,2850,55,2850
foldbench_monomer,7ykm_A,105,marinfold-exp232-decontam-train-m2-p06-step363000,single_seq,lm,,,,,,short,L,0.0666666666666666,435,7,105
foldbench_monomer,7ykm_A,105,marinfold-exp232-decontam-train-m2-p06-step363000,single_seq,lm,,,,,,short,L/2,0.1346153846153846,435,7,52
foldbench_monomer,7ykm_A,105,marinfold-exp232-decontam-train-m2-p06-step363000,single_seq,lm,,,,,,short,L/5,0.2857142857142857,435,7,21
foldbench_monomer,7ykm_A,105,marinfold-exp232-decontam-train-m2-p06-step363000,single_seq,lm,,,,,,short,R,0.7142857142857143,435,7,7
foldbench_monomer,7ykm_A,105,marinfold-exp232-decontam-train-m2-p06-step363000,single_seq,lm,,,,,,short,AUC,0.9250667556742322,435,7,435
foldbench_monomer,7ykm_A,105,marinfold-exp232-decontam-train-m2-p06-step363000,single_seq,lm,,,,,,medium,L,0.1333333333333333,762,14,105
foldbench_monomer,7ykm_A,105,marinfold-exp232-decontam-train-m2-p06-step363000,single_seq,lm,,,,,,medium,L/2,0.2692307692307692,762,14,52
foldbench_monomer,7ykm_A,105,marinfold-exp232-decontam-train-m2-p06-step363000,single_seq,lm,,,,,,medium,L/5,0.6190476190476191,762,14,21
foldbench_monomer,7ykm_A,105,marinfold-exp232-decontam-train-m2-p06-step363000,single_seq,lm,,,,,,medium,R,0.7142857142857143,762,14,14
foldbench_monomer,7ykm_A,105,marinfold-exp232-decontam-train-m2-p06-step363000,single_seq,lm,,,,,,medium,AUC,0.9969442322383498,762,14,762
foldbench_monomer,7ykm_A,105,marinfold-exp232-decontam-train-m2-p06-step363000,single_seq,lm,,,,,,long,L,0.3238095238095238,1653,34,105
foldbench_monomer,7ykm_A,105,marinfold-exp232-decontam-train-m2-p06-step363000,single_seq,lm,,,,,,long,L/2,0.6153846153846154,1653,34,52
foldbench_monomer,7ykm_A,105,marinfold-exp232-decontam-train-m2-p06-step363000,single_seq,lm,,,,,,long,L/5,0.9523809523809524,1653,34,21
foldbench_monomer,7ykm_A,105,marinfold-exp232-decontam-train-m2-p06-step363000,single_seq,lm,,,,,,long,R,0.7647058823529411,1653,34,34
foldbench_monomer,7ykm_A,105,marinfold-exp232-decontam-train-m2-p06-step363000,single_seq,lm,,,,,,long,AUC,0.9968480906877883,1653,34,1653
foldbench_monomer,7ylr_A,330,marinfold-exp232-decontam-train-m2-p06-step363000,single_seq,lm,,,,,,all,L,0.7787878787878788,51365,364,330
foldbench_monomer,7ylr_A,330,marinfold-exp232-decontam-train-m2-p06-step363000,single_seq,lm,,,,,,all,L/2,0.9636363636363636,51365,364,165
foldbench_monomer,7ylr_A,330,marinfold-exp232-decontam-train-m2-p06-step363000,single_seq,lm,,,,,,all,L/5,1.0,51365,364,66
foldbench_monomer,7ylr_A,330,marinfold-exp232-decontam-train-m2-p06-step363000,single_seq,lm,,,,,,all,R,0.7335164835164835,51365,364,364
foldbench_monomer,7ylr_A,330,marinfold-exp232-decontam-train-m2-p06-step363000,single_seq,lm,,,,,,all,AUC,0.9952133022170864,51365,364,51365
foldbench_monomer,7ylr_A,330,marinfold-exp232-decontam-train-m2-p06-step363000,single_seq,lm,,,,,,short,L,0.1454545454545454,1899,49,330
foldbench_monomer,7ylr_A,330,marinfold-exp232-decontam-train-m2-p06-step363000,single_seq,lm,,,,,,short,L/2,0.2909090909090909,1899,49,165
foldbench_monomer,7ylr_A,330,marinfold-exp232-decontam-train-m2-p06-step363000,single_seq,lm,,,,,,short,L/5,0.6363636363636364,1899,49,66
foldbench_monomer,7ylr_A,330,marinfold-exp232-decontam-train-m2-p06-step363000,single_seq,lm,,,,,,short,R,0.7551020408163265,1899,49,49
foldbench_monomer,7ylr_A,330,marinfold-exp232-decontam-train-m2-p06-step363000,single_seq,lm,,,,,,short,AUC,0.9839547710976282,1899,49,1899
foldbench_monomer,7ylr_A,330,marinfold-exp232-decontam-train-m2-p06-step363000,single_seq,lm,,,,,,medium,L,0.2212121212121212,3690,73,330
foldbench_monomer,7ylr_A,330,marinfold-exp232-decontam-train-m2-p06-step363000,single_seq,lm,,,,,,medium,L/2,0.4424242424242424,3690,73,165
foldbench_monomer,7ylr_A,330,marinfold-exp232-decontam-train-m2-p06-step363000,single_seq,lm,,,,,,medium,L/5,0.8333333333333334,3690,73,66
foldbench_monomer,7ylr_A,330,marinfold-exp232-decontam-train-m2-p06-step363000,single_seq,lm,,,,,,medium,R,0.8082191780821918,3690,73,73
foldbench_monomer,7ylr_A,330,marinfold-exp232-decontam-train-m2-p06-step363000,single_seq,lm,,,,,,medium,AUC,0.9979681185876436,3690,73,3690
foldbench_monomer,7ylr_A,330,marinfold-exp232-decontam-train-m2-p06-step363000,single_seq,lm,,,,,,long,L,0.5909090909090909,45776,242,330
foldbench_monomer,7ylr_A,330,marinfold-exp232-decontam-train-m2-p06-step363000,single_seq,lm,,,,,,long,L/2,0.8484848484848485,45776,242,165
foldbench_monomer,7ylr_A,330,marinfold-exp232-decontam-train-m2-p06-step363000,single_seq,lm,,,,,,long,L/5,0.9848484848484848,45776,242,66
foldbench_monomer,7ylr_A,330,marinfold-exp232-decontam-train-m2-p06-step363000,single_seq,lm,,,,,,long,R,0.71900826446281,45776,242,242
foldbench_monomer,7ylr_A,330,marinfold-exp232-decontam-train-m2-p06-step363000,single_seq,lm,,,,,,long,AUC,0.9959726761257686,45776,242,45776
foldbench_monomer,8gmy_A,236,marinfold-exp232-decontam-train-m2-p06-step363000,single_seq,lm,,,,,,all,L,0.3686440677966102,22800,254,236
foldbench_monomer,8gmy_A,236,marinfold-exp232-decontam-train-m2-p06-step363000,single_seq,lm,,,,,,all,L/2,0.6016949152542372,22800,254,118
foldbench_monomer,8gmy_A,236,marinfold-exp232-decontam-train-m2-p06-step363000,single_seq,lm,,,,,,all,L/5,0.7872340425531915,22800,254,47
foldbench_monomer,8gmy_A,236,marinfold-exp232-decontam-train-m2-p06-step363000,single_seq,lm,,,,,,all,R,0.3464566929133858,22800,254,254
foldbench_monomer,8gmy_A,236,marinfold-exp232-decontam-train-m2-p06-step363000,single_seq,lm,,,,,,all,AUC,0.8180812840380227,22800,254,22800
foldbench_monomer,8gmy_A,236,marinfold-exp232-decontam-train-m2-p06-step363000,single_seq,lm,,,,,,short,L,0.1271186440677966,1251,33,236
foldbench_monomer,8gmy_A,236,marinfold-exp232-decontam-train-m2-p06-step363000,single_seq,lm,,,,,,short,L/2,0.2288135593220339,1251,33,118
foldbench_monomer,8gmy_A,236,marinfold-exp232-decontam-train-m2-p06-step363000,single_seq,lm,,,,,,short,L/5,0.425531914893617,1251,33,47
foldbench_monomer,8gmy_A,236,marinfold-exp232-decontam-train-m2-p06-step363000,single_seq,lm,,,,,,short,R,0.3939393939393939,1251,33,33
foldbench_monomer,8gmy_A,236,marinfold-exp232-decontam-train-m2-p06-step363000,single_seq,lm,,,,,,short,AUC,0.9445315221177292,1251,33,1251
foldbench_monomer,8gmy_A,236,marinfold-exp232-decontam-train-m2-p06-step363000,single_seq,lm,,,,,,medium,L,0.1949152542372881,2394,53,236
foldbench_monomer,8gmy_A,236,marinfold-exp232-decontam-train-m2-p06-step363000,single_seq,lm,,,,,,medium,L/2,0.3305084745762712,2394,53,118
foldbench_monomer,8gmy_A,236,marinfold-exp232-decontam-train-m2-p06-step363000,single_seq,lm,,,,,,medium,L/5,0.5106382978723404,2394,53,47
foldbench_monomer,8gmy_A,236,marinfold-exp232-decontam-train-m2-p06-step363000,single_seq,lm,,,,,,medium,R,0.490566037735849,2394,53,53
foldbench_monomer,8gmy_A,236,marinfold-exp232-decontam-train-m2-p06-step363000,single_seq,lm,,,,,,medium,AUC,0.9446454909609666,2394,53,2394
foldbench_monomer,8gmy_A,236,marinfold-exp232-decontam-train-m2-p06-step363000,single_seq,lm,,,,,,long,L,0.2372881355932203,19155,168,236
foldbench_monomer,8gmy_A,236,marinfold-exp232-decontam-train-m2-p06-step363000,single_seq,lm,,,,,,long,L/2,0.3898305084745763,19155,168,118
foldbench_monomer,8gmy_A,236,marinfold-exp232-decontam-train-m2-p06-step363000,single_seq,lm,,,,,,long,L/5,0.6808510638297872,19155,168,47
foldbench_monomer,8gmy_A,236,marinfold-exp232-decontam-train-m2-p06-step363000,single_seq,lm,,,,,,long,R,0.2916666666666667,19155,168,168
foldbench_monomer,8gmy_A,236,marinfold-exp232-decontam-train-m2-p06-step363000,single_seq,lm,,,,,,long,AUC,0.7509232507454975,19155,168,19155
foldbench_monomer,7yug_A,118,marinfold-exp232-decontam-train-m2-p06-step363000,single_seq,lm,,,,,,all,L,0.288135593220339,6216,94,118
foldbench_monomer,7yug_A,118,marinfold-exp232-decontam-train-m2-p06-step363000,single_seq,lm,,,,,,all,L/2,0.4406779661016949,6216,94,59
foldbench_monomer,7yug_A,118,marinfold-exp232-decontam-train-m2-p06-step363000,single_seq,lm,,,,,,all,L/5,0.7391304347826086,6216,94,23
foldbench_monomer,7yug_A,118,marinfold-exp232-decontam-train-m2-p06-step363000,single_seq,lm,,,,,,all,R,0.3297872340425531,6216,94,94
foldbench_monomer,7yug_A,118,marinfold-exp232-decontam-train-m2-p06-step363000,single_seq,lm,,,,,,all,AUC,0.8722822120430676,6216,94,6216
foldbench_monomer,7yug_A,118,marinfold-exp232-decontam-train-m2-p06-step363000,single_seq,lm,,,,,,short,L,0.1440677966101695,651,19,118
foldbench_monomer,7yug_A,118,marinfold-exp232-decontam-train-m2-p06-step363000,single_seq,lm,,,,,,short,L/2,0.288135593220339,651,19,59
foldbench_monomer,7yug_A,118,marinfold-exp232-decontam-train-m2-p06-step363000,single_seq,lm,,,,,,short,L/5,0.6086956521739131,651,19,23
foldbench_monomer,7yug_A,118,marinfold-exp232-decontam-train-m2-p06-step363000,single_seq,lm,,,,,,short,R,0.631578947368421,651,19,19
foldbench_monomer,7yug_A,118,marinfold-exp232-decontam-train-m2-p06-step363000,single_seq,lm,,,,,,short,AUC,0.9410393071285807,651,19,651
foldbench_monomer,7yug_A,118,marinfold-exp232-decontam-train-m2-p06-step363000,single_seq,lm,,,,,,medium,L,0.1779661016949152,1194,25,118
foldbench_monomer,7yug_A,118,marinfold-exp232-decontam-train-m2-p06-step363000,single_seq,lm,,,,,,medium,L/2,0.2372881355932203,1194,25,59
foldbench_monomer,7yug_A,118,marinfold-exp232-decontam-train-m2-p06-step363000,single_seq,lm,,,,,,medium,L/5,0.391304347826087,1194,25,23
foldbench_monomer,7yug_A,118,marinfold-exp232-decontam-train-m2-p06-step363000,single_seq,lm,,,,,,medium,R,0.36,1194,25,25
foldbench_monomer,7yug_A,118,marinfold-exp232-decontam-train-m2-p06-step363000,single_seq,lm,,,,,,medium,AUC,0.933738237810094,1194,25,1194
foldbench_monomer,7yug_A,118,marinfold-exp232-decontam-train-m2-p06-step363000,single_seq,lm,,,,,,long,L,0.1016949152542373,4371,50,118
foldbench_monomer,7yug_A,118,marinfold-exp232-decontam-train-m2-p06-step363000,single_seq,lm,,,,,,long,L/2,0.1864406779661017,4371,50,59
foldbench_monomer,7yug_A,118,marinfold-exp232-decontam-train-m2-p06-step363000,single_seq,lm,,,,,,long,L/5,0.3043478260869565,4371,50,23
foldbench_monomer,7yug_A,118,marinfold-exp232-decontam-train-m2-p06-step363000,single_seq,lm,,,,,,long,R,0.18,4371,50,50
foldbench_monomer,7yug_A,118,marinfold-exp232-decontam-train-m2-p06-step363000,single_seq,lm,,,,,,long,AUC,0.8172992362878962,4371,50,4371
foldbench_monomer,7yyg_A,365,marinfold-exp232-decontam-train-m2-p06-step363000,single_seq,lm,,,,,,all,L,0.1753424657534246,36330,221,365
foldbench_monomer,7yyg_A,365,marinfold-exp232-decontam-train-m2-p06-step363000,single_seq,lm,,,,,,all,L/2,0.2472527472527472,36330,221,182
foldbench_monomer,7yyg_A,365,marinfold-exp232-decontam-train-m2-p06-step363000,single_seq,lm,,,,,,all,L/5,0.3150684931506849,36330,221,73
foldbench_monomer,7yyg_A,365,marinfold-exp232-decontam-train-m2-p06-step363000,single_seq,lm,,,,,,all,R,0.2217194570135746,36330,221,221
foldbench_monomer,7yyg_A,365,marinfold-exp232-decontam-train-m2-p06-step363000,single_seq,lm,,,,,,all,AUC,0.8541888442597569,36330,221,36330
foldbench_monomer,7yyg_A,365,marinfold-exp232-decontam-train-m2-p06-step363000,single_seq,lm,,,,,,short,L,0.0684931506849315,1563,29,365
foldbench_monomer,7yyg_A,365,marinfold-exp232-decontam-train-m2-p06-step363000,single_seq,lm,,,,,,short,L/2,0.1098901098901098,1563,29,182
foldbench_monomer,7yyg_A,365,marinfold-exp232-decontam-train-m2-p06-step363000,single_seq,lm,,,,,,short,L/5,0.2191780821917808,1563,29,73
foldbench_monomer,7yyg_A,365,marinfold-exp232-decontam-train-m2-p06-step363000,single_seq,lm,,,,,,short,R,0.3448275862068966,1563,29,29
foldbench_monomer,7yyg_A,365,marinfold-exp232-decontam-train-m2-p06-step363000,single_seq,lm,,,,,,short,AUC,0.9180865890392482,1563,29,1563
foldbench_monomer,7yyg_A,365,marinfold-exp232-decontam-train-m2-p06-step363000,single_seq,lm,,,,,,medium,L,0.1178082191780822,3018,52,365
foldbench_monomer,7yyg_A,365,marinfold-exp232-decontam-train-m2-p06-step363000,single_seq,lm,,,,,,medium,L/2,0.1868131868131868,3018,52,182
foldbench_monomer,7yyg_A,365,marinfold-exp232-decontam-train-m2-p06-step363000,single_seq,lm,,,,,,medium,L/5,0.2328767123287671,3018,52,73
foldbench_monomer,7yyg_A,365,marinfold-exp232-decontam-train-m2-p06-step363000,single_seq,lm,,,,,,medium,R,0.1923076923076923,3018,52,52
foldbench_monomer,7yyg_A,365,marinfold-exp232-decontam-train-m2-p06-step363000,single_seq,lm,,,,,,medium,AUC,0.9317586493075368,3018,52,3018
foldbench_monomer,7yyg_A,365,marinfold-exp232-decontam-train-m2-p06-step363000,single_seq,lm,,,,,,long,L,0.0767123287671232,31749,140,365
foldbench_monomer,7yyg_A,365,marinfold-exp232-decontam-train-m2-p06-step363000,single_seq,lm,,,,,,long,L/2,0.1153846153846153,31749,140,182
foldbench_monomer,7yyg_A,365,marinfold-exp232-decontam-train-m2-p06-step363000,single_seq,lm,,,,,,long,L/5,0.2054794520547945,31749,140,73
foldbench_monomer,7yyg_A,365,marinfold-exp232-decontam-train-m2-p06-step363000,single_seq,lm,,,,,,long,R,0.1357142857142857,31749,140,140
foldbench_monomer,7yyg_A,365,marinfold-exp232-decontam-train-m2-p06-step363000,single_seq,lm,,,,,,long,AUC,0.7992420784315497,31749,140,31749
foldbench_monomer,7z65_A,283,marinfold-exp232-decontam-train-m2-p06-step363000,single_seq,lm,,,,,,all,L,0.6395759717314488,38503,320,283
foldbench_monomer,7z65_A,283,marinfold-exp232-decontam-train-m2-p06-step363000,single_seq,lm,,,,,,all,L/2,0.851063829787234,38503,320,141
foldbench_monomer,7z65_A,283,marinfold-exp232-decontam-train-m2-p06-step363000,single_seq,lm,,,,,,all,L/5,0.9642857142857144,38503,320,56
foldbench_monomer,7z65_A,283,marinfold-exp232-decontam-train-m2-p06-step363000,single_seq,lm,,,,,,all,R,0.584375,38503,320,320
foldbench_monomer,7z65_A,283,marinfold-exp232-decontam-train-m2-p06-step363000,single_seq,lm,,,,,,all,AUC,0.979061689757222,38503,320,38503
foldbench_monomer,7z65_A,283,marinfold-exp232-decontam-train-m2-p06-step363000,single_seq,lm,,,,,,short,L,0.1448763250883392,1647,44,283
foldbench_monomer,7z65_A,283,marinfold-exp232-decontam-train-m2-p06-step363000,single_seq,lm,,,,,,short,L/2,0.2482269503546099,1647,44,141
foldbench_monomer,7z65_A,283,marinfold-exp232-decontam-train-m2-p06-step363000,single_seq,lm,,,,,,short,L/5,0.4285714285714285,1647,44,56
foldbench_monomer,7z65_A,283,marinfold-exp232-decontam-train-m2-p06-step363000,single_seq,lm,,,,,,short,R,0.4772727272727273,1647,44,44
foldbench_monomer,7z65_A,283,marinfold-exp232-decontam-train-m2-p06-step363000,single_seq,lm,,,,,,short,AUC,0.9447768388816424,1647,44,1647
foldbench_monomer,7z65_A,283,marinfold-exp232-decontam-train-m2-p06-step363000,single_seq,lm,,,,,,medium,L,0.0600706713780918,3186,17,283
foldbench_monomer,7z65_A,283,marinfold-exp232-decontam-train-m2-p06-step363000,single_seq,lm,,,,,,medium,L/2,0.1063829787234042,3186,17,141
foldbench_monomer,7z65_A,283,marinfold-exp232-decontam-train-m2-p06-step363000,single_seq,lm,,,,,,medium,L/5,0.25,3186,17,56
foldbench_monomer,7z65_A,283,marinfold-exp232-decontam-train-m2-p06-step363000,single_seq,lm,,,,,,medium,R,0.4705882352941176,3186,17,17
foldbench_monomer,7z65_A,283,marinfold-exp232-decontam-train-m2-p06-step363000,single_seq,lm,,,,,,medium,AUC,0.9905796966940768,3186,17,3186
foldbench_monomer,7z65_A,283,marinfold-exp232-decontam-train-m2-p06-step363000,single_seq,lm,,,,,,long,L,0.5724381625441696,33670,259,283
foldbench_monomer,7z65_A,283,marinfold-exp232-decontam-train-m2-p06-step363000,single_seq,lm,,,,,,long,L/2,0.7943262411347518,33670,259,141
foldbench_monomer,7z65_A,283,marinfold-exp232-decontam-train-m2-p06-step363000,single_seq,lm,,,,,,long,L/5,0.9642857142857144,33670,259,56
foldbench_monomer,7z65_A,283,marinfold-exp232-decontam-train-m2-p06-step363000,single_seq,lm,,,,,,long,R,0.61003861003861,33670,259,259
foldbench_monomer,7z65_A,283,marinfold-exp232-decontam-train-m2-p06-step363000,single_seq,lm,,,,,,long,AUC,0.9809499079499978,33670,259,33670
foldbench_monomer,7znz_A,761,marinfold-exp232-decontam-train-m2-p06-step363000,single_seq,lm,,,,,,all,L,0.6123521681997371,285390,932,761
foldbench_monomer,7znz_A,761,marinfold-exp232-decontam-train-m2-p06-step363000,single_seq,lm,,,,,,all,L/2,0.7684210526315789,285390,932,380
foldbench_monomer,7znz_A,761,marinfold-exp232-decontam-train-m2-p06-step363000,single_seq,lm,,,,,,all,L/5,0.8947368421052632,285390,932,152
foldbench_monomer,7znz_A,761,marinfold-exp232-decontam-train-m2-p06-step363000,single_seq,lm,,,,,,all,R,0.5547210300429185,285390,932,932
foldbench_monomer,7znz_A,761,marinfold-exp232-decontam-train-m2-p06-step363000,single_seq,lm,,,,,,all,AUC,0.971704578863736,285390,932,285390
foldbench_monomer,7znz_A,761,marinfold-exp232-decontam-train-m2-p06-step363000,single_seq,lm,,,,,,short,L,0.1379763469119579,4515,112,761
foldbench_monomer,7znz_A,761,marinfold-exp232-decontam-train-m2-p06-step363000,single_seq,lm,,,,,,short,L/2,0.2526315789473684,4515,112,380
foldbench_monomer,7znz_A,761,marinfold-exp232-decontam-train-m2-p06-step363000,single_seq,lm,,,,,,short,L/5,0.506578947368421,4515,112,152
foldbench_monomer,7znz_A,761,marinfold-exp232-decontam-train-m2-p06-step363000,single_seq,lm,,,,,,short,R,0.5982142857142857,4515,112,112
foldbench_monomer,7znz_A,761,marinfold-exp232-decontam-train-m2-p06-step363000,single_seq,lm,,,,,,short,AUC,0.9640606242496998,4515,112,4515
foldbench_monomer,7znz_A,761,marinfold-exp232-decontam-train-m2-p06-step363000,single_seq,lm,,,,,,medium,L,0.1760840998685939,8922,145,761
foldbench_monomer,7znz_A,761,marinfold-exp232-decontam-train-m2-p06-step363000,single_seq,lm,,,,,,medium,L/2,0.3210526315789473,8922,145,380
foldbench_monomer,7znz_A,761,marinfold-exp232-decontam-train-m2-p06-step363000,single_seq,lm,,,,,,medium,L/5,0.5855263157894737,8922,145,152
foldbench_monomer,7znz_A,761,marinfold-exp232-decontam-train-m2-p06-step363000,single_seq,lm,,,,,,medium,R,0.6068965517241379,8922,145,145
foldbench_monomer,7znz_A,761,marinfold-exp232-decontam-train-m2-p06-step363000,single_seq,lm,,,,,,medium,AUC,0.9658527577956492,8922,145,8922
foldbench_monomer,7znz_A,761,marinfold-exp232-decontam-train-m2-p06-step363000,single_seq,lm,,,,,,long,L,0.4980289093298292,271953,675,761
foldbench_monomer,7znz_A,761,marinfold-exp232-decontam-train-m2-p06-step363000,single_seq,lm,,,,,,long,L/2,0.6815789473684211,271953,675,380
foldbench_monomer,7znz_A,761,marinfold-exp232-decontam-train-m2-p06-step363000,single_seq,lm,,,,,,long,L/5,0.8486842105263158,271953,675,152
foldbench_monomer,7znz_A,761,marinfold-exp232-decontam-train-m2-p06-step363000,single_seq,lm,,,,,,long,R,0.5392592592592592,271953,675,675
foldbench_monomer,7znz_A,761,marinfold-exp232-decontam-train-m2-p06-step363000,single_seq,lm,,,,,,long,AUC,0.9686336662158516,271953,675,271953
foldbench_monomer,7zoi_A,151,marinfold-exp232-decontam-train-m2-p06-step363000,single_seq,lm,,,,,,all,L,0.609271523178808,7021,110,151
foldbench_monomer,7zoi_A,151,marinfold-exp232-decontam-train-m2-p06-step363000,single_seq,lm,,,,,,all,L/2,0.84,7021,110,75
foldbench_monomer,7zoi_A,151,marinfold-exp232-decontam-train-m2-p06-step363000,single_seq,lm,,,,,,all,L/5,1.0,7021,110,30
foldbench_monomer,7zoi_A,151,marinfold-exp232-decontam-train-m2-p06-step363000,single_seq,lm,,,,,,all,R,0.7181818181818181,7021,110,110
foldbench_monomer,7zoi_A,151,marinfold-exp232-decontam-train-m2-p06-step363000,single_seq,lm,,,,,,all,AUC,0.9962207810999592,7021,110,7021
foldbench_monomer,7zoi_A,151,marinfold-exp232-decontam-train-m2-p06-step363000,single_seq,lm,,,,,,short,L,0.2185430463576159,693,33,151
foldbench_monomer,7zoi_A,151,marinfold-exp232-decontam-train-m2-p06-step363000,single_seq,lm,,,,,,short,L/2,0.44,693,33,75
foldbench_monomer,7zoi_A,151,marinfold-exp232-decontam-train-m2-p06-step363000,single_seq,lm,,,,,,short,L/5,0.9333333333333332,693,33,30
foldbench_monomer,7zoi_A,151,marinfold-exp232-decontam-train-m2-p06-step363000,single_seq,lm,,,,,,short,R,0.8787878787878788,693,33,33
foldbench_monomer,7zoi_A,151,marinfold-exp232-decontam-train-m2-p06-step363000,single_seq,lm,,,,,,short,AUC,0.9979568411386592,693,33,693
foldbench_monomer,7zoi_A,151,marinfold-exp232-decontam-train-m2-p06-step363000,single_seq,lm,,,,,,medium,L,0.2516556291390728,1278,38,151
foldbench_monomer,7zoi_A,151,marinfold-exp232-decontam-train-m2-p06-step363000,single_seq,lm,,,,,,medium,L/2,0.5066666666666667,1278,38,75
foldbench_monomer,7zoi_A,151,marinfold-exp232-decontam-train-m2-p06-step363000,single_seq,lm,,,,,,medium,L/5,0.7333333333333333,1278,38,30
foldbench_monomer,7zoi_A,151,marinfold-exp232-decontam-train-m2-p06-step363000,single_seq,lm,,,,,,medium,R,0.6578947368421053,1278,38,38
foldbench_monomer,7zoi_A,151,marinfold-exp232-decontam-train-m2-p06-step363000,single_seq,lm,,,,,,medium,AUC,0.9926888794567064,1278,38,1278
foldbench_monomer,7zoi_A,151,marinfold-exp232-decontam-train-m2-p06-step363000,single_seq,lm,,,,,,long,L,0.2582781456953642,5050,39,151
foldbench_monomer,7zoi_A,151,marinfold-exp232-decontam-train-m2-p06-step363000,single_seq,lm,,,,,,long,L/2,0.4666666666666667,5050,39,75
foldbench_monomer,7zoi_A,151,marinfold-exp232-decontam-train-m2-p06-step363000,single_seq,lm,,,,,,long,L/5,0.7333333333333333,5050,39,30
foldbench_monomer,7zoi_A,151,marinfold-exp232-decontam-train-m2-p06-step363000,single_seq,lm,,,,,,long,R,0.6666666666666666,5050,39,39
foldbench_monomer,7zoi_A,151,marinfold-exp232-decontam-train-m2-p06-step363000,single_seq,lm,,,,,,long,AUC,0.9965460602060084,5050,39,5050
foldbench_monomer,7zs2_A,316,marinfold-exp232-decontam-train-m2-p06-step363000,single_seq,lm,,,,,,all,L,0.5664556962025317,37128,223,316
foldbench_monomer,7zs2_A,316,marinfold-exp232-decontam-train-m2-p06-step363000,single_seq,lm,,,,,,all,L/2,0.8417721518987342,37128,223,158
foldbench_monomer,7zs2_A,316,marinfold-exp232-decontam-train-m2-p06-step363000,single_seq,lm,,,,,,all,L/5,0.984126984126984,37128,223,63
foldbench_monomer,7zs2_A,316,marinfold-exp232-decontam-train-m2-p06-step363000,single_seq,lm,,,,,,all,R,0.7309417040358744,37128,223,223
foldbench_monomer,7zs2_A,316,marinfold-exp232-decontam-train-m2-p06-step363000,single_seq,lm,,,,,,all,AUC,0.964768770622426,37128,223,37128
foldbench_monomer,7zs2_A,316,marinfold-exp232-decontam-train-m2-p06-step363000,single_seq,lm,,,,,,short,L,0.1360759493670886,1617,43,316
foldbench_monomer,7zs2_A,316,marinfold-exp232-decontam-train-m2-p06-step363000,single_seq,lm,,,,,,short,L/2,0.2658227848101265,1617,43,158
foldbench_monomer,7zs2_A,316,marinfold-exp232-decontam-train-m2-p06-step363000,single_seq,lm,,,,,,short,L/5,0.6507936507936508,1617,43,63
foldbench_monomer,7zs2_A,316,marinfold-exp232-decontam-train-m2-p06-step363000,single_seq,lm,,,,,,short,R,0.7674418604651163,1617,43,43
foldbench_monomer,7zs2_A,316,marinfold-exp232-decontam-train-m2-p06-step363000,single_seq,lm,,,,,,short,AUC,0.9840799621760586,1617,43,1617
foldbench_monomer,7zs2_A,316,marinfold-exp232-decontam-train-m2-p06-step363000,single_seq,lm,,,,,,medium,L,0.1265822784810126,3126,41,316
foldbench_monomer,7zs2_A,316,marinfold-exp232-decontam-train-m2-p06-step363000,single_seq,lm,,,,,,medium,L/2,0.2531645569620253,3126,41,158
foldbench_monomer,7zs2_A,316,marinfold-exp232-decontam-train-m2-p06-step363000,single_seq,lm,,,,,,medium,L/5,0.6190476190476191,3126,41,63
foldbench_monomer,7zs2_A,316,marinfold-exp232-decontam-train-m2-p06-step363000,single_seq,lm,,,,,,medium,R,0.8292682926829268,3126,41,41
foldbench_monomer,7zs2_A,316,marinfold-exp232-decontam-train-m2-p06-step363000,single_seq,lm,,,,,,medium,AUC,0.986180179467921,3126,41,3126
foldbench_monomer,7zs2_A,316,marinfold-exp232-decontam-train-m2-p06-step363000,single_seq,lm,,,,,,long,L,0.3639240506329114,32385,139,316
foldbench_monomer,7zs2_A,316,marinfold-exp232-decontam-train-m2-p06-step363000,single_seq,lm,,,,,,long,L/2,0.6265822784810127,32385,139,158
foldbench_monomer,7zs2_A,316,marinfold-exp232-decontam-train-m2-p06-step363000,single_seq,lm,,,,,,long,L/5,0.9047619047619048,32385,139,63
foldbench_monomer,7zs2_A,316,marinfold-exp232-decontam-train-m2-p06-step363000,single_seq,lm,,,,,,long,R,0.6762589928057554,32385,139,139
foldbench_monomer,7zs2_A,316,marinfold-exp232-decontam-train-m2-p06-step363000,single_seq,lm,,,,,,long,AUC,0.951937488649532,32385,139,32385
foldbench_monomer,7zu3_A,132,marinfold-exp232-decontam-train-m2-p06-step363000,single_seq,lm,,,,,,all,L,0.3636363636363636,7260,92,132
foldbench_monomer,7zu3_A,132,marinfold-exp232-decontam-train-m2-p06-step363000,single_seq,lm,,,,,,all,L/2,0.5151515151515151,7260,92,66
foldbench_monomer,7zu3_A,132,marinfold-exp232-decontam-train-m2-p06-step363000,single_seq,lm,,,,,,all,L/5,0.5,7260,92,26
foldbench_monomer,7zu3_A,132,marinfold-exp232-decontam-train-m2-p06-step363000,single_seq,lm,,,,,,all,R,0.4456521739130434,7260,92,92
foldbench_monomer,7zu3_A,132,marinfold-exp232-decontam-train-m2-p06-step363000,single_seq,lm,,,,,,all,AUC,0.8606563591809007,7260,92,7260
foldbench_monomer,7zu3_A,132,marinfold-exp232-decontam-train-m2-p06-step363000,single_seq,lm,,,,,,short,L,0.0454545454545454,705,9,132
foldbench_monomer,7zu3_A,132,marinfold-exp232-decontam-train-m2-p06-step363000,single_seq,lm,,,,,,short,L/2,0.0757575757575757,705,9,66
foldbench_monomer,7zu3_A,132,marinfold-exp232-decontam-train-m2-p06-step363000,single_seq,lm,,,,,,short,L/5,0.1923076923076923,705,9,26
foldbench_monomer,7zu3_A,132,marinfold-exp232-decontam-train-m2-p06-step363000,single_seq,lm,,,,,,short,R,0.5555555555555556,705,9,9
foldbench_monomer,7zu3_A,132,marinfold-exp232-decontam-train-m2-p06-step363000,single_seq,lm,,,,,,short,AUC,0.8974297573435503,705,9,705
foldbench_monomer,7zu3_A,132,marinfold-exp232-decontam-train-m2-p06-step363000,single_seq,lm,,,,,,medium,L,0.1439393939393939,1302,22,132
foldbench_monomer,7zu3_A,132,marinfold-exp232-decontam-train-m2-p06-step363000,single_seq,lm,,,,,,medium,L/2,0.2424242424242424,1302,22,66
foldbench_monomer,7zu3_A,132,marinfold-exp232-decontam-train-m2-p06-step363000,single_seq,lm,,,,,,medium,L/5,0.4615384615384615,1302,22,26
foldbench_monomer,7zu3_A,132,marinfold-exp232-decontam-train-m2-p06-step363000,single_seq,lm,,,,,,medium,R,0.5454545454545454,1302,22,22
foldbench_monomer,7zu3_A,132,marinfold-exp232-decontam-train-m2-p06-step363000,single_seq,lm,,,,,,medium,AUC,0.9574396306818184,1302,22,1302
foldbench_monomer,7zu3_A,132,marinfold-exp232-decontam-train-m2-p06-step363000,single_seq,lm,,,,,,long,L,0.2651515151515151,5253,61,132
foldbench_monomer,7zu3_A,132,marinfold-exp232-decontam-train-m2-p06-step363000,single_seq,lm,,,,,,long,L/2,0.3939393939393939,5253,61,66
foldbench_monomer,7zu3_A,132,marinfold-exp232-decontam-train-m2-p06-step363000,single_seq,lm,,,,,,long,L/5,0.4230769230769231,5253,61,26
foldbench_monomer,7zu3_A,132,marinfold-exp232-decontam-train-m2-p06-step363000,single_seq,lm,,,,,,long,R,0.4098360655737705,5253,61,61
foldbench_monomer,7zu3_A,132,marinfold-exp232-decontam-train-m2-p06-step363000,single_seq,lm,,,,,,long,AUC,0.820535691732552,5253,61,5253
foldbench_monomer,7zv1_A,136,marinfold-exp232-decontam-train-m2-p06-step363000,single_seq,lm,,,,,,all,L,0.4485294117647059,5356,111,136
foldbench_monomer,7zv1_A,136,marinfold-exp232-decontam-train-m2-p06-step363000,single_seq,lm,,,,,,all,L/2,0.6764705882352942,5356,111,68
foldbench_monomer,7zv1_A,136,marinfold-exp232-decontam-train-m2-p06-step363000,single_seq,lm,,,,,,all,L/5,0.925925925925926,5356,111,27
foldbench_monomer,7zv1_A,136,marinfold-exp232-decontam-train-m2-p06-step363000,single_seq,lm,,,,,,all,R,0.4864864864864865,5356,111,111
foldbench_monomer,7zv1_A,136,marinfold-exp232-decontam-train-m2-p06-step363000,single_seq,lm,,,,,,all,AUC,0.9089445976004604,5356,111,5356
foldbench_monomer,7zv1_A,136,marinfold-exp232-decontam-train-m2-p06-step363000,single_seq,lm,,,,,,short,L,0.0955882352941176,603,14,136
foldbench_monomer,7zv1_A,136,marinfold-exp232-decontam-train-m2-p06-step363000,single_seq,lm,,,,,,short,L/2,0.1764705882352941,603,14,68
foldbench_monomer,7zv1_A,136,marinfold-exp232-decontam-train-m2-p06-step363000,single_seq,lm,,,,,,short,L/5,0.4444444444444444,603,14,27
foldbench_monomer,7zv1_A,136,marinfold-exp232-decontam-train-m2-p06-step363000,single_seq,lm,,,,,,short,R,0.7857142857142857,603,14,14
foldbench_monomer,7zv1_A,136,marinfold-exp232-decontam-train-m2-p06-step363000,single_seq,lm,,,,,,short,AUC,0.95003638127577,603,14,603
foldbench_monomer,7zv1_A,136,marinfold-exp232-decontam-train-m2-p06-step363000,single_seq,lm,,,,,,medium,L,0.1691176470588235,1098,23,136
foldbench_monomer,7zv1_A,136,marinfold-exp232-decontam-train-m2-p06-step363000,single_seq,lm,,,,,,medium,L/2,0.2794117647058823,1098,23,68
foldbench_monomer,7zv1_A,136,marinfold-exp232-decontam-train-m2-p06-step363000,single_seq,lm,,,,,,medium,L/5,0.4814814814814814,1098,23,27
foldbench_monomer,7zv1_A,136,marinfold-exp232-decontam-train-m2-p06-step363000,single_seq,lm,,,,,,medium,R,0.5652173913043478,1098,23,23
foldbench_monomer,7zv1_A,136,marinfold-exp232-decontam-train-m2-p06-step363000,single_seq,lm,,,,,,medium,AUC,0.9847927199191102,1098,23,1098
foldbench_monomer,7zv1_A,136,marinfold-exp232-decontam-train-m2-p06-step363000,single_seq,lm,,,,,,long,L,0.3235294117647059,3655,74,136
foldbench_monomer,7zv1_A,136,marinfold-exp232-decontam-train-m2-p06-step363000,single_seq,lm,,,,,,long,L/2,0.4264705882352941,3655,74,68
foldbench_monomer,7zv1_A,136,marinfold-exp232-decontam-train-m2-p06-step363000,single_seq,lm,,,,,,long,L/5,0.6666666666666666,3655,74,27
foldbench_monomer,7zv1_A,136,marinfold-exp232-decontam-train-m2-p06-step363000,single_seq,lm,,,,,,long,R,0.4189189189189189,3655,74,74
foldbench_monomer,7zv1_A,136,marinfold-exp232-decontam-train-m2-p06-step363000,single_seq,lm,,,,,,long,AUC,0.8786255537861235,3655,74,3655
foldbench_monomer,8adc_A,215,marinfold-exp232-decontam-train-m2-p06-step363000,single_seq,lm,,,,,,all,L,0.2883720930232558,20315,170,215
foldbench_monomer,8adc_A,215,marinfold-exp232-decontam-train-m2-p06-step363000,single_seq,lm,,,,,,all,L/2,0.3738317757009345,20315,170,107
foldbench_monomer,8adc_A,215,marinfold-exp232-decontam-train-m2-p06-step363000,single_seq,lm,,,,,,all,L/5,0.4651162790697674,20315,170,43
foldbench_monomer,8adc_A,215,marinfold-exp232-decontam-train-m2-p06-step363000,single_seq,lm,,,,,,all,R,0.3117647058823529,20315,170,170
foldbench_monomer,8adc_A,215,marinfold-exp232-decontam-train-m2-p06-step363000,single_seq,lm,,,,,,all,AUC,0.9292437183361804,20315,170,20315
foldbench_monomer,8adc_A,215,marinfold-exp232-decontam-train-m2-p06-step363000,single_seq,lm,,,,,,short,L,0.1116279069767441,1167,26,215
foldbench_monomer,8adc_A,215,marinfold-exp232-decontam-train-m2-p06-step363000,single_seq,lm,,,,,,short,L/2,0.1588785046728972,1167,26,107
foldbench_monomer,8adc_A,215,marinfold-exp232-decontam-train-m2-p06-step363000,single_seq,lm,,,,,,short,L/5,0.2558139534883721,1167,26,43
foldbench_monomer,8adc_A,215,marinfold-exp232-decontam-train-m2-p06-step363000,single_seq,lm,,,,,,short,R,0.3076923076923077,1167,26,26
foldbench_monomer,8adc_A,215,marinfold-exp232-decontam-train-m2-p06-step363000,single_seq,lm,,,,,,short,AUC,0.9182397357243984,1167,26,1167
foldbench_monomer,8adc_A,215,marinfold-exp232-decontam-train-m2-p06-step363000,single_seq,lm,,,,,,medium,L,0.1488372093023255,2226,39,215
foldbench_monomer,8adc_A,215,marinfold-exp232-decontam-train-m2-p06-step363000,single_seq,lm,,,,,,medium,L/2,0.2336448598130841,2226,39,107
foldbench_monomer,8adc_A,215,marinfold-exp232-decontam-train-m2-p06-step363000,single_seq,lm,,,,,,medium,L/5,0.3720930232558139,2226,39,43
foldbench_monomer,8adc_A,215,marinfold-exp232-decontam-train-m2-p06-step363000,single_seq,lm,,,,,,medium,R,0.358974358974359,2226,39,39
foldbench_monomer,8adc_A,215,marinfold-exp232-decontam-train-m2-p06-step363000,single_seq,lm,,,,,,medium,AUC,0.957018747142204,2226,39,2226
foldbench_monomer,8adc_A,215,marinfold-exp232-decontam-train-m2-p06-step363000,single_seq,lm,,,,,,long,L,0.2,16922,105,215
foldbench_monomer,8adc_A,215,marinfold-exp232-decontam-train-m2-p06-step363000,single_seq,lm,,,,,,long,L/2,0.2710280373831775,16922,105,107
foldbench_monomer,8adc_A,215,marinfold-exp232-decontam-train-m2-p06-step363000,single_seq,lm,,,,,,long,L/5,0.3953488372093023,16922,105,43
foldbench_monomer,8adc_A,215,marinfold-exp232-decontam-train-m2-p06-step363000,single_seq,lm,,,,,,long,R,0.2761904761904762,16922,105,105
foldbench_monomer,8adc_A,215,marinfold-exp232-decontam-train-m2-p06-step363000,single_seq,lm,,,,,,long,AUC,0.9121334137508248,16922,105,16922
foldbench_monomer,8add_A,213,marinfold-exp232-decontam-train-m2-p06-step363000,single_seq,lm,,,,,,all,L,0.2488262910798122,21120,210,213
foldbench_monomer,8add_A,213,marinfold-exp232-decontam-train-m2-p06-step363000,single_seq,lm,,,,,,all,L/2,0.3396226415094339,21120,210,106
foldbench_monomer,8add_A,213,marinfold-exp232-decontam-train-m2-p06-step363000,single_seq,lm,,,,,,all,L/5,0.5952380952380952,21120,210,42
foldbench_monomer,8add_A,213,marinfold-exp232-decontam-train-m2-p06-step363000,single_seq,lm,,,,,,all,R,0.2523809523809524,21120,210,210
foldbench_monomer,8add_A,213,marinfold-exp232-decontam-train-m2-p06-step363000,single_seq,lm,,,,,,all,AUC,0.8789369406299106,21120,210,21120
foldbench_monomer,8add_A,213,marinfold-exp232-decontam-train-m2-p06-step363000,single_seq,lm,,,,,,short,L,0.1126760563380281,1209,32,213
foldbench_monomer,8add_A,213,marinfold-exp232-decontam-train-m2-p06-step363000,single_seq,lm,,,,,,short,L/2,0.1792452830188679,1209,32,106
foldbench_monomer,8add_A,213,marinfold-exp232-decontam-train-m2-p06-step363000,single_seq,lm,,,,,,short,L/5,0.3095238095238095,1209,32,42
foldbench_monomer,8add_A,213,marinfold-exp232-decontam-train-m2-p06-step363000,single_seq,lm,,,,,,short,R,0.375,1209,32,32
foldbench_monomer,8add_A,213,marinfold-exp232-decontam-train-m2-p06-step363000,single_seq,lm,,,,,,short,AUC,0.9032896134239592,1209,32,1209
foldbench_monomer,8add_A,213,marinfold-exp232-decontam-train-m2-p06-step363000,single_seq,lm,,,,,,medium,L,0.107981220657277,2310,34,213
foldbench_monomer,8add_A,213,marinfold-exp232-decontam-train-m2-p06-step363000,single_seq,lm,,,,,,medium,L/2,0.1981132075471698,2310,34,106
foldbench_monomer,8add_A,213,marinfold-exp232-decontam-train-m2-p06-step363000,single_seq,lm,,,,,,medium,L/5,0.2619047619047619,2310,34,42
foldbench_monomer,8add_A,213,marinfold-exp232-decontam-train-m2-p06-step363000,single_seq,lm,,,,,,medium,R,0.2352941176470588,2310,34,34
foldbench_monomer,8add_A,213,marinfold-exp232-decontam-train-m2-p06-step363000,single_seq,lm,,,,,,medium,AUC,0.937519383851959,2310,34,2310
foldbench_monomer,8add_A,213,marinfold-exp232-decontam-train-m2-p06-step363000,single_seq,lm,,,,,,long,L,0.1924882629107981,17601,144,213
foldbench_monomer,8add_A,213,marinfold-exp232-decontam-train-m2-p06-step363000,single_seq,lm,,,,,,long,L/2,0.2547169811320754,17601,144,106
foldbench_monomer,8add_A,213,marinfold-exp232-decontam-train-m2-p06-step363000,single_seq,lm,,,,,,long,L/5,0.3333333333333333,17601,144,42
foldbench_monomer,8add_A,213,marinfold-exp232-decontam-train-m2-p06-step363000,single_seq,lm,,,,,,long,R,0.2222222222222222,17601,144,144
foldbench_monomer,8add_A,213,marinfold-exp232-decontam-train-m2-p06-step363000,single_seq,lm,,,,,,long,AUC,0.8526257773067791,17601,144,17601
foldbench_monomer,8akh_A,374,marinfold-exp232-decontam-train-m2-p06-step363000,single_seq,lm,,,,,,all,L,0.5855614973262032,49770,321,374
foldbench_monomer,8akh_A,374,marinfold-exp232-decontam-train-m2-p06-step363000,single_seq,lm,,,,,,all,L/2,0.7914438502673797,49770,321,187
foldbench_monomer,8akh_A,374,marinfold-exp232-decontam-train-m2-p06-step363000,single_seq,lm,,,,,,all,L/5,0.9594594594594594,49770,321,74
foldbench_monomer,8akh_A,374,marinfold-exp232-decontam-train-m2-p06-step363000,single_seq,lm,,,,,,all,R,0.6292834890965732,49770,321,321
foldbench_monomer,8akh_A,374,marinfold-exp232-decontam-train-m2-p06-step363000,single_seq,lm,,,,,,all,AUC,0.9887243718614018,49770,321,49770
foldbench_monomer,8akh_A,374,marinfold-exp232-decontam-train-m2-p06-step363000,single_seq,lm,,,,,,short,L,0.106951871657754,1875,42,374
foldbench_monomer,8akh_A,374,marinfold-exp232-decontam-train-m2-p06-step363000,single_seq,lm,,,,,,short,L/2,0.213903743315508,1875,42,187
foldbench_monomer,8akh_A,374,marinfold-exp232-decontam-train-m2-p06-step363000,single_seq,lm,,,,,,short,L/5,0.4324324324324324,1875,42,74
foldbench_monomer,8akh_A,374,marinfold-exp232-decontam-train-m2-p06-step363000,single_seq,lm,,,,,,short,R,0.6428571428571429,1875,42,42
foldbench_monomer,8akh_A,374,marinfold-exp232-decontam-train-m2-p06-step363000,single_seq,lm,,,,,,short,AUC,0.961837217156366,1875,42,1875
foldbench_monomer,8akh_A,374,marinfold-exp232-decontam-train-m2-p06-step363000,single_seq,lm,,,,,,medium,L,0.1336898395721925,3642,50,374
foldbench_monomer,8akh_A,374,marinfold-exp232-decontam-train-m2-p06-step363000,single_seq,lm,,,,,,medium,L/2,0.2620320855614973,3642,50,187
foldbench_monomer,8akh_A,374,marinfold-exp232-decontam-train-m2-p06-step363000,single_seq,lm,,,,,,medium,L/5,0.4324324324324324,3642,50,74
foldbench_monomer,8akh_A,374,marinfold-exp232-decontam-train-m2-p06-step363000,single_seq,lm,,,,,,medium,R,0.58,3642,50,50
foldbench_monomer,8akh_A,374,marinfold-exp232-decontam-train-m2-p06-step363000,single_seq,lm,,,,,,medium,AUC,0.9906208240534522,3642,50,3642
foldbench_monomer,8akh_A,374,marinfold-exp232-decontam-train-m2-p06-step363000,single_seq,lm,,,,,,long,L,0.5,44253,229,374
foldbench_monomer,8akh_A,374,marinfold-exp232-decontam-train-m2-p06-step363000,single_seq,lm,,,,,,long,L/2,0.7165775401069518,44253,229,187
foldbench_monomer,8akh_A,374,marinfold-exp232-decontam-train-m2-p06-step363000,single_seq,lm,,,,,,long,L/5,0.918918918918919,44253,229,74
foldbench_monomer,8akh_A,374,marinfold-exp232-decontam-train-m2-p06-step363000,single_seq,lm,,,,,,long,R,0.6506550218340611,44253,229,229
foldbench_monomer,8akh_A,374,marinfold-exp232-decontam-train-m2-p06-step363000,single_seq,lm,,,,,,long,AUC,0.9909212878723552,44253,229,44253
foldbench_monomer,8ak2_A,297,marinfold-exp232-decontam-train-m2-p06-step363000,single_seq,lm,,,,,,all,L,0.7205387205387206,40186,314,297
foldbench_monomer,8ak2_A,297,marinfold-exp232-decontam-train-m2-p06-step363000,single_seq,lm,,,,,,all,L/2,0.9256756756756755,40186,314,148
foldbench_monomer,8ak2_A,297,marinfold-exp232-decontam-train-m2-p06-step363000,single_seq,lm,,,,,,all,L/5,0.9830508474576272,40186,314,59
foldbench_monomer,8ak2_A,297,marinfold-exp232-decontam-train-m2-p06-step363000,single_seq,lm,,,,,,all,R,0.6942675159235668,40186,314,314
foldbench_monomer,8ak2_A,297,marinfold-exp232-decontam-train-m2-p06-step363000,single_seq,lm,,,,,,all,AUC,0.9783404426010368,40186,314,40186
foldbench_monomer,8ak2_A,297,marinfold-exp232-decontam-train-m2-p06-step363000,single_seq,lm,,,,,,short,L,0.1346801346801346,1683,40,297
foldbench_monomer,8ak2_A,297,marinfold-exp232-decontam-train-m2-p06-step363000,single_seq,lm,,,,,,short,L/2,0.2702702702702703,1683,40,148
foldbench_monomer,8ak2_A,297,marinfold-exp232-decontam-train-m2-p06-step363000,single_seq,lm,,,,,,short,L/5,0.6440677966101694,1683,40,59
foldbench_monomer,8ak2_A,297,marinfold-exp232-decontam-train-m2-p06-step363000,single_seq,lm,,,,,,short,R,0.825,1683,40,40
foldbench_monomer,8ak2_A,297,marinfold-exp232-decontam-train-m2-p06-step363000,single_seq,lm,,,,,,short,AUC,0.9971013390139988,1683,40,1683
foldbench_monomer,8ak2_A,297,marinfold-exp232-decontam-train-m2-p06-step363000,single_seq,lm,,,,,,medium,L,0.1515151515151515,3258,45,297
foldbench_monomer,8ak2_A,297,marinfold-exp232-decontam-train-m2-p06-step363000,single_seq,lm,,,,,,medium,L/2,0.304054054054054,3258,45,148
foldbench_monomer,8ak2_A,297,marinfold-exp232-decontam-train-m2-p06-step363000,single_seq,lm,,,,,,medium,L/5,0.6271186440677966,3258,45,59
foldbench_monomer,8ak2_A,297,marinfold-exp232-decontam-train-m2-p06-step363000,single_seq,lm,,,,,,medium,R,0.7777777777777778,3258,45,45
foldbench_monomer,8ak2_A,297,marinfold-exp232-decontam-train-m2-p06-step363000,single_seq,lm,,,,,,medium,AUC,0.9969083929868244,3258,45,3258
foldbench_monomer,8ak2_A,297,marinfold-exp232-decontam-train-m2-p06-step363000,single_seq,lm,,,,,,long,L,0.5622895622895623,35245,229,297
foldbench_monomer,8ak2_A,297,marinfold-exp232-decontam-train-m2-p06-step363000,single_seq,lm,,,,,,long,L/2,0.8445945945945946,35245,229,148
foldbench_monomer,8ak2_A,297,marinfold-exp232-decontam-train-m2-p06-step363000,single_seq,lm,,,,,,long,L/5,0.9830508474576272,35245,229,59
foldbench_monomer,8ak2_A,297,marinfold-exp232-decontam-train-m2-p06-step363000,single_seq,lm,,,,,,long,R,0.6724890829694323,35245,229,229
foldbench_monomer,8ak2_A,297,marinfold-exp232-decontam-train-m2-p06-step363000,single_seq,lm,,,,,,long,AUC,0.971568331083582,35245,229,35245
foldbench_monomer,8arl_A,246,marinfold-exp232-decontam-train-m2-p06-step363000,single_seq,lm,,,,,,all,L,0.0447154471544715,25651,260,246
foldbench_monomer,8arl_A,246,marinfold-exp232-decontam-train-m2-p06-step363000,single_seq,lm,,,,,,all,L/2,0.065040650406504,25651,260,123
foldbench_monomer,8arl_A,246,marinfold-exp232-decontam-train-m2-p06-step363000,single_seq,lm,,,,,,all,L/5,0.1224489795918367,25651,260,49
foldbench_monomer,8arl_A,246,marinfold-exp232-decontam-train-m2-p06-step363000,single_seq,lm,,,,,,all,R,0.0461538461538461,25651,260,260
foldbench_monomer,8arl_A,246,marinfold-exp232-decontam-train-m2-p06-step363000,single_seq,lm,,,,,,all,AUC,0.5566306807681705,25651,260,25651
foldbench_monomer,8arl_A,246,marinfold-exp232-decontam-train-m2-p06-step363000,single_seq,lm,,,,,,short,L,0.0528455284552845,1341,26,246
foldbench_monomer,8arl_A,246,marinfold-exp232-decontam-train-m2-p06-step363000,single_seq,lm,,,,,,short,L/2,0.073170731707317,1341,26,123
foldbench_monomer,8arl_A,246,marinfold-exp232-decontam-train-m2-p06-step363000,single_seq,lm,,,,,,short,L/5,0.1632653061224489,1341,26,49
foldbench_monomer,8arl_A,246,marinfold-exp232-decontam-train-m2-p06-step363000,single_seq,lm,,,,,,short,R,0.1923076923076923,1341,26,26
foldbench_monomer,8arl_A,246,marinfold-exp232-decontam-train-m2-p06-step363000,single_seq,lm,,,,,,short,AUC,0.7838695525007312,1341,26,1341
foldbench_monomer,8arl_A,246,marinfold-exp232-decontam-train-m2-p06-step363000,single_seq,lm,,,,,,medium,L,0.032520325203252,2574,16,246
foldbench_monomer,8arl_A,246,marinfold-exp232-decontam-train-m2-p06-step363000,single_seq,lm,,,,,,medium,L/2,0.040650406504065,2574,16,123
foldbench_monomer,8arl_A,246,marinfold-exp232-decontam-train-m2-p06-step363000,single_seq,lm,,,,,,medium,L/5,0.0,2574,16,49
foldbench_monomer,8arl_A,246,marinfold-exp232-decontam-train-m2-p06-step363000,single_seq,lm,,,,,,medium,R,0.0,2574,16,16
foldbench_monomer,8arl_A,246,marinfold-exp232-decontam-train-m2-p06-step363000,single_seq,lm,,,,,,medium,AUC,0.8420152462861611,2574,16,2574
foldbench_monomer,8arl_A,246,marinfold-exp232-decontam-train-m2-p06-step363000,single_seq,lm,,,,,,long,L,0.0203252032520325,21736,218,246
foldbench_monomer,8arl_A,246,marinfold-exp232-decontam-train-m2-p06-step363000,single_seq,lm,,,,,,long,L/2,0.0,21736,218,123
foldbench_monomer,8arl_A,246,marinfold-exp232-decontam-train-m2-p06-step363000,single_seq,lm,,,,,,long,L/5,0.0,21736,218,49
foldbench_monomer,8arl_A,246,marinfold-exp232-decontam-train-m2-p06-step363000,single_seq,lm,,,,,,long,R,0.0229357798165137,21736,218,218
foldbench_monomer,8arl_A,246,marinfold-exp232-decontam-train-m2-p06-step363000,single_seq,lm,,,,,,long,AUC,0.522578387541559,21736,218,21736
foldbench_monomer,8q8i_A,282,marinfold-exp232-decontam-train-m2-p06-step363000,single_seq,lm,,,,,,all,L,0.6524822695035462,37410,376,282
foldbench_monomer,8q8i_A,282,marinfold-exp232-decontam-train-m2-p06-step363000,single_seq,lm,,,,,,all,L/2,0.8652482269503546,37410,376,141
foldbench_monomer,8q8i_A,282,marinfold-exp232-decontam-train-m2-p06-step363000,single_seq,lm,,,,,,all,L/5,0.9642857142857144,37410,376,56
foldbench_monomer,8q8i_A,282,marinfold-exp232-decontam-train-m2-p06-step363000,single_seq,lm,,,,,,all,R,0.5585106382978723,37410,376,376
foldbench_monomer,8q8i_A,282,marinfold-exp232-decontam-train-m2-p06-step363000,single_seq,lm,,,,,,all,AUC,0.915653664717528,37410,376,37410
foldbench_monomer,8q8i_A,282,marinfold-exp232-decontam-train-m2-p06-step363000,single_seq,lm,,,,,,short,L,0.1099290780141844,1611,34,282
foldbench_monomer,8q8i_A,282,marinfold-exp232-decontam-train-m2-p06-step363000,single_seq,lm,,,,,,short,L/2,0.2056737588652482,1611,34,141
foldbench_monomer,8q8i_A,282,marinfold-exp232-decontam-train-m2-p06-step363000,single_seq,lm,,,,,,short,L/5,0.3928571428571428,1611,34,56
foldbench_monomer,8q8i_A,282,marinfold-exp232-decontam-train-m2-p06-step363000,single_seq,lm,,,,,,short,R,0.6176470588235294,1611,34,34
foldbench_monomer,8q8i_A,282,marinfold-exp232-decontam-train-m2-p06-step363000,single_seq,lm,,,,,,short,AUC,0.9458297586631356,1611,34,1611
foldbench_monomer,8q8i_A,282,marinfold-exp232-decontam-train-m2-p06-step363000,single_seq,lm,,,,,,medium,L,0.2695035460992908,3114,88,282
foldbench_monomer,8q8i_A,282,marinfold-exp232-decontam-train-m2-p06-step363000,single_seq,lm,,,,,,medium,L/2,0.4468085106382978,3114,88,141
foldbench_monomer,8q8i_A,282,marinfold-exp232-decontam-train-m2-p06-step363000,single_seq,lm,,,,,,medium,L/5,0.7678571428571429,3114,88,56
foldbench_monomer,8q8i_A,282,marinfold-exp232-decontam-train-m2-p06-step363000,single_seq,lm,,,,,,medium,R,0.6477272727272727,3114,88,88
foldbench_monomer,8q8i_A,282,marinfold-exp232-decontam-train-m2-p06-step363000,single_seq,lm,,,,,,medium,AUC,0.9697094874722104,3114,88,3114
foldbench_monomer,8q8i_A,282,marinfold-exp232-decontam-train-m2-p06-step363000,single_seq,lm,,,,,,long,L,0.4822695035460992,32685,254,282
foldbench_monomer,8q8i_A,282,marinfold-exp232-decontam-train-m2-p06-step363000,single_seq,lm,,,,,,long,L/2,0.7021276595744681,32685,254,141
foldbench_monomer,8q8i_A,282,marinfold-exp232-decontam-train-m2-p06-step363000,single_seq,lm,,,,,,long,L/5,0.9464285714285714,32685,254,56
foldbench_monomer,8q8i_A,282,marinfold-exp232-decontam-train-m2-p06-step363000,single_seq,lm,,,,,,long,R,0.5196850393700787,32685,254,254
foldbench_monomer,8q8i_A,282,marinfold-exp232-decontam-train-m2-p06-step363000,single_seq,lm,,,,,,long,AUC,0.8894885131048669,32685,254,32685
foldbench_monomer,8au6_A,321,marinfold-exp232-decontam-train-m2-p06-step363000,single_seq,lm,,,,,,all,L,0.4517133956386293,29403,168,321
foldbench_monomer,8au6_A,321,marinfold-exp232-decontam-train-m2-p06-step363000,single_seq,lm,,,,,,all,L/2,0.59375,29403,168,160
foldbench_monomer,8au6_A,321,marinfold-exp232-decontam-train-m2-p06-step363000,single_seq,lm,,,,,,all,L/5,0.765625,29403,168,64
foldbench_monomer,8au6_A,321,marinfold-exp232-decontam-train-m2-p06-step363000,single_seq,lm,,,,,,all,R,0.5833333333333334,29403,168,168
foldbench_monomer,8au6_A,321,marinfold-exp232-decontam-train-m2-p06-step363000,single_seq,lm,,,,,,all,AUC,0.9908277138459284,29403,168,29403
foldbench_monomer,8au6_A,321,marinfold-exp232-decontam-train-m2-p06-step363000,single_seq,lm,,,,,,short,L,0.0778816199376947,1437,25,321
foldbench_monomer,8au6_A,321,marinfold-exp232-decontam-train-m2-p06-step363000,single_seq,lm,,,,,,short,L/2,0.15625,1437,25,160
foldbench_monomer,8au6_A,321,marinfold-exp232-decontam-train-m2-p06-step363000,single_seq,lm,,,,,,short,L/5,0.359375,1437,25,64
foldbench_monomer,8au6_A,321,marinfold-exp232-decontam-train-m2-p06-step363000,single_seq,lm,,,,,,short,R,0.6,1437,25,25
foldbench_monomer,8au6_A,321,marinfold-exp232-decontam-train-m2-p06-step363000,single_seq,lm,,,,,,short,AUC,0.9907790368271956,1437,25,1437
foldbench_monomer,8au6_A,321,marinfold-exp232-decontam-train-m2-p06-step363000,single_seq,lm,,,,,,medium,L,0.0778816199376947,2766,25,321
foldbench_monomer,8au6_A,321,marinfold-exp232-decontam-train-m2-p06-step363000,single_seq,lm,,,,,,medium,L/2,0.15625,2766,25,160
foldbench_monomer,8au6_A,321,marinfold-exp232-decontam-train-m2-p06-step363000,single_seq,lm,,,,,,medium,L/5,0.375,2766,25,64
foldbench_monomer,8au6_A,321,marinfold-exp232-decontam-train-m2-p06-step363000,single_seq,lm,,,,,,medium,R,0.64,2766,25,25
foldbench_monomer,8au6_A,321,marinfold-exp232-decontam-train-m2-p06-step363000,single_seq,lm,,,,,,medium,AUC,0.9964319591390004,2766,25,2766
foldbench_monomer,8au6_A,321,marinfold-exp232-decontam-train-m2-p06-step363000,single_seq,lm,,,,,,long,L,0.3395638629283489,25200,118,321
foldbench_monomer,8au6_A,321,marinfold-exp232-decontam-train-m2-p06-step363000,single_seq,lm,,,,,,long,L/2,0.5,25200,118,160
foldbench_monomer,8au6_A,321,marinfold-exp232-decontam-train-m2-p06-step363000,single_seq,lm,,,,,,long,L/5,0.6875,25200,118,64
foldbench_monomer,8au6_A,321,marinfold-exp232-decontam-train-m2-p06-step363000,single_seq,lm,,,,,,long,R,0.5847457627118644,25200,118,118
foldbench_monomer,8au6_A,321,marinfold-exp232-decontam-train-m2-p06-step363000,single_seq,lm,,,,,,long,AUC,0.988698594035293,25200,118,25200
foldbench_monomer,8axj_A,162,marinfold-exp232-decontam-train-m2-p06-step363000,single_seq,lm,,,,,,all,L,0.6049382716049383,12090,143,162
foldbench_monomer,8axj_A,162,marinfold-exp232-decontam-train-m2-p06-step363000,single_seq,lm,,,,,,all,L/2,0.925925925925926,12090,143,81
foldbench_monomer,8axj_A,162,marinfold-exp232-decontam-train-m2-p06-step363000,single_seq,lm,,,,,,all,L/5,0.96875,12090,143,32
foldbench_monomer,8axj_A,162,marinfold-exp232-decontam-train-m2-p06-step363000,single_seq,lm,,,,,,all,R,0.6853146853146853,12090,143,143
foldbench_monomer,8axj_A,162,marinfold-exp232-decontam-train-m2-p06-step363000,single_seq,lm,,,,,,all,AUC,0.9166952993436628,12090,143,12090
foldbench_monomer,8axj_A,162,marinfold-exp232-decontam-train-m2-p06-step363000,single_seq,lm,,,,,,short,L,0.074074074074074,915,13,162
foldbench_monomer,8axj_A,162,marinfold-exp232-decontam-train-m2-p06-step363000,single_seq,lm,,,,,,short,L/2,0.1481481481481481,915,13,81
foldbench_monomer,8axj_A,162,marinfold-exp232-decontam-train-m2-p06-step363000,single_seq,lm,,,,,,short,L/5,0.34375,915,13,32
foldbench_monomer,8axj_A,162,marinfold-exp232-decontam-train-m2-p06-step363000,single_seq,lm,,,,,,short,R,0.6153846153846154,915,13,13
foldbench_monomer,8axj_A,162,marinfold-exp232-decontam-train-m2-p06-step363000,single_seq,lm,,,,,,short,AUC,0.9497271021661264,915,13,915
foldbench_monomer,8axj_A,162,marinfold-exp232-decontam-train-m2-p06-step363000,single_seq,lm,,,,,,medium,L,0.3518518518518518,1722,67,162
foldbench_monomer,8axj_A,162,marinfold-exp232-decontam-train-m2-p06-step363000,single_seq,lm,,,,,,medium,L/2,0.6666666666666666,1722,67,81
foldbench_monomer,8axj_A,162,marinfold-exp232-decontam-train-m2-p06-step363000,single_seq,lm,,,,,,medium,L/5,1.0,1722,67,32
foldbench_monomer,8axj_A,162,marinfold-exp232-decontam-train-m2-p06-step363000,single_seq,lm,,,,,,medium,R,0.7910447761194029,1722,67,67
foldbench_monomer,8axj_A,162,marinfold-exp232-decontam-train-m2-p06-step363000,single_seq,lm,,,,,,medium,AUC,0.9379537358524596,1722,67,1722
foldbench_monomer,8axj_A,162,marinfold-exp232-decontam-train-m2-p06-step363000,single_seq,lm,,,,,,long,L,0.2716049382716049,9453,63,162
foldbench_monomer,8axj_A,162,marinfold-exp232-decontam-train-m2-p06-step363000,single_seq,lm,,,,,,long,L/2,0.4691358024691358,9453,63,81
foldbench_monomer,8axj_A,162,marinfold-exp232-decontam-train-m2-p06-step363000,single_seq,lm,,,,,,long,L/5,0.84375,9453,63,32
foldbench_monomer,8axj_A,162,marinfold-exp232-decontam-train-m2-p06-step363000,single_seq,lm,,,,,,long,R,0.5714285714285714,9453,63,63
foldbench_monomer,8axj_A,162,marinfold-exp232-decontam-train-m2-p06-step363000,single_seq,lm,,,,,,long,AUC,0.8800522338860995,9453,63,9453
foldbench_monomer,8azb_A,521,marinfold-exp232-decontam-train-m2-p06-step363000,single_seq,lm,,,,,,all,L,0.8042226487523992,122760,587,521
foldbench_monomer,8azb_A,521,marinfold-exp232-decontam-train-m2-p06-step363000,single_seq,lm,,,,,,all,L/2,0.9384615384615383,122760,587,260
foldbench_monomer,8azb_A,521,marinfold-exp232-decontam-train-m2-p06-step363000,single_seq,lm,,,,,,all,L/5,0.9903846153846154,122760,587,104
foldbench_monomer,8azb_A,521,marinfold-exp232-decontam-train-m2-p06-step363000,single_seq,lm,,,,,,all,R,0.7649063032367973,122760,587,587
foldbench_monomer,8azb_A,521,marinfold-exp232-decontam-train-m2-p06-step363000,single_seq,lm,,,,,,all,AUC,0.9964119148997403,122760,587,122760
foldbench_monomer,8azb_A,521,marinfold-exp232-decontam-train-m2-p06-step363000,single_seq,lm,,,,,,short,L,0.1516314779270633,2955,79,521
foldbench_monomer,8azb_A,521,marinfold-exp232-decontam-train-m2-p06-step363000,single_seq,lm,,,,,,short,L/2,0.3038461538461538,2955,79,260
foldbench_monomer,8azb_A,521,marinfold-exp232-decontam-train-m2-p06-step363000,single_seq,lm,,,,,,short,L/5,0.6730769230769231,2955,79,104
foldbench_monomer,8azb_A,521,marinfold-exp232-decontam-train-m2-p06-step363000,single_seq,lm,,,,,,short,R,0.810126582278481,2955,79,79
foldbench_monomer,8azb_A,521,marinfold-exp232-decontam-train-m2-p06-step363000,single_seq,lm,,,,,,short,AUC,0.9958693508917096,2955,79,2955
foldbench_monomer,8azb_A,521,marinfold-exp232-decontam-train-m2-p06-step363000,single_seq,lm,,,,,,medium,L,0.201535508637236,5802,105,521
foldbench_monomer,8azb_A,521,marinfold-exp232-decontam-train-m2-p06-step363000,single_seq,lm,,,,,,medium,L/2,0.4,5802,105,260
foldbench_monomer,8azb_A,521,marinfold-exp232-decontam-train-m2-p06-step363000,single_seq,lm,,,,,,medium,L/5,0.7884615384615384,5802,105,104
foldbench_monomer,8azb_A,521,marinfold-exp232-decontam-train-m2-p06-step363000,single_seq,lm,,,,,,medium,R,0.7904761904761904,5802,105,105
foldbench_monomer,8azb_A,521,marinfold-exp232-decontam-train-m2-p06-step363000,single_seq,lm,,,,,,medium,AUC,0.9970151374574756,5802,105,5802
foldbench_monomer,8azb_A,521,marinfold-exp232-decontam-train-m2-p06-step363000,single_seq,lm,,,,,,long,L,0.6429942418426103,114003,403,521
foldbench_monomer,8azb_A,521,marinfold-exp232-decontam-train-m2-p06-step363000,single_seq,lm,,,,,,long,L/2,0.8884615384615384,114003,403,260
foldbench_monomer,8azb_A,521,marinfold-exp232-decontam-train-m2-p06-step363000,single_seq,lm,,,,,,long,L/5,0.9903846153846154,114003,403,104
foldbench_monomer,8azb_A,521,marinfold-exp232-decontam-train-m2-p06-step363000,single_seq,lm,,,,,,long,R,0.7468982630272953,114003,403,403
foldbench_monomer,8azb_A,521,marinfold-exp232-decontam-train-m2-p06-step363000,single_seq,lm,,,,,,long,AUC,0.995415163125153,114003,403,114003
foldbench_monomer,8b2e_A,143,marinfold-exp232-decontam-train-m2-p06-step363000,single_seq,lm,,,,,,all,L,0.5664335664335665,9180,130,143
foldbench_monomer,8b2e_A,143,marinfold-exp232-decontam-train-m2-p06-step363000,single_seq,lm,,,,,,all,L/2,0.7746478873239436,9180,130,71
foldbench_monomer,8b2e_A,143,marinfold-exp232-decontam-train-m2-p06-step363000,single_seq,lm,,,,,,all,L/5,0.8928571428571429,9180,130,28
foldbench_monomer,8b2e_A,143,marinfold-exp232-decontam-train-m2-p06-step363000,single_seq,lm,,,,,,all,R,0.6,9180,130,130
foldbench_monomer,8b2e_A,143,marinfold-exp232-decontam-train-m2-p06-step363000,single_seq,lm,,,,,,all,AUC,0.961913302167446,9180,130,9180
foldbench_monomer,8b2e_A,143,marinfold-exp232-decontam-train-m2-p06-step363000,single_seq,lm,,,,,,short,L,0.1398601398601398,795,22,143
foldbench_monomer,8b2e_A,143,marinfold-exp232-decontam-train-m2-p06-step363000,single_seq,lm,,,,,,short,L/2,0.2535211267605634,795,22,71
foldbench_monomer,8b2e_A,143,marinfold-exp232-decontam-train-m2-p06-step363000,single_seq,lm,,,,,,short,L/5,0.5357142857142857,795,22,28
foldbench_monomer,8b2e_A,143,marinfold-exp232-decontam-train-m2-p06-step363000,single_seq,lm,,,,,,short,R,0.5909090909090909,795,22,22
foldbench_monomer,8b2e_A,143,marinfold-exp232-decontam-train-m2-p06-step363000,single_seq,lm,,,,,,short,AUC,0.9455486298953312,795,22,795
foldbench_monomer,8b2e_A,143,marinfold-exp232-decontam-train-m2-p06-step363000,single_seq,lm,,,,,,medium,L,0.1748251748251748,1482,33,143
foldbench_monomer,8b2e_A,143,marinfold-exp232-decontam-train-m2-p06-step363000,single_seq,lm,,,,,,medium,L/2,0.2957746478873239,1482,33,71
foldbench_monomer,8b2e_A,143,marinfold-exp232-decontam-train-m2-p06-step363000,single_seq,lm,,,,,,medium,L/5,0.5357142857142857,1482,33,28
foldbench_monomer,8b2e_A,143,marinfold-exp232-decontam-train-m2-p06-step363000,single_seq,lm,,,,,,medium,R,0.4545454545454545,1482,33,33
foldbench_monomer,8b2e_A,143,marinfold-exp232-decontam-train-m2-p06-step363000,single_seq,lm,,,,,,medium,AUC,0.9381705251270468,1482,33,1482
foldbench_monomer,8b2e_A,143,marinfold-exp232-decontam-train-m2-p06-step363000,single_seq,lm,,,,,,long,L,0.4055944055944055,6903,75,143
foldbench_monomer,8b2e_A,143,marinfold-exp232-decontam-train-m2-p06-step363000,single_seq,lm,,,,,,long,L/2,0.6901408450704225,6903,75,71
foldbench_monomer,8b2e_A,143,marinfold-exp232-decontam-train-m2-p06-step363000,single_seq,lm,,,,,,long,L/5,0.8928571428571429,6903,75,28
foldbench_monomer,8b2e_A,143,marinfold-exp232-decontam-train-m2-p06-step363000,single_seq,lm,,,,,,long,R,0.6666666666666666,6903,75,75
foldbench_monomer,8b2e_A,143,marinfold-exp232-decontam-train-m2-p06-step363000,single_seq,lm,,,,,,long,AUC,0.9686887326694004,6903,75,6903
foldbench_monomer,8b2g_A,74,marinfold-exp232-decontam-train-m2-p06-step363000,single_seq,lm,,,,,,all,L,0.6486486486486487,2346,59,74
foldbench_monomer,8b2g_A,74,marinfold-exp232-decontam-train-m2-p06-step363000,single_seq,lm,,,,,,all,L/2,0.8648648648648649,2346,59,37
foldbench_monomer,8b2g_A,74,marinfold-exp232-decontam-train-m2-p06-step363000,single_seq,lm,,,,,,all,L/5,1.0,2346,59,14
foldbench_monomer,8b2g_A,74,marinfold-exp232-decontam-train-m2-p06-step363000,single_seq,lm,,,,,,all,R,0.7966101694915254,2346,59,59
foldbench_monomer,8b2g_A,74,marinfold-exp232-decontam-train-m2-p06-step363000,single_seq,lm,,,,,,all,AUC,0.9751617469410744,2346,59,2346
foldbench_monomer,8b2g_A,74,marinfold-exp232-decontam-train-m2-p06-step363000,single_seq,lm,,,,,,short,L,0.2162162162162162,393,16,74
foldbench_monomer,8b2g_A,74,marinfold-exp232-decontam-train-m2-p06-step363000,single_seq,lm,,,,,,short,L/2,0.4324324324324324,393,16,37
foldbench_monomer,8b2g_A,74,marinfold-exp232-decontam-train-m2-p06-step363000,single_seq,lm,,,,,,short,L/5,0.8571428571428571,393,16,14
foldbench_monomer,8b2g_A,74,marinfold-exp232-decontam-train-m2-p06-step363000,single_seq,lm,,,,,,short,R,0.75,393,16,16
foldbench_monomer,8b2g_A,74,marinfold-exp232-decontam-train-m2-p06-step363000,single_seq,lm,,,,,,short,AUC,0.9918766578249336,393,16,393
foldbench_monomer,8b2g_A,74,marinfold-exp232-decontam-train-m2-p06-step363000,single_seq,lm,,,,,,medium,L,0.2702702702702703,678,21,74
foldbench_monomer,8b2g_A,74,marinfold-exp232-decontam-train-m2-p06-step363000,single_seq,lm,,,,,,medium,L/2,0.5405405405405406,678,21,37
foldbench_monomer,8b2g_A,74,marinfold-exp232-decontam-train-m2-p06-step363000,single_seq,lm,,,,,,medium,L/5,1.0,678,21,14
foldbench_monomer,8b2g_A,74,marinfold-exp232-decontam-train-m2-p06-step363000,single_seq,lm,,,,,,medium,R,0.8571428571428571,678,21,21
foldbench_monomer,8b2g_A,74,marinfold-exp232-decontam-train-m2-p06-step363000,single_seq,lm,,,,,,medium,AUC,0.9703558744654636,678,21,678
foldbench_monomer,8b2g_A,74,marinfold-exp232-decontam-train-m2-p06-step363000,single_seq,lm,,,,,,long,L,0.2837837837837837,1275,22,74
foldbench_monomer,8b2g_A,74,marinfold-exp232-decontam-train-m2-p06-step363000,single_seq,lm,,,,,,long,L/2,0.4864864864864865,1275,22,37
foldbench_monomer,8b2g_A,74,marinfold-exp232-decontam-train-m2-p06-step363000,single_seq,lm,,,,,,long,L/5,0.7142857142857143,1275,22,14
foldbench_monomer,8b2g_A,74,marinfold-exp232-decontam-train-m2-p06-step363000,single_seq,lm,,,,,,long,R,0.6818181818181818,1275,22,22
foldbench_monomer,8b2g_A,74,marinfold-exp232-decontam-train-m2-p06-step363000,single_seq,lm,,,,,,long,AUC,0.9669883189436262,1275,22,1275
foldbench_monomer,8b2s_A,245,marinfold-exp232-decontam-train-m2-p06-step363000,single_seq,lm,,,,,,all,L,0.5918367346938775,27510,186,245
foldbench_monomer,8b2s_A,245,marinfold-exp232-decontam-train-m2-p06-step363000,single_seq,lm,,,,,,all,L/2,0.8278688524590164,27510,186,122
foldbench_monomer,8b2s_A,245,marinfold-exp232-decontam-train-m2-p06-step363000,single_seq,lm,,,,,,all,L/5,0.9183673469387756,27510,186,49
foldbench_monomer,8b2s_A,245,marinfold-exp232-decontam-train-m2-p06-step363000,single_seq,lm,,,,,,all,R,0.6720430107526881,27510,186,186
foldbench_monomer,8b2s_A,245,marinfold-exp232-decontam-train-m2-p06-step363000,single_seq,lm,,,,,,all,AUC,0.9553315215423678,27510,186,27510
foldbench_monomer,8b2s_A,245,marinfold-exp232-decontam-train-m2-p06-step363000,single_seq,lm,,,,,,short,L,0.110204081632653,1359,28,245
foldbench_monomer,8b2s_A,245,marinfold-exp232-decontam-train-m2-p06-step363000,single_seq,lm,,,,,,short,L/2,0.2049180327868852,1359,28,122
foldbench_monomer,8b2s_A,245,marinfold-exp232-decontam-train-m2-p06-step363000,single_seq,lm,,,,,,short,L/5,0.4285714285714285,1359,28,49
foldbench_monomer,8b2s_A,245,marinfold-exp232-decontam-train-m2-p06-step363000,single_seq,lm,,,,,,short,R,0.6071428571428571,1359,28,28
foldbench_monomer,8b2s_A,245,marinfold-exp232-decontam-train-m2-p06-step363000,single_seq,lm,,,,,,short,AUC,0.9626220886551466,1359,28,1359
foldbench_monomer,8b2s_A,245,marinfold-exp232-decontam-train-m2-p06-step363000,single_seq,lm,,,,,,medium,L,0.1877551020408163,2610,50,245
foldbench_monomer,8b2s_A,245,marinfold-exp232-decontam-train-m2-p06-step363000,single_seq,lm,,,,,,medium,L/2,0.3688524590163934,2610,50,122
foldbench_monomer,8b2s_A,245,marinfold-exp232-decontam-train-m2-p06-step363000,single_seq,lm,,,,,,medium,L/5,0.7755102040816326,2610,50,49
foldbench_monomer,8b2s_A,245,marinfold-exp232-decontam-train-m2-p06-step363000,single_seq,lm,,,,,,medium,R,0.76,2610,50,50
foldbench_monomer,8b2s_A,245,marinfold-exp232-decontam-train-m2-p06-step363000,single_seq,lm,,,,,,medium,AUC,0.96136328125,2610,50,2610
foldbench_monomer,8b2s_A,245,marinfold-exp232-decontam-train-m2-p06-step363000,single_seq,lm,,,,,,long,L,0.3714285714285714,23541,108,245
foldbench_monomer,8b2s_A,245,marinfold-exp232-decontam-train-m2-p06-step363000,single_seq,lm,,,,,,long,L/2,0.6475409836065574,23541,108,122
foldbench_monomer,8b2s_A,245,marinfold-exp232-decontam-train-m2-p06-step363000,single_seq,lm,,,,,,long,L/5,0.8979591836734694,23541,108,49
foldbench_monomer,8b2s_A,245,marinfold-exp232-decontam-train-m2-p06-step363000,single_seq,lm,,,,,,long,R,0.6666666666666666,23541,108,108
foldbench_monomer,8b2s_A,245,marinfold-exp232-decontam-train-m2-p06-step363000,single_seq,lm,,,,,,long,AUC,0.9459673047348548,23541,108,23541
foldbench_monomer,8b4u_A,277,marinfold-exp232-decontam-train-m2-p06-step363000,single_seq,lm,,,,,,all,L,0.8411552346570397,34716,273,277
foldbench_monomer,8b4u_A,277,marinfold-exp232-decontam-train-m2-p06-step363000,single_seq,lm,,,,,,all,L/2,0.9710144927536232,34716,273,138
foldbench_monomer,8b4u_A,277,marinfold-exp232-decontam-train-m2-p06-step363000,single_seq,lm,,,,,,all,L/5,1.0,34716,273,55
foldbench_monomer,8b4u_A,277,marinfold-exp232-decontam-train-m2-p06-step363000,single_seq,lm,,,,,,all,R,0.8461538461538461,34716,273,273
foldbench_monomer,8b4u_A,277,marinfold-exp232-decontam-train-m2-p06-step363000,single_seq,lm,,,,,,all,AUC,0.9954130830796628,34716,273,34716
foldbench_monomer,8b4u_A,277,marinfold-exp232-decontam-train-m2-p06-step363000,single_seq,lm,,,,,,short,L,0.1227436823104693,1563,34,277
foldbench_monomer,8b4u_A,277,marinfold-exp232-decontam-train-m2-p06-step363000,single_seq,lm,,,,,,short,L/2,0.2463768115942029,1563,34,138
foldbench_monomer,8b4u_A,277,marinfold-exp232-decontam-train-m2-p06-step363000,single_seq,lm,,,,,,short,L/5,0.5818181818181818,1563,34,55
foldbench_monomer,8b4u_A,277,marinfold-exp232-decontam-train-m2-p06-step363000,single_seq,lm,,,,,,short,R,0.8823529411764706,1563,34,34
foldbench_monomer,8b4u_A,277,marinfold-exp232-decontam-train-m2-p06-step363000,single_seq,lm,,,,,,short,AUC,0.997672450275074,1563,34,1563
foldbench_monomer,8b4u_A,277,marinfold-exp232-decontam-train-m2-p06-step363000,single_seq,lm,,,,,,medium,L,0.148014440433213,3018,41,277
foldbench_monomer,8b4u_A,277,marinfold-exp232-decontam-train-m2-p06-step363000,single_seq,lm,,,,,,medium,L/2,0.2971014492753623,3018,41,138
foldbench_monomer,8b4u_A,277,marinfold-exp232-decontam-train-m2-p06-step363000,single_seq,lm,,,,,,medium,L/5,0.7454545454545455,3018,41,55
foldbench_monomer,8b4u_A,277,marinfold-exp232-decontam-train-m2-p06-step363000,single_seq,lm,,,,,,medium,R,0.951219512195122,3018,41,41
foldbench_monomer,8b4u_A,277,marinfold-exp232-decontam-train-m2-p06-step363000,single_seq,lm,,,,,,medium,AUC,0.999741923855248,3018,41,3018
foldbench_monomer,8b4u_A,277,marinfold-exp232-decontam-train-m2-p06-step363000,single_seq,lm,,,,,,long,L,0.6462093862815884,30135,198,277
foldbench_monomer,8b4u_A,277,marinfold-exp232-decontam-train-m2-p06-step363000,single_seq,lm,,,,,,long,L/2,0.9202898550724636,30135,198,138
foldbench_monomer,8b4u_A,277,marinfold-exp232-decontam-train-m2-p06-step363000,single_seq,lm,,,,,,long,L/5,1.0,30135,198,55
foldbench_monomer,8b4u_A,277,marinfold-exp232-decontam-train-m2-p06-step363000,single_seq,lm,,,,,,long,R,0.8282828282828283,30135,198,198
foldbench_monomer,8b4u_A,277,marinfold-exp232-decontam-train-m2-p06-step363000,single_seq,lm,,,,,,long,AUC,0.9940221266005412,30135,198,30135
foldbench_monomer,8b5w_A,459,marinfold-exp232-decontam-train-m2-p06-step363000,single_seq,lm,,,,,,all,L,0.1568627450980392,57985,370,459
foldbench_monomer,8b5w_A,459,marinfold-exp232-decontam-train-m2-p06-step363000,single_seq,lm,,,,,,all,L/2,0.1965065502183406,57985,370,229
foldbench_monomer,8b5w_A,459,marinfold-exp232-decontam-train-m2-p06-step363000,single_seq,lm,,,,,,all,L/5,0.2307692307692307,57985,370,91
foldbench_monomer,8b5w_A,459,marinfold-exp232-decontam-train-m2-p06-step363000,single_seq,lm,,,,,,all,R,0.1648648648648648,57985,370,370
foldbench_monomer,8b5w_A,459,marinfold-exp232-decontam-train-m2-p06-step363000,single_seq,lm,,,,,,all,AUC,0.8110809872616693,57985,370,57985
foldbench_monomer,8b5w_A,459,marinfold-exp232-decontam-train-m2-p06-step363000,single_seq,lm,,,,,,short,L,0.0718954248366013,1995,44,459
foldbench_monomer,8b5w_A,459,marinfold-exp232-decontam-train-m2-p06-step363000,single_seq,lm,,,,,,short,L/2,0.1179039301310043,1995,44,229
foldbench_monomer,8b5w_A,459,marinfold-exp232-decontam-train-m2-p06-step363000,single_seq,lm,,,,,,short,L/5,0.1978021978021978,1995,44,91
foldbench_monomer,8b5w_A,459,marinfold-exp232-decontam-train-m2-p06-step363000,single_seq,lm,,,,,,short,R,0.2045454545454545,1995,44,44
foldbench_monomer,8b5w_A,459,marinfold-exp232-decontam-train-m2-p06-step363000,single_seq,lm,,,,,,short,AUC,0.8445377661805133,1995,44,1995
foldbench_monomer,8b5w_A,459,marinfold-exp232-decontam-train-m2-p06-step363000,single_seq,lm,,,,,,medium,L,0.0675381263616557,3882,49,459
foldbench_monomer,8b5w_A,459,marinfold-exp232-decontam-train-m2-p06-step363000,single_seq,lm,,,,,,medium,L/2,0.1004366812227074,3882,49,229
foldbench_monomer,8b5w_A,459,marinfold-exp232-decontam-train-m2-p06-step363000,single_seq,lm,,,,,,medium,L/5,0.1428571428571428,3882,49,91
foldbench_monomer,8b5w_A,459,marinfold-exp232-decontam-train-m2-p06-step363000,single_seq,lm,,,,,,medium,R,0.2040816326530612,3882,49,49
foldbench_monomer,8b5w_A,459,marinfold-exp232-decontam-train-m2-p06-step363000,single_seq,lm,,,,,,medium,AUC,0.8742446104452738,3882,49,3882
foldbench_monomer,8b5w_A,459,marinfold-exp232-decontam-train-m2-p06-step363000,single_seq,lm,,,,,,long,L,0.0958605664488017,52108,277,459
foldbench_monomer,8b5w_A,459,marinfold-exp232-decontam-train-m2-p06-step363000,single_seq,lm,,,,,,long,L/2,0.148471615720524,52108,277,229
foldbench_monomer,8b5w_A,459,marinfold-exp232-decontam-train-m2-p06-step363000,single_seq,lm,,,,,,long,L/5,0.2197802197802197,52108,277,91
foldbench_monomer,8b5w_A,459,marinfold-exp232-decontam-train-m2-p06-step363000,single_seq,lm,,,,,,long,R,0.1444043321299639,52108,277,277
foldbench_monomer,8b5w_A,459,marinfold-exp232-decontam-train-m2-p06-step363000,single_seq,lm,,,,,,long,AUC,0.783283069308772,52108,277,52108
foldbench_monomer,8b61_A,238,marinfold-exp232-decontam-train-m2-p06-step363000,single_seq,lm,,,,,,all,L,0.4621848739495798,18351,212,238
foldbench_monomer,8b61_A,238,marinfold-exp232-decontam-train-m2-p06-step363000,single_seq,lm,,,,,,all,L/2,0.6470588235294118,18351,212,119
foldbench_monomer,8b61_A,238,marinfold-exp232-decontam-train-m2-p06-step363000,single_seq,lm,,,,,,all,L/5,0.8297872340425532,18351,212,47
foldbench_monomer,8b61_A,238,marinfold-exp232-decontam-train-m2-p06-step363000,single_seq,lm,,,,,,all,R,0.4858490566037736,18351,212,212
foldbench_monomer,8b61_A,238,marinfold-exp232-decontam-train-m2-p06-step363000,single_seq,lm,,,,,,all,AUC,0.9501078932395224,18351,212,18351
foldbench_monomer,8b61_A,238,marinfold-exp232-decontam-train-m2-p06-step363000,single_seq,lm,,,,,,short,L,0.134453781512605,1080,32,238
foldbench_monomer,8b61_A,238,marinfold-exp232-decontam-train-m2-p06-step363000,single_seq,lm,,,,,,short,L/2,0.2184873949579832,1080,32,119
foldbench_monomer,8b61_A,238,marinfold-exp232-decontam-train-m2-p06-step363000,single_seq,lm,,,,,,short,L/5,0.4468085106382978,1080,32,47
foldbench_monomer,8b61_A,238,marinfold-exp232-decontam-train-m2-p06-step363000,single_seq,lm,,,,,,short,R,0.5,1080,32,32
foldbench_monomer,8b61_A,238,marinfold-exp232-decontam-train-m2-p06-step363000,single_seq,lm,,,,,,short,AUC,0.9654699427480916,1080,32,1080
foldbench_monomer,8b61_A,238,marinfold-exp232-decontam-train-m2-p06-step363000,single_seq,lm,,,,,,medium,L,0.1848739495798319,2088,51,238
foldbench_monomer,8b61_A,238,marinfold-exp232-decontam-train-m2-p06-step363000,single_seq,lm,,,,,,medium,L/2,0.2941176470588235,2088,51,119
foldbench_monomer,8b61_A,238,marinfold-exp232-decontam-train-m2-p06-step363000,single_seq,lm,,,,,,medium,L/5,0.5319148936170213,2088,51,47
foldbench_monomer,8b61_A,238,marinfold-exp232-decontam-train-m2-p06-step363000,single_seq,lm,,,,,,medium,R,0.5294117647058824,2088,51,51
foldbench_monomer,8b61_A,238,marinfold-exp232-decontam-train-m2-p06-step363000,single_seq,lm,,,,,,medium,AUC,0.9420812998739014,2088,51,2088
foldbench_monomer,8b61_A,238,marinfold-exp232-decontam-train-m2-p06-step363000,single_seq,lm,,,,,,long,L,0.3109243697478991,15183,129,238
foldbench_monomer,8b61_A,238,marinfold-exp232-decontam-train-m2-p06-step363000,single_seq,lm,,,,,,long,L/2,0.4789915966386555,15183,129,119
foldbench_monomer,8b61_A,238,marinfold-exp232-decontam-train-m2-p06-step363000,single_seq,lm,,,,,,long,L/5,0.723404255319149,15183,129,47
foldbench_monomer,8b61_A,238,marinfold-exp232-decontam-train-m2-p06-step363000,single_seq,lm,,,,,,long,R,0.4651162790697674,15183,129,129
foldbench_monomer,8b61_A,238,marinfold-exp232-decontam-train-m2-p06-step363000,single_seq,lm,,,,,,long,AUC,0.9434673418587144,15183,129,15183
foldbench_monomer,8b6a_A,214,marinfold-exp232-decontam-train-m2-p06-step363000,single_seq,lm,,,,,,all,L,0.6401869158878505,14365,195,214
foldbench_monomer,8b6a_A,214,marinfold-exp232-decontam-train-m2-p06-step363000,single_seq,lm,,,,,,all,L/2,0.8691588785046729,14365,195,107
foldbench_monomer,8b6a_A,214,marinfold-exp232-decontam-train-m2-p06-step363000,single_seq,lm,,,,,,all,L/5,0.9285714285714286,14365,195,42
foldbench_monomer,8b6a_A,214,marinfold-exp232-decontam-train-m2-p06-step363000,single_seq,lm,,,,,,all,R,0.6564102564102564,14365,195,195
foldbench_monomer,8b6a_A,214,marinfold-exp232-decontam-train-m2-p06-step363000,single_seq,lm,,,,,,all,AUC,0.9827893889220636,14365,195,14365
foldbench_monomer,8b6a_A,214,marinfold-exp232-decontam-train-m2-p06-step363000,single_seq,lm,,,,,,short,L,0.1401869158878504,999,30,214
foldbench_monomer,8b6a_A,214,marinfold-exp232-decontam-train-m2-p06-step363000,single_seq,lm,,,,,,short,L/2,0.2803738317757009,999,30,107
foldbench_monomer,8b6a_A,214,marinfold-exp232-decontam-train-m2-p06-step363000,single_seq,lm,,,,,,short,L/5,0.6190476190476191,999,30,42
foldbench_monomer,8b6a_A,214,marinfold-exp232-decontam-train-m2-p06-step363000,single_seq,lm,,,,,,short,R,0.7,999,30,30
foldbench_monomer,8b6a_A,214,marinfold-exp232-decontam-train-m2-p06-step363000,single_seq,lm,,,,,,short,AUC,0.9931200550395596,999,30,999
foldbench_monomer,8b6a_A,214,marinfold-exp232-decontam-train-m2-p06-step363000,single_seq,lm,,,,,,medium,L,0.219626168224299,1890,47,214
foldbench_monomer,8b6a_A,214,marinfold-exp232-decontam-train-m2-p06-step363000,single_seq,lm,,,,,,medium,L/2,0.3738317757009345,1890,47,107
foldbench_monomer,8b6a_A,214,marinfold-exp232-decontam-train-m2-p06-step363000,single_seq,lm,,,,,,medium,L/5,0.7142857142857143,1890,47,42
foldbench_monomer,8b6a_A,214,marinfold-exp232-decontam-train-m2-p06-step363000,single_seq,lm,,,,,,medium,R,0.7021276595744681,1890,47,47
foldbench_monomer,8b6a_A,214,marinfold-exp232-decontam-train-m2-p06-step363000,single_seq,lm,,,,,,medium,AUC,0.988611306727006,1890,47,1890
foldbench_monomer,8b6a_A,214,marinfold-exp232-decontam-train-m2-p06-step363000,single_seq,lm,,,,,,long,L,0.4579439252336448,11476,118,214
foldbench_monomer,8b6a_A,214,marinfold-exp232-decontam-train-m2-p06-step363000,single_seq,lm,,,,,,long,L/2,0.6728971962616822,11476,118,107
foldbench_monomer,8b6a_A,214,marinfold-exp232-decontam-train-m2-p06-step363000,single_seq,lm,,,,,,long,L/5,0.8809523809523809,11476,118,42
foldbench_monomer,8b6a_A,214,marinfold-exp232-decontam-train-m2-p06-step363000,single_seq,lm,,,,,,long,R,0.6271186440677966,11476,118,118
foldbench_monomer,8b6a_A,214,marinfold-exp232-decontam-train-m2-p06-step363000,single_seq,lm,,,,,,long,AUC,0.9765542692226192,11476,118,11476
foldbench_monomer,8b6e_A,66,marinfold-exp232-decontam-train-m2-p06-step363000,single_seq,lm,,,,,,all,L,0.5909090909090909,1081,44,66
foldbench_monomer,8b6e_A,66,marinfold-exp232-decontam-train-m2-p06-step363000,single_seq,lm,,,,,,all,L/2,0.8787878787878788,1081,44,33
foldbench_monomer,8b6e_A,66,marinfold-exp232-decontam-train-m2-p06-step363000,single_seq,lm,,,,,,all,L/5,1.0,1081,44,13
foldbench_monomer,8b6e_A,66,marinfold-exp232-decontam-train-m2-p06-step363000,single_seq,lm,,,,,,all,R,0.7727272727272727,1081,44,44
foldbench_monomer,8b6e_A,66,marinfold-exp232-decontam-train-m2-p06-step363000,single_seq,lm,,,,,,all,AUC,0.9772836854562988,1081,44,1081
foldbench_monomer,8b6e_A,66,marinfold-exp232-decontam-train-m2-p06-step363000,single_seq,lm,,,,,,short,L,0.1818181818181818,261,12,66
foldbench_monomer,8b6e_A,66,marinfold-exp232-decontam-train-m2-p06-step363000,single_seq,lm,,,,,,short,L/2,0.3333333333333333,261,12,33
foldbench_monomer,8b6e_A,66,marinfold-exp232-decontam-train-m2-p06-step363000,single_seq,lm,,,,,,short,L/5,0.7692307692307693,261,12,13
foldbench_monomer,8b6e_A,66,marinfold-exp232-decontam-train-m2-p06-step363000,single_seq,lm,,,,,,short,R,0.8333333333333334,261,12,12
foldbench_monomer,8b6e_A,66,marinfold-exp232-decontam-train-m2-p06-step363000,single_seq,lm,,,,,,short,AUC,0.9881191432396252,261,12,261
foldbench_monomer,8b6e_A,66,marinfold-exp232-decontam-train-m2-p06-step363000,single_seq,lm,,,,,,medium,L,0.1969696969696969,414,13,66
foldbench_monomer,8b6e_A,66,marinfold-exp232-decontam-train-m2-p06-step363000,single_seq,lm,,,,,,medium,L/2,0.3636363636363636,414,13,33
foldbench_monomer,8b6e_A,66,marinfold-exp232-decontam-train-m2-p06-step363000,single_seq,lm,,,,,,medium,L/5,0.6923076923076923,414,13,13
foldbench_monomer,8b6e_A,66,marinfold-exp232-decontam-train-m2-p06-step363000,single_seq,lm,,,,,,medium,R,0.6923076923076923,414,13,13
foldbench_monomer,8b6e_A,66,marinfold-exp232-decontam-train-m2-p06-step363000,single_seq,lm,,,,,,medium,AUC,0.9882984845578362,414,13,414
foldbench_monomer,8b6e_A,66,marinfold-exp232-decontam-train-m2-p06-step363000,single_seq,lm,,,,,,long,L,0.2727272727272727,406,19,66
foldbench_monomer,8b6e_A,66,marinfold-exp232-decontam-train-m2-p06-step363000,single_seq,lm,,,,,,long,L/2,0.5151515151515151,406,19,33
foldbench_monomer,8b6e_A,66,marinfold-exp232-decontam-train-m2-p06-step363000,single_seq,lm,,,,,,long,L/5,0.8461538461538461,406,19,13
foldbench_monomer,8b6e_A,66,marinfold-exp232-decontam-train-m2-p06-step363000,single_seq,lm,,,,,,long,R,0.7894736842105263,406,19,19
foldbench_monomer,8b6e_A,66,marinfold-exp232-decontam-train-m2-p06-step363000,single_seq,lm,,,,,,long,AUC,0.9641642866857064,406,19,406
foldbench_monomer,8baq_A,208,marinfold-exp232-decontam-train-m2-p06-step363000,single_seq,lm,,,,,,all,L,0.4855769230769231,20503,190,208
foldbench_monomer,8baq_A,208,marinfold-exp232-decontam-train-m2-p06-step363000,single_seq,lm,,,,,,all,L/2,0.7596153846153846,20503,190,104
foldbench_monomer,8baq_A,208,marinfold-exp232-decontam-train-m2-p06-step363000,single_seq,lm,,,,,,all,L/5,0.951219512195122,20503,190,41
foldbench_monomer,8baq_A,208,marinfold-exp232-decontam-train-m2-p06-step363000,single_seq,lm,,,,,,all,R,0.5105263157894737,20503,190,190
foldbench_monomer,8baq_A,208,marinfold-exp232-decontam-train-m2-p06-step363000,single_seq,lm,,,,,,all,AUC,0.958615042998132,20503,190,20503
foldbench_monomer,8baq_A,208,marinfold-exp232-decontam-train-m2-p06-step363000,single_seq,lm,,,,,,short,L,0.1057692307692307,1197,24,208
foldbench_monomer,8baq_A,208,marinfold-exp232-decontam-train-m2-p06-step363000,single_seq,lm,,,,,,short,L/2,0.173076923076923,1197,24,104
foldbench_monomer,8baq_A,208,marinfold-exp232-decontam-train-m2-p06-step363000,single_seq,lm,,,,,,short,L/5,0.3170731707317073,1197,24,41
foldbench_monomer,8baq_A,208,marinfold-exp232-decontam-train-m2-p06-step363000,single_seq,lm,,,,,,short,R,0.4583333333333333,1197,24,24
foldbench_monomer,8baq_A,208,marinfold-exp232-decontam-train-m2-p06-step363000,single_seq,lm,,,,,,short,AUC,0.9496305768684284,1197,24,1197
foldbench_monomer,8baq_A,208,marinfold-exp232-decontam-train-m2-p06-step363000,single_seq,lm,,,,,,medium,L,0.1201923076923077,2286,29,208
foldbench_monomer,8baq_A,208,marinfold-exp232-decontam-train-m2-p06-step363000,single_seq,lm,,,,,,medium,L/2,0.1826923076923076,2286,29,104
foldbench_monomer,8baq_A,208,marinfold-exp232-decontam-train-m2-p06-step363000,single_seq,lm,,,,,,medium,L/5,0.3902439024390244,2286,29,41
foldbench_monomer,8baq_A,208,marinfold-exp232-decontam-train-m2-p06-step363000,single_seq,lm,,,,,,medium,R,0.4482758620689655,2286,29,29
foldbench_monomer,8baq_A,208,marinfold-exp232-decontam-train-m2-p06-step363000,single_seq,lm,,,,,,medium,AUC,0.9488487922631508,2286,29,2286
foldbench_monomer,8baq_A,208,marinfold-exp232-decontam-train-m2-p06-step363000,single_seq,lm,,,,,,long,L,0.4038461538461538,17020,137,208
foldbench_monomer,8baq_A,208,marinfold-exp232-decontam-train-m2-p06-step363000,single_seq,lm,,,,,,long,L/2,0.6923076923076923,17020,137,104
foldbench_monomer,8baq_A,208,marinfold-exp232-decontam-train-m2-p06-step363000,single_seq,lm,,,,,,long,L/5,0.951219512195122,17020,137,41
foldbench_monomer,8baq_A,208,marinfold-exp232-decontam-train-m2-p06-step363000,single_seq,lm,,,,,,long,R,0.5328467153284672,17020,137,137
foldbench_monomer,8baq_A,208,marinfold-exp232-decontam-train-m2-p06-step363000,single_seq,lm,,,,,,long,AUC,0.9571674266560196,17020,137,17020
foldbench_monomer,8bau_A,189,marinfold-exp232-decontam-train-m2-p06-step363000,single_seq,lm,,,,,,all,L,0.7354497354497355,16836,209,189
foldbench_monomer,8bau_A,189,marinfold-exp232-decontam-train-m2-p06-step363000,single_seq,lm,,,,,,all,L/2,0.9680851063829788,16836,209,94
foldbench_monomer,8bau_A,189,marinfold-exp232-decontam-train-m2-p06-step363000,single_seq,lm,,,,,,all,L/5,1.0,16836,209,37
foldbench_monomer,8bau_A,189,marinfold-exp232-decontam-train-m2-p06-step363000,single_seq,lm,,,,,,all,R,0.69377990430622,16836,209,209
foldbench_monomer,8bau_A,189,marinfold-exp232-decontam-train-m2-p06-step363000,single_seq,lm,,,,,,all,AUC,0.990094223294503,16836,209,16836
foldbench_monomer,8bau_A,189,marinfold-exp232-decontam-train-m2-p06-step363000,single_seq,lm,,,,,,short,L,0.2169312169312169,1083,42,189
foldbench_monomer,8bau_A,189,marinfold-exp232-decontam-train-m2-p06-step363000,single_seq,lm,,,,,,short,L/2,0.3936170212765957,1083,42,94
foldbench_monomer,8bau_A,189,marinfold-exp232-decontam-train-m2-p06-step363000,single_seq,lm,,,,,,short,L/5,0.7027027027027027,1083,42,37
foldbench_monomer,8bau_A,189,marinfold-exp232-decontam-train-m2-p06-step363000,single_seq,lm,,,,,,short,R,0.6190476190476191,1083,42,42
foldbench_monomer,8bau_A,189,marinfold-exp232-decontam-train-m2-p06-step363000,single_seq,lm,,,,,,short,AUC,0.9802387813915192,1083,42,1083
foldbench_monomer,8bau_A,189,marinfold-exp232-decontam-train-m2-p06-step363000,single_seq,lm,,,,,,medium,L,0.1322751322751322,2058,26,189
foldbench_monomer,8bau_A,189,marinfold-exp232-decontam-train-m2-p06-step363000,single_seq,lm,,,,,,medium,L/2,0.2340425531914893,2058,26,94
foldbench_monomer,8bau_A,189,marinfold-exp232-decontam-train-m2-p06-step363000,single_seq,lm,,,,,,medium,L/5,0.3783783783783784,2058,26,37
foldbench_monomer,8bau_A,189,marinfold-exp232-decontam-train-m2-p06-step363000,single_seq,lm,,,,,,medium,R,0.5,2058,26,26
foldbench_monomer,8bau_A,189,marinfold-exp232-decontam-train-m2-p06-step363000,single_seq,lm,,,,,,medium,AUC,0.9818575863113264,2058,26,2058
foldbench_monomer,8bau_A,189,marinfold-exp232-decontam-train-m2-p06-step363000,single_seq,lm,,,,,,long,L,0.6507936507936508,13695,141,189
foldbench_monomer,8bau_A,189,marinfold-exp232-decontam-train-m2-p06-step363000,single_seq,lm,,,,,,long,L/2,0.925531914893617,13695,141,94
foldbench_monomer,8bau_A,189,marinfold-exp232-decontam-train-m2-p06-step363000,single_seq,lm,,,,,,long,L/5,0.972972972972973,13695,141,37
foldbench_monomer,8bau_A,189,marinfold-exp232-decontam-train-m2-p06-step363000,single_seq,lm,,,,,,long,R,0.723404255319149,13695,141,141
foldbench_monomer,8bau_A,189,marinfold-exp232-decontam-train-m2-p06-step363000,single_seq,lm,,,,,,long,AUC,0.990083270804358,13695,141,13695
foldbench_monomer,8bfy_A,426,marinfold-exp232-decontam-train-m2-p06-step363000,single_seq,lm,,,,,,all,L,0.5751173708920188,75078,359,426
foldbench_monomer,8bfy_A,426,marinfold-exp232-decontam-train-m2-p06-step363000,single_seq,lm,,,,,,all,L/2,0.8075117370892019,75078,359,213
foldbench_monomer,8bfy_A,426,marinfold-exp232-decontam-train-m2-p06-step363000,single_seq,lm,,,,,,all,L/5,0.9294117647058824,75078,359,85
foldbench_monomer,8bfy_A,426,marinfold-exp232-decontam-train-m2-p06-step363000,single_seq,lm,,,,,,all,R,0.6323119777158774,75078,359,359
foldbench_monomer,8bfy_A,426,marinfold-exp232-decontam-train-m2-p06-step363000,single_seq,lm,,,,,,all,AUC,0.9889852308673972,75078,359,75078
foldbench_monomer,8bfy_A,426,marinfold-exp232-decontam-train-m2-p06-step363000,single_seq,lm,,,,,,short,L,0.1056338028169014,2307,45,426
foldbench_monomer,8bfy_A,426,marinfold-exp232-decontam-train-m2-p06-step363000,single_seq,lm,,,,,,short,L/2,0.2112676056338028,2307,45,213
foldbench_monomer,8bfy_A,426,marinfold-exp232-decontam-train-m2-p06-step363000,single_seq,lm,,,,,,short,L/5,0.4,2307,45,85
foldbench_monomer,8bfy_A,426,marinfold-exp232-decontam-train-m2-p06-step363000,single_seq,lm,,,,,,short,R,0.5777777777777777,2307,45,45
foldbench_monomer,8bfy_A,426,marinfold-exp232-decontam-train-m2-p06-step363000,single_seq,lm,,,,,,short,AUC,0.9870714215541804,2307,45,2307
foldbench_monomer,8bfy_A,426,marinfold-exp232-decontam-train-m2-p06-step363000,single_seq,lm,,,,,,medium,L,0.1103286384976525,4506,48,426
foldbench_monomer,8bfy_A,426,marinfold-exp232-decontam-train-m2-p06-step363000,single_seq,lm,,,,,,medium,L/2,0.215962441314554,4506,48,213
foldbench_monomer,8bfy_A,426,marinfold-exp232-decontam-train-m2-p06-step363000,single_seq,lm,,,,,,medium,L/5,0.4352941176470588,4506,48,85
foldbench_monomer,8bfy_A,426,marinfold-exp232-decontam-train-m2-p06-step363000,single_seq,lm,,,,,,medium,R,0.5833333333333334,4506,48,48
foldbench_monomer,8bfy_A,426,marinfold-exp232-decontam-train-m2-p06-step363000,single_seq,lm,,,,,,medium,AUC,0.9825687901899208,4506,48,4506
foldbench_monomer,8bfy_A,426,marinfold-exp232-decontam-train-m2-p06-step363000,single_seq,lm,,,,,,long,L,0.4976525821596244,68265,266,426
foldbench_monomer,8bfy_A,426,marinfold-exp232-decontam-train-m2-p06-step363000,single_seq,lm,,,,,,long,L/2,0.7230046948356808,68265,266,213
foldbench_monomer,8bfy_A,426,marinfold-exp232-decontam-train-m2-p06-step363000,single_seq,lm,,,,,,long,L/5,0.9176470588235294,68265,266,85
foldbench_monomer,8bfy_A,426,marinfold-exp232-decontam-train-m2-p06-step363000,single_seq,lm,,,,,,long,R,0.650375939849624,68265,266,266
foldbench_monomer,8bfy_A,426,marinfold-exp232-decontam-train-m2-p06-step363000,single_seq,lm,,,,,,long,AUC,0.9885727808690684,68265,266,68265
foldbench_monomer,8bgb_A,131,marinfold-exp232-decontam-train-m2-p06-step363000,single_seq,lm,,,,,,all,L,0.6946564885496184,7750,101,131
foldbench_monomer,8bgb_A,131,marinfold-exp232-decontam-train-m2-p06-step363000,single_seq,lm,,,,,,all,L/2,0.9384615384615383,7750,101,65
foldbench_monomer,8bgb_A,131,marinfold-exp232-decontam-train-m2-p06-step363000,single_seq,lm,,,,,,all,L/5,0.9230769230769232,7750,101,26
foldbench_monomer,8bgb_A,131,marinfold-exp232-decontam-train-m2-p06-step363000,single_seq,lm,,,,,,all,R,0.8316831683168316,7750,101,101
foldbench_monomer,8bgb_A,131,marinfold-exp232-decontam-train-m2-p06-step363000,single_seq,lm,,,,,,all,AUC,0.9979185786273752,7750,101,7750
foldbench_monomer,8bgb_A,131,marinfold-exp232-decontam-train-m2-p06-step363000,single_seq,lm,,,,,,short,L,0.1755725190839694,729,23,131
foldbench_monomer,8bgb_A,131,marinfold-exp232-decontam-train-m2-p06-step363000,single_seq,lm,,,,,,short,L/2,0.3538461538461538,729,23,65
foldbench_monomer,8bgb_A,131,marinfold-exp232-decontam-train-m2-p06-step363000,single_seq,lm,,,,,,short,L/5,0.8076923076923077,729,23,26
foldbench_monomer,8bgb_A,131,marinfold-exp232-decontam-train-m2-p06-step363000,single_seq,lm,,,,,,short,R,0.9130434782608696,729,23,23
foldbench_monomer,8bgb_A,131,marinfold-exp232-decontam-train-m2-p06-step363000,single_seq,lm,,,,,,short,AUC,0.9962433797265672,729,23,729
foldbench_monomer,8bgb_A,131,marinfold-exp232-decontam-train-m2-p06-step363000,single_seq,lm,,,,,,medium,L,0.1526717557251908,1350,20,131
foldbench_monomer,8bgb_A,131,marinfold-exp232-decontam-train-m2-p06-step363000,single_seq,lm,,,,,,medium,L/2,0.2923076923076923,1350,20,65
foldbench_monomer,8bgb_A,131,marinfold-exp232-decontam-train-m2-p06-step363000,single_seq,lm,,,,,,medium,L/5,0.6923076923076923,1350,20,26
foldbench_monomer,8bgb_A,131,marinfold-exp232-decontam-train-m2-p06-step363000,single_seq,lm,,,,,,medium,R,0.8,1350,20,20
foldbench_monomer,8bgb_A,131,marinfold-exp232-decontam-train-m2-p06-step363000,single_seq,lm,,,,,,medium,AUC,0.9952443609022557,1350,20,1350
foldbench_monomer,8bgb_A,131,marinfold-exp232-decontam-train-m2-p06-step363000,single_seq,lm,,,,,,long,L,0.4427480916030534,5671,58,131
foldbench_monomer,8bgb_A,131,marinfold-exp232-decontam-train-m2-p06-step363000,single_seq,lm,,,,,,long,L/2,0.7692307692307693,5671,58,65
foldbench_monomer,8bgb_A,131,marinfold-exp232-decontam-train-m2-p06-step363000,single_seq,lm,,,,,,long,L/5,0.9230769230769232,5671,58,26
foldbench_monomer,8bgb_A,131,marinfold-exp232-decontam-train-m2-p06-step363000,single_seq,lm,,,,,,long,R,0.8103448275862069,5671,58,58
foldbench_monomer,8bgb_A,131,marinfold-exp232-decontam-train-m2-p06-step363000,single_seq,lm,,,,,,long,AUC,0.9987068197595484,5671,58,5671
foldbench_monomer,8bke_A,638,marinfold-exp232-decontam-train-m2-p06-step363000,single_seq,lm,,,,,,all,L,0.5799373040752351,89253,494,638
foldbench_monomer,8bke_A,638,marinfold-exp232-decontam-train-m2-p06-step363000,single_seq,lm,,,,,,all,L/2,0.7836990595611285,89253,494,319
foldbench_monomer,8bke_A,638,marinfold-exp232-decontam-train-m2-p06-step363000,single_seq,lm,,,,,,all,L/5,0.937007874015748,89253,494,127
foldbench_monomer,8bke_A,638,marinfold-exp232-decontam-train-m2-p06-step363000,single_seq,lm,,,,,,all,R,0.6740890688259109,89253,494,494
foldbench_monomer,8bke_A,638,marinfold-exp232-decontam-train-m2-p06-step363000,single_seq,lm,,,,,,all,AUC,0.9833599699281222,89253,494,89253
foldbench_monomer,8bke_A,638,marinfold-exp232-decontam-train-m2-p06-step363000,single_seq,lm,,,,,,short,L,0.0470219435736677,2517,30,638
foldbench_monomer,8bke_A,638,marinfold-exp232-decontam-train-m2-p06-step363000,single_seq,lm,,,,,,short,L/2,0.0909090909090909,2517,30,319
foldbench_monomer,8bke_A,638,marinfold-exp232-decontam-train-m2-p06-step363000,single_seq,lm,,,,,,short,L/5,0.2204724409448819,2517,30,127
foldbench_monomer,8bke_A,638,marinfold-exp232-decontam-train-m2-p06-step363000,single_seq,lm,,,,,,short,R,0.6333333333333333,2517,30,30
foldbench_monomer,8bke_A,638,marinfold-exp232-decontam-train-m2-p06-step363000,single_seq,lm,,,,,,short,AUC,0.987910467765715,2517,30,2517
foldbench_monomer,8bke_A,638,marinfold-exp232-decontam-train-m2-p06-step363000,single_seq,lm,,,,,,medium,L,0.2068965517241379,4926,135,638
foldbench_monomer,8bke_A,638,marinfold-exp232-decontam-train-m2-p06-step363000,single_seq,lm,,,,,,medium,L/2,0.4012539184952978,4926,135,319
foldbench_monomer,8bke_A,638,marinfold-exp232-decontam-train-m2-p06-step363000,single_seq,lm,,,,,,medium,L/5,0.7165354330708661,4926,135,127
foldbench_monomer,8bke_A,638,marinfold-exp232-decontam-train-m2-p06-step363000,single_seq,lm,,,,,,medium,R,0.7111111111111111,4926,135,135
foldbench_monomer,8bke_A,638,marinfold-exp232-decontam-train-m2-p06-step363000,single_seq,lm,,,,,,medium,AUC,0.98555779741336,4926,135,4926
foldbench_monomer,8bke_A,638,marinfold-exp232-decontam-train-m2-p06-step363000,single_seq,lm,,,,,,long,L,0.4137931034482758,81810,329,638
foldbench_monomer,8bke_A,638,marinfold-exp232-decontam-train-m2-p06-step363000,single_seq,lm,,,,,,long,L/2,0.6739811912225705,81810,329,319
foldbench_monomer,8bke_A,638,marinfold-exp232-decontam-train-m2-p06-step363000,single_seq,lm,,,,,,long,L/5,0.8976377952755905,81810,329,127
foldbench_monomer,8bke_A,638,marinfold-exp232-decontam-train-m2-p06-step363000,single_seq,lm,,,,,,long,R,0.6656534954407295,81810,329,329
foldbench_monomer,8bke_A,638,marinfold-exp232-decontam-train-m2-p06-step363000,single_seq,lm,,,,,,long,AUC,0.979116693398864,81810,329,81810
foldbench_monomer,8bsb_A,177,marinfold-exp232-decontam-train-m2-p06-step363000,single_seq,lm,,,,,,all,L,0.576271186440678,11781,115,177
foldbench_monomer,8bsb_A,177,marinfold-exp232-decontam-train-m2-p06-step363000,single_seq,lm,,,,,,all,L/2,0.8295454545454546,11781,115,88
foldbench_monomer,8bsb_A,177,marinfold-exp232-decontam-train-m2-p06-step363000,single_seq,lm,,,,,,all,L/5,0.9428571428571428,11781,115,35
foldbench_monomer,8bsb_A,177,marinfold-exp232-decontam-train-m2-p06-step363000,single_seq,lm,,,,,,all,R,0.7565217391304347,11781,115,115
foldbench_monomer,8bsb_A,177,marinfold-exp232-decontam-train-m2-p06-step363000,single_seq,lm,,,,,,all,AUC,0.9969308805223652,11781,115,11781
foldbench_monomer,8bsb_A,177,marinfold-exp232-decontam-train-m2-p06-step363000,single_seq,lm,,,,,,short,L,0.03954802259887,903,7,177
foldbench_monomer,8bsb_A,177,marinfold-exp232-decontam-train-m2-p06-step363000,single_seq,lm,,,,,,short,L/2,0.0795454545454545,903,7,88
foldbench_monomer,8bsb_A,177,marinfold-exp232-decontam-train-m2-p06-step363000,single_seq,lm,,,,,,short,L/5,0.2,903,7,35
foldbench_monomer,8bsb_A,177,marinfold-exp232-decontam-train-m2-p06-step363000,single_seq,lm,,,,,,short,R,0.7142857142857143,903,7,7
foldbench_monomer,8bsb_A,177,marinfold-exp232-decontam-train-m2-p06-step363000,single_seq,lm,,,,,,short,AUC,0.9973692602040816,903,7,903
foldbench_monomer,8bsb_A,177,marinfold-exp232-decontam-train-m2-p06-step363000,single_seq,lm,,,,,,medium,L,0.0790960451977401,1698,14,177
foldbench_monomer,8bsb_A,177,marinfold-exp232-decontam-train-m2-p06-step363000,single_seq,lm,,,,,,medium,L/2,0.1590909090909091,1698,14,88
foldbench_monomer,8bsb_A,177,marinfold-exp232-decontam-train-m2-p06-step363000,single_seq,lm,,,,,,medium,L/5,0.4,1698,14,35
foldbench_monomer,8bsb_A,177,marinfold-exp232-decontam-train-m2-p06-step363000,single_seq,lm,,,,,,medium,R,0.7857142857142857,1698,14,14
foldbench_monomer,8bsb_A,177,marinfold-exp232-decontam-train-m2-p06-step363000,single_seq,lm,,,,,,medium,AUC,0.9986002714625042,1698,14,1698
foldbench_monomer,8bsb_A,177,marinfold-exp232-decontam-train-m2-p06-step363000,single_seq,lm,,,,,,long,L,0.5028248587570622,9180,94,177
foldbench_monomer,8bsb_A,177,marinfold-exp232-decontam-train-m2-p06-step363000,single_seq,lm,,,,,,long,L/2,0.7727272727272727,9180,94,88
foldbench_monomer,8bsb_A,177,marinfold-exp232-decontam-train-m2-p06-step363000,single_seq,lm,,,,,,long,L/5,0.9428571428571428,9180,94,35
foldbench_monomer,8bsb_A,177,marinfold-exp232-decontam-train-m2-p06-step363000,single_seq,lm,,,,,,long,R,0.7446808510638298,9180,94,94
foldbench_monomer,8bsb_A,177,marinfold-exp232-decontam-train-m2-p06-step363000,single_seq,lm,,,,,,long,AUC,0.996531957044038,9180,94,9180
foldbench_monomer,8bux_A,334,marinfold-exp232-decontam-train-m2-p06-step363000,single_seq,lm,,,,,,all,L,0.0778443113772455,40231,240,334
foldbench_monomer,8bux_A,334,marinfold-exp232-decontam-train-m2-p06-step363000,single_seq,lm,,,,,,all,L/2,0.0778443113772455,40231,240,167
foldbench_monomer,8bux_A,334,marinfold-exp232-decontam-train-m2-p06-step363000,single_seq,lm,,,,,,all,L/5,0.1515151515151515,40231,240,66
foldbench_monomer,8bux_A,334,marinfold-exp232-decontam-train-m2-p06-step363000,single_seq,lm,,,,,,all,R,0.075,40231,240,240
foldbench_monomer,8bux_A,334,marinfold-exp232-decontam-train-m2-p06-step363000,single_seq,lm,,,,,,all,AUC,0.7394066790027757,40231,240,40231
foldbench_monomer,8bux_A,334,marinfold-exp232-decontam-train-m2-p06-step363000,single_seq,lm,,,,,,short,L,0.0658682634730539,1554,27,334
foldbench_monomer,8bux_A,334,marinfold-exp232-decontam-train-m2-p06-step363000,single_seq,lm,,,,,,short,L/2,0.1017964071856287,1554,27,167
foldbench_monomer,8bux_A,334,marinfold-exp232-decontam-train-m2-p06-step363000,single_seq,lm,,,,,,short,L/5,0.1363636363636363,1554,27,66
foldbench_monomer,8bux_A,334,marinfold-exp232-decontam-train-m2-p06-step363000,single_seq,lm,,,,,,short,R,0.2592592592592592,1554,27,27
foldbench_monomer,8bux_A,334,marinfold-exp232-decontam-train-m2-p06-step363000,single_seq,lm,,,,,,short,AUC,0.8600742196027069,1554,27,1554
foldbench_monomer,8bux_A,334,marinfold-exp232-decontam-train-m2-p06-step363000,single_seq,lm,,,,,,medium,L,0.0538922155688622,2938,36,334
foldbench_monomer,8bux_A,334,marinfold-exp232-decontam-train-m2-p06-step363000,single_seq,lm,,,,,,medium,L/2,0.0658682634730539,2938,36,167
foldbench_monomer,8bux_A,334,marinfold-exp232-decontam-train-m2-p06-step363000,single_seq,lm,,,,,,medium,L/5,0.0606060606060606,2938,36,66
foldbench_monomer,8bux_A,334,marinfold-exp232-decontam-train-m2-p06-step363000,single_seq,lm,,,,,,medium,R,0.0555555555555555,2938,36,36
foldbench_monomer,8bux_A,334,marinfold-exp232-decontam-train-m2-p06-step363000,single_seq,lm,,,,,,medium,AUC,0.8109493452791178,2938,36,2938
foldbench_monomer,8bux_A,334,marinfold-exp232-decontam-train-m2-p06-step363000,single_seq,lm,,,,,,long,L,0.0538922155688622,35739,177,334
foldbench_monomer,8bux_A,334,marinfold-exp232-decontam-train-m2-p06-step363000,single_seq,lm,,,,,,long,L/2,0.0718562874251497,35739,177,167
foldbench_monomer,8bux_A,334,marinfold-exp232-decontam-train-m2-p06-step363000,single_seq,lm,,,,,,long,L/5,0.0303030303030303,35739,177,66
foldbench_monomer,8bux_A,334,marinfold-exp232-decontam-train-m2-p06-step363000,single_seq,lm,,,,,,long,R,0.0677966101694915,35739,177,177
foldbench_monomer,8bux_A,334,marinfold-exp232-decontam-train-m2-p06-step363000,single_seq,lm,,,,,,long,AUC,0.6939032554586769,35739,177,35739
foldbench_monomer,8c4d_A,330,marinfold-exp232-decontam-train-m2-p06-step363000,single_seq,lm,,,,,,all,L,0.5424242424242425,15931,229,330
foldbench_monomer,8c4d_A,330,marinfold-exp232-decontam-train-m2-p06-step363000,single_seq,lm,,,,,,all,L/2,0.7393939393939394,15931,229,165
foldbench_monomer,8c4d_A,330,marinfold-exp232-decontam-train-m2-p06-step363000,single_seq,lm,,,,,,all,L/5,0.8787878787878788,15931,229,66
foldbench_monomer,8c4d_A,330,marinfold-exp232-decontam-train-m2-p06-step363000,single_seq,lm,,,,,,all,R,0.6593886462882096,15931,229,229
foldbench_monomer,8c4d_A,330,marinfold-exp232-decontam-train-m2-p06-step363000,single_seq,lm,,,,,,all,AUC,0.986768297532815,15931,229,15931
foldbench_monomer,8c4d_A,330,marinfold-exp232-decontam-train-m2-p06-step363000,single_seq,lm,,,,,,short,L,0.0787878787878787,1053,26,330
foldbench_monomer,8c4d_A,330,marinfold-exp232-decontam-train-m2-p06-step363000,single_seq,lm,,,,,,short,L/2,0.1575757575757575,1053,26,165
foldbench_monomer,8c4d_A,330,marinfold-exp232-decontam-train-m2-p06-step363000,single_seq,lm,,,,,,short,L/5,0.3484848484848485,1053,26,66
foldbench_monomer,8c4d_A,330,marinfold-exp232-decontam-train-m2-p06-step363000,single_seq,lm,,,,,,short,R,0.6923076923076923,1053,26,26
foldbench_monomer,8c4d_A,330,marinfold-exp232-decontam-train-m2-p06-step363000,single_seq,lm,,,,,,short,AUC,0.986349337128305,1053,26,1053
foldbench_monomer,8c4d_A,330,marinfold-exp232-decontam-train-m2-p06-step363000,single_seq,lm,,,,,,medium,L,0.0848484848484848,1998,28,330
foldbench_monomer,8c4d_A,330,marinfold-exp232-decontam-train-m2-p06-step363000,single_seq,lm,,,,,,medium,L/2,0.1636363636363636,1998,28,165
foldbench_monomer,8c4d_A,330,marinfold-exp232-decontam-train-m2-p06-step363000,single_seq,lm,,,,,,medium,L/5,0.3787878787878788,1998,28,66
foldbench_monomer,8c4d_A,330,marinfold-exp232-decontam-train-m2-p06-step363000,single_seq,lm,,,,,,medium,R,0.6785714285714286,1998,28,28
foldbench_monomer,8c4d_A,330,marinfold-exp232-decontam-train-m2-p06-step363000,single_seq,lm,,,,,,medium,AUC,0.9915790427846264,1998,28,1998
foldbench_monomer,8c4d_A,330,marinfold-exp232-decontam-train-m2-p06-step363000,single_seq,lm,,,,,,long,L,0.4575757575757576,12880,175,330
foldbench_monomer,8c4d_A,330,marinfold-exp232-decontam-train-m2-p06-step363000,single_seq,lm,,,,,,long,L/2,0.6787878787878788,12880,175,165
foldbench_monomer,8c4d_A,330,marinfold-exp232-decontam-train-m2-p06-step363000,single_seq,lm,,,,,,long,L/5,0.8939393939393939,12880,175,66
foldbench_monomer,8c4d_A,330,marinfold-exp232-decontam-train-m2-p06-step363000,single_seq,lm,,,,,,long,R,0.6742857142857143,12880,175,175
foldbench_monomer,8c4d_A,330,marinfold-exp232-decontam-train-m2-p06-step363000,single_seq,lm,,,,,,long,AUC,0.9855692359588464,12880,175,12880
foldbench_monomer,7xlz_A,266,marinfold-exp232-decontam-train-m2-p06-step363000,single_seq,lm,,,,,,all,L,0.7180451127819549,27759,265,266
foldbench_monomer,7xlz_A,266,marinfold-exp232-decontam-train-m2-p06-step363000,single_seq,lm,,,,,,all,L/2,0.9323308270676692,27759,265,133
foldbench_monomer,7xlz_A,266,marinfold-exp232-decontam-train-m2-p06-step363000,single_seq,lm,,,,,,all,L/5,1.0,27759,265,53
foldbench_monomer,7xlz_A,266,marinfold-exp232-decontam-train-m2-p06-step363000,single_seq,lm,,,,,,all,R,0.720754716981132,27759,265,265
foldbench_monomer,7xlz_A,266,marinfold-exp232-decontam-train-m2-p06-step363000,single_seq,lm,,,,,,all,AUC,0.9795033153030986,27759,265,27759
foldbench_monomer,7xlz_A,266,marinfold-exp232-decontam-train-m2-p06-step363000,single_seq,lm,,,,,,short,L,0.1278195488721804,1330,34,266
foldbench_monomer,7xlz_A,266,marinfold-exp232-decontam-train-m2-p06-step363000,single_seq,lm,,,,,,short,L/2,0.2556390977443609,1330,34,133
foldbench_monomer,7xlz_A,266,marinfold-exp232-decontam-train-m2-p06-step363000,single_seq,lm,,,,,,short,L/5,0.5471698113207547,1330,34,53
foldbench_monomer,7xlz_A,266,marinfold-exp232-decontam-train-m2-p06-step363000,single_seq,lm,,,,,,short,R,0.7352941176470589,1330,34,34
foldbench_monomer,7xlz_A,266,marinfold-exp232-decontam-train-m2-p06-step363000,single_seq,lm,,,,,,short,AUC,0.992942084241104,1330,34,1330
foldbench_monomer,7xlz_A,266,marinfold-exp232-decontam-train-m2-p06-step363000,single_seq,lm,,,,,,medium,L,0.2142857142857142,2550,57,266
foldbench_monomer,7xlz_A,266,marinfold-exp232-decontam-train-m2-p06-step363000,single_seq,lm,,,,,,medium,L/2,0.4135338345864661,2550,57,133
foldbench_monomer,7xlz_A,266,marinfold-exp232-decontam-train-m2-p06-step363000,single_seq,lm,,,,,,medium,L/5,0.8301886792452831,2550,57,53
foldbench_monomer,7xlz_A,266,marinfold-exp232-decontam-train-m2-p06-step363000,single_seq,lm,,,,,,medium,R,0.8070175438596491,2550,57,57
foldbench_monomer,7xlz_A,266,marinfold-exp232-decontam-train-m2-p06-step363000,single_seq,lm,,,,,,medium,AUC,0.9959078401981688,2550,57,2550
foldbench_monomer,7xlz_A,266,marinfold-exp232-decontam-train-m2-p06-step363000,single_seq,lm,,,,,,long,L,0.5225563909774437,23879,174,266
foldbench_monomer,7xlz_A,266,marinfold-exp232-decontam-train-m2-p06-step363000,single_seq,lm,,,,,,long,L/2,0.7593984962406015,23879,174,133
foldbench_monomer,7xlz_A,266,marinfold-exp232-decontam-train-m2-p06-step363000,single_seq,lm,,,,,,long,L/5,0.9433962264150944,23879,174,53
foldbench_monomer,7xlz_A,266,marinfold-exp232-decontam-train-m2-p06-step363000,single_seq,lm,,,,,,long,R,0.6896551724137931,23879,174,174
foldbench_monomer,7xlz_A,266,marinfold-exp232-decontam-train-m2-p06-step363000,single_seq,lm,,,,,,long,AUC,0.9707811776457268,23879,174,23879
foldbench_monomer,8c4y_A,314,marinfold-exp232-decontam-train-m2-p06-step363000,single_seq,lm,,,,,,all,L,0.7993630573248408,46971,373,314
foldbench_monomer,8c4y_A,314,marinfold-exp232-decontam-train-m2-p06-step363000,single_seq,lm,,,,,,all,L/2,0.9490445859872612,46971,373,157
foldbench_monomer,8c4y_A,314,marinfold-exp232-decontam-train-m2-p06-step363000,single_seq,lm,,,,,,all,L/5,0.9838709677419356,46971,373,62
foldbench_monomer,8c4y_A,314,marinfold-exp232-decontam-train-m2-p06-step363000,single_seq,lm,,,,,,all,R,0.7479892761394102,46971,373,373
foldbench_monomer,8c4y_A,314,marinfold-exp232-decontam-train-m2-p06-step363000,single_seq,lm,,,,,,all,AUC,0.998116109644444,46971,373,46971
foldbench_monomer,8c4y_A,314,marinfold-exp232-decontam-train-m2-p06-step363000,single_seq,lm,,,,,,short,L,0.1114649681528662,1821,35,314
foldbench_monomer,8c4y_A,314,marinfold-exp232-decontam-train-m2-p06-step363000,single_seq,lm,,,,,,short,L/2,0.2229299363057325,1821,35,157
foldbench_monomer,8c4y_A,314,marinfold-exp232-decontam-train-m2-p06-step363000,single_seq,lm,,,,,,short,L/5,0.532258064516129,1821,35,62
foldbench_monomer,8c4y_A,314,marinfold-exp232-decontam-train-m2-p06-step363000,single_seq,lm,,,,,,short,R,0.7714285714285715,1821,35,35
foldbench_monomer,8c4y_A,314,marinfold-exp232-decontam-train-m2-p06-step363000,single_seq,lm,,,,,,short,AUC,0.995840665493521,1821,35,1821
foldbench_monomer,8c4y_A,314,marinfold-exp232-decontam-train-m2-p06-step363000,single_seq,lm,,,,,,medium,L,0.1464968152866242,3534,46,314
foldbench_monomer,8c4y_A,314,marinfold-exp232-decontam-train-m2-p06-step363000,single_seq,lm,,,,,,medium,L/2,0.2929936305732484,3534,46,157
foldbench_monomer,8c4y_A,314,marinfold-exp232-decontam-train-m2-p06-step363000,single_seq,lm,,,,,,medium,L/5,0.532258064516129,3534,46,62
foldbench_monomer,8c4y_A,314,marinfold-exp232-decontam-train-m2-p06-step363000,single_seq,lm,,,,,,medium,R,0.6521739130434783,3534,46,46
foldbench_monomer,8c4y_A,314,marinfold-exp232-decontam-train-m2-p06-step363000,single_seq,lm,,,,,,medium,AUC,0.9941538691663344,3534,46,3534
foldbench_monomer,8c4y_A,314,marinfold-exp232-decontam-train-m2-p06-step363000,single_seq,lm,,,,,,long,L,0.7292993630573248,41616,292,314
foldbench_monomer,8c4y_A,314,marinfold-exp232-decontam-train-m2-p06-step363000,single_seq,lm,,,,,,long,L/2,0.929936305732484,41616,292,157
foldbench_monomer,8c4y_A,314,marinfold-exp232-decontam-train-m2-p06-step363000,single_seq,lm,,,,,,long,L/5,0.9838709677419356,41616,292,62
foldbench_monomer,8c4y_A,314,marinfold-exp232-decontam-train-m2-p06-step363000,single_seq,lm,,,,,,long,R,0.7568493150684932,41616,292,292
foldbench_monomer,8c4y_A,314,marinfold-exp232-decontam-train-m2-p06-step363000,single_seq,lm,,,,,,long,AUC,0.9985199237432756,41616,292,41616
foldbench_monomer,8cba_A,214,marinfold-exp232-decontam-train-m2-p06-step363000,single_seq,lm,,,,,,all,L,0.308411214953271,17955,245,214
foldbench_monomer,8cba_A,214,marinfold-exp232-decontam-train-m2-p06-step363000,single_seq,lm,,,,,,all,L/2,0.3925233644859813,17955,245,107
foldbench_monomer,8cba_A,214,marinfold-exp232-decontam-train-m2-p06-step363000,single_seq,lm,,,,,,all,L/5,0.5714285714285714,17955,245,42
foldbench_monomer,8cba_A,214,marinfold-exp232-decontam-train-m2-p06-step363000,single_seq,lm,,,,,,all,R,0.273469387755102,17955,245,245
foldbench_monomer,8cba_A,214,marinfold-exp232-decontam-train-m2-p06-step363000,single_seq,lm,,,,,,all,AUC,0.8320011753995783,17955,245,17955
foldbench_monomer,8cba_A,214,marinfold-exp232-decontam-train-m2-p06-step363000,single_seq,lm,,,,,,short,L,0.1261682242990654,1119,39,214
foldbench_monomer,8cba_A,214,marinfold-exp232-decontam-train-m2-p06-step363000,single_seq,lm,,,,,,short,L/2,0.1962616822429906,1119,39,107
foldbench_monomer,8cba_A,214,marinfold-exp232-decontam-train-m2-p06-step363000,single_seq,lm,,,,,,short,L/5,0.3095238095238095,1119,39,42
foldbench_monomer,8cba_A,214,marinfold-exp232-decontam-train-m2-p06-step363000,single_seq,lm,,,,,,short,R,0.3333333333333333,1119,39,39
foldbench_monomer,8cba_A,214,marinfold-exp232-decontam-train-m2-p06-step363000,single_seq,lm,,,,,,short,AUC,0.8444681861348527,1119,39,1119
foldbench_monomer,8cba_A,214,marinfold-exp232-decontam-train-m2-p06-step363000,single_seq,lm,,,,,,medium,L,0.116822429906542,2130,53,214
foldbench_monomer,8cba_A,214,marinfold-exp232-decontam-train-m2-p06-step363000,single_seq,lm,,,,,,medium,L/2,0.1775700934579439,2130,53,107
foldbench_monomer,8cba_A,214,marinfold-exp232-decontam-train-m2-p06-step363000,single_seq,lm,,,,,,medium,L/5,0.2857142857142857,2130,53,42
foldbench_monomer,8cba_A,214,marinfold-exp232-decontam-train-m2-p06-step363000,single_seq,lm,,,,,,medium,R,0.2830188679245283,2130,53,53
foldbench_monomer,8cba_A,214,marinfold-exp232-decontam-train-m2-p06-step363000,single_seq,lm,,,,,,medium,AUC,0.7884693998055976,2130,53,2130
foldbench_monomer,8cba_A,214,marinfold-exp232-decontam-train-m2-p06-step363000,single_seq,lm,,,,,,long,L,0.2009345794392523,14706,153,214
foldbench_monomer,8cba_A,214,marinfold-exp232-decontam-train-m2-p06-step363000,single_seq,lm,,,,,,long,L/2,0.3364485981308411,14706,153,107
foldbench_monomer,8cba_A,214,marinfold-exp232-decontam-train-m2-p06-step363000,single_seq,lm,,,,,,long,L/5,0.5952380952380952,14706,153,42
foldbench_monomer,8cba_A,214,marinfold-exp232-decontam-train-m2-p06-step363000,single_seq,lm,,,,,,long,R,0.2549019607843137,14706,153,153
foldbench_monomer,8cba_A,214,marinfold-exp232-decontam-train-m2-p06-step363000,single_seq,lm,,,,,,long,AUC,0.8223221948712145,14706,153,14706
foldbench_monomer,8ci9_A,312,marinfold-exp232-decontam-train-m2-p06-step363000,single_seq,lm,,,,,,all,L,0.6666666666666666,45150,337,312
foldbench_monomer,8ci9_A,312,marinfold-exp232-decontam-train-m2-p06-step363000,single_seq,lm,,,,,,all,L/2,0.8782051282051282,45150,337,156
foldbench_monomer,8ci9_A,312,marinfold-exp232-decontam-train-m2-p06-step363000,single_seq,lm,,,,,,all,L/5,0.9838709677419356,45150,337,62
foldbench_monomer,8ci9_A,312,marinfold-exp232-decontam-train-m2-p06-step363000,single_seq,lm,,,,,,all,R,0.6320474777448071,45150,337,337
foldbench_monomer,8ci9_A,312,marinfold-exp232-decontam-train-m2-p06-step363000,single_seq,lm,,,,,,all,AUC,0.9810092132946002,45150,337,45150
foldbench_monomer,8ci9_A,312,marinfold-exp232-decontam-train-m2-p06-step363000,single_seq,lm,,,,,,short,L,0.1217948717948717,1785,39,312
foldbench_monomer,8ci9_A,312,marinfold-exp232-decontam-train-m2-p06-step363000,single_seq,lm,,,,,,short,L/2,0.2371794871794871,1785,39,156
foldbench_monomer,8ci9_A,312,marinfold-exp232-decontam-train-m2-p06-step363000,single_seq,lm,,,,,,short,L/5,0.4354838709677419,1785,39,62
foldbench_monomer,8ci9_A,312,marinfold-exp232-decontam-train-m2-p06-step363000,single_seq,lm,,,,,,short,R,0.5128205128205128,1785,39,39
foldbench_monomer,8ci9_A,312,marinfold-exp232-decontam-train-m2-p06-step363000,single_seq,lm,,,,,,short,AUC,0.9782947102534733,1785,39,1785
foldbench_monomer,8ci9_A,312,marinfold-exp232-decontam-train-m2-p06-step363000,single_seq,lm,,,,,,medium,L,0.1185897435897435,3462,41,312
foldbench_monomer,8ci9_A,312,marinfold-exp232-decontam-train-m2-p06-step363000,single_seq,lm,,,,,,medium,L/2,0.2051282051282051,3462,41,156
foldbench_monomer,8ci9_A,312,marinfold-exp232-decontam-train-m2-p06-step363000,single_seq,lm,,,,,,medium,L/5,0.4193548387096774,3462,41,62
foldbench_monomer,8ci9_A,312,marinfold-exp232-decontam-train-m2-p06-step363000,single_seq,lm,,,,,,medium,R,0.4878048780487805,3462,41,41
foldbench_monomer,8ci9_A,312,marinfold-exp232-decontam-train-m2-p06-step363000,single_seq,lm,,,,,,medium,AUC,0.9551265141414934,3462,41,3462
foldbench_monomer,8ci9_A,312,marinfold-exp232-decontam-train-m2-p06-step363000,single_seq,lm,,,,,,long,L,0.5769230769230769,39903,257,312
foldbench_monomer,8ci9_A,312,marinfold-exp232-decontam-train-m2-p06-step363000,single_seq,lm,,,,,,long,L/2,0.8333333333333334,39903,257,156
foldbench_monomer,8ci9_A,312,marinfold-exp232-decontam-train-m2-p06-step363000,single_seq,lm,,,,,,long,L/5,0.9516129032258064,39903,257,62
foldbench_monomer,8ci9_A,312,marinfold-exp232-decontam-train-m2-p06-step363000,single_seq,lm,,,,,,long,R,0.669260700389105,39903,257,257
foldbench_monomer,8ci9_A,312,marinfold-exp232-decontam-train-m2-p06-step363000,single_seq,lm,,,,,,long,AUC,0.9829063574502048,39903,257,39903
foldbench_monomer,8cih_A,214,marinfold-exp232-decontam-train-m2-p06-step363000,single_seq,lm,,,,,,all,L,0.308411214953271,16668,158,214
foldbench_monomer,8cih_A,214,marinfold-exp232-decontam-train-m2-p06-step363000,single_seq,lm,,,,,,all,L/2,0.4672897196261682,16668,158,107
foldbench_monomer,8cih_A,214,marinfold-exp232-decontam-train-m2-p06-step363000,single_seq,lm,,,,,,all,L/5,0.5952380952380952,16668,158,42
foldbench_monomer,8cih_A,214,marinfold-exp232-decontam-train-m2-p06-step363000,single_seq,lm,,,,,,all,R,0.379746835443038,16668,158,158
foldbench_monomer,8cih_A,214,marinfold-exp232-decontam-train-m2-p06-step363000,single_seq,lm,,,,,,all,AUC,0.8735302348404113,16668,158,16668
foldbench_monomer,8cih_A,214,marinfold-exp232-decontam-train-m2-p06-step363000,single_seq,lm,,,,,,short,L,0.0420560747663551,1041,10,214
foldbench_monomer,8cih_A,214,marinfold-exp232-decontam-train-m2-p06-step363000,single_seq,lm,,,,,,short,L/2,0.0654205607476635,1041,10,107
foldbench_monomer,8cih_A,214,marinfold-exp232-decontam-train-m2-p06-step363000,single_seq,lm,,,,,,short,L/5,0.119047619047619,1041,10,42
foldbench_monomer,8cih_A,214,marinfold-exp232-decontam-train-m2-p06-step363000,single_seq,lm,,,,,,short,R,0.3,1041,10,10
foldbench_monomer,8cih_A,214,marinfold-exp232-decontam-train-m2-p06-step363000,single_seq,lm,,,,,,short,AUC,0.9307468477206596,1041,10,1041
foldbench_monomer,8cih_A,214,marinfold-exp232-decontam-train-m2-p06-step363000,single_seq,lm,,,,,,medium,L,0.0654205607476635,1974,17,214
foldbench_monomer,8cih_A,214,marinfold-exp232-decontam-train-m2-p06-step363000,single_seq,lm,,,,,,medium,L/2,0.1308411214953271,1974,17,107
foldbench_monomer,8cih_A,214,marinfold-exp232-decontam-train-m2-p06-step363000,single_seq,lm,,,,,,medium,L/5,0.1904761904761904,1974,17,42
foldbench_monomer,8cih_A,214,marinfold-exp232-decontam-train-m2-p06-step363000,single_seq,lm,,,,,,medium,R,0.4117647058823529,1974,17,17
foldbench_monomer,8cih_A,214,marinfold-exp232-decontam-train-m2-p06-step363000,single_seq,lm,,,,,,medium,AUC,0.9477892332201148,1974,17,1974
foldbench_monomer,8cih_A,214,marinfold-exp232-decontam-train-m2-p06-step363000,single_seq,lm,,,,,,long,L,0.2990654205607476,13653,131,214
foldbench_monomer,8cih_A,214,marinfold-exp232-decontam-train-m2-p06-step363000,single_seq,lm,,,,,,long,L/2,0.4485981308411215,13653,131,107
foldbench_monomer,8cih_A,214,marinfold-exp232-decontam-train-m2-p06-step363000,single_seq,lm,,,,,,long,L/5,0.6904761904761905,13653,131,42
foldbench_monomer,8cih_A,214,marinfold-exp232-decontam-train-m2-p06-step363000,single_seq,lm,,,,,,long,R,0.4045801526717557,13653,131,131
foldbench_monomer,8cih_A,214,marinfold-exp232-decontam-train-m2-p06-step363000,single_seq,lm,,,,,,long,AUC,0.8601377342662396,13653,131,13653
foldbench_monomer,8amo_A,399,marinfold-exp232-decontam-train-m2-p06-step363000,single_seq,lm,,,,,,all,L,0.6842105263157895,72010,362,399
foldbench_monomer,8amo_A,399,marinfold-exp232-decontam-train-m2-p06-step363000,single_seq,lm,,,,,,all,L/2,0.9045226130653268,72010,362,199
foldbench_monomer,8amo_A,399,marinfold-exp232-decontam-train-m2-p06-step363000,single_seq,lm,,,,,,all,L/5,1.0,72010,362,79
foldbench_monomer,8amo_A,399,marinfold-exp232-decontam-train-m2-p06-step363000,single_seq,lm,,,,,,all,R,0.7375690607734806,72010,362,362
foldbench_monomer,8amo_A,399,marinfold-exp232-decontam-train-m2-p06-step363000,single_seq,lm,,,,,,all,AUC,0.9956870559938212,72010,362,72010
foldbench_monomer,8amo_A,399,marinfold-exp232-decontam-train-m2-p06-step363000,single_seq,lm,,,,,,short,L,0.1102756892230576,2259,44,399
foldbench_monomer,8amo_A,399,marinfold-exp232-decontam-train-m2-p06-step363000,single_seq,lm,,,,,,short,L/2,0.2211055276381909,2259,44,199
foldbench_monomer,8amo_A,399,marinfold-exp232-decontam-train-m2-p06-step363000,single_seq,lm,,,,,,short,L/5,0.5443037974683544,2259,44,79
foldbench_monomer,8amo_A,399,marinfold-exp232-decontam-train-m2-p06-step363000,single_seq,lm,,,,,,short,R,0.75,2259,44,44
foldbench_monomer,8amo_A,399,marinfold-exp232-decontam-train-m2-p06-step363000,single_seq,lm,,,,,,short,AUC,0.9965267802175252,2259,44,2259
foldbench_monomer,8amo_A,399,marinfold-exp232-decontam-train-m2-p06-step363000,single_seq,lm,,,,,,medium,L,0.1478696741854636,4410,59,399
foldbench_monomer,8amo_A,399,marinfold-exp232-decontam-train-m2-p06-step363000,single_seq,lm,,,,,,medium,L/2,0.2914572864321608,4410,59,199
foldbench_monomer,8amo_A,399,marinfold-exp232-decontam-train-m2-p06-step363000,single_seq,lm,,,,,,medium,L/5,0.6582278481012658,4410,59,79
foldbench_monomer,8amo_A,399,marinfold-exp232-decontam-train-m2-p06-step363000,single_seq,lm,,,,,,medium,R,0.7457627118644068,4410,59,59
foldbench_monomer,8amo_A,399,marinfold-exp232-decontam-train-m2-p06-step363000,single_seq,lm,,,,,,medium,AUC,0.996663537312677,4410,59,4410
foldbench_monomer,8amo_A,399,marinfold-exp232-decontam-train-m2-p06-step363000,single_seq,lm,,,,,,long,L,0.556390977443609,65341,259,399
foldbench_monomer,8amo_A,399,marinfold-exp232-decontam-train-m2-p06-step363000,single_seq,lm,,,,,,long,L/2,0.7738693467336684,65341,259,199
foldbench_monomer,8amo_A,399,marinfold-exp232-decontam-train-m2-p06-step363000,single_seq,lm,,,,,,long,L/5,0.9620253164556962,65341,259,79
foldbench_monomer,8amo_A,399,marinfold-exp232-decontam-train-m2-p06-step363000,single_seq,lm,,,,,,long,R,0.7258687258687259,65341,259,259
foldbench_monomer,8amo_A,399,marinfold-exp232-decontam-train-m2-p06-step363000,single_seq,lm,,,,,,long,AUC,0.9947909788649164,65341,259,65341
foldbench_monomer,8cpk_A,384,marinfold-exp232-decontam-train-m2-p06-step363000,single_seq,lm,,,,,,all,L,0.7005208333333334,71631,353,384
foldbench_monomer,8cpk_A,384,marinfold-exp232-decontam-train-m2-p06-step363000,single_seq,lm,,,,,,all,L/2,0.9322916666666666,71631,353,192
foldbench_monomer,8cpk_A,384,marinfold-exp232-decontam-train-m2-p06-step363000,single_seq,lm,,,,,,all,L/5,0.9605263157894736,71631,353,76
foldbench_monomer,8cpk_A,384,marinfold-exp232-decontam-train-m2-p06-step363000,single_seq,lm,,,,,,all,R,0.7535410764872521,71631,353,353
foldbench_monomer,8cpk_A,384,marinfold-exp232-decontam-train-m2-p06-step363000,single_seq,lm,,,,,,all,AUC,0.9901666594200405,71631,353,71631
foldbench_monomer,8cpk_A,384,marinfold-exp232-decontam-train-m2-p06-step363000,single_seq,lm,,,,,,short,L,0.0598958333333333,2253,24,384
foldbench_monomer,8cpk_A,384,marinfold-exp232-decontam-train-m2-p06-step363000,single_seq,lm,,,,,,short,L/2,0.1197916666666666,2253,24,192
foldbench_monomer,8cpk_A,384,marinfold-exp232-decontam-train-m2-p06-step363000,single_seq,lm,,,,,,short,L/5,0.2894736842105263,2253,24,76
foldbench_monomer,8cpk_A,384,marinfold-exp232-decontam-train-m2-p06-step363000,single_seq,lm,,,,,,short,R,0.5416666666666666,2253,24,24
foldbench_monomer,8cpk_A,384,marinfold-exp232-decontam-train-m2-p06-step363000,single_seq,lm,,,,,,short,AUC,0.9727082398684016,2253,24,2253
foldbench_monomer,8cpk_A,384,marinfold-exp232-decontam-train-m2-p06-step363000,single_seq,lm,,,,,,medium,L,0.1875,4398,73,384
foldbench_monomer,8cpk_A,384,marinfold-exp232-decontam-train-m2-p06-step363000,single_seq,lm,,,,,,medium,L/2,0.375,4398,73,192
foldbench_monomer,8cpk_A,384,marinfold-exp232-decontam-train-m2-p06-step363000,single_seq,lm,,,,,,medium,L/5,0.75,4398,73,76
foldbench_monomer,8cpk_A,384,marinfold-exp232-decontam-train-m2-p06-step363000,single_seq,lm,,,,,,medium,R,0.7534246575342466,4398,73,73
foldbench_monomer,8cpk_A,384,marinfold-exp232-decontam-train-m2-p06-step363000,single_seq,lm,,,,,,medium,AUC,0.9967075777971336,4398,73,4398
foldbench_monomer,8cpk_A,384,marinfold-exp232-decontam-train-m2-p06-step363000,single_seq,lm,,,,,,long,L,0.5755208333333334,64980,256,384
foldbench_monomer,8cpk_A,384,marinfold-exp232-decontam-train-m2-p06-step363000,single_seq,lm,,,,,,long,L/2,0.8541666666666666,64980,256,192
foldbench_monomer,8cpk_A,384,marinfold-exp232-decontam-train-m2-p06-step363000,single_seq,lm,,,,,,long,L/5,0.9605263157894736,64980,256,76
foldbench_monomer,8cpk_A,384,marinfold-exp232-decontam-train-m2-p06-step363000,single_seq,lm,,,,,,long,R,0.75,64980,256,256
foldbench_monomer,8cpk_A,384,marinfold-exp232-decontam-train-m2-p06-step363000,single_seq,lm,,,,,,long,AUC,0.989205818890597,64980,256,64980
foldbench_monomer,8cpn_A,207,marinfold-exp232-decontam-train-m2-p06-step363000,single_seq,lm,,,,,,all,L,0.4251207729468599,11811,168,207
foldbench_monomer,8cpn_A,207,marinfold-exp232-decontam-train-m2-p06-step363000,single_seq,lm,,,,,,all,L/2,0.5436893203883495,11811,168,103
foldbench_monomer,8cpn_A,207,marinfold-exp232-decontam-train-m2-p06-step363000,single_seq,lm,,,,,,all,L/5,0.8048780487804879,11811,168,41
foldbench_monomer,8cpn_A,207,marinfold-exp232-decontam-train-m2-p06-step363000,single_seq,lm,,,,,,all,R,0.4464285714285714,11811,168,168
foldbench_monomer,8cpn_A,207,marinfold-exp232-decontam-train-m2-p06-step363000,single_seq,lm,,,,,,all,AUC,0.96825499073631,11811,168,11811
foldbench_monomer,8cpn_A,207,marinfold-exp232-decontam-train-m2-p06-step363000,single_seq,lm,,,,,,short,L,0.1111111111111111,804,23,207
foldbench_monomer,8cpn_A,207,marinfold-exp232-decontam-train-m2-p06-step363000,single_seq,lm,,,,,,short,L/2,0.2233009708737864,804,23,103
foldbench_monomer,8cpn_A,207,marinfold-exp232-decontam-train-m2-p06-step363000,single_seq,lm,,,,,,short,L/5,0.5365853658536586,804,23,41
foldbench_monomer,8cpn_A,207,marinfold-exp232-decontam-train-m2-p06-step363000,single_seq,lm,,,,,,short,R,0.7391304347826086,804,23,23
foldbench_monomer,8cpn_A,207,marinfold-exp232-decontam-train-m2-p06-step363000,single_seq,lm,,,,,,short,AUC,0.9932639314145744,804,23,804
foldbench_monomer,8cpn_A,207,marinfold-exp232-decontam-train-m2-p06-step363000,single_seq,lm,,,,,,medium,L,0.1545893719806763,1431,35,207
foldbench_monomer,8cpn_A,207,marinfold-exp232-decontam-train-m2-p06-step363000,single_seq,lm,,,,,,medium,L/2,0.2912621359223301,1431,35,103
foldbench_monomer,8cpn_A,207,marinfold-exp232-decontam-train-m2-p06-step363000,single_seq,lm,,,,,,medium,L/5,0.5121951219512195,1431,35,41
foldbench_monomer,8cpn_A,207,marinfold-exp232-decontam-train-m2-p06-step363000,single_seq,lm,,,,,,medium,R,0.5428571428571428,1431,35,35
foldbench_monomer,8cpn_A,207,marinfold-exp232-decontam-train-m2-p06-step363000,single_seq,lm,,,,,,medium,AUC,0.9550961932050758,1431,35,1431
foldbench_monomer,8cpn_A,207,marinfold-exp232-decontam-train-m2-p06-step363000,single_seq,lm,,,,,,long,L,0.3043478260869565,9576,110,207
foldbench_monomer,8cpn_A,207,marinfold-exp232-decontam-train-m2-p06-step363000,single_seq,lm,,,,,,long,L/2,0.3300970873786408,9576,110,103
foldbench_monomer,8cpn_A,207,marinfold-exp232-decontam-train-m2-p06-step363000,single_seq,lm,,,,,,long,L/5,0.4390243902439024,9576,110,41
foldbench_monomer,8cpn_A,207,marinfold-exp232-decontam-train-m2-p06-step363000,single_seq,lm,,,,,,long,R,0.3454545454545454,9576,110,110
foldbench_monomer,8cpn_A,207,marinfold-exp232-decontam-train-m2-p06-step363000,single_seq,lm,,,,,,long,AUC,0.967518679292396,9576,110,9576
foldbench_monomer,8d2z_A,327,marinfold-exp232-decontam-train-m2-p06-step363000,single_seq,lm,,,,,,all,L,0.7064220183486238,45150,312,327
foldbench_monomer,8d2z_A,327,marinfold-exp232-decontam-train-m2-p06-step363000,single_seq,lm,,,,,,all,L/2,0.9141104294478528,45150,312,163
foldbench_monomer,8d2z_A,327,marinfold-exp232-decontam-train-m2-p06-step363000,single_seq,lm,,,,,,all,L/5,0.9846153846153848,45150,312,65
foldbench_monomer,8d2z_A,327,marinfold-exp232-decontam-train-m2-p06-step363000,single_seq,lm,,,,,,all,R,0.7307692307692307,45150,312,312
foldbench_monomer,8d2z_A,327,marinfold-exp232-decontam-train-m2-p06-step363000,single_seq,lm,,,,,,all,AUC,0.9844849578139422,45150,312,45150
foldbench_monomer,8d2z_A,327,marinfold-exp232-decontam-train-m2-p06-step363000,single_seq,lm,,,,,,short,L,0.1498470948012232,1785,49,327
foldbench_monomer,8d2z_A,327,marinfold-exp232-decontam-train-m2-p06-step363000,single_seq,lm,,,,,,short,L/2,0.3006134969325153,1785,49,163
foldbench_monomer,8d2z_A,327,marinfold-exp232-decontam-train-m2-p06-step363000,single_seq,lm,,,,,,short,L/5,0.6307692307692307,1785,49,65
foldbench_monomer,8d2z_A,327,marinfold-exp232-decontam-train-m2-p06-step363000,single_seq,lm,,,,,,short,R,0.7142857142857143,1785,49,49
foldbench_monomer,8d2z_A,327,marinfold-exp232-decontam-train-m2-p06-step363000,single_seq,lm,,,,,,short,AUC,0.9929053418602464,1785,49,1785
foldbench_monomer,8d2z_A,327,marinfold-exp232-decontam-train-m2-p06-step363000,single_seq,lm,,,,,,medium,L,0.1590214067278287,3462,52,327
foldbench_monomer,8d2z_A,327,marinfold-exp232-decontam-train-m2-p06-step363000,single_seq,lm,,,,,,medium,L/2,0.3067484662576687,3462,52,163
foldbench_monomer,8d2z_A,327,marinfold-exp232-decontam-train-m2-p06-step363000,single_seq,lm,,,,,,medium,L/5,0.6461538461538462,3462,52,65
foldbench_monomer,8d2z_A,327,marinfold-exp232-decontam-train-m2-p06-step363000,single_seq,lm,,,,,,medium,R,0.7115384615384616,3462,52,52
foldbench_monomer,8d2z_A,327,marinfold-exp232-decontam-train-m2-p06-step363000,single_seq,lm,,,,,,medium,AUC,0.9948877735168058,3462,52,3462
foldbench_monomer,8d2z_A,327,marinfold-exp232-decontam-train-m2-p06-step363000,single_seq,lm,,,,,,long,L,0.5290519877675841,39903,211,327
foldbench_monomer,8d2z_A,327,marinfold-exp232-decontam-train-m2-p06-step363000,single_seq,lm,,,,,,long,L/2,0.8343558282208589,39903,211,163
foldbench_monomer,8d2z_A,327,marinfold-exp232-decontam-train-m2-p06-step363000,single_seq,lm,,,,,,long,L/5,0.953846153846154,39903,211,65
foldbench_monomer,8d2z_A,327,marinfold-exp232-decontam-train-m2-p06-step363000,single_seq,lm,,,,,,long,R,0.7298578199052133,39903,211,211
foldbench_monomer,8d2z_A,327,marinfold-exp232-decontam-train-m2-p06-step363000,single_seq,lm,,,,,,long,AUC,0.9787010454432782,39903,211,39903
foldbench_monomer,8daj_A,302,marinfold-exp232-decontam-train-m2-p06-step363000,single_seq,lm,,,,,,all,L,0.6887417218543046,43956,299,302
foldbench_monomer,8daj_A,302,marinfold-exp232-decontam-train-m2-p06-step363000,single_seq,lm,,,,,,all,L/2,0.9271523178807948,43956,299,151
foldbench_monomer,8daj_A,302,marinfold-exp232-decontam-train-m2-p06-step363000,single_seq,lm,,,,,,all,L/5,0.9833333333333332,43956,299,60
foldbench_monomer,8daj_A,302,marinfold-exp232-decontam-train-m2-p06-step363000,single_seq,lm,,,,,,all,R,0.6923076923076923,43956,299,299
foldbench_monomer,8daj_A,302,marinfold-exp232-decontam-train-m2-p06-step363000,single_seq,lm,,,,,,all,AUC,0.9764205121974332,43956,299,43956
foldbench_monomer,8daj_A,302,marinfold-exp232-decontam-train-m2-p06-step363000,single_seq,lm,,,,,,short,L,0.1059602649006622,1761,32,302
foldbench_monomer,8daj_A,302,marinfold-exp232-decontam-train-m2-p06-step363000,single_seq,lm,,,,,,short,L/2,0.1920529801324503,1761,32,151
foldbench_monomer,8daj_A,302,marinfold-exp232-decontam-train-m2-p06-step363000,single_seq,lm,,,,,,short,L/5,0.4166666666666667,1761,32,60
foldbench_monomer,8daj_A,302,marinfold-exp232-decontam-train-m2-p06-step363000,single_seq,lm,,,,,,short,R,0.65625,1761,32,32
foldbench_monomer,8daj_A,302,marinfold-exp232-decontam-train-m2-p06-step363000,single_seq,lm,,,,,,short,AUC,0.9840406304222094,1761,32,1761
foldbench_monomer,8daj_A,302,marinfold-exp232-decontam-train-m2-p06-step363000,single_seq,lm,,,,,,medium,L,0.1490066225165563,3414,52,302
foldbench_monomer,8daj_A,302,marinfold-exp232-decontam-train-m2-p06-step363000,single_seq,lm,,,,,,medium,L/2,0.2847682119205298,3414,52,151
foldbench_monomer,8daj_A,302,marinfold-exp232-decontam-train-m2-p06-step363000,single_seq,lm,,,,,,medium,L/5,0.5666666666666667,3414,52,60
foldbench_monomer,8daj_A,302,marinfold-exp232-decontam-train-m2-p06-step363000,single_seq,lm,,,,,,medium,R,0.6346153846153846,3414,52,52
foldbench_monomer,8daj_A,302,marinfold-exp232-decontam-train-m2-p06-step363000,single_seq,lm,,,,,,medium,AUC,0.937525740172974,3414,52,3414
foldbench_monomer,8daj_A,302,marinfold-exp232-decontam-train-m2-p06-step363000,single_seq,lm,,,,,,long,L,0.5463576158940397,38781,215,302
foldbench_monomer,8daj_A,302,marinfold-exp232-decontam-train-m2-p06-step363000,single_seq,lm,,,,,,long,L/2,0.8543046357615894,38781,215,151
foldbench_monomer,8daj_A,302,marinfold-exp232-decontam-train-m2-p06-step363000,single_seq,lm,,,,,,long,L/5,0.9666666666666668,38781,215,60
foldbench_monomer,8daj_A,302,marinfold-exp232-decontam-train-m2-p06-step363000,single_seq,lm,,,,,,long,R,0.7069767441860465,38781,215,215
foldbench_monomer,8daj_A,302,marinfold-exp232-decontam-train-m2-p06-step363000,single_seq,lm,,,,,,long,AUC,0.9822045927910956,38781,215,38781
foldbench_monomer,8dez_A,173,marinfold-exp232-decontam-train-m2-p06-step363000,single_seq,lm,,,,,,all,L,0.3352601156069364,14028,182,173
foldbench_monomer,8dez_A,173,marinfold-exp232-decontam-train-m2-p06-step363000,single_seq,lm,,,,,,all,L/2,0.4534883720930232,14028,182,86
foldbench_monomer,8dez_A,173,marinfold-exp232-decontam-train-m2-p06-step363000,single_seq,lm,,,,,,all,L/5,0.7058823529411765,14028,182,34
foldbench_monomer,8dez_A,173,marinfold-exp232-decontam-train-m2-p06-step363000,single_seq,lm,,,,,,all,R,0.3296703296703296,14028,182,182
foldbench_monomer,8dez_A,173,marinfold-exp232-decontam-train-m2-p06-step363000,single_seq,lm,,,,,,all,AUC,0.8870517212096007,14028,182,14028
foldbench_monomer,8dez_A,173,marinfold-exp232-decontam-train-m2-p06-step363000,single_seq,lm,,,,,,short,L,0.1156069364161849,987,20,173
foldbench_monomer,8dez_A,173,marinfold-exp232-decontam-train-m2-p06-step363000,single_seq,lm,,,,,,short,L/2,0.1976744186046511,987,20,86
foldbench_monomer,8dez_A,173,marinfold-exp232-decontam-train-m2-p06-step363000,single_seq,lm,,,,,,short,L/5,0.3235294117647059,987,20,34
foldbench_monomer,8dez_A,173,marinfold-exp232-decontam-train-m2-p06-step363000,single_seq,lm,,,,,,short,R,0.5,987,20,20
foldbench_monomer,8dez_A,173,marinfold-exp232-decontam-train-m2-p06-step363000,single_seq,lm,,,,,,short,AUC,0.9703464322647364,987,20,987
foldbench_monomer,8dez_A,173,marinfold-exp232-decontam-train-m2-p06-step363000,single_seq,lm,,,,,,medium,L,0.0982658959537572,1866,21,173
foldbench_monomer,8dez_A,173,marinfold-exp232-decontam-train-m2-p06-step363000,single_seq,lm,,,,,,medium,L/2,0.1627906976744186,1866,21,86
foldbench_monomer,8dez_A,173,marinfold-exp232-decontam-train-m2-p06-step363000,single_seq,lm,,,,,,medium,L/5,0.2352941176470588,1866,21,34
foldbench_monomer,8dez_A,173,marinfold-exp232-decontam-train-m2-p06-step363000,single_seq,lm,,,,,,medium,R,0.2857142857142857,1866,21,21
foldbench_monomer,8dez_A,173,marinfold-exp232-decontam-train-m2-p06-step363000,single_seq,lm,,,,,,medium,AUC,0.942805523293328,1866,21,1866
foldbench_monomer,8dez_A,173,marinfold-exp232-decontam-train-m2-p06-step363000,single_seq,lm,,,,,,long,L,0.2890173410404624,11175,141,173
foldbench_monomer,8dez_A,173,marinfold-exp232-decontam-train-m2-p06-step363000,single_seq,lm,,,,,,long,L/2,0.4534883720930232,11175,141,86
foldbench_monomer,8dez_A,173,marinfold-exp232-decontam-train-m2-p06-step363000,single_seq,lm,,,,,,long,L/5,0.6470588235294118,11175,141,34
foldbench_monomer,8dez_A,173,marinfold-exp232-decontam-train-m2-p06-step363000,single_seq,lm,,,,,,long,R,0.3333333333333333,11175,141,141
foldbench_monomer,8dez_A,173,marinfold-exp232-decontam-train-m2-p06-step363000,single_seq,lm,,,,,,long,AUC,0.8735459193183672,11175,141,11175
foldbench_monomer,8dge_A,738,marinfold-exp232-decontam-train-m2-p06-step363000,single_seq,lm,,,,,,all,L,0.6219512195121951,246078,914,738
foldbench_monomer,8dge_A,738,marinfold-exp232-decontam-train-m2-p06-step363000,single_seq,lm,,,,,,all,L/2,0.8184281842818428,246078,914,369
foldbench_monomer,8dge_A,738,marinfold-exp232-decontam-train-m2-p06-step363000,single_seq,lm,,,,,,all,L/5,0.9727891156462584,246078,914,147
foldbench_monomer,8dge_A,738,marinfold-exp232-decontam-train-m2-p06-step363000,single_seq,lm,,,,,,all,R,0.5579868708971554,246078,914,914
foldbench_monomer,8dge_A,738,marinfold-exp232-decontam-train-m2-p06-step363000,single_seq,lm,,,,,,all,AUC,0.9816662267640468,246078,914,246078
foldbench_monomer,8dge_A,738,marinfold-exp232-decontam-train-m2-p06-step363000,single_seq,lm,,,,,,short,L,0.1531165311653116,4156,121,738
foldbench_monomer,8dge_A,738,marinfold-exp232-decontam-train-m2-p06-step363000,single_seq,lm,,,,,,short,L/2,0.2628726287262872,4156,121,369
foldbench_monomer,8dge_A,738,marinfold-exp232-decontam-train-m2-p06-step363000,single_seq,lm,,,,,,short,L/5,0.4965986394557823,4156,121,147
foldbench_monomer,8dge_A,738,marinfold-exp232-decontam-train-m2-p06-step363000,single_seq,lm,,,,,,short,R,0.5619834710743802,4156,121,121
foldbench_monomer,8dge_A,738,marinfold-exp232-decontam-train-m2-p06-step363000,single_seq,lm,,,,,,short,AUC,0.9588906981269266,4156,121,4156
foldbench_monomer,8dge_A,738,marinfold-exp232-decontam-train-m2-p06-step363000,single_seq,lm,,,,,,medium,L,0.1897018970189702,8202,147,738
foldbench_monomer,8dge_A,738,marinfold-exp232-decontam-train-m2-p06-step363000,single_seq,lm,,,,,,medium,L/2,0.3224932249322493,8202,147,369
foldbench_monomer,8dge_A,738,marinfold-exp232-decontam-train-m2-p06-step363000,single_seq,lm,,,,,,medium,L/5,0.5034013605442177,8202,147,147
foldbench_monomer,8dge_A,738,marinfold-exp232-decontam-train-m2-p06-step363000,single_seq,lm,,,,,,medium,R,0.5034013605442177,8202,147,147
foldbench_monomer,8dge_A,738,marinfold-exp232-decontam-train-m2-p06-step363000,single_seq,lm,,,,,,medium,AUC,0.9711426966814038,8202,147,8202
foldbench_monomer,8dge_A,738,marinfold-exp232-decontam-train-m2-p06-step363000,single_seq,lm,,,,,,long,L,0.532520325203252,233720,646,738
foldbench_monomer,8dge_A,738,marinfold-exp232-decontam-train-m2-p06-step363000,single_seq,lm,,,,,,long,L/2,0.7398373983739838,233720,646,369
foldbench_monomer,8dge_A,738,marinfold-exp232-decontam-train-m2-p06-step363000,single_seq,lm,,,,,,long,L/5,0.9455782312925172,233720,646,147
foldbench_monomer,8dge_A,738,marinfold-exp232-decontam-train-m2-p06-step363000,single_seq,lm,,,,,,long,R,0.5743034055727554,233720,646,646
foldbench_monomer,8dge_A,738,marinfold-exp232-decontam-train-m2-p06-step363000,single_seq,lm,,,,,,long,AUC,0.9807540595339962,233720,646,233720
foldbench_monomer,8dhj_A,249,marinfold-exp232-decontam-train-m2-p06-step363000,single_seq,lm,,,,,,all,L,0.8032128514056225,26580,267,249
foldbench_monomer,8dhj_A,249,marinfold-exp232-decontam-train-m2-p06-step363000,single_seq,lm,,,,,,all,L/2,0.935483870967742,26580,267,124
foldbench_monomer,8dhj_A,249,marinfold-exp232-decontam-train-m2-p06-step363000,single_seq,lm,,,,,,all,L/5,0.979591836734694,26580,267,49
foldbench_monomer,8dhj_A,249,marinfold-exp232-decontam-train-m2-p06-step363000,single_seq,lm,,,,,,all,R,0.7677902621722846,26580,267,267
foldbench_monomer,8dhj_A,249,marinfold-exp232-decontam-train-m2-p06-step363000,single_seq,lm,,,,,,all,AUC,0.9964918865669424,26580,267,26580
foldbench_monomer,8dhj_A,249,marinfold-exp232-decontam-train-m2-p06-step363000,single_seq,lm,,,,,,short,L,0.1244979919678714,1314,31,249
foldbench_monomer,8dhj_A,249,marinfold-exp232-decontam-train-m2-p06-step363000,single_seq,lm,,,,,,short,L/2,0.25,1314,31,124
foldbench_monomer,8dhj_A,249,marinfold-exp232-decontam-train-m2-p06-step363000,single_seq,lm,,,,,,short,L/5,0.5714285714285714,1314,31,49
foldbench_monomer,8dhj_A,249,marinfold-exp232-decontam-train-m2-p06-step363000,single_seq,lm,,,,,,short,R,0.6774193548387096,1314,31,31
foldbench_monomer,8dhj_A,249,marinfold-exp232-decontam-train-m2-p06-step363000,single_seq,lm,,,,,,short,AUC,0.9928720488773792,1314,31,1314
foldbench_monomer,8dhj_A,249,marinfold-exp232-decontam-train-m2-p06-step363000,single_seq,lm,,,,,,medium,L,0.144578313253012,2490,36,249
foldbench_monomer,8dhj_A,249,marinfold-exp232-decontam-train-m2-p06-step363000,single_seq,lm,,,,,,medium,L/2,0.2903225806451613,2490,36,124
foldbench_monomer,8dhj_A,249,marinfold-exp232-decontam-train-m2-p06-step363000,single_seq,lm,,,,,,medium,L/5,0.673469387755102,2490,36,49
foldbench_monomer,8dhj_A,249,marinfold-exp232-decontam-train-m2-p06-step363000,single_seq,lm,,,,,,medium,R,0.8333333333333334,2490,36,36
foldbench_monomer,8dhj_A,249,marinfold-exp232-decontam-train-m2-p06-step363000,single_seq,lm,,,,,,medium,AUC,0.9985737571312144,2490,36,2490
foldbench_monomer,8dhj_A,249,marinfold-exp232-decontam-train-m2-p06-step363000,single_seq,lm,,,,,,long,L,0.6867469879518072,22776,200,249
foldbench_monomer,8dhj_A,249,marinfold-exp232-decontam-train-m2-p06-step363000,single_seq,lm,,,,,,long,L/2,0.935483870967742,22776,200,124
foldbench_monomer,8dhj_A,249,marinfold-exp232-decontam-train-m2-p06-step363000,single_seq,lm,,,,,,long,L/5,0.9591836734693876,22776,200,49
foldbench_monomer,8dhj_A,249,marinfold-exp232-decontam-train-m2-p06-step363000,single_seq,lm,,,,,,long,R,0.785,22776,200,200
foldbench_monomer,8dhj_A,249,marinfold-exp232-decontam-train-m2-p06-step363000,single_seq,lm,,,,,,long,AUC,0.9961606351878102,22776,200,22776
foldbench_monomer,8dmu_A,489,marinfold-exp232-decontam-train-m2-p06-step363000,single_seq,lm,,,,,,all,L,0.1676891615541922,110700,571,489
foldbench_monomer,8dmu_A,489,marinfold-exp232-decontam-train-m2-p06-step363000,single_seq,lm,,,,,,all,L/2,0.2336065573770492,110700,571,244
foldbench_monomer,8dmu_A,489,marinfold-exp232-decontam-train-m2-p06-step363000,single_seq,lm,,,,,,all,L/5,0.3505154639175257,110700,571,97
foldbench_monomer,8dmu_A,489,marinfold-exp232-decontam-train-m2-p06-step363000,single_seq,lm,,,,,,all,R,0.1576182136602451,110700,571,571
foldbench_monomer,8dmu_A,489,marinfold-exp232-decontam-train-m2-p06-step363000,single_seq,lm,,,,,,all,AUC,0.7841031642258603,110700,571,110700
foldbench_monomer,8dmu_A,489,marinfold-exp232-decontam-train-m2-p06-step363000,single_seq,lm,,,,,,short,L,0.1145194274028629,2769,80,489
foldbench_monomer,8dmu_A,489,marinfold-exp232-decontam-train-m2-p06-step363000,single_seq,lm,,,,,,short,L/2,0.1639344262295081,2769,80,244
foldbench_monomer,8dmu_A,489,marinfold-exp232-decontam-train-m2-p06-step363000,single_seq,lm,,,,,,short,L/5,0.2164948453608247,2769,80,97
foldbench_monomer,8dmu_A,489,marinfold-exp232-decontam-train-m2-p06-step363000,single_seq,lm,,,,,,short,R,0.25,2769,80,80
foldbench_monomer,8dmu_A,489,marinfold-exp232-decontam-train-m2-p06-step363000,single_seq,lm,,,,,,short,AUC,0.842969040535515,2769,80,2769
foldbench_monomer,8dmu_A,489,marinfold-exp232-decontam-train-m2-p06-step363000,single_seq,lm,,,,,,medium,L,0.0756646216768916,5430,73,489
foldbench_monomer,8dmu_A,489,marinfold-exp232-decontam-train-m2-p06-step363000,single_seq,lm,,,,,,medium,L/2,0.0983606557377049,5430,73,244
foldbench_monomer,8dmu_A,489,marinfold-exp232-decontam-train-m2-p06-step363000,single_seq,lm,,,,,,medium,L/5,0.134020618556701,5430,73,97
foldbench_monomer,8dmu_A,489,marinfold-exp232-decontam-train-m2-p06-step363000,single_seq,lm,,,,,,medium,R,0.1643835616438356,5430,73,73
foldbench_monomer,8dmu_A,489,marinfold-exp232-decontam-train-m2-p06-step363000,single_seq,lm,,,,,,medium,AUC,0.8195294340269166,5430,73,5430
foldbench_monomer,8dmu_A,489,marinfold-exp232-decontam-train-m2-p06-step363000,single_seq,lm,,,,,,long,L,0.0920245398773006,102501,418,489
foldbench_monomer,8dmu_A,489,marinfold-exp232-decontam-train-m2-p06-step363000,single_seq,lm,,,,,,long,L/2,0.1475409836065573,102501,418,244
foldbench_monomer,8dmu_A,489,marinfold-exp232-decontam-train-m2-p06-step363000,single_seq,lm,,,,,,long,L/5,0.2886597938144329,102501,418,97
foldbench_monomer,8dmu_A,489,marinfold-exp232-decontam-train-m2-p06-step363000,single_seq,lm,,,,,,long,R,0.1052631578947368,102501,418,418
foldbench_monomer,8dmu_A,489,marinfold-exp232-decontam-train-m2-p06-step363000,single_seq,lm,,,,,,long,AUC,0.7453461502172896,102501,418,102501
foldbench_monomer,8dp9_A,148,marinfold-exp232-decontam-train-m2-p06-step363000,single_seq,lm,,,,,,all,L,0.6959459459459459,8157,146,148
foldbench_monomer,8dp9_A,148,marinfold-exp232-decontam-train-m2-p06-step363000,single_seq,lm,,,,,,all,L/2,0.9594594594594594,8157,146,74
foldbench_monomer,8dp9_A,148,marinfold-exp232-decontam-train-m2-p06-step363000,single_seq,lm,,,,,,all,L/5,0.9310344827586208,8157,146,29
foldbench_monomer,8dp9_A,148,marinfold-exp232-decontam-train-m2-p06-step363000,single_seq,lm,,,,,,all,R,0.7054794520547946,8157,146,146
foldbench_monomer,8dp9_A,148,marinfold-exp232-decontam-train-m2-p06-step363000,single_seq,lm,,,,,,all,AUC,0.981233423905144,8157,146,8157
foldbench_monomer,8dp9_A,148,marinfold-exp232-decontam-train-m2-p06-step363000,single_seq,lm,,,,,,short,L,0.1283783783783783,693,19,148
foldbench_monomer,8dp9_A,148,marinfold-exp232-decontam-train-m2-p06-step363000,single_seq,lm,,,,,,short,L/2,0.2567567567567567,693,19,74
foldbench_monomer,8dp9_A,148,marinfold-exp232-decontam-train-m2-p06-step363000,single_seq,lm,,,,,,short,L/5,0.6206896551724138,693,19,29
foldbench_monomer,8dp9_A,148,marinfold-exp232-decontam-train-m2-p06-step363000,single_seq,lm,,,,,,short,R,0.7894736842105263,693,19,19
foldbench_monomer,8dp9_A,148,marinfold-exp232-decontam-train-m2-p06-step363000,single_seq,lm,,,,,,short,AUC,0.9938700609089488,693,19,693
foldbench_monomer,8dp9_A,148,marinfold-exp232-decontam-train-m2-p06-step363000,single_seq,lm,,,,,,medium,L,0.1081081081081081,1278,16,148
foldbench_monomer,8dp9_A,148,marinfold-exp232-decontam-train-m2-p06-step363000,single_seq,lm,,,,,,medium,L/2,0.2162162162162162,1278,16,74
foldbench_monomer,8dp9_A,148,marinfold-exp232-decontam-train-m2-p06-step363000,single_seq,lm,,,,,,medium,L/5,0.5517241379310345,1278,16,29
foldbench_monomer,8dp9_A,148,marinfold-exp232-decontam-train-m2-p06-step363000,single_seq,lm,,,,,,medium,R,0.6875,1278,16,16
foldbench_monomer,8dp9_A,148,marinfold-exp232-decontam-train-m2-p06-step363000,single_seq,lm,,,,,,medium,AUC,0.9972513866877972,1278,16,1278
foldbench_monomer,8dp9_A,148,marinfold-exp232-decontam-train-m2-p06-step363000,single_seq,lm,,,,,,long,L,0.5878378378378378,6186,111,148
foldbench_monomer,8dp9_A,148,marinfold-exp232-decontam-train-m2-p06-step363000,single_seq,lm,,,,,,long,L/2,0.8918918918918919,6186,111,74
foldbench_monomer,8dp9_A,148,marinfold-exp232-decontam-train-m2-p06-step363000,single_seq,lm,,,,,,long,L/5,1.0,6186,111,29
foldbench_monomer,8dp9_A,148,marinfold-exp232-decontam-train-m2-p06-step363000,single_seq,lm,,,,,,long,R,0.6936936936936937,6186,111,111
foldbench_monomer,8dp9_A,148,marinfold-exp232-decontam-train-m2-p06-step363000,single_seq,lm,,,,,,long,AUC,0.9764401438475512,6186,111,6186
foldbench_monomer,8dqd_A,377,marinfold-exp232-decontam-train-m2-p06-step363000,single_seq,lm,,,,,,all,L,0.7718832891246684,66430,395,377
foldbench_monomer,8dqd_A,377,marinfold-exp232-decontam-train-m2-p06-step363000,single_seq,lm,,,,,,all,L/2,0.9361702127659576,66430,395,188
foldbench_monomer,8dqd_A,377,marinfold-exp232-decontam-train-m2-p06-step363000,single_seq,lm,,,,,,all,L/5,0.9866666666666668,66430,395,75
foldbench_monomer,8dqd_A,377,marinfold-exp232-decontam-train-m2-p06-step363000,single_seq,lm,,,,,,all,R,0.7518987341772152,66430,395,395
foldbench_monomer,8dqd_A,377,marinfold-exp232-decontam-train-m2-p06-step363000,single_seq,lm,,,,,,all,AUC,0.9797173344016836,66430,395,66430
foldbench_monomer,8dqd_A,377,marinfold-exp232-decontam-train-m2-p06-step363000,single_seq,lm,,,,,,short,L,0.1167108753315649,2169,46,377
foldbench_monomer,8dqd_A,377,marinfold-exp232-decontam-train-m2-p06-step363000,single_seq,lm,,,,,,short,L/2,0.2340425531914893,2169,46,188
foldbench_monomer,8dqd_A,377,marinfold-exp232-decontam-train-m2-p06-step363000,single_seq,lm,,,,,,short,L/5,0.5333333333333333,2169,46,75
foldbench_monomer,8dqd_A,377,marinfold-exp232-decontam-train-m2-p06-step363000,single_seq,lm,,,,,,short,R,0.8043478260869565,2169,46,46
foldbench_monomer,8dqd_A,377,marinfold-exp232-decontam-train-m2-p06-step363000,single_seq,lm,,,,,,short,AUC,0.9735198345245654,2169,46,2169
foldbench_monomer,8dqd_A,377,marinfold-exp232-decontam-train-m2-p06-step363000,single_seq,lm,,,,,,medium,L,0.1909814323607427,4230,73,377
foldbench_monomer,8dqd_A,377,marinfold-exp232-decontam-train-m2-p06-step363000,single_seq,lm,,,,,,medium,L/2,0.3829787234042553,4230,73,188
foldbench_monomer,8dqd_A,377,marinfold-exp232-decontam-train-m2-p06-step363000,single_seq,lm,,,,,,medium,L/5,0.7333333333333333,4230,73,75
foldbench_monomer,8dqd_A,377,marinfold-exp232-decontam-train-m2-p06-step363000,single_seq,lm,,,,,,medium,R,0.726027397260274,4230,73,73
foldbench_monomer,8dqd_A,377,marinfold-exp232-decontam-train-m2-p06-step363000,single_seq,lm,,,,,,medium,AUC,0.9897120223027012,4230,73,4230
foldbench_monomer,8dqd_A,377,marinfold-exp232-decontam-train-m2-p06-step363000,single_seq,lm,,,,,,long,L,0.623342175066313,60031,276,377
foldbench_monomer,8dqd_A,377,marinfold-exp232-decontam-train-m2-p06-step363000,single_seq,lm,,,,,,long,L/2,0.8829787234042553,60031,276,188
foldbench_monomer,8dqd_A,377,marinfold-exp232-decontam-train-m2-p06-step363000,single_seq,lm,,,,,,long,L/5,0.9866666666666668,60031,276,75
foldbench_monomer,8dqd_A,377,marinfold-exp232-decontam-train-m2-p06-step363000,single_seq,lm,,,,,,long,R,0.7463768115942029,60031,276,276
foldbench_monomer,8dqd_A,377,marinfold-exp232-decontam-train-m2-p06-step363000,single_seq,lm,,,,,,long,AUC,0.9772036237341124,60031,276,60031
foldbench_monomer,8dx0_A,154,marinfold-exp232-decontam-train-m2-p06-step363000,single_seq,lm,,,,,,all,L,0.7467532467532467,8926,135,154
foldbench_monomer,8dx0_A,154,marinfold-exp232-decontam-train-m2-p06-step363000,single_seq,lm,,,,,,all,L/2,0.922077922077922,8926,135,77
foldbench_monomer,8dx0_A,154,marinfold-exp232-decontam-train-m2-p06-step363000,single_seq,lm,,,,,,all,L/5,1.0,8926,135,30
foldbench_monomer,8dx0_A,154,marinfold-exp232-decontam-train-m2-p06-step363000,single_seq,lm,,,,,,all,R,0.8074074074074075,8926,135,135
foldbench_monomer,8dx0_A,154,marinfold-exp232-decontam-train-m2-p06-step363000,single_seq,lm,,,,,,all,AUC,0.9756442826628244,8926,135,8926
foldbench_monomer,8dx0_A,154,marinfold-exp232-decontam-train-m2-p06-step363000,single_seq,lm,,,,,,short,L,0.1103896103896103,733,19,154
foldbench_monomer,8dx0_A,154,marinfold-exp232-decontam-train-m2-p06-step363000,single_seq,lm,,,,,,short,L/2,0.2207792207792207,733,19,77
foldbench_monomer,8dx0_A,154,marinfold-exp232-decontam-train-m2-p06-step363000,single_seq,lm,,,,,,short,L/5,0.5666666666666667,733,19,30
foldbench_monomer,8dx0_A,154,marinfold-exp232-decontam-train-m2-p06-step363000,single_seq,lm,,,,,,short,R,0.7368421052631579,733,19,19
foldbench_monomer,8dx0_A,154,marinfold-exp232-decontam-train-m2-p06-step363000,single_seq,lm,,,,,,short,AUC,0.9435353088603864,733,19,733
foldbench_monomer,8dx0_A,154,marinfold-exp232-decontam-train-m2-p06-step363000,single_seq,lm,,,,,,medium,L,0.1363636363636363,1338,23,154
foldbench_monomer,8dx0_A,154,marinfold-exp232-decontam-train-m2-p06-step363000,single_seq,lm,,,,,,medium,L/2,0.2727272727272727,1338,23,77
foldbench_monomer,8dx0_A,154,marinfold-exp232-decontam-train-m2-p06-step363000,single_seq,lm,,,,,,medium,L/5,0.6666666666666666,1338,23,30
foldbench_monomer,8dx0_A,154,marinfold-exp232-decontam-train-m2-p06-step363000,single_seq,lm,,,,,,medium,R,0.7391304347826086,1338,23,23
foldbench_monomer,8dx0_A,154,marinfold-exp232-decontam-train-m2-p06-step363000,single_seq,lm,,,,,,medium,AUC,0.9535791039841296,1338,23,1338
foldbench_monomer,8dx0_A,154,marinfold-exp232-decontam-train-m2-p06-step363000,single_seq,lm,,,,,,long,L,0.564935064935065,6855,93,154
foldbench_monomer,8dx0_A,154,marinfold-exp232-decontam-train-m2-p06-step363000,single_seq,lm,,,,,,long,L/2,0.8831168831168831,6855,93,77
foldbench_monomer,8dx0_A,154,marinfold-exp232-decontam-train-m2-p06-step363000,single_seq,lm,,,,,,long,L/5,0.9333333333333332,6855,93,30
foldbench_monomer,8dx0_A,154,marinfold-exp232-decontam-train-m2-p06-step363000,single_seq,lm,,,,,,long,R,0.8172043010752689,6855,93,93
foldbench_monomer,8dx0_A,154,marinfold-exp232-decontam-train-m2-p06-step363000,single_seq,lm,,,,,,long,AUC,0.9874870004102624,6855,93,6855
foldbench_monomer,8e0r_A,468,marinfold-exp232-decontam-train-m2-p06-step363000,single_seq,lm,,,,,,all,L,0.2435897435897435,85102,496,468
foldbench_monomer,8e0r_A,468,marinfold-exp232-decontam-train-m2-p06-step363000,single_seq,lm,,,,,,all,L/2,0.3632478632478632,85102,496,234
foldbench_monomer,8e0r_A,468,marinfold-exp232-decontam-train-m2-p06-step363000,single_seq,lm,,,,,,all,L/5,0.5806451612903226,85102,496,93
foldbench_monomer,8e0r_A,468,marinfold-exp232-decontam-train-m2-p06-step363000,single_seq,lm,,,,,,all,R,0.2358870967741935,85102,496,496
foldbench_monomer,8e0r_A,468,marinfold-exp232-decontam-train-m2-p06-step363000,single_seq,lm,,,,,,all,AUC,0.8021717650620371,85102,496,85102
foldbench_monomer,8e0r_A,468,marinfold-exp232-decontam-train-m2-p06-step363000,single_seq,lm,,,,,,short,L,0.1196581196581196,2421,70,468
foldbench_monomer,8e0r_A,468,marinfold-exp232-decontam-train-m2-p06-step363000,single_seq,lm,,,,,,short,L/2,0.1581196581196581,2421,70,234
foldbench_monomer,8e0r_A,468,marinfold-exp232-decontam-train-m2-p06-step363000,single_seq,lm,,,,,,short,L/5,0.3225806451612903,2421,70,93
foldbench_monomer,8e0r_A,468,marinfold-exp232-decontam-train-m2-p06-step363000,single_seq,lm,,,,,,short,R,0.3857142857142857,2421,70,70
foldbench_monomer,8e0r_A,468,marinfold-exp232-decontam-train-m2-p06-step363000,single_seq,lm,,,,,,short,AUC,0.8846569848696604,2421,70,2421
foldbench_monomer,8e0r_A,468,marinfold-exp232-decontam-train-m2-p06-step363000,single_seq,lm,,,,,,medium,L,0.1495726495726495,4743,103,468
foldbench_monomer,8e0r_A,468,marinfold-exp232-decontam-train-m2-p06-step363000,single_seq,lm,,,,,,medium,L/2,0.2435897435897435,4743,103,234
foldbench_monomer,8e0r_A,468,marinfold-exp232-decontam-train-m2-p06-step363000,single_seq,lm,,,,,,medium,L/5,0.4301075268817204,4743,103,93
foldbench_monomer,8e0r_A,468,marinfold-exp232-decontam-train-m2-p06-step363000,single_seq,lm,,,,,,medium,R,0.3980582524271844,4743,103,103
foldbench_monomer,8e0r_A,468,marinfold-exp232-decontam-train-m2-p06-step363000,single_seq,lm,,,,,,medium,AUC,0.8875920656176766,4743,103,4743
foldbench_monomer,8e0r_A,468,marinfold-exp232-decontam-train-m2-p06-step363000,single_seq,lm,,,,,,long,L,0.1217948717948717,77938,323,468
foldbench_monomer,8e0r_A,468,marinfold-exp232-decontam-train-m2-p06-step363000,single_seq,lm,,,,,,long,L/2,0.1837606837606837,77938,323,234
foldbench_monomer,8e0r_A,468,marinfold-exp232-decontam-train-m2-p06-step363000,single_seq,lm,,,,,,long,L/5,0.2365591397849462,77938,323,93
foldbench_monomer,8e0r_A,468,marinfold-exp232-decontam-train-m2-p06-step363000,single_seq,lm,,,,,,long,R,0.1609907120743034,77938,323,323
foldbench_monomer,8e0r_A,468,marinfold-exp232-decontam-train-m2-p06-step363000,single_seq,lm,,,,,,long,AUC,0.7330933485496105,77938,323,77938
foldbench_monomer,8e5h_A,372,marinfold-exp232-decontam-train-m2-p06-step363000,single_seq,lm,,,,,,all,L,0.5860215053763441,65703,344,372
foldbench_monomer,8e5h_A,372,marinfold-exp232-decontam-train-m2-p06-step363000,single_seq,lm,,,,,,all,L/2,0.8387096774193549,65703,344,186
foldbench_monomer,8e5h_A,372,marinfold-exp232-decontam-train-m2-p06-step363000,single_seq,lm,,,,,,all,L/5,0.9864864864864864,65703,344,74
foldbench_monomer,8e5h_A,372,marinfold-exp232-decontam-train-m2-p06-step363000,single_seq,lm,,,,,,all,R,0.6104651162790697,65703,344,344
foldbench_monomer,8e5h_A,372,marinfold-exp232-decontam-train-m2-p06-step363000,single_seq,lm,,,,,,all,AUC,0.9659278299068792,65703,344,65703
foldbench_monomer,8e5h_A,372,marinfold-exp232-decontam-train-m2-p06-step363000,single_seq,lm,,,,,,short,L,0.1209677419354838,2157,46,372
foldbench_monomer,8e5h_A,372,marinfold-exp232-decontam-train-m2-p06-step363000,single_seq,lm,,,,,,short,L/2,0.2258064516129032,2157,46,186
foldbench_monomer,8e5h_A,372,marinfold-exp232-decontam-train-m2-p06-step363000,single_seq,lm,,,,,,short,L/5,0.4324324324324324,2157,46,74
foldbench_monomer,8e5h_A,372,marinfold-exp232-decontam-train-m2-p06-step363000,single_seq,lm,,,,,,short,R,0.5869565217391305,2157,46,46
foldbench_monomer,8e5h_A,372,marinfold-exp232-decontam-train-m2-p06-step363000,single_seq,lm,,,,,,short,AUC,0.967859864477993,2157,46,2157
foldbench_monomer,8e5h_A,372,marinfold-exp232-decontam-train-m2-p06-step363000,single_seq,lm,,,,,,medium,L,0.1344086021505376,4206,54,372
foldbench_monomer,8e5h_A,372,marinfold-exp232-decontam-train-m2-p06-step363000,single_seq,lm,,,,,,medium,L/2,0.2311827956989247,4206,54,186
foldbench_monomer,8e5h_A,372,marinfold-exp232-decontam-train-m2-p06-step363000,single_seq,lm,,,,,,medium,L/5,0.527027027027027,4206,54,74
foldbench_monomer,8e5h_A,372,marinfold-exp232-decontam-train-m2-p06-step363000,single_seq,lm,,,,,,medium,R,0.6481481481481481,4206,54,54
foldbench_monomer,8e5h_A,372,marinfold-exp232-decontam-train-m2-p06-step363000,single_seq,lm,,,,,,medium,AUC,0.96602708199529,4206,54,4206
foldbench_monomer,8e5h_A,372,marinfold-exp232-decontam-train-m2-p06-step363000,single_seq,lm,,,,,,long,L,0.4811827956989247,59340,244,372
foldbench_monomer,8e5h_A,372,marinfold-exp232-decontam-train-m2-p06-step363000,single_seq,lm,,,,,,long,L/2,0.6935483870967742,59340,244,186
foldbench_monomer,8e5h_A,372,marinfold-exp232-decontam-train-m2-p06-step363000,single_seq,lm,,,,,,long,L/5,0.972972972972973,59340,244,74
foldbench_monomer,8e5h_A,372,marinfold-exp232-decontam-train-m2-p06-step363000,single_seq,lm,,,,,,long,R,0.6024590163934426,59340,244,244
foldbench_monomer,8e5h_A,372,marinfold-exp232-decontam-train-m2-p06-step363000,single_seq,lm,,,,,,long,AUC,0.9618304101467576,59340,244,59340
foldbench_monomer,8eb9_A,95,marinfold-exp232-decontam-train-m2-p06-step363000,single_seq,lm,,,,,,all,L,0.2105263157894736,3486,71,95
foldbench_monomer,8eb9_A,95,marinfold-exp232-decontam-train-m2-p06-step363000,single_seq,lm,,,,,,all,L/2,0.2978723404255319,3486,71,47
foldbench_monomer,8eb9_A,95,marinfold-exp232-decontam-train-m2-p06-step363000,single_seq,lm,,,,,,all,L/5,0.4210526315789473,3486,71,19
foldbench_monomer,8eb9_A,95,marinfold-exp232-decontam-train-m2-p06-step363000,single_seq,lm,,,,,,all,R,0.2253521126760563,3486,71,71
foldbench_monomer,8eb9_A,95,marinfold-exp232-decontam-train-m2-p06-step363000,single_seq,lm,,,,,,all,AUC,0.8357433031571567,3486,71,3486
foldbench_monomer,8eb9_A,95,marinfold-exp232-decontam-train-m2-p06-step363000,single_seq,lm,,,,,,short,L,0.1157894736842105,483,12,95
foldbench_monomer,8eb9_A,95,marinfold-exp232-decontam-train-m2-p06-step363000,single_seq,lm,,,,,,short,L/2,0.1914893617021276,483,12,47
foldbench_monomer,8eb9_A,95,marinfold-exp232-decontam-train-m2-p06-step363000,single_seq,lm,,,,,,short,L/5,0.3157894736842105,483,12,19
foldbench_monomer,8eb9_A,95,marinfold-exp232-decontam-train-m2-p06-step363000,single_seq,lm,,,,,,short,R,0.25,483,12,12
foldbench_monomer,8eb9_A,95,marinfold-exp232-decontam-train-m2-p06-step363000,single_seq,lm,,,,,,short,AUC,0.8995930644019815,483,12,483
foldbench_monomer,8eb9_A,95,marinfold-exp232-decontam-train-m2-p06-step363000,single_seq,lm,,,,,,medium,L,0.1578947368421052,858,23,95
foldbench_monomer,8eb9_A,95,marinfold-exp232-decontam-train-m2-p06-step363000,single_seq,lm,,,,,,medium,L/2,0.2127659574468085,858,23,47
foldbench_monomer,8eb9_A,95,marinfold-exp232-decontam-train-m2-p06-step363000,single_seq,lm,,,,,,medium,L/5,0.2631578947368421,858,23,19
foldbench_monomer,8eb9_A,95,marinfold-exp232-decontam-train-m2-p06-step363000,single_seq,lm,,,,,,medium,R,0.3043478260869565,858,23,23
foldbench_monomer,8eb9_A,95,marinfold-exp232-decontam-train-m2-p06-step363000,single_seq,lm,,,,,,medium,AUC,0.8673262171309555,858,23,858
foldbench_monomer,8eb9_A,95,marinfold-exp232-decontam-train-m2-p06-step363000,single_seq,lm,,,,,,long,L,0.0947368421052631,2145,36,95
foldbench_monomer,8eb9_A,95,marinfold-exp232-decontam-train-m2-p06-step363000,single_seq,lm,,,,,,long,L/2,0.1063829787234042,2145,36,47
foldbench_monomer,8eb9_A,95,marinfold-exp232-decontam-train-m2-p06-step363000,single_seq,lm,,,,,,long,L/5,0.1578947368421052,2145,36,19
foldbench_monomer,8eb9_A,95,marinfold-exp232-decontam-train-m2-p06-step363000,single_seq,lm,,,,,,long,R,0.1111111111111111,2145,36,36
foldbench_monomer,8eb9_A,95,marinfold-exp232-decontam-train-m2-p06-step363000,single_seq,lm,,,,,,long,AUC,0.7953150518939992,2145,36,2145
foldbench_monomer,8ec3_A,168,marinfold-exp232-decontam-train-m2-p06-step363000,single_seq,lm,,,,,,all,L,0.2619047619047619,11204,126,168
foldbench_monomer,8ec3_A,168,marinfold-exp232-decontam-train-m2-p06-step363000,single_seq,lm,,,,,,all,L/2,0.3928571428571428,11204,126,84
foldbench_monomer,8ec3_A,168,marinfold-exp232-decontam-train-m2-p06-step363000,single_seq,lm,,,,,,all,L/5,0.2121212121212121,11204,126,33
foldbench_monomer,8ec3_A,168,marinfold-exp232-decontam-train-m2-p06-step363000,single_seq,lm,,,,,,all,R,0.3095238095238095,11204,126,126
foldbench_monomer,8ec3_A,168,marinfold-exp232-decontam-train-m2-p06-step363000,single_seq,lm,,,,,,all,AUC,0.9081473505331602,11204,126,11204
foldbench_monomer,8ec3_A,168,marinfold-exp232-decontam-train-m2-p06-step363000,single_seq,lm,,,,,,short,L,0.0178571428571428,810,4,168
foldbench_monomer,8ec3_A,168,marinfold-exp232-decontam-train-m2-p06-step363000,single_seq,lm,,,,,,short,L/2,0.0238095238095238,810,4,84
foldbench_monomer,8ec3_A,168,marinfold-exp232-decontam-train-m2-p06-step363000,single_seq,lm,,,,,,short,L/5,0.0303030303030303,810,4,33
foldbench_monomer,8ec3_A,168,marinfold-exp232-decontam-train-m2-p06-step363000,single_seq,lm,,,,,,short,R,0.0,810,4,4
foldbench_monomer,8ec3_A,168,marinfold-exp232-decontam-train-m2-p06-step363000,single_seq,lm,,,,,,short,AUC,0.7856699751861042,810,4,810
foldbench_monomer,8ec3_A,168,marinfold-exp232-decontam-train-m2-p06-step363000,single_seq,lm,,,,,,medium,L,0.0178571428571428,1506,7,168
foldbench_monomer,8ec3_A,168,marinfold-exp232-decontam-train-m2-p06-step363000,single_seq,lm,,,,,,medium,L/2,0.0357142857142857,1506,7,84
foldbench_monomer,8ec3_A,168,marinfold-exp232-decontam-train-m2-p06-step363000,single_seq,lm,,,,,,medium,L/5,0.0,1506,7,33
foldbench_monomer,8ec3_A,168,marinfold-exp232-decontam-train-m2-p06-step363000,single_seq,lm,,,,,,medium,R,0.0,1506,7,7
foldbench_monomer,8ec3_A,168,marinfold-exp232-decontam-train-m2-p06-step363000,single_seq,lm,,,,,,medium,AUC,0.7103306966549128,1506,7,1506
foldbench_monomer,8ec3_A,168,marinfold-exp232-decontam-train-m2-p06-step363000,single_seq,lm,,,,,,long,L,0.2738095238095238,8888,115,168
foldbench_monomer,8ec3_A,168,marinfold-exp232-decontam-train-m2-p06-step363000,single_seq,lm,,,,,,long,L/2,0.4285714285714285,8888,115,84
foldbench_monomer,8ec3_A,168,marinfold-exp232-decontam-train-m2-p06-step363000,single_seq,lm,,,,,,long,L/5,0.3939393939393939,8888,115,33
foldbench_monomer,8ec3_A,168,marinfold-exp232-decontam-train-m2-p06-step363000,single_seq,lm,,,,,,long,R,0.3478260869565217,8888,115,115
foldbench_monomer,8ec3_A,168,marinfold-exp232-decontam-train-m2-p06-step363000,single_seq,lm,,,,,,long,AUC,0.9238934676056476,8888,115,8888
foldbench_monomer,8eo5_A,290,marinfold-exp232-decontam-train-m2-p06-step363000,single_seq,lm,,,,,,all,L,0.7620689655172413,34980,253,290
foldbench_monomer,8eo5_A,290,marinfold-exp232-decontam-train-m2-p06-step363000,single_seq,lm,,,,,,all,L/2,0.9793103448275862,34980,253,145
foldbench_monomer,8eo5_A,290,marinfold-exp232-decontam-train-m2-p06-step363000,single_seq,lm,,,,,,all,L/5,1.0,34980,253,58
foldbench_monomer,8eo5_A,290,marinfold-exp232-decontam-train-m2-p06-step363000,single_seq,lm,,,,,,all,R,0.8102766798418972,34980,253,253
foldbench_monomer,8eo5_A,290,marinfold-exp232-decontam-train-m2-p06-step363000,single_seq,lm,,,,,,all,AUC,0.9932711741077868,34980,253,34980
foldbench_monomer,8eo5_A,290,marinfold-exp232-decontam-train-m2-p06-step363000,single_seq,lm,,,,,,short,L,0.1241379310344827,1569,36,290
foldbench_monomer,8eo5_A,290,marinfold-exp232-decontam-train-m2-p06-step363000,single_seq,lm,,,,,,short,L/2,0.2482758620689655,1569,36,145
foldbench_monomer,8eo5_A,290,marinfold-exp232-decontam-train-m2-p06-step363000,single_seq,lm,,,,,,short,L/5,0.5862068965517241,1569,36,58
foldbench_monomer,8eo5_A,290,marinfold-exp232-decontam-train-m2-p06-step363000,single_seq,lm,,,,,,short,R,0.8611111111111112,1569,36,36
foldbench_monomer,8eo5_A,290,marinfold-exp232-decontam-train-m2-p06-step363000,single_seq,lm,,,,,,short,AUC,0.970165615713561,1569,36,1569
foldbench_monomer,8eo5_A,290,marinfold-exp232-decontam-train-m2-p06-step363000,single_seq,lm,,,,,,medium,L,0.1724137931034483,3030,50,290
foldbench_monomer,8eo5_A,290,marinfold-exp232-decontam-train-m2-p06-step363000,single_seq,lm,,,,,,medium,L/2,0.3448275862068966,3030,50,145
foldbench_monomer,8eo5_A,290,marinfold-exp232-decontam-train-m2-p06-step363000,single_seq,lm,,,,,,medium,L/5,0.7931034482758621,3030,50,58
foldbench_monomer,8eo5_A,290,marinfold-exp232-decontam-train-m2-p06-step363000,single_seq,lm,,,,,,medium,R,0.82,3030,50,50
foldbench_monomer,8eo5_A,290,marinfold-exp232-decontam-train-m2-p06-step363000,single_seq,lm,,,,,,medium,AUC,0.999006711409396,3030,50,3030
foldbench_monomer,8eo5_A,290,marinfold-exp232-decontam-train-m2-p06-step363000,single_seq,lm,,,,,,long,L,0.5551724137931034,30381,167,290
foldbench_monomer,8eo5_A,290,marinfold-exp232-decontam-train-m2-p06-step363000,single_seq,lm,,,,,,long,L/2,0.8482758620689655,30381,167,145
foldbench_monomer,8eo5_A,290,marinfold-exp232-decontam-train-m2-p06-step363000,single_seq,lm,,,,,,long,L/5,1.0,30381,167,58
foldbench_monomer,8eo5_A,290,marinfold-exp232-decontam-train-m2-p06-step363000,single_seq,lm,,,,,,long,R,0.7904191616766467,30381,167,167
foldbench_monomer,8eo5_A,290,marinfold-exp232-decontam-train-m2-p06-step363000,single_seq,lm,,,,,,long,AUC,0.9962741822900832,30381,167,30381
